<?xml version="1.0" encoding="UTF-8"?>
<gpx creator="StravaGPX" version="1.1" xmlns="http://www.topografix.com/GPX/1/1" xmlns:xsi="http://www.w3.org/2001/XMLSchema-instance" xsi:schemaLocation="http://www.topografix.com/GPX/1/1 http://www.topografix.com/GPX/1/1/gpx.xsd http://www.garmin.com/xmlschemas/GpxExtensions/v3 http://www.garmin.com/xmlschemas/GpxExtensionsv3.xsd http://www.garmin.com/xmlschemas/TrackPointExtension/v1 http://www.garmin.com/xmlschemas/TrackPointExtensionv1.xsd" xmlns:gpxtpx="http://www.garmin.com/xmlschemas/TrackPointExtension/v1" xmlns:gpxx="http://www.garmin.com/xmlschemas/GpxExtensions/v3">
 <metadata>
  <time>2026-09-09T15:50:11Z</time>
 </metadata>
 <trk>
  <name>Night Run</name>
  <type>running</type>
  <trkseg>
   <trkpt lat="12.9823840" lon="77.6909380">
    <ele>888.6</ele>
    <time>2026-09-09T15:50:11Z</time>
    <extensions>
     <power>0</power>
     <gpxtpx:TrackPointExtension>
      <gpxtpx:hr>106</gpxtpx:hr>
      <gpxtpx:cad>36</gpxtpx:cad>
     </gpxtpx:TrackPointExtension>
    </extensions>
   </trkpt>
   <trkpt lat="12.9823840" lon="77.6909380">
    <ele>888.6</ele>
    <time>2026-09-09T15:50:12Z</time>
    <extensions>
     <power>0</power>
     <gpxtpx:TrackPointExtension>
      <gpxtpx:hr>105</gpxtpx:hr>
      <gpxtpx:cad>36</gpxtpx:cad>
     </gpxtpx:TrackPointExtension>
    </extensions>
   </trkpt>
   <trkpt lat="12.9823910" lon="77.6909400">
    <ele>888.6</ele>
    <time>2026-09-09T15:50:13Z</time>
    <extensions>
     <power>0</power>
     <gpxtpx:TrackPointExtension>
      <gpxtpx:hr>105</gpxtpx:hr>
      <gpxtpx:cad>36</gpxtpx:cad>
     </gpxtpx:TrackPointExtension>
    </extensions>
   </trkpt>
   <trkpt lat="12.9824020" lon="77.6909430">
    <ele>888.6</ele>
    <time>2026-09-09T15:50:14Z</time>
    <extensions>
     <power>0</power>
     <gpxtpx:TrackPointExtension>
      <gpxtpx:hr>105</gpxtpx:hr>
      <gpxtpx:cad>36</gpxtpx:cad>
     </gpxtpx:TrackPointExtension>
    </extensions>
   </trkpt>
   <trkpt lat="12.9824200" lon="77.6909490">
    <ele>888.6</ele>
    <time>2026-09-09T15:50:15Z</time>
    <extensions>
     <power>0</power>
     <gpxtpx:TrackPointExtension>
      <gpxtpx:hr>106</gpxtpx:hr>
      <gpxtpx:cad>41</gpxtpx:cad>
     </gpxtpx:TrackPointExtension>
    </extensions>
   </trkpt>
   <trkpt lat="12.9824310" lon="77.6909530">
    <ele>888.6</ele>
    <time>2026-09-09T15:50:16Z</time>
    <extensions>
     <power>0</power>
     <gpxtpx:TrackPointExtension>
      <gpxtpx:hr>107</gpxtpx:hr>
      <gpxtpx:cad>74</gpxtpx:cad>
     </gpxtpx:TrackPointExtension>
    </extensions>
   </trkpt>
   <trkpt lat="12.9824500" lon="77.6909600">
    <ele>888.6</ele>
    <time>2026-09-09T15:50:17Z</time>
    <extensions>
     <power>0</power>
     <gpxtpx:TrackPointExtension>
      <gpxtpx:hr>108</gpxtpx:hr>
      <gpxtpx:cad>74</gpxtpx:cad>
     </gpxtpx:TrackPointExtension>
    </extensions>
   </trkpt>
   <trkpt lat="12.9824690" lon="77.6909680">
    <ele>888.6</ele>
    <time>2026-09-09T15:50:18Z</time>
    <extensions>
     <power>159</power>
     <gpxtpx:TrackPointExtension>
      <gpxtpx:hr>110</gpxtpx:hr>
      <gpxtpx:cad>75</gpxtpx:cad>
     </gpxtpx:TrackPointExtension>
    </extensions>
   </trkpt>
   <trkpt lat="12.9824890" lon="77.6909750">
    <ele>888.6</ele>
    <time>2026-09-09T15:50:19Z</time>
    <extensions>
     <power>157</power>
     <gpxtpx:TrackPointExtension>
      <gpxtpx:hr>112</gpxtpx:hr>
      <gpxtpx:cad>76</gpxtpx:cad>
     </gpxtpx:TrackPointExtension>
    </extensions>
   </trkpt>
   <trkpt lat="12.9825090" lon="77.6909830">
    <ele>888.6</ele>
    <time>2026-09-09T15:50:20Z</time>
    <extensions>
     <power>156</power>
     <gpxtpx:TrackPointExtension>
      <gpxtpx:hr>114</gpxtpx:hr>
      <gpxtpx:cad>76</gpxtpx:cad>
     </gpxtpx:TrackPointExtension>
    </extensions>
   </trkpt>
   <trkpt lat="12.9825280" lon="77.6909890">
    <ele>888.6</ele>
    <time>2026-09-09T15:50:21Z</time>
    <extensions>
     <power>156</power>
     <gpxtpx:TrackPointExtension>
      <gpxtpx:hr>118</gpxtpx:hr>
      <gpxtpx:cad>77</gpxtpx:cad>
     </gpxtpx:TrackPointExtension>
    </extensions>
   </trkpt>
   <trkpt lat="12.9825450" lon="77.6909950">
    <ele>888.6</ele>
    <time>2026-09-09T15:50:22Z</time>
    <extensions>
     <power>203</power>
     <gpxtpx:TrackPointExtension>
      <gpxtpx:hr>120</gpxtpx:hr>
      <gpxtpx:cad>77</gpxtpx:cad>
     </gpxtpx:TrackPointExtension>
    </extensions>
   </trkpt>
   <trkpt lat="12.9825650" lon="77.6910010">
    <ele>888.6</ele>
    <time>2026-09-09T15:50:23Z</time>
    <extensions>
     <power>220</power>
     <gpxtpx:TrackPointExtension>
      <gpxtpx:hr>122</gpxtpx:hr>
      <gpxtpx:cad>78</gpxtpx:cad>
     </gpxtpx:TrackPointExtension>
    </extensions>
   </trkpt>
   <trkpt lat="12.9825840" lon="77.6910080">
    <ele>888.6</ele>
    <time>2026-09-09T15:50:24Z</time>
    <extensions>
     <power>246</power>
     <gpxtpx:TrackPointExtension>
      <gpxtpx:hr>121</gpxtpx:hr>
      <gpxtpx:cad>79</gpxtpx:cad>
     </gpxtpx:TrackPointExtension>
    </extensions>
   </trkpt>
   <trkpt lat="12.9826050" lon="77.6910140">
    <ele>888.6</ele>
    <time>2026-09-09T15:50:25Z</time>
    <extensions>
     <power>255</power>
     <gpxtpx:TrackPointExtension>
      <gpxtpx:hr>121</gpxtpx:hr>
      <gpxtpx:cad>79</gpxtpx:cad>
     </gpxtpx:TrackPointExtension>
    </extensions>
   </trkpt>
   <trkpt lat="12.9826250" lon="77.6910200">
    <ele>888.6</ele>
    <time>2026-09-09T15:50:26Z</time>
    <extensions>
     <power>252</power>
     <gpxtpx:TrackPointExtension>
      <gpxtpx:hr>121</gpxtpx:hr>
      <gpxtpx:cad>79</gpxtpx:cad>
     </gpxtpx:TrackPointExtension>
    </extensions>
   </trkpt>
   <trkpt lat="12.9826460" lon="77.6910260">
    <ele>888.6</ele>
    <time>2026-09-09T15:50:27Z</time>
    <extensions>
     <power>251</power>
     <gpxtpx:TrackPointExtension>
      <gpxtpx:hr>121</gpxtpx:hr>
      <gpxtpx:cad>79</gpxtpx:cad>
     </gpxtpx:TrackPointExtension>
    </extensions>
   </trkpt>
   <trkpt lat="12.9826660" lon="77.6910320">
    <ele>888.6</ele>
    <time>2026-09-09T15:50:28Z</time>
    <extensions>
     <power>251</power>
     <gpxtpx:TrackPointExtension>
      <gpxtpx:hr>120</gpxtpx:hr>
      <gpxtpx:cad>79</gpxtpx:cad>
     </gpxtpx:TrackPointExtension>
    </extensions>
   </trkpt>
   <trkpt lat="12.9826870" lon="77.6910380">
    <ele>888.6</ele>
    <time>2026-09-09T15:50:29Z</time>
    <extensions>
     <power>247</power>
     <gpxtpx:TrackPointExtension>
      <gpxtpx:hr>122</gpxtpx:hr>
      <gpxtpx:cad>79</gpxtpx:cad>
     </gpxtpx:TrackPointExtension>
    </extensions>
   </trkpt>
   <trkpt lat="12.9827080" lon="77.6910440">
    <ele>888.6</ele>
    <time>2026-09-09T15:50:30Z</time>
    <extensions>
     <power>247</power>
     <gpxtpx:TrackPointExtension>
      <gpxtpx:hr>124</gpxtpx:hr>
      <gpxtpx:cad>78</gpxtpx:cad>
     </gpxtpx:TrackPointExtension>
    </extensions>
   </trkpt>
   <trkpt lat="12.9827280" lon="77.6910500">
    <ele>888.6</ele>
    <time>2026-09-09T15:50:31Z</time>
    <extensions>
     <power>245</power>
     <gpxtpx:TrackPointExtension>
      <gpxtpx:hr>125</gpxtpx:hr>
      <gpxtpx:cad>78</gpxtpx:cad>
     </gpxtpx:TrackPointExtension>
    </extensions>
   </trkpt>
   <trkpt lat="12.9827480" lon="77.6910560">
    <ele>888.6</ele>
    <time>2026-09-09T15:50:32Z</time>
    <extensions>
     <power>244</power>
     <gpxtpx:TrackPointExtension>
      <gpxtpx:hr>126</gpxtpx:hr>
      <gpxtpx:cad>78</gpxtpx:cad>
     </gpxtpx:TrackPointExtension>
    </extensions>
   </trkpt>
   <trkpt lat="12.9827690" lon="77.6910620">
    <ele>888.6</ele>
    <time>2026-09-09T15:50:33Z</time>
    <extensions>
     <power>246</power>
     <gpxtpx:TrackPointExtension>
      <gpxtpx:hr>125</gpxtpx:hr>
      <gpxtpx:cad>78</gpxtpx:cad>
     </gpxtpx:TrackPointExtension>
    </extensions>
   </trkpt>
   <trkpt lat="12.9827890" lon="77.6910680">
    <ele>888.6</ele>
    <time>2026-09-09T15:50:34Z</time>
    <extensions>
     <power>246</power>
     <gpxtpx:TrackPointExtension>
      <gpxtpx:hr>125</gpxtpx:hr>
      <gpxtpx:cad>78</gpxtpx:cad>
     </gpxtpx:TrackPointExtension>
    </extensions>
   </trkpt>
   <trkpt lat="12.9828100" lon="77.6910750">
    <ele>888.6</ele>
    <time>2026-09-09T15:50:35Z</time>
    <extensions>
     <power>249</power>
     <gpxtpx:TrackPointExtension>
      <gpxtpx:hr>126</gpxtpx:hr>
      <gpxtpx:cad>78</gpxtpx:cad>
     </gpxtpx:TrackPointExtension>
    </extensions>
   </trkpt>
   <trkpt lat="12.9828310" lon="77.6910810">
    <ele>888.6</ele>
    <time>2026-09-09T15:50:36Z</time>
    <extensions>
     <power>250</power>
     <gpxtpx:TrackPointExtension>
      <gpxtpx:hr>127</gpxtpx:hr>
      <gpxtpx:cad>78</gpxtpx:cad>
     </gpxtpx:TrackPointExtension>
    </extensions>
   </trkpt>
   <trkpt lat="12.9828520" lon="77.6910870">
    <ele>888.6</ele>
    <time>2026-09-09T15:50:37Z</time>
    <extensions>
     <power>249</power>
     <gpxtpx:TrackPointExtension>
      <gpxtpx:hr>128</gpxtpx:hr>
      <gpxtpx:cad>78</gpxtpx:cad>
     </gpxtpx:TrackPointExtension>
    </extensions>
   </trkpt>
   <trkpt lat="12.9828730" lon="77.6910920">
    <ele>888.6</ele>
    <time>2026-09-09T15:50:38Z</time>
    <extensions>
     <power>249</power>
     <gpxtpx:TrackPointExtension>
      <gpxtpx:hr>129</gpxtpx:hr>
      <gpxtpx:cad>78</gpxtpx:cad>
     </gpxtpx:TrackPointExtension>
    </extensions>
   </trkpt>
   <trkpt lat="12.9828950" lon="77.6910980">
    <ele>888.6</ele>
    <time>2026-09-09T15:50:39Z</time>
    <extensions>
     <power>247</power>
     <gpxtpx:TrackPointExtension>
      <gpxtpx:hr>130</gpxtpx:hr>
      <gpxtpx:cad>78</gpxtpx:cad>
     </gpxtpx:TrackPointExtension>
    </extensions>
   </trkpt>
   <trkpt lat="12.9829160" lon="77.6911050">
    <ele>888.6</ele>
    <time>2026-09-09T15:50:40Z</time>
    <extensions>
     <power>248</power>
     <gpxtpx:TrackPointExtension>
      <gpxtpx:hr>130</gpxtpx:hr>
      <gpxtpx:cad>78</gpxtpx:cad>
     </gpxtpx:TrackPointExtension>
    </extensions>
   </trkpt>
   <trkpt lat="12.9829380" lon="77.6911130">
    <ele>888.6</ele>
    <time>2026-09-09T15:50:41Z</time>
    <extensions>
     <power>248</power>
     <gpxtpx:TrackPointExtension>
      <gpxtpx:hr>131</gpxtpx:hr>
      <gpxtpx:cad>79</gpxtpx:cad>
     </gpxtpx:TrackPointExtension>
    </extensions>
   </trkpt>
   <trkpt lat="12.9829590" lon="77.6911200">
    <ele>888.6</ele>
    <time>2026-09-09T15:50:42Z</time>
    <extensions>
     <power>248</power>
     <gpxtpx:TrackPointExtension>
      <gpxtpx:hr>131</gpxtpx:hr>
      <gpxtpx:cad>79</gpxtpx:cad>
     </gpxtpx:TrackPointExtension>
    </extensions>
   </trkpt>
   <trkpt lat="12.9829790" lon="77.6911270">
    <ele>888.6</ele>
    <time>2026-09-09T15:50:43Z</time>
    <extensions>
     <power>248</power>
     <gpxtpx:TrackPointExtension>
      <gpxtpx:hr>132</gpxtpx:hr>
      <gpxtpx:cad>79</gpxtpx:cad>
     </gpxtpx:TrackPointExtension>
    </extensions>
   </trkpt>
   <trkpt lat="12.9830000" lon="77.6911340">
    <ele>888.6</ele>
    <time>2026-09-09T15:50:44Z</time>
    <extensions>
     <power>247</power>
     <gpxtpx:TrackPointExtension>
      <gpxtpx:hr>133</gpxtpx:hr>
      <gpxtpx:cad>79</gpxtpx:cad>
     </gpxtpx:TrackPointExtension>
    </extensions>
   </trkpt>
   <trkpt lat="12.9830210" lon="77.6911410">
    <ele>888.6</ele>
    <time>2026-09-09T15:50:45Z</time>
    <extensions>
     <power>253</power>
     <gpxtpx:TrackPointExtension>
      <gpxtpx:hr>133</gpxtpx:hr>
      <gpxtpx:cad>79</gpxtpx:cad>
     </gpxtpx:TrackPointExtension>
    </extensions>
   </trkpt>
   <trkpt lat="12.9830420" lon="77.6911480">
    <ele>888.6</ele>
    <time>2026-09-09T15:50:46Z</time>
    <extensions>
     <power>251</power>
     <gpxtpx:TrackPointExtension>
      <gpxtpx:hr>134</gpxtpx:hr>
      <gpxtpx:cad>79</gpxtpx:cad>
     </gpxtpx:TrackPointExtension>
    </extensions>
   </trkpt>
   <trkpt lat="12.9830630" lon="77.6911550">
    <ele>888.6</ele>
    <time>2026-09-09T15:50:47Z</time>
    <extensions>
     <power>251</power>
     <gpxtpx:TrackPointExtension>
      <gpxtpx:hr>134</gpxtpx:hr>
      <gpxtpx:cad>79</gpxtpx:cad>
     </gpxtpx:TrackPointExtension>
    </extensions>
   </trkpt>
   <trkpt lat="12.9830840" lon="77.6911620">
    <ele>888.6</ele>
    <time>2026-09-09T15:50:48Z</time>
    <extensions>
     <power>251</power>
     <gpxtpx:TrackPointExtension>
      <gpxtpx:hr>135</gpxtpx:hr>
      <gpxtpx:cad>79</gpxtpx:cad>
     </gpxtpx:TrackPointExtension>
    </extensions>
   </trkpt>
   <trkpt lat="12.9831050" lon="77.6911690">
    <ele>888.6</ele>
    <time>2026-09-09T15:50:49Z</time>
    <extensions>
     <power>251</power>
     <gpxtpx:TrackPointExtension>
      <gpxtpx:hr>137</gpxtpx:hr>
      <gpxtpx:cad>79</gpxtpx:cad>
     </gpxtpx:TrackPointExtension>
    </extensions>
   </trkpt>
   <trkpt lat="12.9831260" lon="77.6911760">
    <ele>888.6</ele>
    <time>2026-09-09T15:50:50Z</time>
    <extensions>
     <power>247</power>
     <gpxtpx:TrackPointExtension>
      <gpxtpx:hr>138</gpxtpx:hr>
      <gpxtpx:cad>79</gpxtpx:cad>
     </gpxtpx:TrackPointExtension>
    </extensions>
   </trkpt>
   <trkpt lat="12.9831470" lon="77.6911830">
    <ele>888.6</ele>
    <time>2026-09-09T15:50:51Z</time>
    <extensions>
     <power>249</power>
     <gpxtpx:TrackPointExtension>
      <gpxtpx:hr>138</gpxtpx:hr>
      <gpxtpx:cad>78</gpxtpx:cad>
     </gpxtpx:TrackPointExtension>
    </extensions>
   </trkpt>
   <trkpt lat="12.9831680" lon="77.6911890">
    <ele>888.6</ele>
    <time>2026-09-09T15:50:52Z</time>
    <extensions>
     <power>249</power>
     <gpxtpx:TrackPointExtension>
      <gpxtpx:hr>138</gpxtpx:hr>
      <gpxtpx:cad>78</gpxtpx:cad>
     </gpxtpx:TrackPointExtension>
    </extensions>
   </trkpt>
   <trkpt lat="12.9831880" lon="77.6911950">
    <ele>888.6</ele>
    <time>2026-09-09T15:50:53Z</time>
    <extensions>
     <power>249</power>
     <gpxtpx:TrackPointExtension>
      <gpxtpx:hr>138</gpxtpx:hr>
      <gpxtpx:cad>78</gpxtpx:cad>
     </gpxtpx:TrackPointExtension>
    </extensions>
   </trkpt>
   <trkpt lat="12.9832090" lon="77.6912020">
    <ele>888.6</ele>
    <time>2026-09-09T15:50:54Z</time>
    <extensions>
     <power>252</power>
     <gpxtpx:TrackPointExtension>
      <gpxtpx:hr>138</gpxtpx:hr>
      <gpxtpx:cad>78</gpxtpx:cad>
     </gpxtpx:TrackPointExtension>
    </extensions>
   </trkpt>
   <trkpt lat="12.9832300" lon="77.6912080">
    <ele>888.6</ele>
    <time>2026-09-09T15:50:55Z</time>
    <extensions>
     <power>252</power>
     <gpxtpx:TrackPointExtension>
      <gpxtpx:hr>138</gpxtpx:hr>
      <gpxtpx:cad>79</gpxtpx:cad>
     </gpxtpx:TrackPointExtension>
    </extensions>
   </trkpt>
   <trkpt lat="12.9832500" lon="77.6912140">
    <ele>888.6</ele>
    <time>2026-09-09T15:50:56Z</time>
    <extensions>
     <power>253</power>
     <gpxtpx:TrackPointExtension>
      <gpxtpx:hr>139</gpxtpx:hr>
      <gpxtpx:cad>79</gpxtpx:cad>
     </gpxtpx:TrackPointExtension>
    </extensions>
   </trkpt>
   <trkpt lat="12.9832700" lon="77.6912200">
    <ele>888.6</ele>
    <time>2026-09-09T15:50:57Z</time>
    <extensions>
     <power>253</power>
     <gpxtpx:TrackPointExtension>
      <gpxtpx:hr>140</gpxtpx:hr>
      <gpxtpx:cad>79</gpxtpx:cad>
     </gpxtpx:TrackPointExtension>
    </extensions>
   </trkpt>
   <trkpt lat="12.9832910" lon="77.6912260">
    <ele>888.6</ele>
    <time>2026-09-09T15:50:58Z</time>
    <extensions>
     <power>253</power>
     <gpxtpx:TrackPointExtension>
      <gpxtpx:hr>140</gpxtpx:hr>
      <gpxtpx:cad>79</gpxtpx:cad>
     </gpxtpx:TrackPointExtension>
    </extensions>
   </trkpt>
   <trkpt lat="12.9833120" lon="77.6912320">
    <ele>888.6</ele>
    <time>2026-09-09T15:50:59Z</time>
    <extensions>
     <power>250</power>
     <gpxtpx:TrackPointExtension>
      <gpxtpx:hr>141</gpxtpx:hr>
      <gpxtpx:cad>79</gpxtpx:cad>
     </gpxtpx:TrackPointExtension>
    </extensions>
   </trkpt>
   <trkpt lat="12.9833330" lon="77.6912390">
    <ele>888.6</ele>
    <time>2026-09-09T15:51:00Z</time>
    <extensions>
     <power>249</power>
     <gpxtpx:TrackPointExtension>
      <gpxtpx:hr>142</gpxtpx:hr>
      <gpxtpx:cad>79</gpxtpx:cad>
     </gpxtpx:TrackPointExtension>
    </extensions>
   </trkpt>
   <trkpt lat="12.9833530" lon="77.6912460">
    <ele>888.6</ele>
    <time>2026-09-09T15:51:01Z</time>
    <extensions>
     <power>249</power>
     <gpxtpx:TrackPointExtension>
      <gpxtpx:hr>142</gpxtpx:hr>
      <gpxtpx:cad>79</gpxtpx:cad>
     </gpxtpx:TrackPointExtension>
    </extensions>
   </trkpt>
   <trkpt lat="12.9833730" lon="77.6912530">
    <ele>888.6</ele>
    <time>2026-09-09T15:51:02Z</time>
    <extensions>
     <power>249</power>
     <gpxtpx:TrackPointExtension>
      <gpxtpx:hr>142</gpxtpx:hr>
      <gpxtpx:cad>79</gpxtpx:cad>
     </gpxtpx:TrackPointExtension>
    </extensions>
   </trkpt>
   <trkpt lat="12.9833930" lon="77.6912620">
    <ele>888.6</ele>
    <time>2026-09-09T15:51:03Z</time>
    <extensions>
     <power>247</power>
     <gpxtpx:TrackPointExtension>
      <gpxtpx:hr>143</gpxtpx:hr>
      <gpxtpx:cad>78</gpxtpx:cad>
     </gpxtpx:TrackPointExtension>
    </extensions>
   </trkpt>
   <trkpt lat="12.9834110" lon="77.6912690">
    <ele>888.6</ele>
    <time>2026-09-09T15:51:04Z</time>
    <extensions>
     <power>247</power>
     <gpxtpx:TrackPointExtension>
      <gpxtpx:hr>144</gpxtpx:hr>
      <gpxtpx:cad>78</gpxtpx:cad>
     </gpxtpx:TrackPointExtension>
    </extensions>
   </trkpt>
   <trkpt lat="12.9834310" lon="77.6912760">
    <ele>888.6</ele>
    <time>2026-09-09T15:51:05Z</time>
    <extensions>
     <power>244</power>
     <gpxtpx:TrackPointExtension>
      <gpxtpx:hr>145</gpxtpx:hr>
      <gpxtpx:cad>78</gpxtpx:cad>
     </gpxtpx:TrackPointExtension>
    </extensions>
   </trkpt>
   <trkpt lat="12.9834510" lon="77.6912820">
    <ele>888.6</ele>
    <time>2026-09-09T15:51:06Z</time>
    <extensions>
     <power>243</power>
     <gpxtpx:TrackPointExtension>
      <gpxtpx:hr>145</gpxtpx:hr>
      <gpxtpx:cad>78</gpxtpx:cad>
     </gpxtpx:TrackPointExtension>
    </extensions>
   </trkpt>
   <trkpt lat="12.9834700" lon="77.6912860">
    <ele>888.6</ele>
    <time>2026-09-09T15:51:07Z</time>
    <extensions>
     <power>243</power>
     <gpxtpx:TrackPointExtension>
      <gpxtpx:hr>145</gpxtpx:hr>
      <gpxtpx:cad>78</gpxtpx:cad>
     </gpxtpx:TrackPointExtension>
    </extensions>
   </trkpt>
   <trkpt lat="12.9834900" lon="77.6912910">
    <ele>888.6</ele>
    <time>2026-09-09T15:51:08Z</time>
    <extensions>
     <power>247</power>
     <gpxtpx:TrackPointExtension>
      <gpxtpx:hr>146</gpxtpx:hr>
      <gpxtpx:cad>79</gpxtpx:cad>
     </gpxtpx:TrackPointExtension>
    </extensions>
   </trkpt>
   <trkpt lat="12.9835110" lon="77.6912970">
    <ele>888.6</ele>
    <time>2026-09-09T15:51:09Z</time>
    <extensions>
     <power>247</power>
     <gpxtpx:TrackPointExtension>
      <gpxtpx:hr>146</gpxtpx:hr>
      <gpxtpx:cad>79</gpxtpx:cad>
     </gpxtpx:TrackPointExtension>
    </extensions>
   </trkpt>
   <trkpt lat="12.9835320" lon="77.6913040">
    <ele>888.6</ele>
    <time>2026-09-09T15:51:10Z</time>
    <extensions>
     <power>248</power>
     <gpxtpx:TrackPointExtension>
      <gpxtpx:hr>146</gpxtpx:hr>
      <gpxtpx:cad>79</gpxtpx:cad>
     </gpxtpx:TrackPointExtension>
    </extensions>
   </trkpt>
   <trkpt lat="12.9835530" lon="77.6913120">
    <ele>888.6</ele>
    <time>2026-09-09T15:51:11Z</time>
    <extensions>
     <power>248</power>
     <gpxtpx:TrackPointExtension>
      <gpxtpx:hr>146</gpxtpx:hr>
      <gpxtpx:cad>79</gpxtpx:cad>
     </gpxtpx:TrackPointExtension>
    </extensions>
   </trkpt>
   <trkpt lat="12.9835750" lon="77.6913220">
    <ele>888.6</ele>
    <time>2026-09-09T15:51:12Z</time>
    <extensions>
     <power>248</power>
     <gpxtpx:TrackPointExtension>
      <gpxtpx:hr>146</gpxtpx:hr>
      <gpxtpx:cad>79</gpxtpx:cad>
     </gpxtpx:TrackPointExtension>
    </extensions>
   </trkpt>
   <trkpt lat="12.9835970" lon="77.6913350">
    <ele>888.6</ele>
    <time>2026-09-09T15:51:13Z</time>
    <extensions>
     <power>244</power>
     <gpxtpx:TrackPointExtension>
      <gpxtpx:hr>145</gpxtpx:hr>
      <gpxtpx:cad>79</gpxtpx:cad>
     </gpxtpx:TrackPointExtension>
    </extensions>
   </trkpt>
   <trkpt lat="12.9836160" lon="77.6913490">
    <ele>888.6</ele>
    <time>2026-09-09T15:51:14Z</time>
    <extensions>
     <power>243</power>
     <gpxtpx:TrackPointExtension>
      <gpxtpx:hr>146</gpxtpx:hr>
      <gpxtpx:cad>79</gpxtpx:cad>
     </gpxtpx:TrackPointExtension>
    </extensions>
   </trkpt>
   <trkpt lat="12.9836310" lon="77.6913670">
    <ele>888.6</ele>
    <time>2026-09-09T15:51:15Z</time>
    <extensions>
     <power>242</power>
     <gpxtpx:TrackPointExtension>
      <gpxtpx:hr>146</gpxtpx:hr>
      <gpxtpx:cad>79</gpxtpx:cad>
     </gpxtpx:TrackPointExtension>
    </extensions>
   </trkpt>
   <trkpt lat="12.9836400" lon="77.6913880">
    <ele>888.6</ele>
    <time>2026-09-09T15:51:16Z</time>
    <extensions>
     <power>241</power>
     <gpxtpx:TrackPointExtension>
      <gpxtpx:hr>147</gpxtpx:hr>
      <gpxtpx:cad>79</gpxtpx:cad>
     </gpxtpx:TrackPointExtension>
    </extensions>
   </trkpt>
   <trkpt lat="12.9836440" lon="77.6914100">
    <ele>888.6</ele>
    <time>2026-09-09T15:51:17Z</time>
    <extensions>
     <power>241</power>
     <gpxtpx:TrackPointExtension>
      <gpxtpx:hr>147</gpxtpx:hr>
      <gpxtpx:cad>79</gpxtpx:cad>
     </gpxtpx:TrackPointExtension>
    </extensions>
   </trkpt>
   <trkpt lat="12.9836440" lon="77.6914310">
    <ele>888.6</ele>
    <time>2026-09-09T15:51:18Z</time>
    <extensions>
     <power>247</power>
     <gpxtpx:TrackPointExtension>
      <gpxtpx:hr>147</gpxtpx:hr>
      <gpxtpx:cad>79</gpxtpx:cad>
     </gpxtpx:TrackPointExtension>
    </extensions>
   </trkpt>
   <trkpt lat="12.9836420" lon="77.6914520">
    <ele>888.6</ele>
    <time>2026-09-09T15:51:19Z</time>
    <extensions>
     <power>248</power>
     <gpxtpx:TrackPointExtension>
      <gpxtpx:hr>147</gpxtpx:hr>
      <gpxtpx:cad>79</gpxtpx:cad>
     </gpxtpx:TrackPointExtension>
    </extensions>
   </trkpt>
   <trkpt lat="12.9836390" lon="77.6914730">
    <ele>888.6</ele>
    <time>2026-09-09T15:51:20Z</time>
    <extensions>
     <power>248</power>
     <gpxtpx:TrackPointExtension>
      <gpxtpx:hr>147</gpxtpx:hr>
      <gpxtpx:cad>79</gpxtpx:cad>
     </gpxtpx:TrackPointExtension>
    </extensions>
   </trkpt>
   <trkpt lat="12.9836350" lon="77.6914920">
    <ele>888.6</ele>
    <time>2026-09-09T15:51:21Z</time>
    <extensions>
     <power>249</power>
     <gpxtpx:TrackPointExtension>
      <gpxtpx:hr>147</gpxtpx:hr>
      <gpxtpx:cad>79</gpxtpx:cad>
     </gpxtpx:TrackPointExtension>
    </extensions>
   </trkpt>
   <trkpt lat="12.9836310" lon="77.6915110">
    <ele>888.6</ele>
    <time>2026-09-09T15:51:22Z</time>
    <extensions>
     <power>250</power>
     <gpxtpx:TrackPointExtension>
      <gpxtpx:hr>147</gpxtpx:hr>
      <gpxtpx:cad>79</gpxtpx:cad>
     </gpxtpx:TrackPointExtension>
    </extensions>
   </trkpt>
   <trkpt lat="12.9836270" lon="77.6915290">
    <ele>888.6</ele>
    <time>2026-09-09T15:51:23Z</time>
    <extensions>
     <power>250</power>
     <gpxtpx:TrackPointExtension>
      <gpxtpx:hr>148</gpxtpx:hr>
      <gpxtpx:cad>79</gpxtpx:cad>
     </gpxtpx:TrackPointExtension>
    </extensions>
   </trkpt>
   <trkpt lat="12.9836220" lon="77.6915460">
    <ele>888.6</ele>
    <time>2026-09-09T15:51:24Z</time>
    <extensions>
     <power>250</power>
     <gpxtpx:TrackPointExtension>
      <gpxtpx:hr>146</gpxtpx:hr>
      <gpxtpx:cad>79</gpxtpx:cad>
     </gpxtpx:TrackPointExtension>
    </extensions>
   </trkpt>
   <trkpt lat="12.9836160" lon="77.6915630">
    <ele>888.6</ele>
    <time>2026-09-09T15:51:25Z</time>
    <extensions>
     <power>250</power>
     <gpxtpx:TrackPointExtension>
      <gpxtpx:hr>146</gpxtpx:hr>
      <gpxtpx:cad>79</gpxtpx:cad>
     </gpxtpx:TrackPointExtension>
    </extensions>
   </trkpt>
   <trkpt lat="12.9836110" lon="77.6915810">
    <ele>888.6</ele>
    <time>2026-09-09T15:51:26Z</time>
    <extensions>
     <power>250</power>
     <gpxtpx:TrackPointExtension>
      <gpxtpx:hr>147</gpxtpx:hr>
      <gpxtpx:cad>79</gpxtpx:cad>
     </gpxtpx:TrackPointExtension>
    </extensions>
   </trkpt>
   <trkpt lat="12.9836040" lon="77.6915990">
    <ele>888.6</ele>
    <time>2026-09-09T15:51:27Z</time>
    <extensions>
     <power>249</power>
     <gpxtpx:TrackPointExtension>
      <gpxtpx:hr>147</gpxtpx:hr>
      <gpxtpx:cad>79</gpxtpx:cad>
     </gpxtpx:TrackPointExtension>
    </extensions>
   </trkpt>
   <trkpt lat="12.9835980" lon="77.6916180">
    <ele>888.6</ele>
    <time>2026-09-09T15:51:28Z</time>
    <extensions>
     <power>249</power>
     <gpxtpx:TrackPointExtension>
      <gpxtpx:hr>147</gpxtpx:hr>
      <gpxtpx:cad>79</gpxtpx:cad>
     </gpxtpx:TrackPointExtension>
    </extensions>
   </trkpt>
   <trkpt lat="12.9835910" lon="77.6916380">
    <ele>888.6</ele>
    <time>2026-09-09T15:51:29Z</time>
    <extensions>
     <power>249</power>
     <gpxtpx:TrackPointExtension>
      <gpxtpx:hr>147</gpxtpx:hr>
      <gpxtpx:cad>79</gpxtpx:cad>
     </gpxtpx:TrackPointExtension>
    </extensions>
   </trkpt>
   <trkpt lat="12.9835840" lon="77.6916580">
    <ele>888.6</ele>
    <time>2026-09-09T15:51:30Z</time>
    <extensions>
     <power>249</power>
     <gpxtpx:TrackPointExtension>
      <gpxtpx:hr>147</gpxtpx:hr>
      <gpxtpx:cad>79</gpxtpx:cad>
     </gpxtpx:TrackPointExtension>
    </extensions>
   </trkpt>
   <trkpt lat="12.9835770" lon="77.6916770">
    <ele>888.6</ele>
    <time>2026-09-09T15:51:31Z</time>
    <extensions>
     <power>248</power>
     <gpxtpx:TrackPointExtension>
      <gpxtpx:hr>146</gpxtpx:hr>
      <gpxtpx:cad>79</gpxtpx:cad>
     </gpxtpx:TrackPointExtension>
    </extensions>
   </trkpt>
   <trkpt lat="12.9835700" lon="77.6916990">
    <ele>888.6</ele>
    <time>2026-09-09T15:51:32Z</time>
    <extensions>
     <power>248</power>
     <gpxtpx:TrackPointExtension>
      <gpxtpx:hr>147</gpxtpx:hr>
      <gpxtpx:cad>80</gpxtpx:cad>
     </gpxtpx:TrackPointExtension>
    </extensions>
   </trkpt>
   <trkpt lat="12.9835620" lon="77.6917210">
    <ele>888.6</ele>
    <time>2026-09-09T15:51:33Z</time>
    <extensions>
     <power>248</power>
     <gpxtpx:TrackPointExtension>
      <gpxtpx:hr>147</gpxtpx:hr>
      <gpxtpx:cad>80</gpxtpx:cad>
     </gpxtpx:TrackPointExtension>
    </extensions>
   </trkpt>
   <trkpt lat="12.9835540" lon="77.6917410">
    <ele>888.6</ele>
    <time>2026-09-09T15:51:34Z</time>
    <extensions>
     <power>248</power>
     <gpxtpx:TrackPointExtension>
      <gpxtpx:hr>147</gpxtpx:hr>
      <gpxtpx:cad>80</gpxtpx:cad>
     </gpxtpx:TrackPointExtension>
    </extensions>
   </trkpt>
   <trkpt lat="12.9835440" lon="77.6917620">
    <ele>888.4</ele>
    <time>2026-09-09T15:51:35Z</time>
    <extensions>
     <power>249</power>
     <gpxtpx:TrackPointExtension>
      <gpxtpx:hr>148</gpxtpx:hr>
      <gpxtpx:cad>80</gpxtpx:cad>
     </gpxtpx:TrackPointExtension>
    </extensions>
   </trkpt>
   <trkpt lat="12.9835320" lon="77.6917810">
    <ele>888.4</ele>
    <time>2026-09-09T15:51:36Z</time>
    <extensions>
     <power>250</power>
     <gpxtpx:TrackPointExtension>
      <gpxtpx:hr>149</gpxtpx:hr>
      <gpxtpx:cad>80</gpxtpx:cad>
     </gpxtpx:TrackPointExtension>
    </extensions>
   </trkpt>
   <trkpt lat="12.9835190" lon="77.6917970">
    <ele>888.4</ele>
    <time>2026-09-09T15:51:37Z</time>
    <extensions>
     <power>251</power>
     <gpxtpx:TrackPointExtension>
      <gpxtpx:hr>148</gpxtpx:hr>
      <gpxtpx:cad>80</gpxtpx:cad>
     </gpxtpx:TrackPointExtension>
    </extensions>
   </trkpt>
   <trkpt lat="12.9835030" lon="77.6918130">
    <ele>888.4</ele>
    <time>2026-09-09T15:51:38Z</time>
    <extensions>
     <power>251</power>
     <gpxtpx:TrackPointExtension>
      <gpxtpx:hr>149</gpxtpx:hr>
      <gpxtpx:cad>80</gpxtpx:cad>
     </gpxtpx:TrackPointExtension>
    </extensions>
   </trkpt>
   <trkpt lat="12.9834850" lon="77.6918250">
    <ele>888.4</ele>
    <time>2026-09-09T15:51:39Z</time>
    <extensions>
     <power>253</power>
     <gpxtpx:TrackPointExtension>
      <gpxtpx:hr>149</gpxtpx:hr>
      <gpxtpx:cad>79</gpxtpx:cad>
     </gpxtpx:TrackPointExtension>
    </extensions>
   </trkpt>
   <trkpt lat="12.9834660" lon="77.6918360">
    <ele>888.4</ele>
    <time>2026-09-09T15:51:40Z</time>
    <extensions>
     <power>254</power>
     <gpxtpx:TrackPointExtension>
      <gpxtpx:hr>149</gpxtpx:hr>
      <gpxtpx:cad>79</gpxtpx:cad>
     </gpxtpx:TrackPointExtension>
    </extensions>
   </trkpt>
   <trkpt lat="12.9834460" lon="77.6918430">
    <ele>888.4</ele>
    <time>2026-09-09T15:51:41Z</time>
    <extensions>
     <power>254</power>
     <gpxtpx:TrackPointExtension>
      <gpxtpx:hr>149</gpxtpx:hr>
      <gpxtpx:cad>78</gpxtpx:cad>
     </gpxtpx:TrackPointExtension>
    </extensions>
   </trkpt>
   <trkpt lat="12.9834270" lon="77.6918470">
    <ele>888.4</ele>
    <time>2026-09-09T15:51:42Z</time>
    <extensions>
     <power>255</power>
     <gpxtpx:TrackPointExtension>
      <gpxtpx:hr>150</gpxtpx:hr>
      <gpxtpx:cad>78</gpxtpx:cad>
     </gpxtpx:TrackPointExtension>
    </extensions>
   </trkpt>
   <trkpt lat="12.9834070" lon="77.6918500">
    <ele>888.4</ele>
    <time>2026-09-09T15:51:43Z</time>
    <extensions>
     <power>254</power>
     <gpxtpx:TrackPointExtension>
      <gpxtpx:hr>150</gpxtpx:hr>
      <gpxtpx:cad>78</gpxtpx:cad>
     </gpxtpx:TrackPointExtension>
    </extensions>
   </trkpt>
   <trkpt lat="12.9833840" lon="77.6918540">
    <ele>888.4</ele>
    <time>2026-09-09T15:51:44Z</time>
    <extensions>
     <power>254</power>
     <gpxtpx:TrackPointExtension>
      <gpxtpx:hr>151</gpxtpx:hr>
      <gpxtpx:cad>78</gpxtpx:cad>
     </gpxtpx:TrackPointExtension>
    </extensions>
   </trkpt>
   <trkpt lat="12.9833610" lon="77.6918580">
    <ele>888.4</ele>
    <time>2026-09-09T15:51:45Z</time>
    <extensions>
     <power>254</power>
     <gpxtpx:TrackPointExtension>
      <gpxtpx:hr>150</gpxtpx:hr>
      <gpxtpx:cad>78</gpxtpx:cad>
     </gpxtpx:TrackPointExtension>
    </extensions>
   </trkpt>
   <trkpt lat="12.9833410" lon="77.6918610">
    <ele>888.4</ele>
    <time>2026-09-09T15:51:46Z</time>
    <extensions>
     <power>260</power>
     <gpxtpx:TrackPointExtension>
      <gpxtpx:hr>150</gpxtpx:hr>
      <gpxtpx:cad>78</gpxtpx:cad>
     </gpxtpx:TrackPointExtension>
    </extensions>
   </trkpt>
   <trkpt lat="12.9833220" lon="77.6918640">
    <ele>888.4</ele>
    <time>2026-09-09T15:51:47Z</time>
    <extensions>
     <power>258</power>
     <gpxtpx:TrackPointExtension>
      <gpxtpx:hr>151</gpxtpx:hr>
      <gpxtpx:cad>78</gpxtpx:cad>
     </gpxtpx:TrackPointExtension>
    </extensions>
   </trkpt>
   <trkpt lat="12.9833000" lon="77.6918670">
    <ele>888.4</ele>
    <time>2026-09-09T15:51:48Z</time>
    <extensions>
     <power>252</power>
     <gpxtpx:TrackPointExtension>
      <gpxtpx:hr>151</gpxtpx:hr>
      <gpxtpx:cad>79</gpxtpx:cad>
     </gpxtpx:TrackPointExtension>
    </extensions>
   </trkpt>
   <trkpt lat="12.9832790" lon="77.6918710">
    <ele>888.4</ele>
    <time>2026-09-09T15:51:49Z</time>
    <extensions>
     <power>249</power>
     <gpxtpx:TrackPointExtension>
      <gpxtpx:hr>151</gpxtpx:hr>
      <gpxtpx:cad>79</gpxtpx:cad>
     </gpxtpx:TrackPointExtension>
    </extensions>
   </trkpt>
   <trkpt lat="12.9832580" lon="77.6918780">
    <ele>888.4</ele>
    <time>2026-09-09T15:51:50Z</time>
    <extensions>
     <power>251</power>
     <gpxtpx:TrackPointExtension>
      <gpxtpx:hr>153</gpxtpx:hr>
      <gpxtpx:cad>79</gpxtpx:cad>
     </gpxtpx:TrackPointExtension>
    </extensions>
   </trkpt>
   <trkpt lat="12.9832400" lon="77.6918880">
    <ele>888.4</ele>
    <time>2026-09-09T15:51:51Z</time>
    <extensions>
     <power>253</power>
     <gpxtpx:TrackPointExtension>
      <gpxtpx:hr>153</gpxtpx:hr>
      <gpxtpx:cad>79</gpxtpx:cad>
     </gpxtpx:TrackPointExtension>
    </extensions>
   </trkpt>
   <trkpt lat="12.9832250" lon="77.6919030">
    <ele>888.4</ele>
    <time>2026-09-09T15:51:52Z</time>
    <extensions>
     <power>254</power>
     <gpxtpx:TrackPointExtension>
      <gpxtpx:hr>154</gpxtpx:hr>
      <gpxtpx:cad>79</gpxtpx:cad>
     </gpxtpx:TrackPointExtension>
    </extensions>
   </trkpt>
   <trkpt lat="12.9832130" lon="77.6919200">
    <ele>888.4</ele>
    <time>2026-09-09T15:51:53Z</time>
    <extensions>
     <power>250</power>
     <gpxtpx:TrackPointExtension>
      <gpxtpx:hr>154</gpxtpx:hr>
      <gpxtpx:cad>79</gpxtpx:cad>
     </gpxtpx:TrackPointExtension>
    </extensions>
   </trkpt>
   <trkpt lat="12.9832020" lon="77.6919390">
    <ele>888.2</ele>
    <time>2026-09-09T15:51:54Z</time>
    <extensions>
     <power>248</power>
     <gpxtpx:TrackPointExtension>
      <gpxtpx:hr>154</gpxtpx:hr>
      <gpxtpx:cad>78</gpxtpx:cad>
     </gpxtpx:TrackPointExtension>
    </extensions>
   </trkpt>
   <trkpt lat="12.9831930" lon="77.6919590">
    <ele>888.2</ele>
    <time>2026-09-09T15:51:55Z</time>
    <extensions>
     <power>248</power>
     <gpxtpx:TrackPointExtension>
      <gpxtpx:hr>154</gpxtpx:hr>
      <gpxtpx:cad>78</gpxtpx:cad>
     </gpxtpx:TrackPointExtension>
    </extensions>
   </trkpt>
   <trkpt lat="12.9831830" lon="77.6919790">
    <ele>888.2</ele>
    <time>2026-09-09T15:51:56Z</time>
    <extensions>
     <power>253</power>
     <gpxtpx:TrackPointExtension>
      <gpxtpx:hr>154</gpxtpx:hr>
      <gpxtpx:cad>78</gpxtpx:cad>
     </gpxtpx:TrackPointExtension>
    </extensions>
   </trkpt>
   <trkpt lat="12.9831710" lon="77.6919980">
    <ele>888.2</ele>
    <time>2026-09-09T15:51:57Z</time>
    <extensions>
     <power>252</power>
     <gpxtpx:TrackPointExtension>
      <gpxtpx:hr>154</gpxtpx:hr>
      <gpxtpx:cad>78</gpxtpx:cad>
     </gpxtpx:TrackPointExtension>
    </extensions>
   </trkpt>
   <trkpt lat="12.9831570" lon="77.6920140">
    <ele>888.2</ele>
    <time>2026-09-09T15:51:58Z</time>
    <extensions>
     <power>252</power>
     <gpxtpx:TrackPointExtension>
      <gpxtpx:hr>154</gpxtpx:hr>
      <gpxtpx:cad>79</gpxtpx:cad>
     </gpxtpx:TrackPointExtension>
    </extensions>
   </trkpt>
   <trkpt lat="12.9831400" lon="77.6920290">
    <ele>888.2</ele>
    <time>2026-09-09T15:51:59Z</time>
    <extensions>
     <power>252</power>
     <gpxtpx:TrackPointExtension>
      <gpxtpx:hr>153</gpxtpx:hr>
      <gpxtpx:cad>79</gpxtpx:cad>
     </gpxtpx:TrackPointExtension>
    </extensions>
   </trkpt>
   <trkpt lat="12.9831220" lon="77.6920420">
    <ele>888.2</ele>
    <time>2026-09-09T15:52:00Z</time>
    <extensions>
     <power>252</power>
     <gpxtpx:TrackPointExtension>
      <gpxtpx:hr>153</gpxtpx:hr>
      <gpxtpx:cad>79</gpxtpx:cad>
     </gpxtpx:TrackPointExtension>
    </extensions>
   </trkpt>
   <trkpt lat="12.9831030" lon="77.6920560">
    <ele>888.2</ele>
    <time>2026-09-09T15:52:01Z</time>
    <extensions>
     <power>244</power>
     <gpxtpx:TrackPointExtension>
      <gpxtpx:hr>152</gpxtpx:hr>
      <gpxtpx:cad>79</gpxtpx:cad>
     </gpxtpx:TrackPointExtension>
    </extensions>
   </trkpt>
   <trkpt lat="12.9830850" lon="77.6920680">
    <ele>888.2</ele>
    <time>2026-09-09T15:52:02Z</time>
    <extensions>
     <power>244</power>
     <gpxtpx:TrackPointExtension>
      <gpxtpx:hr>152</gpxtpx:hr>
      <gpxtpx:cad>79</gpxtpx:cad>
     </gpxtpx:TrackPointExtension>
    </extensions>
   </trkpt>
   <trkpt lat="12.9830670" lon="77.6920800">
    <ele>888.2</ele>
    <time>2026-09-09T15:52:03Z</time>
    <extensions>
     <power>243</power>
     <gpxtpx:TrackPointExtension>
      <gpxtpx:hr>152</gpxtpx:hr>
      <gpxtpx:cad>79</gpxtpx:cad>
     </gpxtpx:TrackPointExtension>
    </extensions>
   </trkpt>
   <trkpt lat="12.9830490" lon="77.6920910">
    <ele>888.2</ele>
    <time>2026-09-09T15:52:04Z</time>
    <extensions>
     <power>243</power>
     <gpxtpx:TrackPointExtension>
      <gpxtpx:hr>153</gpxtpx:hr>
      <gpxtpx:cad>79</gpxtpx:cad>
     </gpxtpx:TrackPointExtension>
    </extensions>
   </trkpt>
   <trkpt lat="12.9830310" lon="77.6921030">
    <ele>888.2</ele>
    <time>2026-09-09T15:52:05Z</time>
    <extensions>
     <power>249</power>
     <gpxtpx:TrackPointExtension>
      <gpxtpx:hr>154</gpxtpx:hr>
      <gpxtpx:cad>79</gpxtpx:cad>
     </gpxtpx:TrackPointExtension>
    </extensions>
   </trkpt>
   <trkpt lat="12.9830140" lon="77.6921140">
    <ele>888.2</ele>
    <time>2026-09-09T15:52:06Z</time>
    <extensions>
     <power>250</power>
     <gpxtpx:TrackPointExtension>
      <gpxtpx:hr>154</gpxtpx:hr>
      <gpxtpx:cad>79</gpxtpx:cad>
     </gpxtpx:TrackPointExtension>
    </extensions>
   </trkpt>
   <trkpt lat="12.9829960" lon="77.6921250">
    <ele>888.2</ele>
    <time>2026-09-09T15:52:07Z</time>
    <extensions>
     <power>251</power>
     <gpxtpx:TrackPointExtension>
      <gpxtpx:hr>154</gpxtpx:hr>
      <gpxtpx:cad>79</gpxtpx:cad>
     </gpxtpx:TrackPointExtension>
    </extensions>
   </trkpt>
   <trkpt lat="12.9829780" lon="77.6921370">
    <ele>888.2</ele>
    <time>2026-09-09T15:52:08Z</time>
    <extensions>
     <power>251</power>
     <gpxtpx:TrackPointExtension>
      <gpxtpx:hr>154</gpxtpx:hr>
      <gpxtpx:cad>79</gpxtpx:cad>
     </gpxtpx:TrackPointExtension>
    </extensions>
   </trkpt>
   <trkpt lat="12.9829600" lon="77.6921490">
    <ele>888.4</ele>
    <time>2026-09-09T15:52:09Z</time>
    <extensions>
     <power>250</power>
     <gpxtpx:TrackPointExtension>
      <gpxtpx:hr>155</gpxtpx:hr>
      <gpxtpx:cad>79</gpxtpx:cad>
     </gpxtpx:TrackPointExtension>
    </extensions>
   </trkpt>
   <trkpt lat="12.9829420" lon="77.6921600">
    <ele>888.4</ele>
    <time>2026-09-09T15:52:10Z</time>
    <extensions>
     <power>254</power>
     <gpxtpx:TrackPointExtension>
      <gpxtpx:hr>155</gpxtpx:hr>
      <gpxtpx:cad>79</gpxtpx:cad>
     </gpxtpx:TrackPointExtension>
    </extensions>
   </trkpt>
   <trkpt lat="12.9829230" lon="77.6921720">
    <ele>888.4</ele>
    <time>2026-09-09T15:52:11Z</time>
    <extensions>
     <power>254</power>
     <gpxtpx:TrackPointExtension>
      <gpxtpx:hr>156</gpxtpx:hr>
      <gpxtpx:cad>79</gpxtpx:cad>
     </gpxtpx:TrackPointExtension>
    </extensions>
   </trkpt>
   <trkpt lat="12.9829050" lon="77.6921840">
    <ele>888.4</ele>
    <time>2026-09-09T15:52:12Z</time>
    <extensions>
     <power>254</power>
     <gpxtpx:TrackPointExtension>
      <gpxtpx:hr>155</gpxtpx:hr>
      <gpxtpx:cad>79</gpxtpx:cad>
     </gpxtpx:TrackPointExtension>
    </extensions>
   </trkpt>
   <trkpt lat="12.9828870" lon="77.6921960">
    <ele>888.4</ele>
    <time>2026-09-09T15:52:13Z</time>
    <extensions>
     <power>263</power>
     <gpxtpx:TrackPointExtension>
      <gpxtpx:hr>155</gpxtpx:hr>
      <gpxtpx:cad>79</gpxtpx:cad>
     </gpxtpx:TrackPointExtension>
    </extensions>
   </trkpt>
   <trkpt lat="12.9828700" lon="77.6922080">
    <ele>888.4</ele>
    <time>2026-09-09T15:52:14Z</time>
    <extensions>
     <power>265</power>
     <gpxtpx:TrackPointExtension>
      <gpxtpx:hr>157</gpxtpx:hr>
      <gpxtpx:cad>79</gpxtpx:cad>
     </gpxtpx:TrackPointExtension>
    </extensions>
   </trkpt>
   <trkpt lat="12.9828530" lon="77.6922220">
    <ele>888.4</ele>
    <time>2026-09-09T15:52:15Z</time>
    <extensions>
     <power>265</power>
     <gpxtpx:TrackPointExtension>
      <gpxtpx:hr>156</gpxtpx:hr>
      <gpxtpx:cad>78</gpxtpx:cad>
     </gpxtpx:TrackPointExtension>
    </extensions>
   </trkpt>
   <trkpt lat="12.9828380" lon="77.6922370">
    <ele>888.4</ele>
    <time>2026-09-09T15:52:16Z</time>
    <extensions>
     <power>265</power>
     <gpxtpx:TrackPointExtension>
      <gpxtpx:hr>156</gpxtpx:hr>
      <gpxtpx:cad>78</gpxtpx:cad>
     </gpxtpx:TrackPointExtension>
    </extensions>
   </trkpt>
   <trkpt lat="12.9828250" lon="77.6922540">
    <ele>888.4</ele>
    <time>2026-09-09T15:52:17Z</time>
    <extensions>
     <power>259</power>
     <gpxtpx:TrackPointExtension>
      <gpxtpx:hr>156</gpxtpx:hr>
      <gpxtpx:cad>77</gpxtpx:cad>
     </gpxtpx:TrackPointExtension>
    </extensions>
   </trkpt>
   <trkpt lat="12.9828120" lon="77.6922710">
    <ele>888.4</ele>
    <time>2026-09-09T15:52:18Z</time>
    <extensions>
     <power>260</power>
     <gpxtpx:TrackPointExtension>
      <gpxtpx:hr>156</gpxtpx:hr>
      <gpxtpx:cad>77</gpxtpx:cad>
     </gpxtpx:TrackPointExtension>
    </extensions>
   </trkpt>
   <trkpt lat="12.9828010" lon="77.6922880">
    <ele>888.4</ele>
    <time>2026-09-09T15:52:19Z</time>
    <extensions>
     <power>261</power>
     <gpxtpx:TrackPointExtension>
      <gpxtpx:hr>155</gpxtpx:hr>
      <gpxtpx:cad>77</gpxtpx:cad>
     </gpxtpx:TrackPointExtension>
    </extensions>
   </trkpt>
   <trkpt lat="12.9827910" lon="77.6923070">
    <ele>888.4</ele>
    <time>2026-09-09T15:52:20Z</time>
    <extensions>
     <power>257</power>
     <gpxtpx:TrackPointExtension>
      <gpxtpx:hr>156</gpxtpx:hr>
      <gpxtpx:cad>77</gpxtpx:cad>
     </gpxtpx:TrackPointExtension>
    </extensions>
   </trkpt>
   <trkpt lat="12.9827810" lon="77.6923260">
    <ele>888.4</ele>
    <time>2026-09-09T15:52:21Z</time>
    <extensions>
     <power>257</power>
     <gpxtpx:TrackPointExtension>
      <gpxtpx:hr>155</gpxtpx:hr>
      <gpxtpx:cad>77</gpxtpx:cad>
     </gpxtpx:TrackPointExtension>
    </extensions>
   </trkpt>
   <trkpt lat="12.9827700" lon="77.6923430">
    <ele>888.4</ele>
    <time>2026-09-09T15:52:22Z</time>
    <extensions>
     <power>257</power>
     <gpxtpx:TrackPointExtension>
      <gpxtpx:hr>155</gpxtpx:hr>
      <gpxtpx:cad>78</gpxtpx:cad>
     </gpxtpx:TrackPointExtension>
    </extensions>
   </trkpt>
   <trkpt lat="12.9827560" lon="77.6923600">
    <ele>888.4</ele>
    <time>2026-09-09T15:52:23Z</time>
    <extensions>
     <power>253</power>
     <gpxtpx:TrackPointExtension>
      <gpxtpx:hr>155</gpxtpx:hr>
      <gpxtpx:cad>78</gpxtpx:cad>
     </gpxtpx:TrackPointExtension>
    </extensions>
   </trkpt>
   <trkpt lat="12.9827400" lon="77.6923740">
    <ele>888.4</ele>
    <time>2026-09-09T15:52:24Z</time>
    <extensions>
     <power>253</power>
     <gpxtpx:TrackPointExtension>
      <gpxtpx:hr>155</gpxtpx:hr>
      <gpxtpx:cad>78</gpxtpx:cad>
     </gpxtpx:TrackPointExtension>
    </extensions>
   </trkpt>
   <trkpt lat="12.9827220" lon="77.6923840">
    <ele>888.4</ele>
    <time>2026-09-09T15:52:25Z</time>
    <extensions>
     <power>255</power>
     <gpxtpx:TrackPointExtension>
      <gpxtpx:hr>155</gpxtpx:hr>
      <gpxtpx:cad>78</gpxtpx:cad>
     </gpxtpx:TrackPointExtension>
    </extensions>
   </trkpt>
   <trkpt lat="12.9827020" lon="77.6923890">
    <ele>888.6</ele>
    <time>2026-09-09T15:52:26Z</time>
    <extensions>
     <power>256</power>
     <gpxtpx:TrackPointExtension>
      <gpxtpx:hr>154</gpxtpx:hr>
      <gpxtpx:cad>78</gpxtpx:cad>
     </gpxtpx:TrackPointExtension>
    </extensions>
   </trkpt>
   <trkpt lat="12.9826820" lon="77.6923920">
    <ele>888.6</ele>
    <time>2026-09-09T15:52:27Z</time>
    <extensions>
     <power>256</power>
     <gpxtpx:TrackPointExtension>
      <gpxtpx:hr>153</gpxtpx:hr>
      <gpxtpx:cad>78</gpxtpx:cad>
     </gpxtpx:TrackPointExtension>
    </extensions>
   </trkpt>
   <trkpt lat="12.9826620" lon="77.6923930">
    <ele>888.6</ele>
    <time>2026-09-09T15:52:28Z</time>
    <extensions>
     <power>256</power>
     <gpxtpx:TrackPointExtension>
      <gpxtpx:hr>153</gpxtpx:hr>
      <gpxtpx:cad>79</gpxtpx:cad>
     </gpxtpx:TrackPointExtension>
    </extensions>
   </trkpt>
   <trkpt lat="12.9826420" lon="77.6923930">
    <ele>888.6</ele>
    <time>2026-09-09T15:52:29Z</time>
    <extensions>
     <power>256</power>
     <gpxtpx:TrackPointExtension>
      <gpxtpx:hr>151</gpxtpx:hr>
      <gpxtpx:cad>79</gpxtpx:cad>
     </gpxtpx:TrackPointExtension>
    </extensions>
   </trkpt>
   <trkpt lat="12.9826220" lon="77.6923930">
    <ele>888.6</ele>
    <time>2026-09-09T15:52:30Z</time>
    <extensions>
     <power>256</power>
     <gpxtpx:TrackPointExtension>
      <gpxtpx:hr>152</gpxtpx:hr>
      <gpxtpx:cad>79</gpxtpx:cad>
     </gpxtpx:TrackPointExtension>
    </extensions>
   </trkpt>
   <trkpt lat="12.9826030" lon="77.6923930">
    <ele>888.6</ele>
    <time>2026-09-09T15:52:31Z</time>
    <extensions>
     <power>256</power>
     <gpxtpx:TrackPointExtension>
      <gpxtpx:hr>152</gpxtpx:hr>
      <gpxtpx:cad>79</gpxtpx:cad>
     </gpxtpx:TrackPointExtension>
    </extensions>
   </trkpt>
   <trkpt lat="12.9825820" lon="77.6923950">
    <ele>888.6</ele>
    <time>2026-09-09T15:52:32Z</time>
    <extensions>
     <power>256</power>
     <gpxtpx:TrackPointExtension>
      <gpxtpx:hr>152</gpxtpx:hr>
      <gpxtpx:cad>79</gpxtpx:cad>
     </gpxtpx:TrackPointExtension>
    </extensions>
   </trkpt>
   <trkpt lat="12.9825620" lon="77.6923960">
    <ele>888.6</ele>
    <time>2026-09-09T15:52:33Z</time>
    <extensions>
     <power>252</power>
     <gpxtpx:TrackPointExtension>
      <gpxtpx:hr>152</gpxtpx:hr>
      <gpxtpx:cad>79</gpxtpx:cad>
     </gpxtpx:TrackPointExtension>
    </extensions>
   </trkpt>
   <trkpt lat="12.9825420" lon="77.6923980">
    <ele>888.6</ele>
    <time>2026-09-09T15:52:34Z</time>
    <extensions>
     <power>252</power>
     <gpxtpx:TrackPointExtension>
      <gpxtpx:hr>152</gpxtpx:hr>
      <gpxtpx:cad>78</gpxtpx:cad>
     </gpxtpx:TrackPointExtension>
    </extensions>
   </trkpt>
   <trkpt lat="12.9825220" lon="77.6924010">
    <ele>888.6</ele>
    <time>2026-09-09T15:52:35Z</time>
    <extensions>
     <power>251</power>
     <gpxtpx:TrackPointExtension>
      <gpxtpx:hr>151</gpxtpx:hr>
      <gpxtpx:cad>78</gpxtpx:cad>
     </gpxtpx:TrackPointExtension>
    </extensions>
   </trkpt>
   <trkpt lat="12.9825020" lon="77.6924030">
    <ele>888.6</ele>
    <time>2026-09-09T15:52:36Z</time>
    <extensions>
     <power>251</power>
     <gpxtpx:TrackPointExtension>
      <gpxtpx:hr>150</gpxtpx:hr>
      <gpxtpx:cad>78</gpxtpx:cad>
     </gpxtpx:TrackPointExtension>
    </extensions>
   </trkpt>
   <trkpt lat="12.9824810" lon="77.6924040">
    <ele>888.6</ele>
    <time>2026-09-09T15:52:37Z</time>
    <extensions>
     <power>247</power>
     <gpxtpx:TrackPointExtension>
      <gpxtpx:hr>150</gpxtpx:hr>
      <gpxtpx:cad>77</gpxtpx:cad>
     </gpxtpx:TrackPointExtension>
    </extensions>
   </trkpt>
   <trkpt lat="12.9824610" lon="77.6924040">
    <ele>888.8</ele>
    <time>2026-09-09T15:52:38Z</time>
    <extensions>
     <power>250</power>
     <gpxtpx:TrackPointExtension>
      <gpxtpx:hr>150</gpxtpx:hr>
      <gpxtpx:cad>77</gpxtpx:cad>
     </gpxtpx:TrackPointExtension>
    </extensions>
   </trkpt>
   <trkpt lat="12.9824400" lon="77.6924010">
    <ele>888.8</ele>
    <time>2026-09-09T15:52:39Z</time>
    <extensions>
     <power>267</power>
     <gpxtpx:TrackPointExtension>
      <gpxtpx:hr>151</gpxtpx:hr>
      <gpxtpx:cad>77</gpxtpx:cad>
     </gpxtpx:TrackPointExtension>
    </extensions>
   </trkpt>
   <trkpt lat="12.9824200" lon="77.6923960">
    <ele>888.8</ele>
    <time>2026-09-09T15:52:40Z</time>
    <extensions>
     <power>268</power>
     <gpxtpx:TrackPointExtension>
      <gpxtpx:hr>151</gpxtpx:hr>
      <gpxtpx:cad>76</gpxtpx:cad>
     </gpxtpx:TrackPointExtension>
    </extensions>
   </trkpt>
   <trkpt lat="12.9824010" lon="77.6923890">
    <ele>888.8</ele>
    <time>2026-09-09T15:52:41Z</time>
    <extensions>
     <power>267</power>
     <gpxtpx:TrackPointExtension>
      <gpxtpx:hr>151</gpxtpx:hr>
      <gpxtpx:cad>76</gpxtpx:cad>
     </gpxtpx:TrackPointExtension>
    </extensions>
   </trkpt>
   <trkpt lat="12.9823820" lon="77.6923790">
    <ele>888.8</ele>
    <time>2026-09-09T15:52:42Z</time>
    <extensions>
     <power>267</power>
     <gpxtpx:TrackPointExtension>
      <gpxtpx:hr>151</gpxtpx:hr>
      <gpxtpx:cad>76</gpxtpx:cad>
     </gpxtpx:TrackPointExtension>
    </extensions>
   </trkpt>
   <trkpt lat="12.9823670" lon="77.6923690">
    <ele>888.8</ele>
    <time>2026-09-09T15:52:43Z</time>
    <extensions>
     <power>267</power>
     <gpxtpx:TrackPointExtension>
      <gpxtpx:hr>151</gpxtpx:hr>
      <gpxtpx:cad>76</gpxtpx:cad>
     </gpxtpx:TrackPointExtension>
    </extensions>
   </trkpt>
   <trkpt lat="12.9823510" lon="77.6923570">
    <ele>888.8</ele>
    <time>2026-09-09T15:52:44Z</time>
    <extensions>
     <power>266</power>
     <gpxtpx:TrackPointExtension>
      <gpxtpx:hr>151</gpxtpx:hr>
      <gpxtpx:cad>75</gpxtpx:cad>
     </gpxtpx:TrackPointExtension>
    </extensions>
   </trkpt>
   <trkpt lat="12.9823360" lon="77.6923450">
    <ele>888.8</ele>
    <time>2026-09-09T15:52:45Z</time>
    <extensions>
     <power>276</power>
     <gpxtpx:TrackPointExtension>
      <gpxtpx:hr>151</gpxtpx:hr>
      <gpxtpx:cad>75</gpxtpx:cad>
     </gpxtpx:TrackPointExtension>
    </extensions>
   </trkpt>
   <trkpt lat="12.9823220" lon="77.6923320">
    <ele>888.8</ele>
    <time>2026-09-09T15:52:46Z</time>
    <extensions>
     <power>269</power>
     <gpxtpx:TrackPointExtension>
      <gpxtpx:hr>151</gpxtpx:hr>
      <gpxtpx:cad>75</gpxtpx:cad>
     </gpxtpx:TrackPointExtension>
    </extensions>
   </trkpt>
   <trkpt lat="12.9823070" lon="77.6923180">
    <ele>888.8</ele>
    <time>2026-09-09T15:52:47Z</time>
    <extensions>
     <power>261</power>
     <gpxtpx:TrackPointExtension>
      <gpxtpx:hr>151</gpxtpx:hr>
      <gpxtpx:cad>75</gpxtpx:cad>
     </gpxtpx:TrackPointExtension>
    </extensions>
   </trkpt>
   <trkpt lat="12.9822960" lon="77.6923070">
    <ele>888.8</ele>
    <time>2026-09-09T15:52:48Z</time>
    <extensions>
     <power>259</power>
     <gpxtpx:TrackPointExtension>
      <gpxtpx:hr>151</gpxtpx:hr>
      <gpxtpx:cad>75</gpxtpx:cad>
     </gpxtpx:TrackPointExtension>
    </extensions>
   </trkpt>
   <trkpt lat="12.9822830" lon="77.6922940">
    <ele>888.8</ele>
    <time>2026-09-09T15:52:49Z</time>
    <extensions>
     <power>258</power>
     <gpxtpx:TrackPointExtension>
      <gpxtpx:hr>151</gpxtpx:hr>
      <gpxtpx:cad>75</gpxtpx:cad>
     </gpxtpx:TrackPointExtension>
    </extensions>
   </trkpt>
   <trkpt lat="12.9822700" lon="77.6922800">
    <ele>888.8</ele>
    <time>2026-09-09T15:52:50Z</time>
    <extensions>
     <power>233</power>
     <gpxtpx:TrackPointExtension>
      <gpxtpx:hr>151</gpxtpx:hr>
      <gpxtpx:cad>76</gpxtpx:cad>
     </gpxtpx:TrackPointExtension>
    </extensions>
   </trkpt>
   <trkpt lat="12.9822570" lon="77.6922670">
    <ele>888.8</ele>
    <time>2026-09-09T15:52:51Z</time>
    <extensions>
     <power>228</power>
     <gpxtpx:TrackPointExtension>
      <gpxtpx:hr>152</gpxtpx:hr>
      <gpxtpx:cad>76</gpxtpx:cad>
     </gpxtpx:TrackPointExtension>
    </extensions>
   </trkpt>
   <trkpt lat="12.9822450" lon="77.6922540">
    <ele>888.8</ele>
    <time>2026-09-09T15:52:52Z</time>
    <extensions>
     <power>227</power>
     <gpxtpx:TrackPointExtension>
      <gpxtpx:hr>152</gpxtpx:hr>
      <gpxtpx:cad>76</gpxtpx:cad>
     </gpxtpx:TrackPointExtension>
    </extensions>
   </trkpt>
   <trkpt lat="12.9822320" lon="77.6922380">
    <ele>888.8</ele>
    <time>2026-09-09T15:52:53Z</time>
    <extensions>
     <power>227</power>
     <gpxtpx:TrackPointExtension>
      <gpxtpx:hr>152</gpxtpx:hr>
      <gpxtpx:cad>76</gpxtpx:cad>
     </gpxtpx:TrackPointExtension>
    </extensions>
   </trkpt>
   <trkpt lat="12.9822210" lon="77.6922230">
    <ele>888.8</ele>
    <time>2026-09-09T15:52:54Z</time>
    <extensions>
     <power>227</power>
     <gpxtpx:TrackPointExtension>
      <gpxtpx:hr>152</gpxtpx:hr>
      <gpxtpx:cad>76</gpxtpx:cad>
     </gpxtpx:TrackPointExtension>
    </extensions>
   </trkpt>
   <trkpt lat="12.9822090" lon="77.6922080">
    <ele>888.8</ele>
    <time>2026-09-09T15:52:55Z</time>
    <extensions>
     <power>227</power>
     <gpxtpx:TrackPointExtension>
      <gpxtpx:hr>152</gpxtpx:hr>
      <gpxtpx:cad>76</gpxtpx:cad>
     </gpxtpx:TrackPointExtension>
    </extensions>
   </trkpt>
   <trkpt lat="12.9821960" lon="77.6921930">
    <ele>888.8</ele>
    <time>2026-09-09T15:52:56Z</time>
    <extensions>
     <power>227</power>
     <gpxtpx:TrackPointExtension>
      <gpxtpx:hr>152</gpxtpx:hr>
      <gpxtpx:cad>76</gpxtpx:cad>
     </gpxtpx:TrackPointExtension>
    </extensions>
   </trkpt>
   <trkpt lat="12.9821850" lon="77.6921770">
    <ele>888.8</ele>
    <time>2026-09-09T15:52:57Z</time>
    <extensions>
     <power>227</power>
     <gpxtpx:TrackPointExtension>
      <gpxtpx:hr>153</gpxtpx:hr>
      <gpxtpx:cad>76</gpxtpx:cad>
     </gpxtpx:TrackPointExtension>
    </extensions>
   </trkpt>
   <trkpt lat="12.9821740" lon="77.6921610">
    <ele>888.8</ele>
    <time>2026-09-09T15:52:58Z</time>
    <extensions>
     <power>227</power>
     <gpxtpx:TrackPointExtension>
      <gpxtpx:hr>153</gpxtpx:hr>
      <gpxtpx:cad>77</gpxtpx:cad>
     </gpxtpx:TrackPointExtension>
    </extensions>
   </trkpt>
   <trkpt lat="12.9821640" lon="77.6921450">
    <ele>888.8</ele>
    <time>2026-09-09T15:52:59Z</time>
    <extensions>
     <power>227</power>
     <gpxtpx:TrackPointExtension>
      <gpxtpx:hr>153</gpxtpx:hr>
      <gpxtpx:cad>77</gpxtpx:cad>
     </gpxtpx:TrackPointExtension>
    </extensions>
   </trkpt>
   <trkpt lat="12.9821540" lon="77.6921290">
    <ele>888.8</ele>
    <time>2026-09-09T15:53:00Z</time>
    <extensions>
     <power>227</power>
     <gpxtpx:TrackPointExtension>
      <gpxtpx:hr>153</gpxtpx:hr>
      <gpxtpx:cad>77</gpxtpx:cad>
     </gpxtpx:TrackPointExtension>
    </extensions>
   </trkpt>
   <trkpt lat="12.9821440" lon="77.6921140">
    <ele>888.8</ele>
    <time>2026-09-09T15:53:01Z</time>
    <extensions>
     <power>225</power>
     <gpxtpx:TrackPointExtension>
      <gpxtpx:hr>153</gpxtpx:hr>
      <gpxtpx:cad>77</gpxtpx:cad>
     </gpxtpx:TrackPointExtension>
    </extensions>
   </trkpt>
   <trkpt lat="12.9821320" lon="77.6921000">
    <ele>888.8</ele>
    <time>2026-09-09T15:53:02Z</time>
    <extensions>
     <power>224</power>
     <gpxtpx:TrackPointExtension>
      <gpxtpx:hr>152</gpxtpx:hr>
      <gpxtpx:cad>76</gpxtpx:cad>
     </gpxtpx:TrackPointExtension>
    </extensions>
   </trkpt>
   <trkpt lat="12.9821170" lon="77.6920880">
    <ele>888.8</ele>
    <time>2026-09-09T15:53:03Z</time>
    <extensions>
     <power>224</power>
     <gpxtpx:TrackPointExtension>
      <gpxtpx:hr>151</gpxtpx:hr>
      <gpxtpx:cad>76</gpxtpx:cad>
     </gpxtpx:TrackPointExtension>
    </extensions>
   </trkpt>
   <trkpt lat="12.9821020" lon="77.6920780">
    <ele>888.8</ele>
    <time>2026-09-09T15:53:04Z</time>
    <extensions>
     <power>223</power>
     <gpxtpx:TrackPointExtension>
      <gpxtpx:hr>152</gpxtpx:hr>
      <gpxtpx:cad>76</gpxtpx:cad>
     </gpxtpx:TrackPointExtension>
    </extensions>
   </trkpt>
   <trkpt lat="12.9820860" lon="77.6920670">
    <ele>888.8</ele>
    <time>2026-09-09T15:53:05Z</time>
    <extensions>
     <power>223</power>
     <gpxtpx:TrackPointExtension>
      <gpxtpx:hr>151</gpxtpx:hr>
      <gpxtpx:cad>76</gpxtpx:cad>
     </gpxtpx:TrackPointExtension>
    </extensions>
   </trkpt>
   <trkpt lat="12.9820700" lon="77.6920550">
    <ele>888.8</ele>
    <time>2026-09-09T15:53:06Z</time>
    <extensions>
     <power>239</power>
     <gpxtpx:TrackPointExtension>
      <gpxtpx:hr>151</gpxtpx:hr>
      <gpxtpx:cad>75</gpxtpx:cad>
     </gpxtpx:TrackPointExtension>
    </extensions>
   </trkpt>
   <trkpt lat="12.9820570" lon="77.6920400">
    <ele>888.8</ele>
    <time>2026-09-09T15:53:07Z</time>
    <extensions>
     <power>241</power>
     <gpxtpx:TrackPointExtension>
      <gpxtpx:hr>151</gpxtpx:hr>
      <gpxtpx:cad>75</gpxtpx:cad>
     </gpxtpx:TrackPointExtension>
    </extensions>
   </trkpt>
   <trkpt lat="12.9820470" lon="77.6920210">
    <ele>888.8</ele>
    <time>2026-09-09T15:53:08Z</time>
    <extensions>
     <power>242</power>
     <gpxtpx:TrackPointExtension>
      <gpxtpx:hr>151</gpxtpx:hr>
      <gpxtpx:cad>75</gpxtpx:cad>
     </gpxtpx:TrackPointExtension>
    </extensions>
   </trkpt>
   <trkpt lat="12.9820410" lon="77.6920020">
    <ele>888.8</ele>
    <time>2026-09-09T15:53:09Z</time>
    <extensions>
     <power>242</power>
     <gpxtpx:TrackPointExtension>
      <gpxtpx:hr>151</gpxtpx:hr>
      <gpxtpx:cad>75</gpxtpx:cad>
     </gpxtpx:TrackPointExtension>
    </extensions>
   </trkpt>
   <trkpt lat="12.9820380" lon="77.6919800">
    <ele>888.8</ele>
    <time>2026-09-09T15:53:10Z</time>
    <extensions>
     <power>239</power>
     <gpxtpx:TrackPointExtension>
      <gpxtpx:hr>151</gpxtpx:hr>
      <gpxtpx:cad>75</gpxtpx:cad>
     </gpxtpx:TrackPointExtension>
    </extensions>
   </trkpt>
   <trkpt lat="12.9820370" lon="77.6919570">
    <ele>888.8</ele>
    <time>2026-09-09T15:53:11Z</time>
    <extensions>
     <power>239</power>
     <gpxtpx:TrackPointExtension>
      <gpxtpx:hr>151</gpxtpx:hr>
      <gpxtpx:cad>75</gpxtpx:cad>
     </gpxtpx:TrackPointExtension>
    </extensions>
   </trkpt>
   <trkpt lat="12.9820370" lon="77.6919350">
    <ele>888.8</ele>
    <time>2026-09-09T15:53:12Z</time>
    <extensions>
     <power>238</power>
     <gpxtpx:TrackPointExtension>
      <gpxtpx:hr>152</gpxtpx:hr>
      <gpxtpx:cad>76</gpxtpx:cad>
     </gpxtpx:TrackPointExtension>
    </extensions>
   </trkpt>
   <trkpt lat="12.9820360" lon="77.6919150">
    <ele>888.8</ele>
    <time>2026-09-09T15:53:13Z</time>
    <extensions>
     <power>237</power>
     <gpxtpx:TrackPointExtension>
      <gpxtpx:hr>152</gpxtpx:hr>
      <gpxtpx:cad>76</gpxtpx:cad>
     </gpxtpx:TrackPointExtension>
    </extensions>
   </trkpt>
   <trkpt lat="12.9820360" lon="77.6918960">
    <ele>888.8</ele>
    <time>2026-09-09T15:53:14Z</time>
    <extensions>
     <power>237</power>
     <gpxtpx:TrackPointExtension>
      <gpxtpx:hr>153</gpxtpx:hr>
      <gpxtpx:cad>77</gpxtpx:cad>
     </gpxtpx:TrackPointExtension>
    </extensions>
   </trkpt>
   <trkpt lat="12.9820360" lon="77.6918780">
    <ele>888.8</ele>
    <time>2026-09-09T15:53:15Z</time>
    <extensions>
     <power>238</power>
     <gpxtpx:TrackPointExtension>
      <gpxtpx:hr>152</gpxtpx:hr>
      <gpxtpx:cad>77</gpxtpx:cad>
     </gpxtpx:TrackPointExtension>
    </extensions>
   </trkpt>
   <trkpt lat="12.9820370" lon="77.6918610">
    <ele>888.8</ele>
    <time>2026-09-09T15:53:16Z</time>
    <extensions>
     <power>241</power>
     <gpxtpx:TrackPointExtension>
      <gpxtpx:hr>152</gpxtpx:hr>
      <gpxtpx:cad>77</gpxtpx:cad>
     </gpxtpx:TrackPointExtension>
    </extensions>
   </trkpt>
   <trkpt lat="12.9820390" lon="77.6918440">
    <ele>888.8</ele>
    <time>2026-09-09T15:53:17Z</time>
    <extensions>
     <power>242</power>
     <gpxtpx:TrackPointExtension>
      <gpxtpx:hr>152</gpxtpx:hr>
      <gpxtpx:cad>77</gpxtpx:cad>
     </gpxtpx:TrackPointExtension>
    </extensions>
   </trkpt>
   <trkpt lat="12.9820430" lon="77.6918270">
    <ele>888.8</ele>
    <time>2026-09-09T15:53:18Z</time>
    <extensions>
     <power>242</power>
     <gpxtpx:TrackPointExtension>
      <gpxtpx:hr>152</gpxtpx:hr>
      <gpxtpx:cad>77</gpxtpx:cad>
     </gpxtpx:TrackPointExtension>
    </extensions>
   </trkpt>
   <trkpt lat="12.9820480" lon="77.6918090">
    <ele>888.8</ele>
    <time>2026-09-09T15:53:19Z</time>
    <extensions>
     <power>244</power>
     <gpxtpx:TrackPointExtension>
      <gpxtpx:hr>151</gpxtpx:hr>
      <gpxtpx:cad>77</gpxtpx:cad>
     </gpxtpx:TrackPointExtension>
    </extensions>
   </trkpt>
   <trkpt lat="12.9820530" lon="77.6917910">
    <ele>888.8</ele>
    <time>2026-09-09T15:53:20Z</time>
    <extensions>
     <power>244</power>
     <gpxtpx:TrackPointExtension>
      <gpxtpx:hr>151</gpxtpx:hr>
      <gpxtpx:cad>77</gpxtpx:cad>
     </gpxtpx:TrackPointExtension>
    </extensions>
   </trkpt>
   <trkpt lat="12.9820590" lon="77.6917730">
    <ele>888.8</ele>
    <time>2026-09-09T15:53:21Z</time>
    <extensions>
     <power>244</power>
     <gpxtpx:TrackPointExtension>
      <gpxtpx:hr>152</gpxtpx:hr>
      <gpxtpx:cad>77</gpxtpx:cad>
     </gpxtpx:TrackPointExtension>
    </extensions>
   </trkpt>
   <trkpt lat="12.9820650" lon="77.6917550">
    <ele>888.8</ele>
    <time>2026-09-09T15:53:22Z</time>
    <extensions>
     <power>244</power>
     <gpxtpx:TrackPointExtension>
      <gpxtpx:hr>152</gpxtpx:hr>
      <gpxtpx:cad>77</gpxtpx:cad>
     </gpxtpx:TrackPointExtension>
    </extensions>
   </trkpt>
   <trkpt lat="12.9820710" lon="77.6917370">
    <ele>888.8</ele>
    <time>2026-09-09T15:53:23Z</time>
    <extensions>
     <power>238</power>
     <gpxtpx:TrackPointExtension>
      <gpxtpx:hr>152</gpxtpx:hr>
      <gpxtpx:cad>77</gpxtpx:cad>
     </gpxtpx:TrackPointExtension>
    </extensions>
   </trkpt>
   <trkpt lat="12.9820770" lon="77.6917190">
    <ele>888.8</ele>
    <time>2026-09-09T15:53:24Z</time>
    <extensions>
     <power>237</power>
     <gpxtpx:TrackPointExtension>
      <gpxtpx:hr>154</gpxtpx:hr>
      <gpxtpx:cad>77</gpxtpx:cad>
     </gpxtpx:TrackPointExtension>
    </extensions>
   </trkpt>
   <trkpt lat="12.9820830" lon="77.6916990">
    <ele>888.8</ele>
    <time>2026-09-09T15:53:25Z</time>
    <extensions>
     <power>237</power>
     <gpxtpx:TrackPointExtension>
      <gpxtpx:hr>153</gpxtpx:hr>
      <gpxtpx:cad>77</gpxtpx:cad>
     </gpxtpx:TrackPointExtension>
    </extensions>
   </trkpt>
   <trkpt lat="12.9820880" lon="77.6916810">
    <ele>888.8</ele>
    <time>2026-09-09T15:53:26Z</time>
    <extensions>
     <power>238</power>
     <gpxtpx:TrackPointExtension>
      <gpxtpx:hr>154</gpxtpx:hr>
      <gpxtpx:cad>77</gpxtpx:cad>
     </gpxtpx:TrackPointExtension>
    </extensions>
   </trkpt>
   <trkpt lat="12.9820950" lon="77.6916620">
    <ele>888.8</ele>
    <time>2026-09-09T15:53:27Z</time>
    <extensions>
     <power>245</power>
     <gpxtpx:TrackPointExtension>
      <gpxtpx:hr>155</gpxtpx:hr>
      <gpxtpx:cad>76</gpxtpx:cad>
     </gpxtpx:TrackPointExtension>
    </extensions>
   </trkpt>
   <trkpt lat="12.9821020" lon="77.6916430">
    <ele>888.8</ele>
    <time>2026-09-09T15:53:28Z</time>
    <extensions>
     <power>247</power>
     <gpxtpx:TrackPointExtension>
      <gpxtpx:hr>154</gpxtpx:hr>
      <gpxtpx:cad>76</gpxtpx:cad>
     </gpxtpx:TrackPointExtension>
    </extensions>
   </trkpt>
   <trkpt lat="12.9821100" lon="77.6916230">
    <ele>888.8</ele>
    <time>2026-09-09T15:53:29Z</time>
    <extensions>
     <power>247</power>
     <gpxtpx:TrackPointExtension>
      <gpxtpx:hr>154</gpxtpx:hr>
      <gpxtpx:cad>76</gpxtpx:cad>
     </gpxtpx:TrackPointExtension>
    </extensions>
   </trkpt>
   <trkpt lat="12.9821190" lon="77.6916020">
    <ele>888.8</ele>
    <time>2026-09-09T15:53:30Z</time>
    <extensions>
     <power>247</power>
     <gpxtpx:TrackPointExtension>
      <gpxtpx:hr>155</gpxtpx:hr>
      <gpxtpx:cad>77</gpxtpx:cad>
     </gpxtpx:TrackPointExtension>
    </extensions>
   </trkpt>
   <trkpt lat="12.9821260" lon="77.6915810">
    <ele>888.8</ele>
    <time>2026-09-09T15:53:31Z</time>
    <extensions>
     <power>246</power>
     <gpxtpx:TrackPointExtension>
      <gpxtpx:hr>155</gpxtpx:hr>
      <gpxtpx:cad>77</gpxtpx:cad>
     </gpxtpx:TrackPointExtension>
    </extensions>
   </trkpt>
   <trkpt lat="12.9821320" lon="77.6915560">
    <ele>888.8</ele>
    <time>2026-09-09T15:53:32Z</time>
    <extensions>
     <power>246</power>
     <gpxtpx:TrackPointExtension>
      <gpxtpx:hr>155</gpxtpx:hr>
      <gpxtpx:cad>77</gpxtpx:cad>
     </gpxtpx:TrackPointExtension>
    </extensions>
   </trkpt>
   <trkpt lat="12.9821350" lon="77.6915340">
    <ele>888.8</ele>
    <time>2026-09-09T15:53:33Z</time>
    <extensions>
     <power>246</power>
     <gpxtpx:TrackPointExtension>
      <gpxtpx:hr>154</gpxtpx:hr>
      <gpxtpx:cad>77</gpxtpx:cad>
     </gpxtpx:TrackPointExtension>
    </extensions>
   </trkpt>
   <trkpt lat="12.9821340" lon="77.6915100">
    <ele>888.8</ele>
    <time>2026-09-09T15:53:34Z</time>
    <extensions>
     <power>246</power>
     <gpxtpx:TrackPointExtension>
      <gpxtpx:hr>153</gpxtpx:hr>
      <gpxtpx:cad>77</gpxtpx:cad>
     </gpxtpx:TrackPointExtension>
    </extensions>
   </trkpt>
   <trkpt lat="12.9821290" lon="77.6914870">
    <ele>888.8</ele>
    <time>2026-09-09T15:53:35Z</time>
    <extensions>
     <power>247</power>
     <gpxtpx:TrackPointExtension>
      <gpxtpx:hr>153</gpxtpx:hr>
      <gpxtpx:cad>77</gpxtpx:cad>
     </gpxtpx:TrackPointExtension>
    </extensions>
   </trkpt>
   <trkpt lat="12.9821200" lon="77.6914660">
    <ele>888.8</ele>
    <time>2026-09-09T15:53:36Z</time>
    <extensions>
     <power>240</power>
     <gpxtpx:TrackPointExtension>
      <gpxtpx:hr>153</gpxtpx:hr>
      <gpxtpx:cad>76</gpxtpx:cad>
     </gpxtpx:TrackPointExtension>
    </extensions>
   </trkpt>
   <trkpt lat="12.9821080" lon="77.6914490">
    <ele>888.8</ele>
    <time>2026-09-09T15:53:37Z</time>
    <extensions>
     <power>238</power>
     <gpxtpx:TrackPointExtension>
      <gpxtpx:hr>153</gpxtpx:hr>
      <gpxtpx:cad>76</gpxtpx:cad>
     </gpxtpx:TrackPointExtension>
    </extensions>
   </trkpt>
   <trkpt lat="12.9820950" lon="77.6914340">
    <ele>888.8</ele>
    <time>2026-09-09T15:53:38Z</time>
    <extensions>
     <power>237</power>
     <gpxtpx:TrackPointExtension>
      <gpxtpx:hr>153</gpxtpx:hr>
      <gpxtpx:cad>76</gpxtpx:cad>
     </gpxtpx:TrackPointExtension>
    </extensions>
   </trkpt>
   <trkpt lat="12.9820790" lon="77.6914220">
    <ele>888.8</ele>
    <time>2026-09-09T15:53:39Z</time>
    <extensions>
     <power>237</power>
     <gpxtpx:TrackPointExtension>
      <gpxtpx:hr>153</gpxtpx:hr>
      <gpxtpx:cad>76</gpxtpx:cad>
     </gpxtpx:TrackPointExtension>
    </extensions>
   </trkpt>
   <trkpt lat="12.9820630" lon="77.6914120">
    <ele>888.8</ele>
    <time>2026-09-09T15:53:40Z</time>
    <extensions>
     <power>238</power>
     <gpxtpx:TrackPointExtension>
      <gpxtpx:hr>153</gpxtpx:hr>
      <gpxtpx:cad>76</gpxtpx:cad>
     </gpxtpx:TrackPointExtension>
    </extensions>
   </trkpt>
   <trkpt lat="12.9820470" lon="77.6914040">
    <ele>888.8</ele>
    <time>2026-09-09T15:53:41Z</time>
    <extensions>
     <power>243</power>
     <gpxtpx:TrackPointExtension>
      <gpxtpx:hr>152</gpxtpx:hr>
      <gpxtpx:cad>77</gpxtpx:cad>
     </gpxtpx:TrackPointExtension>
    </extensions>
   </trkpt>
   <trkpt lat="12.9820310" lon="77.6913960">
    <ele>888.8</ele>
    <time>2026-09-09T15:53:42Z</time>
    <extensions>
     <power>244</power>
     <gpxtpx:TrackPointExtension>
      <gpxtpx:hr>151</gpxtpx:hr>
      <gpxtpx:cad>77</gpxtpx:cad>
     </gpxtpx:TrackPointExtension>
    </extensions>
   </trkpt>
   <trkpt lat="12.9820150" lon="77.6913870">
    <ele>888.8</ele>
    <time>2026-09-09T15:53:43Z</time>
    <extensions>
     <power>244</power>
     <gpxtpx:TrackPointExtension>
      <gpxtpx:hr>151</gpxtpx:hr>
      <gpxtpx:cad>77</gpxtpx:cad>
     </gpxtpx:TrackPointExtension>
    </extensions>
   </trkpt>
   <trkpt lat="12.9819990" lon="77.6913770">
    <ele>888.8</ele>
    <time>2026-09-09T15:53:44Z</time>
    <extensions>
     <power>245</power>
     <gpxtpx:TrackPointExtension>
      <gpxtpx:hr>151</gpxtpx:hr>
      <gpxtpx:cad>77</gpxtpx:cad>
     </gpxtpx:TrackPointExtension>
    </extensions>
   </trkpt>
   <trkpt lat="12.9819840" lon="77.6913660">
    <ele>888.8</ele>
    <time>2026-09-09T15:53:45Z</time>
    <extensions>
     <power>243</power>
     <gpxtpx:TrackPointExtension>
      <gpxtpx:hr>151</gpxtpx:hr>
      <gpxtpx:cad>77</gpxtpx:cad>
     </gpxtpx:TrackPointExtension>
    </extensions>
   </trkpt>
   <trkpt lat="12.9819700" lon="77.6913530">
    <ele>888.8</ele>
    <time>2026-09-09T15:53:46Z</time>
    <extensions>
     <power>238</power>
     <gpxtpx:TrackPointExtension>
      <gpxtpx:hr>151</gpxtpx:hr>
      <gpxtpx:cad>77</gpxtpx:cad>
     </gpxtpx:TrackPointExtension>
    </extensions>
   </trkpt>
   <trkpt lat="12.9819570" lon="77.6913380">
    <ele>888.8</ele>
    <time>2026-09-09T15:53:47Z</time>
    <extensions>
     <power>237</power>
     <gpxtpx:TrackPointExtension>
      <gpxtpx:hr>150</gpxtpx:hr>
      <gpxtpx:cad>77</gpxtpx:cad>
     </gpxtpx:TrackPointExtension>
    </extensions>
   </trkpt>
   <trkpt lat="12.9819470" lon="77.6913210">
    <ele>888.8</ele>
    <time>2026-09-09T15:53:48Z</time>
    <extensions>
     <power>238</power>
     <gpxtpx:TrackPointExtension>
      <gpxtpx:hr>149</gpxtpx:hr>
      <gpxtpx:cad>77</gpxtpx:cad>
     </gpxtpx:TrackPointExtension>
    </extensions>
   </trkpt>
   <trkpt lat="12.9819400" lon="77.6913020">
    <ele>888.8</ele>
    <time>2026-09-09T15:53:49Z</time>
    <extensions>
     <power>238</power>
     <gpxtpx:TrackPointExtension>
      <gpxtpx:hr>149</gpxtpx:hr>
      <gpxtpx:cad>78</gpxtpx:cad>
     </gpxtpx:TrackPointExtension>
    </extensions>
   </trkpt>
   <trkpt lat="12.9819350" lon="77.6912800">
    <ele>888.8</ele>
    <time>2026-09-09T15:53:50Z</time>
    <extensions>
     <power>238</power>
     <gpxtpx:TrackPointExtension>
      <gpxtpx:hr>150</gpxtpx:hr>
      <gpxtpx:cad>78</gpxtpx:cad>
     </gpxtpx:TrackPointExtension>
    </extensions>
   </trkpt>
   <trkpt lat="12.9819340" lon="77.6912590">
    <ele>888.8</ele>
    <time>2026-09-09T15:53:51Z</time>
    <extensions>
     <power>239</power>
     <gpxtpx:TrackPointExtension>
      <gpxtpx:hr>150</gpxtpx:hr>
      <gpxtpx:cad>78</gpxtpx:cad>
     </gpxtpx:TrackPointExtension>
    </extensions>
   </trkpt>
   <trkpt lat="12.9819350" lon="77.6912370">
    <ele>888.8</ele>
    <time>2026-09-09T15:53:52Z</time>
    <extensions>
     <power>239</power>
     <gpxtpx:TrackPointExtension>
      <gpxtpx:hr>150</gpxtpx:hr>
      <gpxtpx:cad>77</gpxtpx:cad>
     </gpxtpx:TrackPointExtension>
    </extensions>
   </trkpt>
   <trkpt lat="12.9819380" lon="77.6912160">
    <ele>888.8</ele>
    <time>2026-09-09T15:53:53Z</time>
    <extensions>
     <power>239</power>
     <gpxtpx:TrackPointExtension>
      <gpxtpx:hr>151</gpxtpx:hr>
      <gpxtpx:cad>77</gpxtpx:cad>
     </gpxtpx:TrackPointExtension>
    </extensions>
   </trkpt>
   <trkpt lat="12.9819420" lon="77.6911970">
    <ele>888.8</ele>
    <time>2026-09-09T15:53:54Z</time>
    <extensions>
     <power>239</power>
     <gpxtpx:TrackPointExtension>
      <gpxtpx:hr>153</gpxtpx:hr>
      <gpxtpx:cad>77</gpxtpx:cad>
     </gpxtpx:TrackPointExtension>
    </extensions>
   </trkpt>
   <trkpt lat="12.9819470" lon="77.6911770">
    <ele>888.6</ele>
    <time>2026-09-09T15:53:55Z</time>
    <extensions>
     <power>239</power>
     <gpxtpx:TrackPointExtension>
      <gpxtpx:hr>153</gpxtpx:hr>
      <gpxtpx:cad>77</gpxtpx:cad>
     </gpxtpx:TrackPointExtension>
    </extensions>
   </trkpt>
   <trkpt lat="12.9819520" lon="77.6911600">
    <ele>888.6</ele>
    <time>2026-09-09T15:53:56Z</time>
    <extensions>
     <power>239</power>
     <gpxtpx:TrackPointExtension>
      <gpxtpx:hr>153</gpxtpx:hr>
      <gpxtpx:cad>77</gpxtpx:cad>
     </gpxtpx:TrackPointExtension>
    </extensions>
   </trkpt>
   <trkpt lat="12.9819570" lon="77.6911430">
    <ele>888.6</ele>
    <time>2026-09-09T15:53:57Z</time>
    <extensions>
     <power>238</power>
     <gpxtpx:TrackPointExtension>
      <gpxtpx:hr>153</gpxtpx:hr>
      <gpxtpx:cad>77</gpxtpx:cad>
     </gpxtpx:TrackPointExtension>
    </extensions>
   </trkpt>
   <trkpt lat="12.9819630" lon="77.6911270">
    <ele>888.6</ele>
    <time>2026-09-09T15:53:58Z</time>
    <extensions>
     <power>238</power>
     <gpxtpx:TrackPointExtension>
      <gpxtpx:hr>152</gpxtpx:hr>
      <gpxtpx:cad>77</gpxtpx:cad>
     </gpxtpx:TrackPointExtension>
    </extensions>
   </trkpt>
   <trkpt lat="12.9819700" lon="77.6911110">
    <ele>888.6</ele>
    <time>2026-09-09T15:53:59Z</time>
    <extensions>
     <power>238</power>
     <gpxtpx:TrackPointExtension>
      <gpxtpx:hr>152</gpxtpx:hr>
      <gpxtpx:cad>77</gpxtpx:cad>
     </gpxtpx:TrackPointExtension>
    </extensions>
   </trkpt>
   <trkpt lat="12.9819760" lon="77.6910940">
    <ele>888.6</ele>
    <time>2026-09-09T15:54:00Z</time>
    <extensions>
     <power>238</power>
     <gpxtpx:TrackPointExtension>
      <gpxtpx:hr>151</gpxtpx:hr>
      <gpxtpx:cad>77</gpxtpx:cad>
     </gpxtpx:TrackPointExtension>
    </extensions>
   </trkpt>
   <trkpt lat="12.9819830" lon="77.6910760">
    <ele>888.6</ele>
    <time>2026-09-09T15:54:01Z</time>
    <extensions>
     <power>245</power>
     <gpxtpx:TrackPointExtension>
      <gpxtpx:hr>151</gpxtpx:hr>
      <gpxtpx:cad>77</gpxtpx:cad>
     </gpxtpx:TrackPointExtension>
    </extensions>
   </trkpt>
   <trkpt lat="12.9819900" lon="77.6910590">
    <ele>888.6</ele>
    <time>2026-09-09T15:54:02Z</time>
    <extensions>
     <power>238</power>
     <gpxtpx:TrackPointExtension>
      <gpxtpx:hr>150</gpxtpx:hr>
      <gpxtpx:cad>77</gpxtpx:cad>
     </gpxtpx:TrackPointExtension>
    </extensions>
   </trkpt>
   <trkpt lat="12.9819980" lon="77.6910410">
    <ele>888.6</ele>
    <time>2026-09-09T15:54:03Z</time>
    <extensions>
     <power>236</power>
     <gpxtpx:TrackPointExtension>
      <gpxtpx:hr>150</gpxtpx:hr>
      <gpxtpx:cad>77</gpxtpx:cad>
     </gpxtpx:TrackPointExtension>
    </extensions>
   </trkpt>
   <trkpt lat="12.9820060" lon="77.6910230">
    <ele>888.6</ele>
    <time>2026-09-09T15:54:04Z</time>
    <extensions>
     <power>238</power>
     <gpxtpx:TrackPointExtension>
      <gpxtpx:hr>149</gpxtpx:hr>
      <gpxtpx:cad>77</gpxtpx:cad>
     </gpxtpx:TrackPointExtension>
    </extensions>
   </trkpt>
   <trkpt lat="12.9820140" lon="77.6910030">
    <ele>888.6</ele>
    <time>2026-09-09T15:54:05Z</time>
    <extensions>
     <power>239</power>
     <gpxtpx:TrackPointExtension>
      <gpxtpx:hr>149</gpxtpx:hr>
      <gpxtpx:cad>77</gpxtpx:cad>
     </gpxtpx:TrackPointExtension>
    </extensions>
   </trkpt>
   <trkpt lat="12.9820230" lon="77.6909860">
    <ele>888.6</ele>
    <time>2026-09-09T15:54:06Z</time>
    <extensions>
     <power>239</power>
     <gpxtpx:TrackPointExtension>
      <gpxtpx:hr>149</gpxtpx:hr>
      <gpxtpx:cad>77</gpxtpx:cad>
     </gpxtpx:TrackPointExtension>
    </extensions>
   </trkpt>
   <trkpt lat="12.9820320" lon="77.6909670">
    <ele>888.6</ele>
    <time>2026-09-09T15:54:07Z</time>
    <extensions>
     <power>240</power>
     <gpxtpx:TrackPointExtension>
      <gpxtpx:hr>149</gpxtpx:hr>
      <gpxtpx:cad>77</gpxtpx:cad>
     </gpxtpx:TrackPointExtension>
    </extensions>
   </trkpt>
   <trkpt lat="12.9820410" lon="77.6909500">
    <ele>888.6</ele>
    <time>2026-09-09T15:54:08Z</time>
    <extensions>
     <power>240</power>
     <gpxtpx:TrackPointExtension>
      <gpxtpx:hr>149</gpxtpx:hr>
      <gpxtpx:cad>77</gpxtpx:cad>
     </gpxtpx:TrackPointExtension>
    </extensions>
   </trkpt>
   <trkpt lat="12.9820490" lon="77.6909310">
    <ele>888.6</ele>
    <time>2026-09-09T15:54:09Z</time>
    <extensions>
     <power>240</power>
     <gpxtpx:TrackPointExtension>
      <gpxtpx:hr>149</gpxtpx:hr>
      <gpxtpx:cad>77</gpxtpx:cad>
     </gpxtpx:TrackPointExtension>
    </extensions>
   </trkpt>
   <trkpt lat="12.9820570" lon="77.6909120">
    <ele>888.6</ele>
    <time>2026-09-09T15:54:10Z</time>
    <extensions>
     <power>240</power>
     <gpxtpx:TrackPointExtension>
      <gpxtpx:hr>149</gpxtpx:hr>
      <gpxtpx:cad>77</gpxtpx:cad>
     </gpxtpx:TrackPointExtension>
    </extensions>
   </trkpt>
   <trkpt lat="12.9820640" lon="77.6908930">
    <ele>888.6</ele>
    <time>2026-09-09T15:54:11Z</time>
    <extensions>
     <power>240</power>
     <gpxtpx:TrackPointExtension>
      <gpxtpx:hr>150</gpxtpx:hr>
      <gpxtpx:cad>77</gpxtpx:cad>
     </gpxtpx:TrackPointExtension>
    </extensions>
   </trkpt>
   <trkpt lat="12.9820720" lon="77.6908740">
    <ele>888.6</ele>
    <time>2026-09-09T15:54:12Z</time>
    <extensions>
     <power>240</power>
     <gpxtpx:TrackPointExtension>
      <gpxtpx:hr>151</gpxtpx:hr>
      <gpxtpx:cad>77</gpxtpx:cad>
     </gpxtpx:TrackPointExtension>
    </extensions>
   </trkpt>
   <trkpt lat="12.9820790" lon="77.6908550">
    <ele>888.6</ele>
    <time>2026-09-09T15:54:13Z</time>
    <extensions>
     <power>240</power>
     <gpxtpx:TrackPointExtension>
      <gpxtpx:hr>151</gpxtpx:hr>
      <gpxtpx:cad>77</gpxtpx:cad>
     </gpxtpx:TrackPointExtension>
    </extensions>
   </trkpt>
   <trkpt lat="12.9820870" lon="77.6908360">
    <ele>888.6</ele>
    <time>2026-09-09T15:54:14Z</time>
    <extensions>
     <power>240</power>
     <gpxtpx:TrackPointExtension>
      <gpxtpx:hr>151</gpxtpx:hr>
      <gpxtpx:cad>77</gpxtpx:cad>
     </gpxtpx:TrackPointExtension>
    </extensions>
   </trkpt>
   <trkpt lat="12.9820940" lon="77.6908170">
    <ele>888.6</ele>
    <time>2026-09-09T15:54:15Z</time>
    <extensions>
     <power>245</power>
     <gpxtpx:TrackPointExtension>
      <gpxtpx:hr>152</gpxtpx:hr>
      <gpxtpx:cad>77</gpxtpx:cad>
     </gpxtpx:TrackPointExtension>
    </extensions>
   </trkpt>
   <trkpt lat="12.9821010" lon="77.6907980">
    <ele>888.6</ele>
    <time>2026-09-09T15:54:16Z</time>
    <extensions>
     <power>246</power>
     <gpxtpx:TrackPointExtension>
      <gpxtpx:hr>152</gpxtpx:hr>
      <gpxtpx:cad>77</gpxtpx:cad>
     </gpxtpx:TrackPointExtension>
    </extensions>
   </trkpt>
   <trkpt lat="12.9821080" lon="77.6907780">
    <ele>888.6</ele>
    <time>2026-09-09T15:54:17Z</time>
    <extensions>
     <power>247</power>
     <gpxtpx:TrackPointExtension>
      <gpxtpx:hr>152</gpxtpx:hr>
      <gpxtpx:cad>77</gpxtpx:cad>
     </gpxtpx:TrackPointExtension>
    </extensions>
   </trkpt>
   <trkpt lat="12.9821150" lon="77.6907590">
    <ele>888.6</ele>
    <time>2026-09-09T15:54:18Z</time>
    <extensions>
     <power>247</power>
     <gpxtpx:TrackPointExtension>
      <gpxtpx:hr>153</gpxtpx:hr>
      <gpxtpx:cad>77</gpxtpx:cad>
     </gpxtpx:TrackPointExtension>
    </extensions>
   </trkpt>
   <trkpt lat="12.9821220" lon="77.6907400">
    <ele>888.6</ele>
    <time>2026-09-09T15:54:19Z</time>
    <extensions>
     <power>248</power>
     <gpxtpx:TrackPointExtension>
      <gpxtpx:hr>152</gpxtpx:hr>
      <gpxtpx:cad>77</gpxtpx:cad>
     </gpxtpx:TrackPointExtension>
    </extensions>
   </trkpt>
   <trkpt lat="12.9821290" lon="77.6907200">
    <ele>888.6</ele>
    <time>2026-09-09T15:54:20Z</time>
    <extensions>
     <power>248</power>
     <gpxtpx:TrackPointExtension>
      <gpxtpx:hr>152</gpxtpx:hr>
      <gpxtpx:cad>77</gpxtpx:cad>
     </gpxtpx:TrackPointExtension>
    </extensions>
   </trkpt>
   <trkpt lat="12.9821350" lon="77.6907010">
    <ele>888.6</ele>
    <time>2026-09-09T15:54:21Z</time>
    <extensions>
     <power>252</power>
     <gpxtpx:TrackPointExtension>
      <gpxtpx:hr>151</gpxtpx:hr>
      <gpxtpx:cad>77</gpxtpx:cad>
     </gpxtpx:TrackPointExtension>
    </extensions>
   </trkpt>
   <trkpt lat="12.9821420" lon="77.6906830">
    <ele>888.6</ele>
    <time>2026-09-09T15:54:22Z</time>
    <extensions>
     <power>252</power>
     <gpxtpx:TrackPointExtension>
      <gpxtpx:hr>151</gpxtpx:hr>
      <gpxtpx:cad>77</gpxtpx:cad>
     </gpxtpx:TrackPointExtension>
    </extensions>
   </trkpt>
   <trkpt lat="12.9821480" lon="77.6906640">
    <ele>888.6</ele>
    <time>2026-09-09T15:54:23Z</time>
    <extensions>
     <power>261</power>
     <gpxtpx:TrackPointExtension>
      <gpxtpx:hr>150</gpxtpx:hr>
      <gpxtpx:cad>77</gpxtpx:cad>
     </gpxtpx:TrackPointExtension>
    </extensions>
   </trkpt>
   <trkpt lat="12.9821530" lon="77.6906440">
    <ele>888.6</ele>
    <time>2026-09-09T15:54:24Z</time>
    <extensions>
     <power>267</power>
     <gpxtpx:TrackPointExtension>
      <gpxtpx:hr>150</gpxtpx:hr>
      <gpxtpx:cad>77</gpxtpx:cad>
     </gpxtpx:TrackPointExtension>
    </extensions>
   </trkpt>
   <trkpt lat="12.9821590" lon="77.6906250">
    <ele>888.6</ele>
    <time>2026-09-09T15:54:25Z</time>
    <extensions>
     <power>265</power>
     <gpxtpx:TrackPointExtension>
      <gpxtpx:hr>151</gpxtpx:hr>
      <gpxtpx:cad>77</gpxtpx:cad>
     </gpxtpx:TrackPointExtension>
    </extensions>
   </trkpt>
   <trkpt lat="12.9821650" lon="77.6906050">
    <ele>888.6</ele>
    <time>2026-09-09T15:54:26Z</time>
    <extensions>
     <power>265</power>
     <gpxtpx:TrackPointExtension>
      <gpxtpx:hr>151</gpxtpx:hr>
      <gpxtpx:cad>77</gpxtpx:cad>
     </gpxtpx:TrackPointExtension>
    </extensions>
   </trkpt>
   <trkpt lat="12.9821700" lon="77.6905850">
    <ele>888.6</ele>
    <time>2026-09-09T15:54:27Z</time>
    <extensions>
     <power>260</power>
     <gpxtpx:TrackPointExtension>
      <gpxtpx:hr>151</gpxtpx:hr>
      <gpxtpx:cad>77</gpxtpx:cad>
     </gpxtpx:TrackPointExtension>
    </extensions>
   </trkpt>
   <trkpt lat="12.9821760" lon="77.6905650">
    <ele>888.6</ele>
    <time>2026-09-09T15:54:28Z</time>
    <extensions>
     <power>256</power>
     <gpxtpx:TrackPointExtension>
      <gpxtpx:hr>152</gpxtpx:hr>
      <gpxtpx:cad>77</gpxtpx:cad>
     </gpxtpx:TrackPointExtension>
    </extensions>
   </trkpt>
   <trkpt lat="12.9821830" lon="77.6905440">
    <ele>888.6</ele>
    <time>2026-09-09T15:54:29Z</time>
    <extensions>
     <power>255</power>
     <gpxtpx:TrackPointExtension>
      <gpxtpx:hr>152</gpxtpx:hr>
      <gpxtpx:cad>77</gpxtpx:cad>
     </gpxtpx:TrackPointExtension>
    </extensions>
   </trkpt>
   <trkpt lat="12.9821900" lon="77.6905230">
    <ele>888.8</ele>
    <time>2026-09-09T15:54:30Z</time>
    <extensions>
     <power>252</power>
     <gpxtpx:TrackPointExtension>
      <gpxtpx:hr>154</gpxtpx:hr>
      <gpxtpx:cad>78</gpxtpx:cad>
     </gpxtpx:TrackPointExtension>
    </extensions>
   </trkpt>
   <trkpt lat="12.9821970" lon="77.6905020">
    <ele>888.8</ele>
    <time>2026-09-09T15:54:31Z</time>
    <extensions>
     <power>251</power>
     <gpxtpx:TrackPointExtension>
      <gpxtpx:hr>155</gpxtpx:hr>
      <gpxtpx:cad>78</gpxtpx:cad>
     </gpxtpx:TrackPointExtension>
    </extensions>
   </trkpt>
   <trkpt lat="12.9822050" lon="77.6904800">
    <ele>888.8</ele>
    <time>2026-09-09T15:54:32Z</time>
    <extensions>
     <power>251</power>
     <gpxtpx:TrackPointExtension>
      <gpxtpx:hr>156</gpxtpx:hr>
      <gpxtpx:cad>78</gpxtpx:cad>
     </gpxtpx:TrackPointExtension>
    </extensions>
   </trkpt>
   <trkpt lat="12.9822130" lon="77.6904600">
    <ele>888.8</ele>
    <time>2026-09-09T15:54:33Z</time>
    <extensions>
     <power>252</power>
     <gpxtpx:TrackPointExtension>
      <gpxtpx:hr>157</gpxtpx:hr>
      <gpxtpx:cad>78</gpxtpx:cad>
     </gpxtpx:TrackPointExtension>
    </extensions>
   </trkpt>
   <trkpt lat="12.9822240" lon="77.6904400">
    <ele>888.8</ele>
    <time>2026-09-09T15:54:34Z</time>
    <extensions>
     <power>252</power>
     <gpxtpx:TrackPointExtension>
      <gpxtpx:hr>157</gpxtpx:hr>
      <gpxtpx:cad>78</gpxtpx:cad>
     </gpxtpx:TrackPointExtension>
    </extensions>
   </trkpt>
   <trkpt lat="12.9822370" lon="77.6904230">
    <ele>888.8</ele>
    <time>2026-09-09T15:54:35Z</time>
    <extensions>
     <power>250</power>
     <gpxtpx:TrackPointExtension>
      <gpxtpx:hr>157</gpxtpx:hr>
      <gpxtpx:cad>78</gpxtpx:cad>
     </gpxtpx:TrackPointExtension>
    </extensions>
   </trkpt>
   <trkpt lat="12.9822520" lon="77.6904100">
    <ele>888.8</ele>
    <time>2026-09-09T15:54:36Z</time>
    <extensions>
     <power>247</power>
     <gpxtpx:TrackPointExtension>
      <gpxtpx:hr>156</gpxtpx:hr>
      <gpxtpx:cad>78</gpxtpx:cad>
     </gpxtpx:TrackPointExtension>
    </extensions>
   </trkpt>
   <trkpt lat="12.9822680" lon="77.6903990">
    <ele>888.8</ele>
    <time>2026-09-09T15:54:37Z</time>
    <extensions>
     <power>247</power>
     <gpxtpx:TrackPointExtension>
      <gpxtpx:hr>156</gpxtpx:hr>
      <gpxtpx:cad>78</gpxtpx:cad>
     </gpxtpx:TrackPointExtension>
    </extensions>
   </trkpt>
   <trkpt lat="12.9822840" lon="77.6903920">
    <ele>888.8</ele>
    <time>2026-09-09T15:54:38Z</time>
    <extensions>
     <power>247</power>
     <gpxtpx:TrackPointExtension>
      <gpxtpx:hr>156</gpxtpx:hr>
      <gpxtpx:cad>77</gpxtpx:cad>
     </gpxtpx:TrackPointExtension>
    </extensions>
   </trkpt>
   <trkpt lat="12.9823020" lon="77.6903880">
    <ele>888.8</ele>
    <time>2026-09-09T15:54:39Z</time>
    <extensions>
     <power>247</power>
     <gpxtpx:TrackPointExtension>
      <gpxtpx:hr>156</gpxtpx:hr>
      <gpxtpx:cad>78</gpxtpx:cad>
     </gpxtpx:TrackPointExtension>
    </extensions>
   </trkpt>
   <trkpt lat="12.9823200" lon="77.6903880">
    <ele>888.8</ele>
    <time>2026-09-09T15:54:40Z</time>
    <extensions>
     <power>249</power>
     <gpxtpx:TrackPointExtension>
      <gpxtpx:hr>156</gpxtpx:hr>
      <gpxtpx:cad>78</gpxtpx:cad>
     </gpxtpx:TrackPointExtension>
    </extensions>
   </trkpt>
   <trkpt lat="12.9823370" lon="77.6903890">
    <ele>888.8</ele>
    <time>2026-09-09T15:54:41Z</time>
    <extensions>
     <power>249</power>
     <gpxtpx:TrackPointExtension>
      <gpxtpx:hr>156</gpxtpx:hr>
      <gpxtpx:cad>78</gpxtpx:cad>
     </gpxtpx:TrackPointExtension>
    </extensions>
   </trkpt>
   <trkpt lat="12.9823560" lon="77.6903930">
    <ele>888.8</ele>
    <time>2026-09-09T15:54:42Z</time>
    <extensions>
     <power>247</power>
     <gpxtpx:TrackPointExtension>
      <gpxtpx:hr>156</gpxtpx:hr>
      <gpxtpx:cad>77</gpxtpx:cad>
     </gpxtpx:TrackPointExtension>
    </extensions>
   </trkpt>
   <trkpt lat="12.9823740" lon="77.6903980">
    <ele>888.8</ele>
    <time>2026-09-09T15:54:43Z</time>
    <extensions>
     <power>245</power>
     <gpxtpx:TrackPointExtension>
      <gpxtpx:hr>156</gpxtpx:hr>
      <gpxtpx:cad>77</gpxtpx:cad>
     </gpxtpx:TrackPointExtension>
    </extensions>
   </trkpt>
   <trkpt lat="12.9823920" lon="77.6904050">
    <ele>888.8</ele>
    <time>2026-09-09T15:54:44Z</time>
    <extensions>
     <power>245</power>
     <gpxtpx:TrackPointExtension>
      <gpxtpx:hr>155</gpxtpx:hr>
      <gpxtpx:cad>77</gpxtpx:cad>
     </gpxtpx:TrackPointExtension>
    </extensions>
   </trkpt>
   <trkpt lat="12.9824080" lon="77.6904140">
    <ele>888.8</ele>
    <time>2026-09-09T15:54:45Z</time>
    <extensions>
     <power>245</power>
     <gpxtpx:TrackPointExtension>
      <gpxtpx:hr>155</gpxtpx:hr>
      <gpxtpx:cad>76</gpxtpx:cad>
     </gpxtpx:TrackPointExtension>
    </extensions>
   </trkpt>
   <trkpt lat="12.9824230" lon="77.6904280">
    <ele>888.8</ele>
    <time>2026-09-09T15:54:46Z</time>
    <extensions>
     <power>243</power>
     <gpxtpx:TrackPointExtension>
      <gpxtpx:hr>155</gpxtpx:hr>
      <gpxtpx:cad>76</gpxtpx:cad>
     </gpxtpx:TrackPointExtension>
    </extensions>
   </trkpt>
   <trkpt lat="12.9824350" lon="77.6904430">
    <ele>888.8</ele>
    <time>2026-09-09T15:54:47Z</time>
    <extensions>
     <power>242</power>
     <gpxtpx:TrackPointExtension>
      <gpxtpx:hr>156</gpxtpx:hr>
      <gpxtpx:cad>76</gpxtpx:cad>
     </gpxtpx:TrackPointExtension>
    </extensions>
   </trkpt>
   <trkpt lat="12.9824460" lon="77.6904610">
    <ele>888.8</ele>
    <time>2026-09-09T15:54:48Z</time>
    <extensions>
     <power>239</power>
     <gpxtpx:TrackPointExtension>
      <gpxtpx:hr>156</gpxtpx:hr>
      <gpxtpx:cad>76</gpxtpx:cad>
     </gpxtpx:TrackPointExtension>
    </extensions>
   </trkpt>
   <trkpt lat="12.9824540" lon="77.6904780">
    <ele>888.8</ele>
    <time>2026-09-09T15:54:49Z</time>
    <extensions>
     <power>241</power>
     <gpxtpx:TrackPointExtension>
      <gpxtpx:hr>155</gpxtpx:hr>
      <gpxtpx:cad>76</gpxtpx:cad>
     </gpxtpx:TrackPointExtension>
    </extensions>
   </trkpt>
   <trkpt lat="12.9824590" lon="77.6904980">
    <ele>888.8</ele>
    <time>2026-09-09T15:54:50Z</time>
    <extensions>
     <power>240</power>
     <gpxtpx:TrackPointExtension>
      <gpxtpx:hr>155</gpxtpx:hr>
      <gpxtpx:cad>76</gpxtpx:cad>
     </gpxtpx:TrackPointExtension>
    </extensions>
   </trkpt>
   <trkpt lat="12.9824610" lon="77.6905180">
    <ele>888.8</ele>
    <time>2026-09-09T15:54:51Z</time>
    <extensions>
     <power>238</power>
     <gpxtpx:TrackPointExtension>
      <gpxtpx:hr>155</gpxtpx:hr>
      <gpxtpx:cad>75</gpxtpx:cad>
     </gpxtpx:TrackPointExtension>
    </extensions>
   </trkpt>
   <trkpt lat="12.9824610" lon="77.6905360">
    <ele>888.8</ele>
    <time>2026-09-09T15:54:52Z</time>
    <extensions>
     <power>247</power>
     <gpxtpx:TrackPointExtension>
      <gpxtpx:hr>155</gpxtpx:hr>
      <gpxtpx:cad>75</gpxtpx:cad>
     </gpxtpx:TrackPointExtension>
    </extensions>
   </trkpt>
   <trkpt lat="12.9824580" lon="77.6905540">
    <ele>888.8</ele>
    <time>2026-09-09T15:54:53Z</time>
    <extensions>
     <power>241</power>
     <gpxtpx:TrackPointExtension>
      <gpxtpx:hr>154</gpxtpx:hr>
      <gpxtpx:cad>75</gpxtpx:cad>
     </gpxtpx:TrackPointExtension>
    </extensions>
   </trkpt>
   <trkpt lat="12.9824550" lon="77.6905710">
    <ele>888.8</ele>
    <time>2026-09-09T15:54:54Z</time>
    <extensions>
     <power>241</power>
     <gpxtpx:TrackPointExtension>
      <gpxtpx:hr>154</gpxtpx:hr>
      <gpxtpx:cad>76</gpxtpx:cad>
     </gpxtpx:TrackPointExtension>
    </extensions>
   </trkpt>
   <trkpt lat="12.9824520" lon="77.6905880">
    <ele>888.8</ele>
    <time>2026-09-09T15:54:55Z</time>
    <extensions>
     <power>240</power>
     <gpxtpx:TrackPointExtension>
      <gpxtpx:hr>154</gpxtpx:hr>
      <gpxtpx:cad>76</gpxtpx:cad>
     </gpxtpx:TrackPointExtension>
    </extensions>
   </trkpt>
   <trkpt lat="12.9824470" lon="77.6906060">
    <ele>888.8</ele>
    <time>2026-09-09T15:54:56Z</time>
    <extensions>
     <power>242</power>
     <gpxtpx:TrackPointExtension>
      <gpxtpx:hr>154</gpxtpx:hr>
      <gpxtpx:cad>76</gpxtpx:cad>
     </gpxtpx:TrackPointExtension>
    </extensions>
   </trkpt>
   <trkpt lat="12.9824420" lon="77.6906240">
    <ele>888.6</ele>
    <time>2026-09-09T15:54:57Z</time>
    <extensions>
     <power>243</power>
     <gpxtpx:TrackPointExtension>
      <gpxtpx:hr>153</gpxtpx:hr>
      <gpxtpx:cad>76</gpxtpx:cad>
     </gpxtpx:TrackPointExtension>
    </extensions>
   </trkpt>
   <trkpt lat="12.9824370" lon="77.6906420">
    <ele>888.6</ele>
    <time>2026-09-09T15:54:58Z</time>
    <extensions>
     <power>242</power>
     <gpxtpx:TrackPointExtension>
      <gpxtpx:hr>154</gpxtpx:hr>
      <gpxtpx:cad>76</gpxtpx:cad>
     </gpxtpx:TrackPointExtension>
    </extensions>
   </trkpt>
   <trkpt lat="12.9824320" lon="77.6906600">
    <ele>888.6</ele>
    <time>2026-09-09T15:54:59Z</time>
    <extensions>
     <power>246</power>
     <gpxtpx:TrackPointExtension>
      <gpxtpx:hr>154</gpxtpx:hr>
      <gpxtpx:cad>75</gpxtpx:cad>
     </gpxtpx:TrackPointExtension>
    </extensions>
   </trkpt>
   <trkpt lat="12.9824260" lon="77.6906770">
    <ele>888.6</ele>
    <time>2026-09-09T15:55:00Z</time>
    <extensions>
     <power>247</power>
     <gpxtpx:TrackPointExtension>
      <gpxtpx:hr>154</gpxtpx:hr>
      <gpxtpx:cad>75</gpxtpx:cad>
     </gpxtpx:TrackPointExtension>
    </extensions>
   </trkpt>
   <trkpt lat="12.9824200" lon="77.6906940">
    <ele>888.6</ele>
    <time>2026-09-09T15:55:01Z</time>
    <extensions>
     <power>248</power>
     <gpxtpx:TrackPointExtension>
      <gpxtpx:hr>154</gpxtpx:hr>
      <gpxtpx:cad>75</gpxtpx:cad>
     </gpxtpx:TrackPointExtension>
    </extensions>
   </trkpt>
   <trkpt lat="12.9824130" lon="77.6907130">
    <ele>888.6</ele>
    <time>2026-09-09T15:55:02Z</time>
    <extensions>
     <power>248</power>
     <gpxtpx:TrackPointExtension>
      <gpxtpx:hr>153</gpxtpx:hr>
      <gpxtpx:cad>75</gpxtpx:cad>
     </gpxtpx:TrackPointExtension>
    </extensions>
   </trkpt>
   <trkpt lat="12.9824070" lon="77.6907300">
    <ele>888.6</ele>
    <time>2026-09-09T15:55:03Z</time>
    <extensions>
     <power>248</power>
     <gpxtpx:TrackPointExtension>
      <gpxtpx:hr>154</gpxtpx:hr>
      <gpxtpx:cad>75</gpxtpx:cad>
     </gpxtpx:TrackPointExtension>
    </extensions>
   </trkpt>
   <trkpt lat="12.9824000" lon="77.6907490">
    <ele>888.6</ele>
    <time>2026-09-09T15:55:04Z</time>
    <extensions>
     <power>248</power>
     <gpxtpx:TrackPointExtension>
      <gpxtpx:hr>154</gpxtpx:hr>
      <gpxtpx:cad>75</gpxtpx:cad>
     </gpxtpx:TrackPointExtension>
    </extensions>
   </trkpt>
   <trkpt lat="12.9823920" lon="77.6907680">
    <ele>888.6</ele>
    <time>2026-09-09T15:55:05Z</time>
    <extensions>
     <power>247</power>
     <gpxtpx:TrackPointExtension>
      <gpxtpx:hr>154</gpxtpx:hr>
      <gpxtpx:cad>75</gpxtpx:cad>
     </gpxtpx:TrackPointExtension>
    </extensions>
   </trkpt>
   <trkpt lat="12.9823850" lon="77.6907880">
    <ele>888.6</ele>
    <time>2026-09-09T15:55:06Z</time>
    <extensions>
     <power>243</power>
     <gpxtpx:TrackPointExtension>
      <gpxtpx:hr>154</gpxtpx:hr>
      <gpxtpx:cad>74</gpxtpx:cad>
     </gpxtpx:TrackPointExtension>
    </extensions>
   </trkpt>
   <trkpt lat="12.9823770" lon="77.6908090">
    <ele>888.6</ele>
    <time>2026-09-09T15:55:07Z</time>
    <extensions>
     <power>242</power>
     <gpxtpx:TrackPointExtension>
      <gpxtpx:hr>154</gpxtpx:hr>
      <gpxtpx:cad>75</gpxtpx:cad>
     </gpxtpx:TrackPointExtension>
    </extensions>
   </trkpt>
   <trkpt lat="12.9823680" lon="77.6908310">
    <ele>888.6</ele>
    <time>2026-09-09T15:55:08Z</time>
    <extensions>
     <power>241</power>
     <gpxtpx:TrackPointExtension>
      <gpxtpx:hr>154</gpxtpx:hr>
      <gpxtpx:cad>75</gpxtpx:cad>
     </gpxtpx:TrackPointExtension>
    </extensions>
   </trkpt>
   <trkpt lat="12.9823600" lon="77.6908520">
    <ele>888.6</ele>
    <time>2026-09-09T15:55:09Z</time>
    <extensions>
     <power>241</power>
     <gpxtpx:TrackPointExtension>
      <gpxtpx:hr>154</gpxtpx:hr>
      <gpxtpx:cad>75</gpxtpx:cad>
     </gpxtpx:TrackPointExtension>
    </extensions>
   </trkpt>
   <trkpt lat="12.9823530" lon="77.6908740">
    <ele>888.6</ele>
    <time>2026-09-09T15:55:10Z</time>
    <extensions>
     <power>241</power>
     <gpxtpx:TrackPointExtension>
      <gpxtpx:hr>155</gpxtpx:hr>
      <gpxtpx:cad>75</gpxtpx:cad>
     </gpxtpx:TrackPointExtension>
    </extensions>
   </trkpt>
   <trkpt lat="12.9823490" lon="77.6908940">
    <ele>888.6</ele>
    <time>2026-09-09T15:55:11Z</time>
    <extensions>
     <power>240</power>
     <gpxtpx:TrackPointExtension>
      <gpxtpx:hr>154</gpxtpx:hr>
      <gpxtpx:cad>75</gpxtpx:cad>
     </gpxtpx:TrackPointExtension>
    </extensions>
   </trkpt>
   <trkpt lat="12.9823500" lon="77.6909130">
    <ele>888.6</ele>
    <time>2026-09-09T15:55:12Z</time>
    <extensions>
     <power>239</power>
     <gpxtpx:TrackPointExtension>
      <gpxtpx:hr>154</gpxtpx:hr>
      <gpxtpx:cad>75</gpxtpx:cad>
     </gpxtpx:TrackPointExtension>
    </extensions>
   </trkpt>
   <trkpt lat="12.9823580" lon="77.6909300">
    <ele>888.6</ele>
    <time>2026-09-09T15:55:13Z</time>
    <extensions>
     <power>239</power>
     <gpxtpx:TrackPointExtension>
      <gpxtpx:hr>154</gpxtpx:hr>
      <gpxtpx:cad>75</gpxtpx:cad>
     </gpxtpx:TrackPointExtension>
    </extensions>
   </trkpt>
   <trkpt lat="12.9823710" lon="77.6909400">
    <ele>888.6</ele>
    <time>2026-09-09T15:55:14Z</time>
    <extensions>
     <power>238</power>
     <gpxtpx:TrackPointExtension>
      <gpxtpx:hr>154</gpxtpx:hr>
      <gpxtpx:cad>75</gpxtpx:cad>
     </gpxtpx:TrackPointExtension>
    </extensions>
   </trkpt>
   <trkpt lat="12.9823880" lon="77.6909490">
    <ele>888.6</ele>
    <time>2026-09-09T15:55:15Z</time>
    <extensions>
     <power>238</power>
     <gpxtpx:TrackPointExtension>
      <gpxtpx:hr>154</gpxtpx:hr>
      <gpxtpx:cad>75</gpxtpx:cad>
     </gpxtpx:TrackPointExtension>
    </extensions>
   </trkpt>
   <trkpt lat="12.9824060" lon="77.6909560">
    <ele>888.6</ele>
    <time>2026-09-09T15:55:16Z</time>
    <extensions>
     <power>238</power>
     <gpxtpx:TrackPointExtension>
      <gpxtpx:hr>154</gpxtpx:hr>
      <gpxtpx:cad>75</gpxtpx:cad>
     </gpxtpx:TrackPointExtension>
    </extensions>
   </trkpt>
   <trkpt lat="12.9824250" lon="77.6909630">
    <ele>888.6</ele>
    <time>2026-09-09T15:55:17Z</time>
    <extensions>
     <power>238</power>
     <gpxtpx:TrackPointExtension>
      <gpxtpx:hr>154</gpxtpx:hr>
      <gpxtpx:cad>75</gpxtpx:cad>
     </gpxtpx:TrackPointExtension>
    </extensions>
   </trkpt>
   <trkpt lat="12.9824440" lon="77.6909700">
    <ele>888.6</ele>
    <time>2026-09-09T15:55:18Z</time>
    <extensions>
     <power>237</power>
     <gpxtpx:TrackPointExtension>
      <gpxtpx:hr>154</gpxtpx:hr>
      <gpxtpx:cad>76</gpxtpx:cad>
     </gpxtpx:TrackPointExtension>
    </extensions>
   </trkpt>
   <trkpt lat="12.9824610" lon="77.6909760">
    <ele>888.6</ele>
    <time>2026-09-09T15:55:19Z</time>
    <extensions>
     <power>237</power>
     <gpxtpx:TrackPointExtension>
      <gpxtpx:hr>154</gpxtpx:hr>
      <gpxtpx:cad>76</gpxtpx:cad>
     </gpxtpx:TrackPointExtension>
    </extensions>
   </trkpt>
   <trkpt lat="12.9824780" lon="77.6909810">
    <ele>888.6</ele>
    <time>2026-09-09T15:55:20Z</time>
    <extensions>
     <power>237</power>
     <gpxtpx:TrackPointExtension>
      <gpxtpx:hr>154</gpxtpx:hr>
      <gpxtpx:cad>77</gpxtpx:cad>
     </gpxtpx:TrackPointExtension>
    </extensions>
   </trkpt>
   <trkpt lat="12.9824950" lon="77.6909870">
    <ele>888.6</ele>
    <time>2026-09-09T15:55:21Z</time>
    <extensions>
     <power>240</power>
     <gpxtpx:TrackPointExtension>
      <gpxtpx:hr>154</gpxtpx:hr>
      <gpxtpx:cad>77</gpxtpx:cad>
     </gpxtpx:TrackPointExtension>
    </extensions>
   </trkpt>
   <trkpt lat="12.9825110" lon="77.6909920">
    <ele>888.6</ele>
    <time>2026-09-09T15:55:22Z</time>
    <extensions>
     <power>243</power>
     <gpxtpx:TrackPointExtension>
      <gpxtpx:hr>154</gpxtpx:hr>
      <gpxtpx:cad>77</gpxtpx:cad>
     </gpxtpx:TrackPointExtension>
    </extensions>
   </trkpt>
   <trkpt lat="12.9825260" lon="77.6909970">
    <ele>888.6</ele>
    <time>2026-09-09T15:55:23Z</time>
    <extensions>
     <power>244</power>
     <gpxtpx:TrackPointExtension>
      <gpxtpx:hr>153</gpxtpx:hr>
      <gpxtpx:cad>77</gpxtpx:cad>
     </gpxtpx:TrackPointExtension>
    </extensions>
   </trkpt>
   <trkpt lat="12.9825430" lon="77.6910020">
    <ele>888.6</ele>
    <time>2026-09-09T15:55:24Z</time>
    <extensions>
     <power>246</power>
     <gpxtpx:TrackPointExtension>
      <gpxtpx:hr>153</gpxtpx:hr>
      <gpxtpx:cad>78</gpxtpx:cad>
     </gpxtpx:TrackPointExtension>
    </extensions>
   </trkpt>
   <trkpt lat="12.9825590" lon="77.6910060">
    <ele>888.6</ele>
    <time>2026-09-09T15:55:25Z</time>
    <extensions>
     <power>247</power>
     <gpxtpx:TrackPointExtension>
      <gpxtpx:hr>153</gpxtpx:hr>
      <gpxtpx:cad>78</gpxtpx:cad>
     </gpxtpx:TrackPointExtension>
    </extensions>
   </trkpt>
   <trkpt lat="12.9825760" lon="77.6910110">
    <ele>888.6</ele>
    <time>2026-09-09T15:55:26Z</time>
    <extensions>
     <power>240</power>
     <gpxtpx:TrackPointExtension>
      <gpxtpx:hr>154</gpxtpx:hr>
      <gpxtpx:cad>78</gpxtpx:cad>
     </gpxtpx:TrackPointExtension>
    </extensions>
   </trkpt>
   <trkpt lat="12.9825940" lon="77.6910170">
    <ele>888.6</ele>
    <time>2026-09-09T15:55:27Z</time>
    <extensions>
     <power>248</power>
     <gpxtpx:TrackPointExtension>
      <gpxtpx:hr>155</gpxtpx:hr>
      <gpxtpx:cad>78</gpxtpx:cad>
     </gpxtpx:TrackPointExtension>
    </extensions>
   </trkpt>
   <trkpt lat="12.9826120" lon="77.6910220">
    <ele>888.6</ele>
    <time>2026-09-09T15:55:28Z</time>
    <extensions>
     <power>242</power>
     <gpxtpx:TrackPointExtension>
      <gpxtpx:hr>154</gpxtpx:hr>
      <gpxtpx:cad>77</gpxtpx:cad>
     </gpxtpx:TrackPointExtension>
    </extensions>
   </trkpt>
   <trkpt lat="12.9826320" lon="77.6910290">
    <ele>888.6</ele>
    <time>2026-09-09T15:55:29Z</time>
    <extensions>
     <power>248</power>
     <gpxtpx:TrackPointExtension>
      <gpxtpx:hr>155</gpxtpx:hr>
      <gpxtpx:cad>77</gpxtpx:cad>
     </gpxtpx:TrackPointExtension>
    </extensions>
   </trkpt>
   <trkpt lat="12.9826510" lon="77.6910360">
    <ele>888.6</ele>
    <time>2026-09-09T15:55:30Z</time>
    <extensions>
     <power>243</power>
     <gpxtpx:TrackPointExtension>
      <gpxtpx:hr>155</gpxtpx:hr>
      <gpxtpx:cad>77</gpxtpx:cad>
     </gpxtpx:TrackPointExtension>
    </extensions>
   </trkpt>
   <trkpt lat="12.9826700" lon="77.6910420">
    <ele>888.6</ele>
    <time>2026-09-09T15:55:31Z</time>
    <extensions>
     <power>242</power>
     <gpxtpx:TrackPointExtension>
      <gpxtpx:hr>155</gpxtpx:hr>
      <gpxtpx:cad>77</gpxtpx:cad>
     </gpxtpx:TrackPointExtension>
    </extensions>
   </trkpt>
   <trkpt lat="12.9826900" lon="77.6910490">
    <ele>888.6</ele>
    <time>2026-09-09T15:55:32Z</time>
    <extensions>
     <power>241</power>
     <gpxtpx:TrackPointExtension>
      <gpxtpx:hr>155</gpxtpx:hr>
      <gpxtpx:cad>77</gpxtpx:cad>
     </gpxtpx:TrackPointExtension>
    </extensions>
   </trkpt>
   <trkpt lat="12.9827090" lon="77.6910560">
    <ele>888.6</ele>
    <time>2026-09-09T15:55:33Z</time>
    <extensions>
     <power>248</power>
     <gpxtpx:TrackPointExtension>
      <gpxtpx:hr>155</gpxtpx:hr>
      <gpxtpx:cad>77</gpxtpx:cad>
     </gpxtpx:TrackPointExtension>
    </extensions>
   </trkpt>
   <trkpt lat="12.9827280" lon="77.6910630">
    <ele>888.6</ele>
    <time>2026-09-09T15:55:34Z</time>
    <extensions>
     <power>241</power>
     <gpxtpx:TrackPointExtension>
      <gpxtpx:hr>155</gpxtpx:hr>
      <gpxtpx:cad>77</gpxtpx:cad>
     </gpxtpx:TrackPointExtension>
    </extensions>
   </trkpt>
   <trkpt lat="12.9827470" lon="77.6910700">
    <ele>888.6</ele>
    <time>2026-09-09T15:55:35Z</time>
    <extensions>
     <power>243</power>
     <gpxtpx:TrackPointExtension>
      <gpxtpx:hr>155</gpxtpx:hr>
      <gpxtpx:cad>77</gpxtpx:cad>
     </gpxtpx:TrackPointExtension>
    </extensions>
   </trkpt>
   <trkpt lat="12.9827660" lon="77.6910760">
    <ele>888.6</ele>
    <time>2026-09-09T15:55:36Z</time>
    <extensions>
     <power>241</power>
     <gpxtpx:TrackPointExtension>
      <gpxtpx:hr>155</gpxtpx:hr>
      <gpxtpx:cad>76</gpxtpx:cad>
     </gpxtpx:TrackPointExtension>
    </extensions>
   </trkpt>
   <trkpt lat="12.9827860" lon="77.6910820">
    <ele>888.6</ele>
    <time>2026-09-09T15:55:37Z</time>
    <extensions>
     <power>241</power>
     <gpxtpx:TrackPointExtension>
      <gpxtpx:hr>155</gpxtpx:hr>
      <gpxtpx:cad>76</gpxtpx:cad>
     </gpxtpx:TrackPointExtension>
    </extensions>
   </trkpt>
   <trkpt lat="12.9828080" lon="77.6910880">
    <ele>888.6</ele>
    <time>2026-09-09T15:55:38Z</time>
    <extensions>
     <power>241</power>
     <gpxtpx:TrackPointExtension>
      <gpxtpx:hr>155</gpxtpx:hr>
      <gpxtpx:cad>76</gpxtpx:cad>
     </gpxtpx:TrackPointExtension>
    </extensions>
   </trkpt>
   <trkpt lat="12.9828280" lon="77.6910930">
    <ele>888.6</ele>
    <time>2026-09-09T15:55:39Z</time>
    <extensions>
     <power>241</power>
     <gpxtpx:TrackPointExtension>
      <gpxtpx:hr>155</gpxtpx:hr>
      <gpxtpx:cad>76</gpxtpx:cad>
     </gpxtpx:TrackPointExtension>
    </extensions>
   </trkpt>
   <trkpt lat="12.9828480" lon="77.6910990">
    <ele>888.6</ele>
    <time>2026-09-09T15:55:40Z</time>
    <extensions>
     <power>241</power>
     <gpxtpx:TrackPointExtension>
      <gpxtpx:hr>155</gpxtpx:hr>
      <gpxtpx:cad>76</gpxtpx:cad>
     </gpxtpx:TrackPointExtension>
    </extensions>
   </trkpt>
   <trkpt lat="12.9828680" lon="77.6911040">
    <ele>888.6</ele>
    <time>2026-09-09T15:55:41Z</time>
    <extensions>
     <power>245</power>
     <gpxtpx:TrackPointExtension>
      <gpxtpx:hr>154</gpxtpx:hr>
      <gpxtpx:cad>77</gpxtpx:cad>
     </gpxtpx:TrackPointExtension>
    </extensions>
   </trkpt>
   <trkpt lat="12.9828880" lon="77.6911100">
    <ele>888.6</ele>
    <time>2026-09-09T15:55:42Z</time>
    <extensions>
     <power>246</power>
     <gpxtpx:TrackPointExtension>
      <gpxtpx:hr>153</gpxtpx:hr>
      <gpxtpx:cad>77</gpxtpx:cad>
     </gpxtpx:TrackPointExtension>
    </extensions>
   </trkpt>
   <trkpt lat="12.9829080" lon="77.6911160">
    <ele>888.6</ele>
    <time>2026-09-09T15:55:43Z</time>
    <extensions>
     <power>243</power>
     <gpxtpx:TrackPointExtension>
      <gpxtpx:hr>153</gpxtpx:hr>
      <gpxtpx:cad>77</gpxtpx:cad>
     </gpxtpx:TrackPointExtension>
    </extensions>
   </trkpt>
   <trkpt lat="12.9829270" lon="77.6911220">
    <ele>888.6</ele>
    <time>2026-09-09T15:55:44Z</time>
    <extensions>
     <power>242</power>
     <gpxtpx:TrackPointExtension>
      <gpxtpx:hr>153</gpxtpx:hr>
      <gpxtpx:cad>77</gpxtpx:cad>
     </gpxtpx:TrackPointExtension>
    </extensions>
   </trkpt>
   <trkpt lat="12.9829480" lon="77.6911280">
    <ele>888.6</ele>
    <time>2026-09-09T15:55:45Z</time>
    <extensions>
     <power>242</power>
     <gpxtpx:TrackPointExtension>
      <gpxtpx:hr>154</gpxtpx:hr>
      <gpxtpx:cad>77</gpxtpx:cad>
     </gpxtpx:TrackPointExtension>
    </extensions>
   </trkpt>
   <trkpt lat="12.9829670" lon="77.6911340">
    <ele>888.6</ele>
    <time>2026-09-09T15:55:46Z</time>
    <extensions>
     <power>238</power>
     <gpxtpx:TrackPointExtension>
      <gpxtpx:hr>153</gpxtpx:hr>
      <gpxtpx:cad>77</gpxtpx:cad>
     </gpxtpx:TrackPointExtension>
    </extensions>
   </trkpt>
   <trkpt lat="12.9829870" lon="77.6911400">
    <ele>888.6</ele>
    <time>2026-09-09T15:55:47Z</time>
    <extensions>
     <power>237</power>
     <gpxtpx:TrackPointExtension>
      <gpxtpx:hr>154</gpxtpx:hr>
      <gpxtpx:cad>77</gpxtpx:cad>
     </gpxtpx:TrackPointExtension>
    </extensions>
   </trkpt>
   <trkpt lat="12.9830070" lon="77.6911460">
    <ele>888.6</ele>
    <time>2026-09-09T15:55:48Z</time>
    <extensions>
     <power>237</power>
     <gpxtpx:TrackPointExtension>
      <gpxtpx:hr>154</gpxtpx:hr>
      <gpxtpx:cad>77</gpxtpx:cad>
     </gpxtpx:TrackPointExtension>
    </extensions>
   </trkpt>
   <trkpt lat="12.9830270" lon="77.6911510">
    <ele>888.6</ele>
    <time>2026-09-09T15:55:49Z</time>
    <extensions>
     <power>237</power>
     <gpxtpx:TrackPointExtension>
      <gpxtpx:hr>153</gpxtpx:hr>
      <gpxtpx:cad>77</gpxtpx:cad>
     </gpxtpx:TrackPointExtension>
    </extensions>
   </trkpt>
   <trkpt lat="12.9830470" lon="77.6911570">
    <ele>888.6</ele>
    <time>2026-09-09T15:55:50Z</time>
    <extensions>
     <power>237</power>
     <gpxtpx:TrackPointExtension>
      <gpxtpx:hr>152</gpxtpx:hr>
      <gpxtpx:cad>77</gpxtpx:cad>
     </gpxtpx:TrackPointExtension>
    </extensions>
   </trkpt>
   <trkpt lat="12.9830670" lon="77.6911620">
    <ele>888.6</ele>
    <time>2026-09-09T15:55:51Z</time>
    <extensions>
     <power>237</power>
     <gpxtpx:TrackPointExtension>
      <gpxtpx:hr>152</gpxtpx:hr>
      <gpxtpx:cad>77</gpxtpx:cad>
     </gpxtpx:TrackPointExtension>
    </extensions>
   </trkpt>
   <trkpt lat="12.9830880" lon="77.6911680">
    <ele>888.6</ele>
    <time>2026-09-09T15:55:52Z</time>
    <extensions>
     <power>237</power>
     <gpxtpx:TrackPointExtension>
      <gpxtpx:hr>152</gpxtpx:hr>
      <gpxtpx:cad>77</gpxtpx:cad>
     </gpxtpx:TrackPointExtension>
    </extensions>
   </trkpt>
   <trkpt lat="12.9831080" lon="77.6911750">
    <ele>888.6</ele>
    <time>2026-09-09T15:55:53Z</time>
    <extensions>
     <power>237</power>
     <gpxtpx:TrackPointExtension>
      <gpxtpx:hr>152</gpxtpx:hr>
      <gpxtpx:cad>78</gpxtpx:cad>
     </gpxtpx:TrackPointExtension>
    </extensions>
   </trkpt>
   <trkpt lat="12.9831280" lon="77.6911810">
    <ele>888.6</ele>
    <time>2026-09-09T15:55:54Z</time>
    <extensions>
     <power>236</power>
     <gpxtpx:TrackPointExtension>
      <gpxtpx:hr>151</gpxtpx:hr>
      <gpxtpx:cad>78</gpxtpx:cad>
     </gpxtpx:TrackPointExtension>
    </extensions>
   </trkpt>
   <trkpt lat="12.9831480" lon="77.6911880">
    <ele>888.6</ele>
    <time>2026-09-09T15:55:55Z</time>
    <extensions>
     <power>236</power>
     <gpxtpx:TrackPointExtension>
      <gpxtpx:hr>151</gpxtpx:hr>
      <gpxtpx:cad>78</gpxtpx:cad>
     </gpxtpx:TrackPointExtension>
    </extensions>
   </trkpt>
   <trkpt lat="12.9831670" lon="77.6911940">
    <ele>888.6</ele>
    <time>2026-09-09T15:55:56Z</time>
    <extensions>
     <power>239</power>
     <gpxtpx:TrackPointExtension>
      <gpxtpx:hr>151</gpxtpx:hr>
      <gpxtpx:cad>78</gpxtpx:cad>
     </gpxtpx:TrackPointExtension>
    </extensions>
   </trkpt>
   <trkpt lat="12.9831870" lon="77.6912000">
    <ele>888.6</ele>
    <time>2026-09-09T15:55:57Z</time>
    <extensions>
     <power>240</power>
     <gpxtpx:TrackPointExtension>
      <gpxtpx:hr>151</gpxtpx:hr>
      <gpxtpx:cad>77</gpxtpx:cad>
     </gpxtpx:TrackPointExtension>
    </extensions>
   </trkpt>
   <trkpt lat="12.9832060" lon="77.6912060">
    <ele>888.6</ele>
    <time>2026-09-09T15:55:58Z</time>
    <extensions>
     <power>240</power>
     <gpxtpx:TrackPointExtension>
      <gpxtpx:hr>151</gpxtpx:hr>
      <gpxtpx:cad>77</gpxtpx:cad>
     </gpxtpx:TrackPointExtension>
    </extensions>
   </trkpt>
   <trkpt lat="12.9832260" lon="77.6912120">
    <ele>888.6</ele>
    <time>2026-09-09T15:55:59Z</time>
    <extensions>
     <power>239</power>
     <gpxtpx:TrackPointExtension>
      <gpxtpx:hr>151</gpxtpx:hr>
      <gpxtpx:cad>76</gpxtpx:cad>
     </gpxtpx:TrackPointExtension>
    </extensions>
   </trkpt>
   <trkpt lat="12.9832460" lon="77.6912180">
    <ele>888.6</ele>
    <time>2026-09-09T15:56:00Z</time>
    <extensions>
     <power>239</power>
     <gpxtpx:TrackPointExtension>
      <gpxtpx:hr>151</gpxtpx:hr>
      <gpxtpx:cad>76</gpxtpx:cad>
     </gpxtpx:TrackPointExtension>
    </extensions>
   </trkpt>
   <trkpt lat="12.9832650" lon="77.6912250">
    <ele>888.6</ele>
    <time>2026-09-09T15:56:01Z</time>
    <extensions>
     <power>239</power>
     <gpxtpx:TrackPointExtension>
      <gpxtpx:hr>152</gpxtpx:hr>
      <gpxtpx:cad>76</gpxtpx:cad>
     </gpxtpx:TrackPointExtension>
    </extensions>
   </trkpt>
   <trkpt lat="12.9832850" lon="77.6912320">
    <ele>888.6</ele>
    <time>2026-09-09T15:56:02Z</time>
    <extensions>
     <power>239</power>
     <gpxtpx:TrackPointExtension>
      <gpxtpx:hr>152</gpxtpx:hr>
      <gpxtpx:cad>76</gpxtpx:cad>
     </gpxtpx:TrackPointExtension>
    </extensions>
   </trkpt>
   <trkpt lat="12.9833040" lon="77.6912380">
    <ele>888.6</ele>
    <time>2026-09-09T15:56:03Z</time>
    <extensions>
     <power>239</power>
     <gpxtpx:TrackPointExtension>
      <gpxtpx:hr>151</gpxtpx:hr>
      <gpxtpx:cad>76</gpxtpx:cad>
     </gpxtpx:TrackPointExtension>
    </extensions>
   </trkpt>
   <trkpt lat="12.9833240" lon="77.6912440">
    <ele>888.6</ele>
    <time>2026-09-09T15:56:04Z</time>
    <extensions>
     <power>240</power>
     <gpxtpx:TrackPointExtension>
      <gpxtpx:hr>151</gpxtpx:hr>
      <gpxtpx:cad>77</gpxtpx:cad>
     </gpxtpx:TrackPointExtension>
    </extensions>
   </trkpt>
   <trkpt lat="12.9833440" lon="77.6912500">
    <ele>888.6</ele>
    <time>2026-09-09T15:56:05Z</time>
    <extensions>
     <power>240</power>
     <gpxtpx:TrackPointExtension>
      <gpxtpx:hr>151</gpxtpx:hr>
      <gpxtpx:cad>77</gpxtpx:cad>
     </gpxtpx:TrackPointExtension>
    </extensions>
   </trkpt>
   <trkpt lat="12.9833630" lon="77.6912560">
    <ele>888.6</ele>
    <time>2026-09-09T15:56:06Z</time>
    <extensions>
     <power>240</power>
     <gpxtpx:TrackPointExtension>
      <gpxtpx:hr>152</gpxtpx:hr>
      <gpxtpx:cad>77</gpxtpx:cad>
     </gpxtpx:TrackPointExtension>
    </extensions>
   </trkpt>
   <trkpt lat="12.9833830" lon="77.6912640">
    <ele>888.6</ele>
    <time>2026-09-09T15:56:07Z</time>
    <extensions>
     <power>240</power>
     <gpxtpx:TrackPointExtension>
      <gpxtpx:hr>152</gpxtpx:hr>
      <gpxtpx:cad>77</gpxtpx:cad>
     </gpxtpx:TrackPointExtension>
    </extensions>
   </trkpt>
   <trkpt lat="12.9834010" lon="77.6912710">
    <ele>888.4</ele>
    <time>2026-09-09T15:56:08Z</time>
    <extensions>
     <power>241</power>
     <gpxtpx:TrackPointExtension>
      <gpxtpx:hr>152</gpxtpx:hr>
      <gpxtpx:cad>77</gpxtpx:cad>
     </gpxtpx:TrackPointExtension>
    </extensions>
   </trkpt>
   <trkpt lat="12.9834210" lon="77.6912780">
    <ele>888.4</ele>
    <time>2026-09-09T15:56:09Z</time>
    <extensions>
     <power>241</power>
     <gpxtpx:TrackPointExtension>
      <gpxtpx:hr>152</gpxtpx:hr>
      <gpxtpx:cad>77</gpxtpx:cad>
     </gpxtpx:TrackPointExtension>
    </extensions>
   </trkpt>
   <trkpt lat="12.9834390" lon="77.6912840">
    <ele>888.4</ele>
    <time>2026-09-09T15:56:10Z</time>
    <extensions>
     <power>243</power>
     <gpxtpx:TrackPointExtension>
      <gpxtpx:hr>153</gpxtpx:hr>
      <gpxtpx:cad>77</gpxtpx:cad>
     </gpxtpx:TrackPointExtension>
    </extensions>
   </trkpt>
   <trkpt lat="12.9834590" lon="77.6912900">
    <ele>888.4</ele>
    <time>2026-09-09T15:56:11Z</time>
    <extensions>
     <power>243</power>
     <gpxtpx:TrackPointExtension>
      <gpxtpx:hr>154</gpxtpx:hr>
      <gpxtpx:cad>77</gpxtpx:cad>
     </gpxtpx:TrackPointExtension>
    </extensions>
   </trkpt>
   <trkpt lat="12.9834780" lon="77.6912950">
    <ele>888.4</ele>
    <time>2026-09-09T15:56:12Z</time>
    <extensions>
     <power>242</power>
     <gpxtpx:TrackPointExtension>
      <gpxtpx:hr>154</gpxtpx:hr>
      <gpxtpx:cad>77</gpxtpx:cad>
     </gpxtpx:TrackPointExtension>
    </extensions>
   </trkpt>
   <trkpt lat="12.9834970" lon="77.6913020">
    <ele>888.4</ele>
    <time>2026-09-09T15:56:13Z</time>
    <extensions>
     <power>242</power>
     <gpxtpx:TrackPointExtension>
      <gpxtpx:hr>154</gpxtpx:hr>
      <gpxtpx:cad>77</gpxtpx:cad>
     </gpxtpx:TrackPointExtension>
    </extensions>
   </trkpt>
   <trkpt lat="12.9835180" lon="77.6913080">
    <ele>888.6</ele>
    <time>2026-09-09T15:56:14Z</time>
    <extensions>
     <power>245</power>
     <gpxtpx:TrackPointExtension>
      <gpxtpx:hr>155</gpxtpx:hr>
      <gpxtpx:cad>77</gpxtpx:cad>
     </gpxtpx:TrackPointExtension>
    </extensions>
   </trkpt>
   <trkpt lat="12.9835380" lon="77.6913150">
    <ele>888.6</ele>
    <time>2026-09-09T15:56:15Z</time>
    <extensions>
     <power>246</power>
     <gpxtpx:TrackPointExtension>
      <gpxtpx:hr>155</gpxtpx:hr>
      <gpxtpx:cad>77</gpxtpx:cad>
     </gpxtpx:TrackPointExtension>
    </extensions>
   </trkpt>
   <trkpt lat="12.9835590" lon="77.6913230">
    <ele>888.6</ele>
    <time>2026-09-09T15:56:16Z</time>
    <extensions>
     <power>246</power>
     <gpxtpx:TrackPointExtension>
      <gpxtpx:hr>155</gpxtpx:hr>
      <gpxtpx:cad>77</gpxtpx:cad>
     </gpxtpx:TrackPointExtension>
    </extensions>
   </trkpt>
   <trkpt lat="12.9835790" lon="77.6913320">
    <ele>888.6</ele>
    <time>2026-09-09T15:56:17Z</time>
    <extensions>
     <power>246</power>
     <gpxtpx:TrackPointExtension>
      <gpxtpx:hr>154</gpxtpx:hr>
      <gpxtpx:cad>77</gpxtpx:cad>
     </gpxtpx:TrackPointExtension>
    </extensions>
   </trkpt>
   <trkpt lat="12.9835990" lon="77.6913430">
    <ele>888.6</ele>
    <time>2026-09-09T15:56:18Z</time>
    <extensions>
     <power>246</power>
     <gpxtpx:TrackPointExtension>
      <gpxtpx:hr>154</gpxtpx:hr>
      <gpxtpx:cad>77</gpxtpx:cad>
     </gpxtpx:TrackPointExtension>
    </extensions>
   </trkpt>
   <trkpt lat="12.9836160" lon="77.6913560">
    <ele>888.6</ele>
    <time>2026-09-09T15:56:19Z</time>
    <extensions>
     <power>245</power>
     <gpxtpx:TrackPointExtension>
      <gpxtpx:hr>154</gpxtpx:hr>
      <gpxtpx:cad>76</gpxtpx:cad>
     </gpxtpx:TrackPointExtension>
    </extensions>
   </trkpt>
   <trkpt lat="12.9836280" lon="77.6913720">
    <ele>888.6</ele>
    <time>2026-09-09T15:56:20Z</time>
    <extensions>
     <power>245</power>
     <gpxtpx:TrackPointExtension>
      <gpxtpx:hr>153</gpxtpx:hr>
      <gpxtpx:cad>76</gpxtpx:cad>
     </gpxtpx:TrackPointExtension>
    </extensions>
   </trkpt>
   <trkpt lat="12.9836360" lon="77.6913900">
    <ele>888.6</ele>
    <time>2026-09-09T15:56:21Z</time>
    <extensions>
     <power>245</power>
     <gpxtpx:TrackPointExtension>
      <gpxtpx:hr>154</gpxtpx:hr>
      <gpxtpx:cad>76</gpxtpx:cad>
     </gpxtpx:TrackPointExtension>
    </extensions>
   </trkpt>
   <trkpt lat="12.9836390" lon="77.6914090">
    <ele>888.6</ele>
    <time>2026-09-09T15:56:22Z</time>
    <extensions>
     <power>241</power>
     <gpxtpx:TrackPointExtension>
      <gpxtpx:hr>153</gpxtpx:hr>
      <gpxtpx:cad>76</gpxtpx:cad>
     </gpxtpx:TrackPointExtension>
    </extensions>
   </trkpt>
   <trkpt lat="12.9836390" lon="77.6914310">
    <ele>888.6</ele>
    <time>2026-09-09T15:56:23Z</time>
    <extensions>
     <power>241</power>
     <gpxtpx:TrackPointExtension>
      <gpxtpx:hr>154</gpxtpx:hr>
      <gpxtpx:cad>76</gpxtpx:cad>
     </gpxtpx:TrackPointExtension>
    </extensions>
   </trkpt>
   <trkpt lat="12.9836370" lon="77.6914520">
    <ele>888.6</ele>
    <time>2026-09-09T15:56:24Z</time>
    <extensions>
     <power>245</power>
     <gpxtpx:TrackPointExtension>
      <gpxtpx:hr>153</gpxtpx:hr>
      <gpxtpx:cad>76</gpxtpx:cad>
     </gpxtpx:TrackPointExtension>
    </extensions>
   </trkpt>
   <trkpt lat="12.9836340" lon="77.6914740">
    <ele>888.6</ele>
    <time>2026-09-09T15:56:25Z</time>
    <extensions>
     <power>245</power>
     <gpxtpx:TrackPointExtension>
      <gpxtpx:hr>153</gpxtpx:hr>
      <gpxtpx:cad>76</gpxtpx:cad>
     </gpxtpx:TrackPointExtension>
    </extensions>
   </trkpt>
   <trkpt lat="12.9836310" lon="77.6914950">
    <ele>888.6</ele>
    <time>2026-09-09T15:56:26Z</time>
    <extensions>
     <power>245</power>
     <gpxtpx:TrackPointExtension>
      <gpxtpx:hr>152</gpxtpx:hr>
      <gpxtpx:cad>76</gpxtpx:cad>
     </gpxtpx:TrackPointExtension>
    </extensions>
   </trkpt>
   <trkpt lat="12.9836270" lon="77.6915150">
    <ele>888.6</ele>
    <time>2026-09-09T15:56:27Z</time>
    <extensions>
     <power>244</power>
     <gpxtpx:TrackPointExtension>
      <gpxtpx:hr>151</gpxtpx:hr>
      <gpxtpx:cad>76</gpxtpx:cad>
     </gpxtpx:TrackPointExtension>
    </extensions>
   </trkpt>
   <trkpt lat="12.9836230" lon="77.6915330">
    <ele>888.6</ele>
    <time>2026-09-09T15:56:28Z</time>
    <extensions>
     <power>247</power>
     <gpxtpx:TrackPointExtension>
      <gpxtpx:hr>152</gpxtpx:hr>
      <gpxtpx:cad>76</gpxtpx:cad>
     </gpxtpx:TrackPointExtension>
    </extensions>
   </trkpt>
   <trkpt lat="12.9836180" lon="77.6915500">
    <ele>888.6</ele>
    <time>2026-09-09T15:56:29Z</time>
    <extensions>
     <power>248</power>
     <gpxtpx:TrackPointExtension>
      <gpxtpx:hr>153</gpxtpx:hr>
      <gpxtpx:cad>76</gpxtpx:cad>
     </gpxtpx:TrackPointExtension>
    </extensions>
   </trkpt>
   <trkpt lat="12.9836130" lon="77.6915670">
    <ele>888.6</ele>
    <time>2026-09-09T15:56:30Z</time>
    <extensions>
     <power>248</power>
     <gpxtpx:TrackPointExtension>
      <gpxtpx:hr>152</gpxtpx:hr>
      <gpxtpx:cad>77</gpxtpx:cad>
     </gpxtpx:TrackPointExtension>
    </extensions>
   </trkpt>
   <trkpt lat="12.9836070" lon="77.6915840">
    <ele>888.6</ele>
    <time>2026-09-09T15:56:31Z</time>
    <extensions>
     <power>248</power>
     <gpxtpx:TrackPointExtension>
      <gpxtpx:hr>153</gpxtpx:hr>
      <gpxtpx:cad>77</gpxtpx:cad>
     </gpxtpx:TrackPointExtension>
    </extensions>
   </trkpt>
   <trkpt lat="12.9836000" lon="77.6916020">
    <ele>888.6</ele>
    <time>2026-09-09T15:56:32Z</time>
    <extensions>
     <power>248</power>
     <gpxtpx:TrackPointExtension>
      <gpxtpx:hr>154</gpxtpx:hr>
      <gpxtpx:cad>78</gpxtpx:cad>
     </gpxtpx:TrackPointExtension>
    </extensions>
   </trkpt>
   <trkpt lat="12.9835930" lon="77.6916210">
    <ele>888.6</ele>
    <time>2026-09-09T15:56:33Z</time>
    <extensions>
     <power>248</power>
     <gpxtpx:TrackPointExtension>
      <gpxtpx:hr>154</gpxtpx:hr>
      <gpxtpx:cad>78</gpxtpx:cad>
     </gpxtpx:TrackPointExtension>
    </extensions>
   </trkpt>
   <trkpt lat="12.9835870" lon="77.6916390">
    <ele>888.6</ele>
    <time>2026-09-09T15:56:34Z</time>
    <extensions>
     <power>248</power>
     <gpxtpx:TrackPointExtension>
      <gpxtpx:hr>154</gpxtpx:hr>
      <gpxtpx:cad>78</gpxtpx:cad>
     </gpxtpx:TrackPointExtension>
    </extensions>
   </trkpt>
   <trkpt lat="12.9835790" lon="77.6916610">
    <ele>888.6</ele>
    <time>2026-09-09T15:56:35Z</time>
    <extensions>
     <power>247</power>
     <gpxtpx:TrackPointExtension>
      <gpxtpx:hr>154</gpxtpx:hr>
      <gpxtpx:cad>78</gpxtpx:cad>
     </gpxtpx:TrackPointExtension>
    </extensions>
   </trkpt>
   <trkpt lat="12.9835730" lon="77.6916820">
    <ele>888.6</ele>
    <time>2026-09-09T15:56:36Z</time>
    <extensions>
     <power>252</power>
     <gpxtpx:TrackPointExtension>
      <gpxtpx:hr>153</gpxtpx:hr>
      <gpxtpx:cad>79</gpxtpx:cad>
     </gpxtpx:TrackPointExtension>
    </extensions>
   </trkpt>
   <trkpt lat="12.9835650" lon="77.6917040">
    <ele>888.6</ele>
    <time>2026-09-09T15:56:37Z</time>
    <extensions>
     <power>249</power>
     <gpxtpx:TrackPointExtension>
      <gpxtpx:hr>153</gpxtpx:hr>
      <gpxtpx:cad>79</gpxtpx:cad>
     </gpxtpx:TrackPointExtension>
    </extensions>
   </trkpt>
   <trkpt lat="12.9835590" lon="77.6917250">
    <ele>888.6</ele>
    <time>2026-09-09T15:56:38Z</time>
    <extensions>
     <power>252</power>
     <gpxtpx:TrackPointExtension>
      <gpxtpx:hr>153</gpxtpx:hr>
      <gpxtpx:cad>79</gpxtpx:cad>
     </gpxtpx:TrackPointExtension>
    </extensions>
   </trkpt>
   <trkpt lat="12.9835520" lon="77.6917460">
    <ele>888.4</ele>
    <time>2026-09-09T15:56:39Z</time>
    <extensions>
     <power>247</power>
     <gpxtpx:TrackPointExtension>
      <gpxtpx:hr>154</gpxtpx:hr>
      <gpxtpx:cad>79</gpxtpx:cad>
     </gpxtpx:TrackPointExtension>
    </extensions>
   </trkpt>
   <trkpt lat="12.9835430" lon="77.6917670">
    <ele>888.4</ele>
    <time>2026-09-09T15:56:40Z</time>
    <extensions>
     <power>249</power>
     <gpxtpx:TrackPointExtension>
      <gpxtpx:hr>154</gpxtpx:hr>
      <gpxtpx:cad>79</gpxtpx:cad>
     </gpxtpx:TrackPointExtension>
    </extensions>
   </trkpt>
   <trkpt lat="12.9835320" lon="77.6917860">
    <ele>888.4</ele>
    <time>2026-09-09T15:56:41Z</time>
    <extensions>
     <power>246</power>
     <gpxtpx:TrackPointExtension>
      <gpxtpx:hr>154</gpxtpx:hr>
      <gpxtpx:cad>79</gpxtpx:cad>
     </gpxtpx:TrackPointExtension>
    </extensions>
   </trkpt>
   <trkpt lat="12.9835190" lon="77.6918020">
    <ele>888.4</ele>
    <time>2026-09-09T15:56:42Z</time>
    <extensions>
     <power>244</power>
     <gpxtpx:TrackPointExtension>
      <gpxtpx:hr>154</gpxtpx:hr>
      <gpxtpx:cad>78</gpxtpx:cad>
     </gpxtpx:TrackPointExtension>
    </extensions>
   </trkpt>
   <trkpt lat="12.9835040" lon="77.6918170">
    <ele>888.4</ele>
    <time>2026-09-09T15:56:43Z</time>
    <extensions>
     <power>243</power>
     <gpxtpx:TrackPointExtension>
      <gpxtpx:hr>153</gpxtpx:hr>
      <gpxtpx:cad>77</gpxtpx:cad>
     </gpxtpx:TrackPointExtension>
    </extensions>
   </trkpt>
   <trkpt lat="12.9834890" lon="77.6918310">
    <ele>888.4</ele>
    <time>2026-09-09T15:56:44Z</time>
    <extensions>
     <power>243</power>
     <gpxtpx:TrackPointExtension>
      <gpxtpx:hr>153</gpxtpx:hr>
      <gpxtpx:cad>77</gpxtpx:cad>
     </gpxtpx:TrackPointExtension>
    </extensions>
   </trkpt>
   <trkpt lat="12.9834720" lon="77.6918420">
    <ele>888.4</ele>
    <time>2026-09-09T15:56:45Z</time>
    <extensions>
     <power>243</power>
     <gpxtpx:TrackPointExtension>
      <gpxtpx:hr>153</gpxtpx:hr>
      <gpxtpx:cad>76</gpxtpx:cad>
     </gpxtpx:TrackPointExtension>
    </extensions>
   </trkpt>
   <trkpt lat="12.9834560" lon="77.6918500">
    <ele>888.4</ele>
    <time>2026-09-09T15:56:46Z</time>
    <extensions>
     <power>243</power>
     <gpxtpx:TrackPointExtension>
      <gpxtpx:hr>154</gpxtpx:hr>
      <gpxtpx:cad>76</gpxtpx:cad>
     </gpxtpx:TrackPointExtension>
    </extensions>
   </trkpt>
   <trkpt lat="12.9834380" lon="77.6918550">
    <ele>888.4</ele>
    <time>2026-09-09T15:56:47Z</time>
    <extensions>
     <power>247</power>
     <gpxtpx:TrackPointExtension>
      <gpxtpx:hr>154</gpxtpx:hr>
      <gpxtpx:cad>75</gpxtpx:cad>
     </gpxtpx:TrackPointExtension>
    </extensions>
   </trkpt>
   <trkpt lat="12.9834200" lon="77.6918590">
    <ele>888.4</ele>
    <time>2026-09-09T15:56:48Z</time>
    <extensions>
     <power>247</power>
     <gpxtpx:TrackPointExtension>
      <gpxtpx:hr>154</gpxtpx:hr>
      <gpxtpx:cad>75</gpxtpx:cad>
     </gpxtpx:TrackPointExtension>
    </extensions>
   </trkpt>
   <trkpt lat="12.9834020" lon="77.6918610">
    <ele>888.4</ele>
    <time>2026-09-09T15:56:49Z</time>
    <extensions>
     <power>257</power>
     <gpxtpx:TrackPointExtension>
      <gpxtpx:hr>154</gpxtpx:hr>
      <gpxtpx:cad>75</gpxtpx:cad>
     </gpxtpx:TrackPointExtension>
    </extensions>
   </trkpt>
   <trkpt lat="12.9833830" lon="77.6918640">
    <ele>888.4</ele>
    <time>2026-09-09T15:56:50Z</time>
    <extensions>
     <power>261</power>
     <gpxtpx:TrackPointExtension>
      <gpxtpx:hr>155</gpxtpx:hr>
      <gpxtpx:cad>75</gpxtpx:cad>
     </gpxtpx:TrackPointExtension>
    </extensions>
   </trkpt>
   <trkpt lat="12.9833640" lon="77.6918660">
    <ele>888.4</ele>
    <time>2026-09-09T15:56:51Z</time>
    <extensions>
     <power>262</power>
     <gpxtpx:TrackPointExtension>
      <gpxtpx:hr>155</gpxtpx:hr>
      <gpxtpx:cad>76</gpxtpx:cad>
     </gpxtpx:TrackPointExtension>
    </extensions>
   </trkpt>
   <trkpt lat="12.9833450" lon="77.6918680">
    <ele>888.4</ele>
    <time>2026-09-09T15:56:52Z</time>
    <extensions>
     <power>262</power>
     <gpxtpx:TrackPointExtension>
      <gpxtpx:hr>155</gpxtpx:hr>
      <gpxtpx:cad>76</gpxtpx:cad>
     </gpxtpx:TrackPointExtension>
    </extensions>
   </trkpt>
   <trkpt lat="12.9833260" lon="77.6918690">
    <ele>888.4</ele>
    <time>2026-09-09T15:56:53Z</time>
    <extensions>
     <power>262</power>
     <gpxtpx:TrackPointExtension>
      <gpxtpx:hr>154</gpxtpx:hr>
      <gpxtpx:cad>77</gpxtpx:cad>
     </gpxtpx:TrackPointExtension>
    </extensions>
   </trkpt>
   <trkpt lat="12.9833080" lon="77.6918700">
    <ele>888.4</ele>
    <time>2026-09-09T15:56:54Z</time>
    <extensions>
     <power>258</power>
     <gpxtpx:TrackPointExtension>
      <gpxtpx:hr>152</gpxtpx:hr>
      <gpxtpx:cad>77</gpxtpx:cad>
     </gpxtpx:TrackPointExtension>
    </extensions>
   </trkpt>
   <trkpt lat="12.9832850" lon="77.6918710">
    <ele>888.4</ele>
    <time>2026-09-09T15:56:55Z</time>
    <extensions>
     <power>258</power>
     <gpxtpx:TrackPointExtension>
      <gpxtpx:hr>152</gpxtpx:hr>
      <gpxtpx:cad>77</gpxtpx:cad>
     </gpxtpx:TrackPointExtension>
    </extensions>
   </trkpt>
   <trkpt lat="12.9832680" lon="77.6918740">
    <ele>888.4</ele>
    <time>2026-09-09T15:56:56Z</time>
    <extensions>
     <power>256</power>
     <gpxtpx:TrackPointExtension>
      <gpxtpx:hr>152</gpxtpx:hr>
      <gpxtpx:cad>77</gpxtpx:cad>
     </gpxtpx:TrackPointExtension>
    </extensions>
   </trkpt>
   <trkpt lat="12.9832510" lon="77.6918800">
    <ele>888.4</ele>
    <time>2026-09-09T15:56:57Z</time>
    <extensions>
     <power>259</power>
     <gpxtpx:TrackPointExtension>
      <gpxtpx:hr>152</gpxtpx:hr>
      <gpxtpx:cad>77</gpxtpx:cad>
     </gpxtpx:TrackPointExtension>
    </extensions>
   </trkpt>
   <trkpt lat="12.9832330" lon="77.6918910">
    <ele>888.4</ele>
    <time>2026-09-09T15:56:58Z</time>
    <extensions>
     <power>259</power>
     <gpxtpx:TrackPointExtension>
      <gpxtpx:hr>153</gpxtpx:hr>
      <gpxtpx:cad>76</gpxtpx:cad>
     </gpxtpx:TrackPointExtension>
    </extensions>
   </trkpt>
   <trkpt lat="12.9832210" lon="77.6919040">
    <ele>888.4</ele>
    <time>2026-09-09T15:56:59Z</time>
    <extensions>
     <power>252</power>
     <gpxtpx:TrackPointExtension>
      <gpxtpx:hr>154</gpxtpx:hr>
      <gpxtpx:cad>76</gpxtpx:cad>
     </gpxtpx:TrackPointExtension>
    </extensions>
   </trkpt>
   <trkpt lat="12.9832100" lon="77.6919190">
    <ele>888.4</ele>
    <time>2026-09-09T15:57:00Z</time>
    <extensions>
     <power>253</power>
     <gpxtpx:TrackPointExtension>
      <gpxtpx:hr>154</gpxtpx:hr>
      <gpxtpx:cad>75</gpxtpx:cad>
     </gpxtpx:TrackPointExtension>
    </extensions>
   </trkpt>
   <trkpt lat="12.9832010" lon="77.6919350">
    <ele>888.2</ele>
    <time>2026-09-09T15:57:01Z</time>
    <extensions>
     <power>258</power>
     <gpxtpx:TrackPointExtension>
      <gpxtpx:hr>154</gpxtpx:hr>
      <gpxtpx:cad>75</gpxtpx:cad>
     </gpxtpx:TrackPointExtension>
    </extensions>
   </trkpt>
   <trkpt lat="12.9831910" lon="77.6919530">
    <ele>888.2</ele>
    <time>2026-09-09T15:57:02Z</time>
    <extensions>
     <power>253</power>
     <gpxtpx:TrackPointExtension>
      <gpxtpx:hr>154</gpxtpx:hr>
      <gpxtpx:cad>74</gpxtpx:cad>
     </gpxtpx:TrackPointExtension>
    </extensions>
   </trkpt>
   <trkpt lat="12.9831830" lon="77.6919690">
    <ele>888.2</ele>
    <time>2026-09-09T15:57:03Z</time>
    <extensions>
     <power>250</power>
     <gpxtpx:TrackPointExtension>
      <gpxtpx:hr>153</gpxtpx:hr>
      <gpxtpx:cad>74</gpxtpx:cad>
     </gpxtpx:TrackPointExtension>
    </extensions>
   </trkpt>
   <trkpt lat="12.9831730" lon="77.6919860">
    <ele>888.2</ele>
    <time>2026-09-09T15:57:04Z</time>
    <extensions>
     <power>250</power>
     <gpxtpx:TrackPointExtension>
      <gpxtpx:hr>154</gpxtpx:hr>
      <gpxtpx:cad>75</gpxtpx:cad>
     </gpxtpx:TrackPointExtension>
    </extensions>
   </trkpt>
   <trkpt lat="12.9831630" lon="77.6920020">
    <ele>888.2</ele>
    <time>2026-09-09T15:57:05Z</time>
    <extensions>
     <power>250</power>
     <gpxtpx:TrackPointExtension>
      <gpxtpx:hr>154</gpxtpx:hr>
      <gpxtpx:cad>75</gpxtpx:cad>
     </gpxtpx:TrackPointExtension>
    </extensions>
   </trkpt>
   <trkpt lat="12.9831540" lon="77.6920180">
    <ele>888.2</ele>
    <time>2026-09-09T15:57:06Z</time>
    <extensions>
     <power>243</power>
     <gpxtpx:TrackPointExtension>
      <gpxtpx:hr>154</gpxtpx:hr>
      <gpxtpx:cad>76</gpxtpx:cad>
     </gpxtpx:TrackPointExtension>
    </extensions>
   </trkpt>
   <trkpt lat="12.9831420" lon="77.6920330">
    <ele>888.2</ele>
    <time>2026-09-09T15:57:07Z</time>
    <extensions>
     <power>241</power>
     <gpxtpx:TrackPointExtension>
      <gpxtpx:hr>155</gpxtpx:hr>
      <gpxtpx:cad>76</gpxtpx:cad>
     </gpxtpx:TrackPointExtension>
    </extensions>
   </trkpt>
   <trkpt lat="12.9831290" lon="77.6920460">
    <ele>888.2</ele>
    <time>2026-09-09T15:57:08Z</time>
    <extensions>
     <power>241</power>
     <gpxtpx:TrackPointExtension>
      <gpxtpx:hr>156</gpxtpx:hr>
      <gpxtpx:cad>76</gpxtpx:cad>
     </gpxtpx:TrackPointExtension>
    </extensions>
   </trkpt>
   <trkpt lat="12.9831150" lon="77.6920580">
    <ele>888.2</ele>
    <time>2026-09-09T15:57:09Z</time>
    <extensions>
     <power>241</power>
     <gpxtpx:TrackPointExtension>
      <gpxtpx:hr>156</gpxtpx:hr>
      <gpxtpx:cad>76</gpxtpx:cad>
     </gpxtpx:TrackPointExtension>
    </extensions>
   </trkpt>
   <trkpt lat="12.9831000" lon="77.6920700">
    <ele>888.2</ele>
    <time>2026-09-09T15:57:10Z</time>
    <extensions>
     <power>241</power>
     <gpxtpx:TrackPointExtension>
      <gpxtpx:hr>157</gpxtpx:hr>
      <gpxtpx:cad>75</gpxtpx:cad>
     </gpxtpx:TrackPointExtension>
    </extensions>
   </trkpt>
   <trkpt lat="12.9830860" lon="77.6920810">
    <ele>888.2</ele>
    <time>2026-09-09T15:57:11Z</time>
    <extensions>
     <power>225</power>
     <gpxtpx:TrackPointExtension>
      <gpxtpx:hr>158</gpxtpx:hr>
      <gpxtpx:cad>75</gpxtpx:cad>
     </gpxtpx:TrackPointExtension>
    </extensions>
   </trkpt>
   <trkpt lat="12.9830710" lon="77.6920910">
    <ele>888.2</ele>
    <time>2026-09-09T15:57:12Z</time>
    <extensions>
     <power>222</power>
     <gpxtpx:TrackPointExtension>
      <gpxtpx:hr>157</gpxtpx:hr>
      <gpxtpx:cad>75</gpxtpx:cad>
     </gpxtpx:TrackPointExtension>
    </extensions>
   </trkpt>
   <trkpt lat="12.9830570" lon="77.6921010">
    <ele>888.2</ele>
    <time>2026-09-09T15:57:13Z</time>
    <extensions>
     <power>221</power>
     <gpxtpx:TrackPointExtension>
      <gpxtpx:hr>157</gpxtpx:hr>
      <gpxtpx:cad>75</gpxtpx:cad>
     </gpxtpx:TrackPointExtension>
    </extensions>
   </trkpt>
   <trkpt lat="12.9830430" lon="77.6921110">
    <ele>888.2</ele>
    <time>2026-09-09T15:57:14Z</time>
    <extensions>
     <power>223</power>
     <gpxtpx:TrackPointExtension>
      <gpxtpx:hr>157</gpxtpx:hr>
      <gpxtpx:cad>75</gpxtpx:cad>
     </gpxtpx:TrackPointExtension>
    </extensions>
   </trkpt>
   <trkpt lat="12.9830290" lon="77.6921210">
    <ele>888.4</ele>
    <time>2026-09-09T15:57:15Z</time>
    <extensions>
     <power>222</power>
     <gpxtpx:TrackPointExtension>
      <gpxtpx:hr>156</gpxtpx:hr>
      <gpxtpx:cad>75</gpxtpx:cad>
     </gpxtpx:TrackPointExtension>
    </extensions>
   </trkpt>
   <trkpt lat="12.9830150" lon="77.6921310">
    <ele>888.4</ele>
    <time>2026-09-09T15:57:16Z</time>
    <extensions>
     <power>221</power>
     <gpxtpx:TrackPointExtension>
      <gpxtpx:hr>156</gpxtpx:hr>
      <gpxtpx:cad>75</gpxtpx:cad>
     </gpxtpx:TrackPointExtension>
    </extensions>
   </trkpt>
   <trkpt lat="12.9829990" lon="77.6921410">
    <ele>888.4</ele>
    <time>2026-09-09T15:57:17Z</time>
    <extensions>
     <power>214</power>
     <gpxtpx:TrackPointExtension>
      <gpxtpx:hr>156</gpxtpx:hr>
      <gpxtpx:cad>75</gpxtpx:cad>
     </gpxtpx:TrackPointExtension>
    </extensions>
   </trkpt>
   <trkpt lat="12.9829840" lon="77.6921500">
    <ele>888.4</ele>
    <time>2026-09-09T15:57:18Z</time>
    <extensions>
     <power>212</power>
     <gpxtpx:TrackPointExtension>
      <gpxtpx:hr>156</gpxtpx:hr>
      <gpxtpx:cad>75</gpxtpx:cad>
     </gpxtpx:TrackPointExtension>
    </extensions>
   </trkpt>
   <trkpt lat="12.9829680" lon="77.6921590">
    <ele>888.4</ele>
    <time>2026-09-09T15:57:19Z</time>
    <extensions>
     <power>212</power>
     <gpxtpx:TrackPointExtension>
      <gpxtpx:hr>156</gpxtpx:hr>
      <gpxtpx:cad>75</gpxtpx:cad>
     </gpxtpx:TrackPointExtension>
    </extensions>
   </trkpt>
   <trkpt lat="12.9829520" lon="77.6921690">
    <ele>888.4</ele>
    <time>2026-09-09T15:57:20Z</time>
    <extensions>
     <power>212</power>
     <gpxtpx:TrackPointExtension>
      <gpxtpx:hr>156</gpxtpx:hr>
      <gpxtpx:cad>76</gpxtpx:cad>
     </gpxtpx:TrackPointExtension>
    </extensions>
   </trkpt>
   <trkpt lat="12.9829360" lon="77.6921790">
    <ele>888.4</ele>
    <time>2026-09-09T15:57:21Z</time>
    <extensions>
     <power>206</power>
     <gpxtpx:TrackPointExtension>
      <gpxtpx:hr>155</gpxtpx:hr>
      <gpxtpx:cad>77</gpxtpx:cad>
     </gpxtpx:TrackPointExtension>
    </extensions>
   </trkpt>
   <trkpt lat="12.9829200" lon="77.6921890">
    <ele>888.4</ele>
    <time>2026-09-09T15:57:22Z</time>
    <extensions>
     <power>205</power>
     <gpxtpx:TrackPointExtension>
      <gpxtpx:hr>155</gpxtpx:hr>
      <gpxtpx:cad>77</gpxtpx:cad>
     </gpxtpx:TrackPointExtension>
    </extensions>
   </trkpt>
   <trkpt lat="12.9829030" lon="77.6922000">
    <ele>888.4</ele>
    <time>2026-09-09T15:57:23Z</time>
    <extensions>
     <power>204</power>
     <gpxtpx:TrackPointExtension>
      <gpxtpx:hr>156</gpxtpx:hr>
      <gpxtpx:cad>77</gpxtpx:cad>
     </gpxtpx:TrackPointExtension>
    </extensions>
   </trkpt>
   <trkpt lat="12.9828870" lon="77.6922110">
    <ele>888.4</ele>
    <time>2026-09-09T15:57:24Z</time>
    <extensions>
     <power>204</power>
     <gpxtpx:TrackPointExtension>
      <gpxtpx:hr>155</gpxtpx:hr>
      <gpxtpx:cad>78</gpxtpx:cad>
     </gpxtpx:TrackPointExtension>
    </extensions>
   </trkpt>
   <trkpt lat="12.9828700" lon="77.6922220">
    <ele>888.4</ele>
    <time>2026-09-09T15:57:25Z</time>
    <extensions>
     <power>204</power>
     <gpxtpx:TrackPointExtension>
      <gpxtpx:hr>155</gpxtpx:hr>
      <gpxtpx:cad>78</gpxtpx:cad>
     </gpxtpx:TrackPointExtension>
    </extensions>
   </trkpt>
   <trkpt lat="12.9828550" lon="77.6922330">
    <ele>888.4</ele>
    <time>2026-09-09T15:57:26Z</time>
    <extensions>
     <power>212</power>
     <gpxtpx:TrackPointExtension>
      <gpxtpx:hr>154</gpxtpx:hr>
      <gpxtpx:cad>78</gpxtpx:cad>
     </gpxtpx:TrackPointExtension>
    </extensions>
   </trkpt>
   <trkpt lat="12.9828410" lon="77.6922450">
    <ele>888.4</ele>
    <time>2026-09-09T15:57:27Z</time>
    <extensions>
     <power>214</power>
     <gpxtpx:TrackPointExtension>
      <gpxtpx:hr>154</gpxtpx:hr>
      <gpxtpx:cad>78</gpxtpx:cad>
     </gpxtpx:TrackPointExtension>
    </extensions>
   </trkpt>
   <trkpt lat="12.9828290" lon="77.6922580">
    <ele>888.4</ele>
    <time>2026-09-09T15:57:28Z</time>
    <extensions>
     <power>207</power>
     <gpxtpx:TrackPointExtension>
      <gpxtpx:hr>154</gpxtpx:hr>
      <gpxtpx:cad>78</gpxtpx:cad>
     </gpxtpx:TrackPointExtension>
    </extensions>
   </trkpt>
   <trkpt lat="12.9828180" lon="77.6922710">
    <ele>888.4</ele>
    <time>2026-09-09T15:57:29Z</time>
    <extensions>
     <power>206</power>
     <gpxtpx:TrackPointExtension>
      <gpxtpx:hr>155</gpxtpx:hr>
      <gpxtpx:cad>77</gpxtpx:cad>
     </gpxtpx:TrackPointExtension>
    </extensions>
   </trkpt>
   <trkpt lat="12.9828080" lon="77.6922840">
    <ele>888.4</ele>
    <time>2026-09-09T15:57:30Z</time>
    <extensions>
     <power>206</power>
     <gpxtpx:TrackPointExtension>
      <gpxtpx:hr>154</gpxtpx:hr>
      <gpxtpx:cad>77</gpxtpx:cad>
     </gpxtpx:TrackPointExtension>
    </extensions>
   </trkpt>
   <trkpt lat="12.9827990" lon="77.6922970">
    <ele>888.4</ele>
    <time>2026-09-09T15:57:31Z</time>
    <extensions>
     <power>208</power>
     <gpxtpx:TrackPointExtension>
      <gpxtpx:hr>154</gpxtpx:hr>
      <gpxtpx:cad>76</gpxtpx:cad>
     </gpxtpx:TrackPointExtension>
    </extensions>
   </trkpt>
   <trkpt lat="12.9827910" lon="77.6923110">
    <ele>888.4</ele>
    <time>2026-09-09T15:57:32Z</time>
    <extensions>
     <power>208</power>
     <gpxtpx:TrackPointExtension>
      <gpxtpx:hr>154</gpxtpx:hr>
      <gpxtpx:cad>76</gpxtpx:cad>
     </gpxtpx:TrackPointExtension>
    </extensions>
   </trkpt>
   <trkpt lat="12.9827840" lon="77.6923270">
    <ele>888.4</ele>
    <time>2026-09-09T15:57:33Z</time>
    <extensions>
     <power>206</power>
     <gpxtpx:TrackPointExtension>
      <gpxtpx:hr>155</gpxtpx:hr>
      <gpxtpx:cad>75</gpxtpx:cad>
     </gpxtpx:TrackPointExtension>
    </extensions>
   </trkpt>
   <trkpt lat="12.9827750" lon="77.6923440">
    <ele>888.4</ele>
    <time>2026-09-09T15:57:34Z</time>
    <extensions>
     <power>205</power>
     <gpxtpx:TrackPointExtension>
      <gpxtpx:hr>155</gpxtpx:hr>
      <gpxtpx:cad>74</gpxtpx:cad>
     </gpxtpx:TrackPointExtension>
    </extensions>
   </trkpt>
   <trkpt lat="12.9827660" lon="77.6923600">
    <ele>888.4</ele>
    <time>2026-09-09T15:57:35Z</time>
    <extensions>
     <power>204</power>
     <gpxtpx:TrackPointExtension>
      <gpxtpx:hr>155</gpxtpx:hr>
      <gpxtpx:cad>74</gpxtpx:cad>
     </gpxtpx:TrackPointExtension>
    </extensions>
   </trkpt>
   <trkpt lat="12.9827560" lon="77.6923730">
    <ele>888.4</ele>
    <time>2026-09-09T15:57:36Z</time>
    <extensions>
     <power>205</power>
     <gpxtpx:TrackPointExtension>
      <gpxtpx:hr>155</gpxtpx:hr>
      <gpxtpx:cad>74</gpxtpx:cad>
     </gpxtpx:TrackPointExtension>
    </extensions>
   </trkpt>
   <trkpt lat="12.9827420" lon="77.6923850">
    <ele>888.4</ele>
    <time>2026-09-09T15:57:37Z</time>
    <extensions>
     <power>204</power>
     <gpxtpx:TrackPointExtension>
      <gpxtpx:hr>155</gpxtpx:hr>
      <gpxtpx:cad>74</gpxtpx:cad>
     </gpxtpx:TrackPointExtension>
    </extensions>
   </trkpt>
   <trkpt lat="12.9827280" lon="77.6923940">
    <ele>888.4</ele>
    <time>2026-09-09T15:57:38Z</time>
    <extensions>
     <power>217</power>
     <gpxtpx:TrackPointExtension>
      <gpxtpx:hr>156</gpxtpx:hr>
      <gpxtpx:cad>74</gpxtpx:cad>
     </gpxtpx:TrackPointExtension>
    </extensions>
   </trkpt>
   <trkpt lat="12.9827110" lon="77.6924010">
    <ele>888.6</ele>
    <time>2026-09-09T15:57:39Z</time>
    <extensions>
     <power>220</power>
     <gpxtpx:TrackPointExtension>
      <gpxtpx:hr>157</gpxtpx:hr>
      <gpxtpx:cad>75</gpxtpx:cad>
     </gpxtpx:TrackPointExtension>
    </extensions>
   </trkpt>
   <trkpt lat="12.9826960" lon="77.6924050">
    <ele>888.6</ele>
    <time>2026-09-09T15:57:40Z</time>
    <extensions>
     <power>211</power>
     <gpxtpx:TrackPointExtension>
      <gpxtpx:hr>157</gpxtpx:hr>
      <gpxtpx:cad>75</gpxtpx:cad>
     </gpxtpx:TrackPointExtension>
    </extensions>
   </trkpt>
   <trkpt lat="12.9826800" lon="77.6924080">
    <ele>888.6</ele>
    <time>2026-09-09T15:57:41Z</time>
    <extensions>
     <power>209</power>
     <gpxtpx:TrackPointExtension>
      <gpxtpx:hr>157</gpxtpx:hr>
      <gpxtpx:cad>75</gpxtpx:cad>
     </gpxtpx:TrackPointExtension>
    </extensions>
   </trkpt>
   <trkpt lat="12.9826630" lon="77.6924090">
    <ele>888.6</ele>
    <time>2026-09-09T15:57:42Z</time>
    <extensions>
     <power>208</power>
     <gpxtpx:TrackPointExtension>
      <gpxtpx:hr>157</gpxtpx:hr>
      <gpxtpx:cad>75</gpxtpx:cad>
     </gpxtpx:TrackPointExtension>
    </extensions>
   </trkpt>
   <trkpt lat="12.9826470" lon="77.6924100">
    <ele>888.6</ele>
    <time>2026-09-09T15:57:43Z</time>
    <extensions>
     <power>210</power>
     <gpxtpx:TrackPointExtension>
      <gpxtpx:hr>156</gpxtpx:hr>
      <gpxtpx:cad>75</gpxtpx:cad>
     </gpxtpx:TrackPointExtension>
    </extensions>
   </trkpt>
   <trkpt lat="12.9826310" lon="77.6924100">
    <ele>888.6</ele>
    <time>2026-09-09T15:57:44Z</time>
    <extensions>
     <power>211</power>
     <gpxtpx:TrackPointExtension>
      <gpxtpx:hr>156</gpxtpx:hr>
      <gpxtpx:cad>75</gpxtpx:cad>
     </gpxtpx:TrackPointExtension>
    </extensions>
   </trkpt>
   <trkpt lat="12.9826160" lon="77.6924100">
    <ele>888.6</ele>
    <time>2026-09-09T15:57:45Z</time>
    <extensions>
     <power>208</power>
     <gpxtpx:TrackPointExtension>
      <gpxtpx:hr>157</gpxtpx:hr>
      <gpxtpx:cad>74</gpxtpx:cad>
     </gpxtpx:TrackPointExtension>
    </extensions>
   </trkpt>
   <trkpt lat="12.9826000" lon="77.6924090">
    <ele>888.6</ele>
    <time>2026-09-09T15:57:46Z</time>
    <extensions>
     <power>217</power>
     <gpxtpx:TrackPointExtension>
      <gpxtpx:hr>158</gpxtpx:hr>
      <gpxtpx:cad>74</gpxtpx:cad>
     </gpxtpx:TrackPointExtension>
    </extensions>
   </trkpt>
   <trkpt lat="12.9825840" lon="77.6924090">
    <ele>888.6</ele>
    <time>2026-09-09T15:57:47Z</time>
    <extensions>
     <power>200</power>
     <gpxtpx:TrackPointExtension>
      <gpxtpx:hr>158</gpxtpx:hr>
      <gpxtpx:cad>74</gpxtpx:cad>
     </gpxtpx:TrackPointExtension>
    </extensions>
   </trkpt>
   <trkpt lat="12.9825680" lon="77.6924100">
    <ele>888.6</ele>
    <time>2026-09-09T15:57:48Z</time>
    <extensions>
     <power>195</power>
     <gpxtpx:TrackPointExtension>
      <gpxtpx:hr>158</gpxtpx:hr>
      <gpxtpx:cad>74</gpxtpx:cad>
     </gpxtpx:TrackPointExtension>
    </extensions>
   </trkpt>
   <trkpt lat="12.9825530" lon="77.6924110">
    <ele>888.6</ele>
    <time>2026-09-09T15:57:49Z</time>
    <extensions>
     <power>191</power>
     <gpxtpx:TrackPointExtension>
      <gpxtpx:hr>157</gpxtpx:hr>
      <gpxtpx:cad>73</gpxtpx:cad>
     </gpxtpx:TrackPointExtension>
    </extensions>
   </trkpt>
   <trkpt lat="12.9825360" lon="77.6924130">
    <ele>888.6</ele>
    <time>2026-09-09T15:57:50Z</time>
    <extensions>
     <power>184</power>
     <gpxtpx:TrackPointExtension>
      <gpxtpx:hr>157</gpxtpx:hr>
      <gpxtpx:cad>73</gpxtpx:cad>
     </gpxtpx:TrackPointExtension>
    </extensions>
   </trkpt>
   <trkpt lat="12.9825200" lon="77.6924150">
    <ele>888.6</ele>
    <time>2026-09-09T15:57:51Z</time>
    <extensions>
     <power>176</power>
     <gpxtpx:TrackPointExtension>
      <gpxtpx:hr>156</gpxtpx:hr>
      <gpxtpx:cad>73</gpxtpx:cad>
     </gpxtpx:TrackPointExtension>
    </extensions>
   </trkpt>
   <trkpt lat="12.9825040" lon="77.6924150">
    <ele>888.6</ele>
    <time>2026-09-09T15:57:52Z</time>
    <extensions>
     <power>175</power>
     <gpxtpx:TrackPointExtension>
      <gpxtpx:hr>156</gpxtpx:hr>
      <gpxtpx:cad>73</gpxtpx:cad>
     </gpxtpx:TrackPointExtension>
    </extensions>
   </trkpt>
   <trkpt lat="12.9824880" lon="77.6924130">
    <ele>888.6</ele>
    <time>2026-09-09T15:57:53Z</time>
    <extensions>
     <power>174</power>
     <gpxtpx:TrackPointExtension>
      <gpxtpx:hr>155</gpxtpx:hr>
      <gpxtpx:cad>73</gpxtpx:cad>
     </gpxtpx:TrackPointExtension>
    </extensions>
   </trkpt>
   <trkpt lat="12.9824700" lon="77.6924100">
    <ele>888.6</ele>
    <time>2026-09-09T15:57:54Z</time>
    <extensions>
     <power>174</power>
     <gpxtpx:TrackPointExtension>
      <gpxtpx:hr>156</gpxtpx:hr>
      <gpxtpx:cad>73</gpxtpx:cad>
     </gpxtpx:TrackPointExtension>
    </extensions>
   </trkpt>
   <trkpt lat="12.9824530" lon="77.6924060">
    <ele>888.6</ele>
    <time>2026-09-09T15:57:55Z</time>
    <extensions>
     <power>174</power>
     <gpxtpx:TrackPointExtension>
      <gpxtpx:hr>156</gpxtpx:hr>
      <gpxtpx:cad>74</gpxtpx:cad>
     </gpxtpx:TrackPointExtension>
    </extensions>
   </trkpt>
   <trkpt lat="12.9824360" lon="77.6924010">
    <ele>888.6</ele>
    <time>2026-09-09T15:57:56Z</time>
    <extensions>
     <power>174</power>
     <gpxtpx:TrackPointExtension>
      <gpxtpx:hr>156</gpxtpx:hr>
      <gpxtpx:cad>74</gpxtpx:cad>
     </gpxtpx:TrackPointExtension>
    </extensions>
   </trkpt>
   <trkpt lat="12.9824190" lon="77.6923950">
    <ele>888.8</ele>
    <time>2026-09-09T15:57:57Z</time>
    <extensions>
     <power>174</power>
     <gpxtpx:TrackPointExtension>
      <gpxtpx:hr>156</gpxtpx:hr>
      <gpxtpx:cad>74</gpxtpx:cad>
     </gpxtpx:TrackPointExtension>
    </extensions>
   </trkpt>
   <trkpt lat="12.9824010" lon="77.6923880">
    <ele>888.8</ele>
    <time>2026-09-09T15:57:58Z</time>
    <extensions>
     <power>174</power>
     <gpxtpx:TrackPointExtension>
      <gpxtpx:hr>155</gpxtpx:hr>
      <gpxtpx:cad>74</gpxtpx:cad>
     </gpxtpx:TrackPointExtension>
    </extensions>
   </trkpt>
   <trkpt lat="12.9823850" lon="77.6923800">
    <ele>888.8</ele>
    <time>2026-09-09T15:57:59Z</time>
    <extensions>
     <power>172</power>
     <gpxtpx:TrackPointExtension>
      <gpxtpx:hr>155</gpxtpx:hr>
      <gpxtpx:cad>75</gpxtpx:cad>
     </gpxtpx:TrackPointExtension>
    </extensions>
   </trkpt>
   <trkpt lat="12.9823700" lon="77.6923700">
    <ele>888.8</ele>
    <time>2026-09-09T15:58:00Z</time>
    <extensions>
     <power>171</power>
     <gpxtpx:TrackPointExtension>
      <gpxtpx:hr>155</gpxtpx:hr>
      <gpxtpx:cad>74</gpxtpx:cad>
     </gpxtpx:TrackPointExtension>
    </extensions>
   </trkpt>
   <trkpt lat="12.9823570" lon="77.6923590">
    <ele>888.8</ele>
    <time>2026-09-09T15:58:01Z</time>
    <extensions>
     <power>173</power>
     <gpxtpx:TrackPointExtension>
      <gpxtpx:hr>155</gpxtpx:hr>
      <gpxtpx:cad>74</gpxtpx:cad>
     </gpxtpx:TrackPointExtension>
    </extensions>
   </trkpt>
   <trkpt lat="12.9823460" lon="77.6923470">
    <ele>888.8</ele>
    <time>2026-09-09T15:58:02Z</time>
    <extensions>
     <power>166</power>
     <gpxtpx:TrackPointExtension>
      <gpxtpx:hr>155</gpxtpx:hr>
      <gpxtpx:cad>74</gpxtpx:cad>
     </gpxtpx:TrackPointExtension>
    </extensions>
   </trkpt>
   <trkpt lat="12.9823370" lon="77.6923350">
    <ele>888.8</ele>
    <time>2026-09-09T15:58:03Z</time>
    <extensions>
     <power>160</power>
     <gpxtpx:TrackPointExtension>
      <gpxtpx:hr>155</gpxtpx:hr>
      <gpxtpx:cad>74</gpxtpx:cad>
     </gpxtpx:TrackPointExtension>
    </extensions>
   </trkpt>
   <trkpt lat="12.9823280" lon="77.6923220">
    <ele>888.8</ele>
    <time>2026-09-09T15:58:04Z</time>
    <extensions>
     <power>156</power>
     <gpxtpx:TrackPointExtension>
      <gpxtpx:hr>156</gpxtpx:hr>
      <gpxtpx:cad>74</gpxtpx:cad>
     </gpxtpx:TrackPointExtension>
    </extensions>
   </trkpt>
   <trkpt lat="12.9823190" lon="77.6923110">
    <ele>888.8</ele>
    <time>2026-09-09T15:58:05Z</time>
    <extensions>
     <power>156</power>
     <gpxtpx:TrackPointExtension>
      <gpxtpx:hr>156</gpxtpx:hr>
      <gpxtpx:cad>74</gpxtpx:cad>
     </gpxtpx:TrackPointExtension>
    </extensions>
   </trkpt>
   <trkpt lat="12.9823100" lon="77.6922990">
    <ele>888.8</ele>
    <time>2026-09-09T15:58:06Z</time>
    <extensions>
     <power>153</power>
     <gpxtpx:TrackPointExtension>
      <gpxtpx:hr>155</gpxtpx:hr>
      <gpxtpx:cad>75</gpxtpx:cad>
     </gpxtpx:TrackPointExtension>
    </extensions>
   </trkpt>
   <trkpt lat="12.9823010" lon="77.6922880">
    <ele>888.8</ele>
    <time>2026-09-09T15:58:07Z</time>
    <extensions>
     <power>152</power>
     <gpxtpx:TrackPointExtension>
      <gpxtpx:hr>156</gpxtpx:hr>
      <gpxtpx:cad>75</gpxtpx:cad>
     </gpxtpx:TrackPointExtension>
    </extensions>
   </trkpt>
   <trkpt lat="12.9822920" lon="77.6922780">
    <ele>888.8</ele>
    <time>2026-09-09T15:58:08Z</time>
    <extensions>
     <power>152</power>
     <gpxtpx:TrackPointExtension>
      <gpxtpx:hr>156</gpxtpx:hr>
      <gpxtpx:cad>75</gpxtpx:cad>
     </gpxtpx:TrackPointExtension>
    </extensions>
   </trkpt>
   <trkpt lat="12.9822830" lon="77.6922680">
    <ele>888.8</ele>
    <time>2026-09-09T15:58:09Z</time>
    <extensions>
     <power>149</power>
     <gpxtpx:TrackPointExtension>
      <gpxtpx:hr>157</gpxtpx:hr>
      <gpxtpx:cad>75</gpxtpx:cad>
     </gpxtpx:TrackPointExtension>
    </extensions>
   </trkpt>
   <trkpt lat="12.9822740" lon="77.6922570">
    <ele>888.8</ele>
    <time>2026-09-09T15:58:10Z</time>
    <extensions>
     <power>148</power>
     <gpxtpx:TrackPointExtension>
      <gpxtpx:hr>156</gpxtpx:hr>
      <gpxtpx:cad>75</gpxtpx:cad>
     </gpxtpx:TrackPointExtension>
    </extensions>
   </trkpt>
   <trkpt lat="12.9822660" lon="77.6922450">
    <ele>888.8</ele>
    <time>2026-09-09T15:58:11Z</time>
    <extensions>
     <power>154</power>
     <gpxtpx:TrackPointExtension>
      <gpxtpx:hr>156</gpxtpx:hr>
      <gpxtpx:cad>75</gpxtpx:cad>
     </gpxtpx:TrackPointExtension>
    </extensions>
   </trkpt>
   <trkpt lat="12.9822570" lon="77.6922340">
    <ele>888.8</ele>
    <time>2026-09-09T15:58:12Z</time>
    <extensions>
     <power>155</power>
     <gpxtpx:TrackPointExtension>
      <gpxtpx:hr>155</gpxtpx:hr>
      <gpxtpx:cad>74</gpxtpx:cad>
     </gpxtpx:TrackPointExtension>
    </extensions>
   </trkpt>
   <trkpt lat="12.9822470" lon="77.6922230">
    <ele>888.8</ele>
    <time>2026-09-09T15:58:13Z</time>
    <extensions>
     <power>157</power>
     <gpxtpx:TrackPointExtension>
      <gpxtpx:hr>155</gpxtpx:hr>
      <gpxtpx:cad>74</gpxtpx:cad>
     </gpxtpx:TrackPointExtension>
    </extensions>
   </trkpt>
   <trkpt lat="12.9822370" lon="77.6922110">
    <ele>888.8</ele>
    <time>2026-09-09T15:58:14Z</time>
    <extensions>
     <power>149</power>
     <gpxtpx:TrackPointExtension>
      <gpxtpx:hr>156</gpxtpx:hr>
      <gpxtpx:cad>74</gpxtpx:cad>
     </gpxtpx:TrackPointExtension>
    </extensions>
   </trkpt>
   <trkpt lat="12.9822260" lon="77.6922000">
    <ele>888.8</ele>
    <time>2026-09-09T15:58:15Z</time>
    <extensions>
     <power>149</power>
     <gpxtpx:TrackPointExtension>
      <gpxtpx:hr>157</gpxtpx:hr>
      <gpxtpx:cad>75</gpxtpx:cad>
     </gpxtpx:TrackPointExtension>
    </extensions>
   </trkpt>
   <trkpt lat="12.9822150" lon="77.6921880">
    <ele>888.8</ele>
    <time>2026-09-09T15:58:16Z</time>
    <extensions>
     <power>148</power>
     <gpxtpx:TrackPointExtension>
      <gpxtpx:hr>157</gpxtpx:hr>
      <gpxtpx:cad>75</gpxtpx:cad>
     </gpxtpx:TrackPointExtension>
    </extensions>
   </trkpt>
   <trkpt lat="12.9822030" lon="77.6921770">
    <ele>888.8</ele>
    <time>2026-09-09T15:58:17Z</time>
    <extensions>
     <power>149</power>
     <gpxtpx:TrackPointExtension>
      <gpxtpx:hr>156</gpxtpx:hr>
      <gpxtpx:cad>75</gpxtpx:cad>
     </gpxtpx:TrackPointExtension>
    </extensions>
   </trkpt>
   <trkpt lat="12.9821910" lon="77.6921650">
    <ele>888.8</ele>
    <time>2026-09-09T15:58:18Z</time>
    <extensions>
     <power>150</power>
     <gpxtpx:TrackPointExtension>
      <gpxtpx:hr>156</gpxtpx:hr>
      <gpxtpx:cad>75</gpxtpx:cad>
     </gpxtpx:TrackPointExtension>
    </extensions>
   </trkpt>
   <trkpt lat="12.9821800" lon="77.6921510">
    <ele>888.8</ele>
    <time>2026-09-09T15:58:19Z</time>
    <extensions>
     <power>152</power>
     <gpxtpx:TrackPointExtension>
      <gpxtpx:hr>156</gpxtpx:hr>
      <gpxtpx:cad>75</gpxtpx:cad>
     </gpxtpx:TrackPointExtension>
    </extensions>
   </trkpt>
   <trkpt lat="12.9821690" lon="77.6921370">
    <ele>888.8</ele>
    <time>2026-09-09T15:58:20Z</time>
    <extensions>
     <power>153</power>
     <gpxtpx:TrackPointExtension>
      <gpxtpx:hr>156</gpxtpx:hr>
      <gpxtpx:cad>75</gpxtpx:cad>
     </gpxtpx:TrackPointExtension>
    </extensions>
   </trkpt>
   <trkpt lat="12.9821580" lon="77.6921230">
    <ele>888.8</ele>
    <time>2026-09-09T15:58:21Z</time>
    <extensions>
     <power>159</power>
     <gpxtpx:TrackPointExtension>
      <gpxtpx:hr>156</gpxtpx:hr>
      <gpxtpx:cad>75</gpxtpx:cad>
     </gpxtpx:TrackPointExtension>
    </extensions>
   </trkpt>
   <trkpt lat="12.9821450" lon="77.6921090">
    <ele>888.8</ele>
    <time>2026-09-09T15:58:22Z</time>
    <extensions>
     <power>160</power>
     <gpxtpx:TrackPointExtension>
      <gpxtpx:hr>156</gpxtpx:hr>
      <gpxtpx:cad>75</gpxtpx:cad>
     </gpxtpx:TrackPointExtension>
    </extensions>
   </trkpt>
   <trkpt lat="12.9821310" lon="77.6920960">
    <ele>888.8</ele>
    <time>2026-09-09T15:58:23Z</time>
    <extensions>
     <power>161</power>
     <gpxtpx:TrackPointExtension>
      <gpxtpx:hr>156</gpxtpx:hr>
      <gpxtpx:cad>75</gpxtpx:cad>
     </gpxtpx:TrackPointExtension>
    </extensions>
   </trkpt>
   <trkpt lat="12.9821150" lon="77.6920830">
    <ele>888.8</ele>
    <time>2026-09-09T15:58:24Z</time>
    <extensions>
     <power>161</power>
     <gpxtpx:TrackPointExtension>
      <gpxtpx:hr>155</gpxtpx:hr>
      <gpxtpx:cad>75</gpxtpx:cad>
     </gpxtpx:TrackPointExtension>
    </extensions>
   </trkpt>
   <trkpt lat="12.9821000" lon="77.6920690">
    <ele>888.8</ele>
    <time>2026-09-09T15:58:25Z</time>
    <extensions>
     <power>161</power>
     <gpxtpx:TrackPointExtension>
      <gpxtpx:hr>156</gpxtpx:hr>
      <gpxtpx:cad>75</gpxtpx:cad>
     </gpxtpx:TrackPointExtension>
    </extensions>
   </trkpt>
   <trkpt lat="12.9820850" lon="77.6920540">
    <ele>888.8</ele>
    <time>2026-09-09T15:58:26Z</time>
    <extensions>
     <power>158</power>
     <gpxtpx:TrackPointExtension>
      <gpxtpx:hr>156</gpxtpx:hr>
      <gpxtpx:cad>75</gpxtpx:cad>
     </gpxtpx:TrackPointExtension>
    </extensions>
   </trkpt>
   <trkpt lat="12.9820720" lon="77.6920370">
    <ele>888.8</ele>
    <time>2026-09-09T15:58:27Z</time>
    <extensions>
     <power>156</power>
     <gpxtpx:TrackPointExtension>
      <gpxtpx:hr>156</gpxtpx:hr>
      <gpxtpx:cad>75</gpxtpx:cad>
     </gpxtpx:TrackPointExtension>
    </extensions>
   </trkpt>
   <trkpt lat="12.9820610" lon="77.6920190">
    <ele>888.8</ele>
    <time>2026-09-09T15:58:28Z</time>
    <extensions>
     <power>157</power>
     <gpxtpx:TrackPointExtension>
      <gpxtpx:hr>156</gpxtpx:hr>
      <gpxtpx:cad>75</gpxtpx:cad>
     </gpxtpx:TrackPointExtension>
    </extensions>
   </trkpt>
   <trkpt lat="12.9820520" lon="77.6919970">
    <ele>888.8</ele>
    <time>2026-09-09T15:58:29Z</time>
    <extensions>
     <power>156</power>
     <gpxtpx:TrackPointExtension>
      <gpxtpx:hr>156</gpxtpx:hr>
      <gpxtpx:cad>75</gpxtpx:cad>
     </gpxtpx:TrackPointExtension>
    </extensions>
   </trkpt>
   <trkpt lat="12.9820480" lon="77.6919780">
    <ele>888.8</ele>
    <time>2026-09-09T15:58:30Z</time>
    <extensions>
     <power>163</power>
     <gpxtpx:TrackPointExtension>
      <gpxtpx:hr>156</gpxtpx:hr>
      <gpxtpx:cad>75</gpxtpx:cad>
     </gpxtpx:TrackPointExtension>
    </extensions>
   </trkpt>
   <trkpt lat="12.9820450" lon="77.6919600">
    <ele>888.8</ele>
    <time>2026-09-09T15:58:31Z</time>
    <extensions>
     <power>160</power>
     <gpxtpx:TrackPointExtension>
      <gpxtpx:hr>157</gpxtpx:hr>
      <gpxtpx:cad>75</gpxtpx:cad>
     </gpxtpx:TrackPointExtension>
    </extensions>
   </trkpt>
   <trkpt lat="12.9820440" lon="77.6919380">
    <ele>888.8</ele>
    <time>2026-09-09T15:58:32Z</time>
    <extensions>
     <power>160</power>
     <gpxtpx:TrackPointExtension>
      <gpxtpx:hr>156</gpxtpx:hr>
      <gpxtpx:cad>75</gpxtpx:cad>
     </gpxtpx:TrackPointExtension>
    </extensions>
   </trkpt>
   <trkpt lat="12.9820440" lon="77.6919190">
    <ele>888.8</ele>
    <time>2026-09-09T15:58:33Z</time>
    <extensions>
     <power>157</power>
     <gpxtpx:TrackPointExtension>
      <gpxtpx:hr>156</gpxtpx:hr>
      <gpxtpx:cad>75</gpxtpx:cad>
     </gpxtpx:TrackPointExtension>
    </extensions>
   </trkpt>
   <trkpt lat="12.9820450" lon="77.6918990">
    <ele>888.8</ele>
    <time>2026-09-09T15:58:34Z</time>
    <extensions>
     <power>148</power>
     <gpxtpx:TrackPointExtension>
      <gpxtpx:hr>156</gpxtpx:hr>
      <gpxtpx:cad>76</gpxtpx:cad>
     </gpxtpx:TrackPointExtension>
    </extensions>
   </trkpt>
   <trkpt lat="12.9820470" lon="77.6918810">
    <ele>888.8</ele>
    <time>2026-09-09T15:58:35Z</time>
    <extensions>
     <power>157</power>
     <gpxtpx:TrackPointExtension>
      <gpxtpx:hr>156</gpxtpx:hr>
      <gpxtpx:cad>76</gpxtpx:cad>
     </gpxtpx:TrackPointExtension>
    </extensions>
   </trkpt>
   <trkpt lat="12.9820510" lon="77.6918640">
    <ele>888.8</ele>
    <time>2026-09-09T15:58:36Z</time>
    <extensions>
     <power>160</power>
     <gpxtpx:TrackPointExtension>
      <gpxtpx:hr>156</gpxtpx:hr>
      <gpxtpx:cad>76</gpxtpx:cad>
     </gpxtpx:TrackPointExtension>
    </extensions>
   </trkpt>
   <trkpt lat="12.9820560" lon="77.6918460">
    <ele>888.8</ele>
    <time>2026-09-09T15:58:37Z</time>
    <extensions>
     <power>174</power>
     <gpxtpx:TrackPointExtension>
      <gpxtpx:hr>155</gpxtpx:hr>
      <gpxtpx:cad>76</gpxtpx:cad>
     </gpxtpx:TrackPointExtension>
    </extensions>
   </trkpt>
   <trkpt lat="12.9820610" lon="77.6918290">
    <ele>888.8</ele>
    <time>2026-09-09T15:58:38Z</time>
    <extensions>
     <power>180</power>
     <gpxtpx:TrackPointExtension>
      <gpxtpx:hr>155</gpxtpx:hr>
      <gpxtpx:cad>76</gpxtpx:cad>
     </gpxtpx:TrackPointExtension>
    </extensions>
   </trkpt>
   <trkpt lat="12.9820660" lon="77.6918120">
    <ele>888.8</ele>
    <time>2026-09-09T15:58:39Z</time>
    <extensions>
     <power>180</power>
     <gpxtpx:TrackPointExtension>
      <gpxtpx:hr>155</gpxtpx:hr>
      <gpxtpx:cad>76</gpxtpx:cad>
     </gpxtpx:TrackPointExtension>
    </extensions>
   </trkpt>
   <trkpt lat="12.9820720" lon="77.6917950">
    <ele>888.8</ele>
    <time>2026-09-09T15:58:40Z</time>
    <extensions>
     <power>181</power>
     <gpxtpx:TrackPointExtension>
      <gpxtpx:hr>155</gpxtpx:hr>
      <gpxtpx:cad>76</gpxtpx:cad>
     </gpxtpx:TrackPointExtension>
    </extensions>
   </trkpt>
   <trkpt lat="12.9820770" lon="77.6917780">
    <ele>888.8</ele>
    <time>2026-09-09T15:58:41Z</time>
    <extensions>
     <power>182</power>
     <gpxtpx:TrackPointExtension>
      <gpxtpx:hr>155</gpxtpx:hr>
      <gpxtpx:cad>76</gpxtpx:cad>
     </gpxtpx:TrackPointExtension>
    </extensions>
   </trkpt>
   <trkpt lat="12.9820830" lon="77.6917620">
    <ele>888.8</ele>
    <time>2026-09-09T15:58:42Z</time>
    <extensions>
     <power>181</power>
     <gpxtpx:TrackPointExtension>
      <gpxtpx:hr>155</gpxtpx:hr>
      <gpxtpx:cad>76</gpxtpx:cad>
     </gpxtpx:TrackPointExtension>
    </extensions>
   </trkpt>
   <trkpt lat="12.9820880" lon="77.6917450">
    <ele>888.8</ele>
    <time>2026-09-09T15:58:43Z</time>
    <extensions>
     <power>182</power>
     <gpxtpx:TrackPointExtension>
      <gpxtpx:hr>155</gpxtpx:hr>
      <gpxtpx:cad>76</gpxtpx:cad>
     </gpxtpx:TrackPointExtension>
    </extensions>
   </trkpt>
   <trkpt lat="12.9820930" lon="77.6917280">
    <ele>888.8</ele>
    <time>2026-09-09T15:58:44Z</time>
    <extensions>
     <power>186</power>
     <gpxtpx:TrackPointExtension>
      <gpxtpx:hr>155</gpxtpx:hr>
      <gpxtpx:cad>76</gpxtpx:cad>
     </gpxtpx:TrackPointExtension>
    </extensions>
   </trkpt>
   <trkpt lat="12.9820990" lon="77.6917120">
    <ele>888.8</ele>
    <time>2026-09-09T15:58:45Z</time>
    <extensions>
     <power>186</power>
     <gpxtpx:TrackPointExtension>
      <gpxtpx:hr>155</gpxtpx:hr>
      <gpxtpx:cad>76</gpxtpx:cad>
     </gpxtpx:TrackPointExtension>
    </extensions>
   </trkpt>
   <trkpt lat="12.9821050" lon="77.6916950">
    <ele>888.8</ele>
    <time>2026-09-09T15:58:46Z</time>
    <extensions>
     <power>184</power>
     <gpxtpx:TrackPointExtension>
      <gpxtpx:hr>155</gpxtpx:hr>
      <gpxtpx:cad>76</gpxtpx:cad>
     </gpxtpx:TrackPointExtension>
    </extensions>
   </trkpt>
   <trkpt lat="12.9821110" lon="77.6916770">
    <ele>888.8</ele>
    <time>2026-09-09T15:58:47Z</time>
    <extensions>
     <power>184</power>
     <gpxtpx:TrackPointExtension>
      <gpxtpx:hr>155</gpxtpx:hr>
      <gpxtpx:cad>76</gpxtpx:cad>
     </gpxtpx:TrackPointExtension>
    </extensions>
   </trkpt>
   <trkpt lat="12.9821180" lon="77.6916600">
    <ele>888.8</ele>
    <time>2026-09-09T15:58:48Z</time>
    <extensions>
     <power>193</power>
     <gpxtpx:TrackPointExtension>
      <gpxtpx:hr>155</gpxtpx:hr>
      <gpxtpx:cad>76</gpxtpx:cad>
     </gpxtpx:TrackPointExtension>
    </extensions>
   </trkpt>
   <trkpt lat="12.9821260" lon="77.6916430">
    <ele>888.8</ele>
    <time>2026-09-09T15:58:49Z</time>
    <extensions>
     <power>194</power>
     <gpxtpx:TrackPointExtension>
      <gpxtpx:hr>155</gpxtpx:hr>
      <gpxtpx:cad>76</gpxtpx:cad>
     </gpxtpx:TrackPointExtension>
    </extensions>
   </trkpt>
   <trkpt lat="12.9821340" lon="77.6916260">
    <ele>888.8</ele>
    <time>2026-09-09T15:58:50Z</time>
    <extensions>
     <power>195</power>
     <gpxtpx:TrackPointExtension>
      <gpxtpx:hr>154</gpxtpx:hr>
      <gpxtpx:cad>76</gpxtpx:cad>
     </gpxtpx:TrackPointExtension>
    </extensions>
   </trkpt>
   <trkpt lat="12.9821420" lon="77.6916090">
    <ele>888.8</ele>
    <time>2026-09-09T15:58:51Z</time>
    <extensions>
     <power>196</power>
     <gpxtpx:TrackPointExtension>
      <gpxtpx:hr>153</gpxtpx:hr>
      <gpxtpx:cad>75</gpxtpx:cad>
     </gpxtpx:TrackPointExtension>
    </extensions>
   </trkpt>
   <trkpt lat="12.9821500" lon="77.6915920">
    <ele>888.8</ele>
    <time>2026-09-09T15:58:52Z</time>
    <extensions>
     <power>195</power>
     <gpxtpx:TrackPointExtension>
      <gpxtpx:hr>153</gpxtpx:hr>
      <gpxtpx:cad>75</gpxtpx:cad>
     </gpxtpx:TrackPointExtension>
    </extensions>
   </trkpt>
   <trkpt lat="12.9821550" lon="77.6915760">
    <ele>888.8</ele>
    <time>2026-09-09T15:58:53Z</time>
    <extensions>
     <power>195</power>
     <gpxtpx:TrackPointExtension>
      <gpxtpx:hr>152</gpxtpx:hr>
      <gpxtpx:cad>74</gpxtpx:cad>
     </gpxtpx:TrackPointExtension>
    </extensions>
   </trkpt>
   <trkpt lat="12.9821570" lon="77.6915580">
    <ele>888.8</ele>
    <time>2026-09-09T15:58:54Z</time>
    <extensions>
     <power>196</power>
     <gpxtpx:TrackPointExtension>
      <gpxtpx:hr>151</gpxtpx:hr>
      <gpxtpx:cad>74</gpxtpx:cad>
     </gpxtpx:TrackPointExtension>
    </extensions>
   </trkpt>
   <trkpt lat="12.9821540" lon="77.6915410">
    <ele>888.8</ele>
    <time>2026-09-09T15:58:55Z</time>
    <extensions>
     <power>183</power>
     <gpxtpx:TrackPointExtension>
      <gpxtpx:hr>151</gpxtpx:hr>
      <gpxtpx:cad>74</gpxtpx:cad>
     </gpxtpx:TrackPointExtension>
    </extensions>
   </trkpt>
   <trkpt lat="12.9821480" lon="77.6915230">
    <ele>888.8</ele>
    <time>2026-09-09T15:58:56Z</time>
    <extensions>
     <power>181</power>
     <gpxtpx:TrackPointExtension>
      <gpxtpx:hr>150</gpxtpx:hr>
      <gpxtpx:cad>75</gpxtpx:cad>
     </gpxtpx:TrackPointExtension>
    </extensions>
   </trkpt>
   <trkpt lat="12.9821400" lon="77.6915070">
    <ele>888.8</ele>
    <time>2026-09-09T15:58:57Z</time>
    <extensions>
     <power>180</power>
     <gpxtpx:TrackPointExtension>
      <gpxtpx:hr>151</gpxtpx:hr>
      <gpxtpx:cad>75</gpxtpx:cad>
     </gpxtpx:TrackPointExtension>
    </extensions>
   </trkpt>
   <trkpt lat="12.9821310" lon="77.6914920">
    <ele>888.8</ele>
    <time>2026-09-09T15:58:58Z</time>
    <extensions>
     <power>180</power>
     <gpxtpx:TrackPointExtension>
      <gpxtpx:hr>150</gpxtpx:hr>
      <gpxtpx:cad>76</gpxtpx:cad>
     </gpxtpx:TrackPointExtension>
    </extensions>
   </trkpt>
   <trkpt lat="12.9821190" lon="77.6914780">
    <ele>888.8</ele>
    <time>2026-09-09T15:58:59Z</time>
    <extensions>
     <power>180</power>
     <gpxtpx:TrackPointExtension>
      <gpxtpx:hr>150</gpxtpx:hr>
      <gpxtpx:cad>76</gpxtpx:cad>
     </gpxtpx:TrackPointExtension>
    </extensions>
   </trkpt>
   <trkpt lat="12.9821070" lon="77.6914660">
    <ele>888.8</ele>
    <time>2026-09-09T15:59:00Z</time>
    <extensions>
     <power>181</power>
     <gpxtpx:TrackPointExtension>
      <gpxtpx:hr>149</gpxtpx:hr>
      <gpxtpx:cad>76</gpxtpx:cad>
     </gpxtpx:TrackPointExtension>
    </extensions>
   </trkpt>
   <trkpt lat="12.9820930" lon="77.6914570">
    <ele>888.8</ele>
    <time>2026-09-09T15:59:01Z</time>
    <extensions>
     <power>185</power>
     <gpxtpx:TrackPointExtension>
      <gpxtpx:hr>150</gpxtpx:hr>
      <gpxtpx:cad>76</gpxtpx:cad>
     </gpxtpx:TrackPointExtension>
    </extensions>
   </trkpt>
   <trkpt lat="12.9820770" lon="77.6914470">
    <ele>888.8</ele>
    <time>2026-09-09T15:59:02Z</time>
    <extensions>
     <power>186</power>
     <gpxtpx:TrackPointExtension>
      <gpxtpx:hr>150</gpxtpx:hr>
      <gpxtpx:cad>76</gpxtpx:cad>
     </gpxtpx:TrackPointExtension>
    </extensions>
   </trkpt>
   <trkpt lat="12.9820610" lon="77.6914380">
    <ele>888.8</ele>
    <time>2026-09-09T15:59:03Z</time>
    <extensions>
     <power>186</power>
     <gpxtpx:TrackPointExtension>
      <gpxtpx:hr>150</gpxtpx:hr>
      <gpxtpx:cad>76</gpxtpx:cad>
     </gpxtpx:TrackPointExtension>
    </extensions>
   </trkpt>
   <trkpt lat="12.9820450" lon="77.6914300">
    <ele>888.8</ele>
    <time>2026-09-09T15:59:04Z</time>
    <extensions>
     <power>186</power>
     <gpxtpx:TrackPointExtension>
      <gpxtpx:hr>151</gpxtpx:hr>
      <gpxtpx:cad>76</gpxtpx:cad>
     </gpxtpx:TrackPointExtension>
    </extensions>
   </trkpt>
   <trkpt lat="12.9820290" lon="77.6914200">
    <ele>888.8</ele>
    <time>2026-09-09T15:59:05Z</time>
    <extensions>
     <power>186</power>
     <gpxtpx:TrackPointExtension>
      <gpxtpx:hr>151</gpxtpx:hr>
      <gpxtpx:cad>77</gpxtpx:cad>
     </gpxtpx:TrackPointExtension>
    </extensions>
   </trkpt>
   <trkpt lat="12.9820140" lon="77.6914090">
    <ele>888.8</ele>
    <time>2026-09-09T15:59:06Z</time>
    <extensions>
     <power>186</power>
     <gpxtpx:TrackPointExtension>
      <gpxtpx:hr>151</gpxtpx:hr>
      <gpxtpx:cad>78</gpxtpx:cad>
     </gpxtpx:TrackPointExtension>
    </extensions>
   </trkpt>
   <trkpt lat="12.9819990" lon="77.6913960">
    <ele>888.8</ele>
    <time>2026-09-09T15:59:07Z</time>
    <extensions>
     <power>186</power>
     <gpxtpx:TrackPointExtension>
      <gpxtpx:hr>151</gpxtpx:hr>
      <gpxtpx:cad>78</gpxtpx:cad>
     </gpxtpx:TrackPointExtension>
    </extensions>
   </trkpt>
   <trkpt lat="12.9819840" lon="77.6913810">
    <ele>888.8</ele>
    <time>2026-09-09T15:59:08Z</time>
    <extensions>
     <power>186</power>
     <gpxtpx:TrackPointExtension>
      <gpxtpx:hr>152</gpxtpx:hr>
      <gpxtpx:cad>78</gpxtpx:cad>
     </gpxtpx:TrackPointExtension>
    </extensions>
   </trkpt>
   <trkpt lat="12.9819720" lon="77.6913640">
    <ele>888.8</ele>
    <time>2026-09-09T15:59:09Z</time>
    <extensions>
     <power>186</power>
     <gpxtpx:TrackPointExtension>
      <gpxtpx:hr>152</gpxtpx:hr>
      <gpxtpx:cad>78</gpxtpx:cad>
     </gpxtpx:TrackPointExtension>
    </extensions>
   </trkpt>
   <trkpt lat="12.9819610" lon="77.6913440">
    <ele>888.8</ele>
    <time>2026-09-09T15:59:10Z</time>
    <extensions>
     <power>186</power>
     <gpxtpx:TrackPointExtension>
      <gpxtpx:hr>152</gpxtpx:hr>
      <gpxtpx:cad>78</gpxtpx:cad>
     </gpxtpx:TrackPointExtension>
    </extensions>
   </trkpt>
   <trkpt lat="12.9819530" lon="77.6913240">
    <ele>888.8</ele>
    <time>2026-09-09T15:59:11Z</time>
    <extensions>
     <power>192</power>
     <gpxtpx:TrackPointExtension>
      <gpxtpx:hr>152</gpxtpx:hr>
      <gpxtpx:cad>78</gpxtpx:cad>
     </gpxtpx:TrackPointExtension>
    </extensions>
   </trkpt>
   <trkpt lat="12.9819470" lon="77.6913040">
    <ele>888.8</ele>
    <time>2026-09-09T15:59:12Z</time>
    <extensions>
     <power>198</power>
     <gpxtpx:TrackPointExtension>
      <gpxtpx:hr>152</gpxtpx:hr>
      <gpxtpx:cad>77</gpxtpx:cad>
     </gpxtpx:TrackPointExtension>
    </extensions>
   </trkpt>
   <trkpt lat="12.9819440" lon="77.6912820">
    <ele>888.8</ele>
    <time>2026-09-09T15:59:13Z</time>
    <extensions>
     <power>199</power>
     <gpxtpx:TrackPointExtension>
      <gpxtpx:hr>153</gpxtpx:hr>
      <gpxtpx:cad>76</gpxtpx:cad>
     </gpxtpx:TrackPointExtension>
    </extensions>
   </trkpt>
   <trkpt lat="12.9819440" lon="77.6912620">
    <ele>888.8</ele>
    <time>2026-09-09T15:59:14Z</time>
    <extensions>
     <power>199</power>
     <gpxtpx:TrackPointExtension>
      <gpxtpx:hr>154</gpxtpx:hr>
      <gpxtpx:cad>76</gpxtpx:cad>
     </gpxtpx:TrackPointExtension>
    </extensions>
   </trkpt>
   <trkpt lat="12.9819470" lon="77.6912430">
    <ele>888.8</ele>
    <time>2026-09-09T15:59:15Z</time>
    <extensions>
     <power>199</power>
     <gpxtpx:TrackPointExtension>
      <gpxtpx:hr>155</gpxtpx:hr>
      <gpxtpx:cad>76</gpxtpx:cad>
     </gpxtpx:TrackPointExtension>
    </extensions>
   </trkpt>
   <trkpt lat="12.9819500" lon="77.6912240">
    <ele>888.8</ele>
    <time>2026-09-09T15:59:16Z</time>
    <extensions>
     <power>200</power>
     <gpxtpx:TrackPointExtension>
      <gpxtpx:hr>154</gpxtpx:hr>
      <gpxtpx:cad>77</gpxtpx:cad>
     </gpxtpx:TrackPointExtension>
    </extensions>
   </trkpt>
   <trkpt lat="12.9819550" lon="77.6912040">
    <ele>888.6</ele>
    <time>2026-09-09T15:59:17Z</time>
    <extensions>
     <power>200</power>
     <gpxtpx:TrackPointExtension>
      <gpxtpx:hr>155</gpxtpx:hr>
      <gpxtpx:cad>77</gpxtpx:cad>
     </gpxtpx:TrackPointExtension>
    </extensions>
   </trkpt>
   <trkpt lat="12.9819600" lon="77.6911860">
    <ele>888.6</ele>
    <time>2026-09-09T15:59:18Z</time>
    <extensions>
     <power>200</power>
     <gpxtpx:TrackPointExtension>
      <gpxtpx:hr>155</gpxtpx:hr>
      <gpxtpx:cad>77</gpxtpx:cad>
     </gpxtpx:TrackPointExtension>
    </extensions>
   </trkpt>
   <trkpt lat="12.9819650" lon="77.6911660">
    <ele>888.6</ele>
    <time>2026-09-09T15:59:19Z</time>
    <extensions>
     <power>200</power>
     <gpxtpx:TrackPointExtension>
      <gpxtpx:hr>156</gpxtpx:hr>
      <gpxtpx:cad>77</gpxtpx:cad>
     </gpxtpx:TrackPointExtension>
    </extensions>
   </trkpt>
   <trkpt lat="12.9819710" lon="77.6911470">
    <ele>888.6</ele>
    <time>2026-09-09T15:59:20Z</time>
    <extensions>
     <power>199</power>
     <gpxtpx:TrackPointExtension>
      <gpxtpx:hr>156</gpxtpx:hr>
      <gpxtpx:cad>77</gpxtpx:cad>
     </gpxtpx:TrackPointExtension>
    </extensions>
   </trkpt>
   <trkpt lat="12.9819770" lon="77.6911290">
    <ele>888.6</ele>
    <time>2026-09-09T15:59:21Z</time>
    <extensions>
     <power>206</power>
     <gpxtpx:TrackPointExtension>
      <gpxtpx:hr>157</gpxtpx:hr>
      <gpxtpx:cad>77</gpxtpx:cad>
     </gpxtpx:TrackPointExtension>
    </extensions>
   </trkpt>
   <trkpt lat="12.9819830" lon="77.6911090">
    <ele>888.6</ele>
    <time>2026-09-09T15:59:22Z</time>
    <extensions>
     <power>207</power>
     <gpxtpx:TrackPointExtension>
      <gpxtpx:hr>158</gpxtpx:hr>
      <gpxtpx:cad>77</gpxtpx:cad>
     </gpxtpx:TrackPointExtension>
    </extensions>
   </trkpt>
   <trkpt lat="12.9819890" lon="77.6910900">
    <ele>888.6</ele>
    <time>2026-09-09T15:59:23Z</time>
    <extensions>
     <power>208</power>
     <gpxtpx:TrackPointExtension>
      <gpxtpx:hr>157</gpxtpx:hr>
      <gpxtpx:cad>77</gpxtpx:cad>
     </gpxtpx:TrackPointExtension>
    </extensions>
   </trkpt>
   <trkpt lat="12.9819960" lon="77.6910710">
    <ele>888.6</ele>
    <time>2026-09-09T15:59:24Z</time>
    <extensions>
     <power>216</power>
     <gpxtpx:TrackPointExtension>
      <gpxtpx:hr>156</gpxtpx:hr>
      <gpxtpx:cad>77</gpxtpx:cad>
     </gpxtpx:TrackPointExtension>
    </extensions>
   </trkpt>
   <trkpt lat="12.9820040" lon="77.6910520">
    <ele>888.6</ele>
    <time>2026-09-09T15:59:25Z</time>
    <extensions>
     <power>218</power>
     <gpxtpx:TrackPointExtension>
      <gpxtpx:hr>156</gpxtpx:hr>
      <gpxtpx:cad>77</gpxtpx:cad>
     </gpxtpx:TrackPointExtension>
    </extensions>
   </trkpt>
   <trkpt lat="12.9820120" lon="77.6910340">
    <ele>888.6</ele>
    <time>2026-09-09T15:59:26Z</time>
    <extensions>
     <power>218</power>
     <gpxtpx:TrackPointExtension>
      <gpxtpx:hr>156</gpxtpx:hr>
      <gpxtpx:cad>77</gpxtpx:cad>
     </gpxtpx:TrackPointExtension>
    </extensions>
   </trkpt>
   <trkpt lat="12.9820210" lon="77.6910160">
    <ele>888.6</ele>
    <time>2026-09-09T15:59:27Z</time>
    <extensions>
     <power>218</power>
     <gpxtpx:TrackPointExtension>
      <gpxtpx:hr>155</gpxtpx:hr>
      <gpxtpx:cad>78</gpxtpx:cad>
     </gpxtpx:TrackPointExtension>
    </extensions>
   </trkpt>
   <trkpt lat="12.9820310" lon="77.6909970">
    <ele>888.6</ele>
    <time>2026-09-09T15:59:28Z</time>
    <extensions>
     <power>234</power>
     <gpxtpx:TrackPointExtension>
      <gpxtpx:hr>156</gpxtpx:hr>
      <gpxtpx:cad>78</gpxtpx:cad>
     </gpxtpx:TrackPointExtension>
    </extensions>
   </trkpt>
   <trkpt lat="12.9820400" lon="77.6909800">
    <ele>888.6</ele>
    <time>2026-09-09T15:59:29Z</time>
    <extensions>
     <power>237</power>
     <gpxtpx:TrackPointExtension>
      <gpxtpx:hr>157</gpxtpx:hr>
      <gpxtpx:cad>78</gpxtpx:cad>
     </gpxtpx:TrackPointExtension>
    </extensions>
   </trkpt>
   <trkpt lat="12.9820480" lon="77.6909610">
    <ele>888.4</ele>
    <time>2026-09-09T15:59:30Z</time>
    <extensions>
     <power>238</power>
     <gpxtpx:TrackPointExtension>
      <gpxtpx:hr>156</gpxtpx:hr>
      <gpxtpx:cad>78</gpxtpx:cad>
     </gpxtpx:TrackPointExtension>
    </extensions>
   </trkpt>
   <trkpt lat="12.9820560" lon="77.6909420">
    <ele>888.4</ele>
    <time>2026-09-09T15:59:31Z</time>
    <extensions>
     <power>238</power>
     <gpxtpx:TrackPointExtension>
      <gpxtpx:hr>156</gpxtpx:hr>
      <gpxtpx:cad>79</gpxtpx:cad>
     </gpxtpx:TrackPointExtension>
    </extensions>
   </trkpt>
   <trkpt lat="12.9820610" lon="77.6909230">
    <ele>888.4</ele>
    <time>2026-09-09T15:59:32Z</time>
    <extensions>
     <power>238</power>
     <gpxtpx:TrackPointExtension>
      <gpxtpx:hr>156</gpxtpx:hr>
      <gpxtpx:cad>79</gpxtpx:cad>
     </gpxtpx:TrackPointExtension>
    </extensions>
   </trkpt>
   <trkpt lat="12.9820670" lon="77.6909030">
    <ele>888.4</ele>
    <time>2026-09-09T15:59:33Z</time>
    <extensions>
     <power>236</power>
     <gpxtpx:TrackPointExtension>
      <gpxtpx:hr>157</gpxtpx:hr>
      <gpxtpx:cad>79</gpxtpx:cad>
     </gpxtpx:TrackPointExtension>
    </extensions>
   </trkpt>
   <trkpt lat="12.9820720" lon="77.6908840">
    <ele>888.4</ele>
    <time>2026-09-09T15:59:34Z</time>
    <extensions>
     <power>236</power>
     <gpxtpx:TrackPointExtension>
      <gpxtpx:hr>156</gpxtpx:hr>
      <gpxtpx:cad>78</gpxtpx:cad>
     </gpxtpx:TrackPointExtension>
    </extensions>
   </trkpt>
   <trkpt lat="12.9820770" lon="77.6908640">
    <ele>888.4</ele>
    <time>2026-09-09T15:59:35Z</time>
    <extensions>
     <power>236</power>
     <gpxtpx:TrackPointExtension>
      <gpxtpx:hr>157</gpxtpx:hr>
      <gpxtpx:cad>78</gpxtpx:cad>
     </gpxtpx:TrackPointExtension>
    </extensions>
   </trkpt>
   <trkpt lat="12.9820830" lon="77.6908450">
    <ele>888.4</ele>
    <time>2026-09-09T15:59:36Z</time>
    <extensions>
     <power>236</power>
     <gpxtpx:TrackPointExtension>
      <gpxtpx:hr>157</gpxtpx:hr>
      <gpxtpx:cad>78</gpxtpx:cad>
     </gpxtpx:TrackPointExtension>
    </extensions>
   </trkpt>
   <trkpt lat="12.9820890" lon="77.6908250">
    <ele>888.4</ele>
    <time>2026-09-09T15:59:37Z</time>
    <extensions>
     <power>238</power>
     <gpxtpx:TrackPointExtension>
      <gpxtpx:hr>157</gpxtpx:hr>
      <gpxtpx:cad>78</gpxtpx:cad>
     </gpxtpx:TrackPointExtension>
    </extensions>
   </trkpt>
   <trkpt lat="12.9820950" lon="77.6908060">
    <ele>888.4</ele>
    <time>2026-09-09T15:59:38Z</time>
    <extensions>
     <power>239</power>
     <gpxtpx:TrackPointExtension>
      <gpxtpx:hr>157</gpxtpx:hr>
      <gpxtpx:cad>78</gpxtpx:cad>
     </gpxtpx:TrackPointExtension>
    </extensions>
   </trkpt>
   <trkpt lat="12.9821010" lon="77.6907870">
    <ele>888.4</ele>
    <time>2026-09-09T15:59:39Z</time>
    <extensions>
     <power>238</power>
     <gpxtpx:TrackPointExtension>
      <gpxtpx:hr>157</gpxtpx:hr>
      <gpxtpx:cad>77</gpxtpx:cad>
     </gpxtpx:TrackPointExtension>
    </extensions>
   </trkpt>
   <trkpt lat="12.9821070" lon="77.6907670">
    <ele>888.6</ele>
    <time>2026-09-09T15:59:40Z</time>
    <extensions>
     <power>243</power>
     <gpxtpx:TrackPointExtension>
      <gpxtpx:hr>158</gpxtpx:hr>
      <gpxtpx:cad>77</gpxtpx:cad>
     </gpxtpx:TrackPointExtension>
    </extensions>
   </trkpt>
   <trkpt lat="12.9821120" lon="77.6907470">
    <ele>888.6</ele>
    <time>2026-09-09T15:59:41Z</time>
    <extensions>
     <power>251</power>
     <gpxtpx:TrackPointExtension>
      <gpxtpx:hr>158</gpxtpx:hr>
      <gpxtpx:cad>77</gpxtpx:cad>
     </gpxtpx:TrackPointExtension>
    </extensions>
   </trkpt>
   <trkpt lat="12.9821180" lon="77.6907280">
    <ele>888.6</ele>
    <time>2026-09-09T15:59:42Z</time>
    <extensions>
     <power>258</power>
     <gpxtpx:TrackPointExtension>
      <gpxtpx:hr>157</gpxtpx:hr>
      <gpxtpx:cad>77</gpxtpx:cad>
     </gpxtpx:TrackPointExtension>
    </extensions>
   </trkpt>
   <trkpt lat="12.9821240" lon="77.6907090">
    <ele>888.6</ele>
    <time>2026-09-09T15:59:43Z</time>
    <extensions>
     <power>265</power>
     <gpxtpx:TrackPointExtension>
      <gpxtpx:hr>158</gpxtpx:hr>
      <gpxtpx:cad>77</gpxtpx:cad>
     </gpxtpx:TrackPointExtension>
    </extensions>
   </trkpt>
   <trkpt lat="12.9821300" lon="77.6906900">
    <ele>888.6</ele>
    <time>2026-09-09T15:59:44Z</time>
    <extensions>
     <power>266</power>
     <gpxtpx:TrackPointExtension>
      <gpxtpx:hr>157</gpxtpx:hr>
      <gpxtpx:cad>77</gpxtpx:cad>
     </gpxtpx:TrackPointExtension>
    </extensions>
   </trkpt>
   <trkpt lat="12.9821370" lon="77.6906710">
    <ele>888.6</ele>
    <time>2026-09-09T15:59:45Z</time>
    <extensions>
     <power>264</power>
     <gpxtpx:TrackPointExtension>
      <gpxtpx:hr>157</gpxtpx:hr>
      <gpxtpx:cad>77</gpxtpx:cad>
     </gpxtpx:TrackPointExtension>
    </extensions>
   </trkpt>
   <trkpt lat="12.9821440" lon="77.6906530">
    <ele>888.6</ele>
    <time>2026-09-09T15:59:46Z</time>
    <extensions>
     <power>255</power>
     <gpxtpx:TrackPointExtension>
      <gpxtpx:hr>156</gpxtpx:hr>
      <gpxtpx:cad>78</gpxtpx:cad>
     </gpxtpx:TrackPointExtension>
    </extensions>
   </trkpt>
   <trkpt lat="12.9821510" lon="77.6906330">
    <ele>888.6</ele>
    <time>2026-09-09T15:59:47Z</time>
    <extensions>
     <power>249</power>
     <gpxtpx:TrackPointExtension>
      <gpxtpx:hr>156</gpxtpx:hr>
      <gpxtpx:cad>79</gpxtpx:cad>
     </gpxtpx:TrackPointExtension>
    </extensions>
   </trkpt>
   <trkpt lat="12.9821570" lon="77.6906120">
    <ele>888.6</ele>
    <time>2026-09-09T15:59:48Z</time>
    <extensions>
     <power>244</power>
     <gpxtpx:TrackPointExtension>
      <gpxtpx:hr>157</gpxtpx:hr>
      <gpxtpx:cad>79</gpxtpx:cad>
     </gpxtpx:TrackPointExtension>
    </extensions>
   </trkpt>
   <trkpt lat="12.9821620" lon="77.6905910">
    <ele>888.6</ele>
    <time>2026-09-09T15:59:49Z</time>
    <extensions>
     <power>245</power>
     <gpxtpx:TrackPointExtension>
      <gpxtpx:hr>158</gpxtpx:hr>
      <gpxtpx:cad>79</gpxtpx:cad>
     </gpxtpx:TrackPointExtension>
    </extensions>
   </trkpt>
   <trkpt lat="12.9821670" lon="77.6905700">
    <ele>888.6</ele>
    <time>2026-09-09T15:59:50Z</time>
    <extensions>
     <power>245</power>
     <gpxtpx:TrackPointExtension>
      <gpxtpx:hr>158</gpxtpx:hr>
      <gpxtpx:cad>79</gpxtpx:cad>
     </gpxtpx:TrackPointExtension>
    </extensions>
   </trkpt>
   <trkpt lat="12.9821730" lon="77.6905490">
    <ele>888.6</ele>
    <time>2026-09-09T15:59:51Z</time>
    <extensions>
     <power>245</power>
     <gpxtpx:TrackPointExtension>
      <gpxtpx:hr>158</gpxtpx:hr>
      <gpxtpx:cad>79</gpxtpx:cad>
     </gpxtpx:TrackPointExtension>
    </extensions>
   </trkpt>
   <trkpt lat="12.9821800" lon="77.6905280">
    <ele>888.6</ele>
    <time>2026-09-09T15:59:52Z</time>
    <extensions>
     <power>243</power>
     <gpxtpx:TrackPointExtension>
      <gpxtpx:hr>157</gpxtpx:hr>
      <gpxtpx:cad>78</gpxtpx:cad>
     </gpxtpx:TrackPointExtension>
    </extensions>
   </trkpt>
   <trkpt lat="12.9821880" lon="77.6905060">
    <ele>888.6</ele>
    <time>2026-09-09T15:59:53Z</time>
    <extensions>
     <power>249</power>
     <gpxtpx:TrackPointExtension>
      <gpxtpx:hr>157</gpxtpx:hr>
      <gpxtpx:cad>78</gpxtpx:cad>
     </gpxtpx:TrackPointExtension>
    </extensions>
   </trkpt>
   <trkpt lat="12.9821960" lon="77.6904850">
    <ele>888.6</ele>
    <time>2026-09-09T15:59:54Z</time>
    <extensions>
     <power>241</power>
     <gpxtpx:TrackPointExtension>
      <gpxtpx:hr>156</gpxtpx:hr>
      <gpxtpx:cad>79</gpxtpx:cad>
     </gpxtpx:TrackPointExtension>
    </extensions>
   </trkpt>
   <trkpt lat="12.9822050" lon="77.6904630">
    <ele>888.6</ele>
    <time>2026-09-09T15:59:55Z</time>
    <extensions>
     <power>240</power>
     <gpxtpx:TrackPointExtension>
      <gpxtpx:hr>155</gpxtpx:hr>
      <gpxtpx:cad>79</gpxtpx:cad>
     </gpxtpx:TrackPointExtension>
    </extensions>
   </trkpt>
   <trkpt lat="12.9822160" lon="77.6904430">
    <ele>888.6</ele>
    <time>2026-09-09T15:59:56Z</time>
    <extensions>
     <power>243</power>
     <gpxtpx:TrackPointExtension>
      <gpxtpx:hr>155</gpxtpx:hr>
      <gpxtpx:cad>80</gpxtpx:cad>
     </gpxtpx:TrackPointExtension>
    </extensions>
   </trkpt>
   <trkpt lat="12.9822290" lon="77.6904250">
    <ele>888.6</ele>
    <time>2026-09-09T15:59:57Z</time>
    <extensions>
     <power>237</power>
     <gpxtpx:TrackPointExtension>
      <gpxtpx:hr>154</gpxtpx:hr>
      <gpxtpx:cad>80</gpxtpx:cad>
     </gpxtpx:TrackPointExtension>
    </extensions>
   </trkpt>
   <trkpt lat="12.9822450" lon="77.6904100">
    <ele>888.6</ele>
    <time>2026-09-09T15:59:58Z</time>
    <extensions>
     <power>241</power>
     <gpxtpx:TrackPointExtension>
      <gpxtpx:hr>155</gpxtpx:hr>
      <gpxtpx:cad>79</gpxtpx:cad>
     </gpxtpx:TrackPointExtension>
    </extensions>
   </trkpt>
   <trkpt lat="12.9822610" lon="77.6903990">
    <ele>888.6</ele>
    <time>2026-09-09T15:59:59Z</time>
    <extensions>
     <power>242</power>
     <gpxtpx:TrackPointExtension>
      <gpxtpx:hr>154</gpxtpx:hr>
      <gpxtpx:cad>79</gpxtpx:cad>
     </gpxtpx:TrackPointExtension>
    </extensions>
   </trkpt>
   <trkpt lat="12.9822790" lon="77.6903910">
    <ele>888.6</ele>
    <time>2026-09-09T16:00:00Z</time>
    <extensions>
     <power>242</power>
     <gpxtpx:TrackPointExtension>
      <gpxtpx:hr>154</gpxtpx:hr>
      <gpxtpx:cad>79</gpxtpx:cad>
     </gpxtpx:TrackPointExtension>
    </extensions>
   </trkpt>
   <trkpt lat="12.9822990" lon="77.6903880">
    <ele>888.6</ele>
    <time>2026-09-09T16:00:01Z</time>
    <extensions>
     <power>244</power>
     <gpxtpx:TrackPointExtension>
      <gpxtpx:hr>154</gpxtpx:hr>
      <gpxtpx:cad>78</gpxtpx:cad>
     </gpxtpx:TrackPointExtension>
    </extensions>
   </trkpt>
   <trkpt lat="12.9823200" lon="77.6903880">
    <ele>888.6</ele>
    <time>2026-09-09T16:00:02Z</time>
    <extensions>
     <power>245</power>
     <gpxtpx:TrackPointExtension>
      <gpxtpx:hr>154</gpxtpx:hr>
      <gpxtpx:cad>78</gpxtpx:cad>
     </gpxtpx:TrackPointExtension>
    </extensions>
   </trkpt>
   <trkpt lat="12.9823400" lon="77.6903920">
    <ele>888.6</ele>
    <time>2026-09-09T16:00:03Z</time>
    <extensions>
     <power>245</power>
     <gpxtpx:TrackPointExtension>
      <gpxtpx:hr>154</gpxtpx:hr>
      <gpxtpx:cad>78</gpxtpx:cad>
     </gpxtpx:TrackPointExtension>
    </extensions>
   </trkpt>
   <trkpt lat="12.9823600" lon="77.6903970">
    <ele>888.6</ele>
    <time>2026-09-09T16:00:04Z</time>
    <extensions>
     <power>249</power>
     <gpxtpx:TrackPointExtension>
      <gpxtpx:hr>155</gpxtpx:hr>
      <gpxtpx:cad>78</gpxtpx:cad>
     </gpxtpx:TrackPointExtension>
    </extensions>
   </trkpt>
   <trkpt lat="12.9823800" lon="77.6904040">
    <ele>888.8</ele>
    <time>2026-09-09T16:00:05Z</time>
    <extensions>
     <power>247</power>
     <gpxtpx:TrackPointExtension>
      <gpxtpx:hr>155</gpxtpx:hr>
      <gpxtpx:cad>78</gpxtpx:cad>
     </gpxtpx:TrackPointExtension>
    </extensions>
   </trkpt>
   <trkpt lat="12.9823990" lon="77.6904130">
    <ele>888.8</ele>
    <time>2026-09-09T16:00:06Z</time>
    <extensions>
     <power>241</power>
     <gpxtpx:TrackPointExtension>
      <gpxtpx:hr>155</gpxtpx:hr>
      <gpxtpx:cad>78</gpxtpx:cad>
     </gpxtpx:TrackPointExtension>
    </extensions>
   </trkpt>
   <trkpt lat="12.9824160" lon="77.6904230">
    <ele>888.8</ele>
    <time>2026-09-09T16:00:07Z</time>
    <extensions>
     <power>243</power>
     <gpxtpx:TrackPointExtension>
      <gpxtpx:hr>155</gpxtpx:hr>
      <gpxtpx:cad>78</gpxtpx:cad>
     </gpxtpx:TrackPointExtension>
    </extensions>
   </trkpt>
   <trkpt lat="12.9824320" lon="77.6904370">
    <ele>888.8</ele>
    <time>2026-09-09T16:00:08Z</time>
    <extensions>
     <power>243</power>
     <gpxtpx:TrackPointExtension>
      <gpxtpx:hr>156</gpxtpx:hr>
      <gpxtpx:cad>78</gpxtpx:cad>
     </gpxtpx:TrackPointExtension>
    </extensions>
   </trkpt>
   <trkpt lat="12.9824460" lon="77.6904520">
    <ele>888.8</ele>
    <time>2026-09-09T16:00:09Z</time>
    <extensions>
     <power>243</power>
     <gpxtpx:TrackPointExtension>
      <gpxtpx:hr>156</gpxtpx:hr>
      <gpxtpx:cad>78</gpxtpx:cad>
     </gpxtpx:TrackPointExtension>
    </extensions>
   </trkpt>
   <trkpt lat="12.9824560" lon="77.6904710">
    <ele>888.8</ele>
    <time>2026-09-09T16:00:10Z</time>
    <extensions>
     <power>243</power>
     <gpxtpx:TrackPointExtension>
      <gpxtpx:hr>157</gpxtpx:hr>
      <gpxtpx:cad>78</gpxtpx:cad>
     </gpxtpx:TrackPointExtension>
    </extensions>
   </trkpt>
   <trkpt lat="12.9824640" lon="77.6904890">
    <ele>888.8</ele>
    <time>2026-09-09T16:00:11Z</time>
    <extensions>
     <power>243</power>
     <gpxtpx:TrackPointExtension>
      <gpxtpx:hr>157</gpxtpx:hr>
      <gpxtpx:cad>78</gpxtpx:cad>
     </gpxtpx:TrackPointExtension>
    </extensions>
   </trkpt>
   <trkpt lat="12.9824680" lon="77.6905090">
    <ele>888.8</ele>
    <time>2026-09-09T16:00:12Z</time>
    <extensions>
     <power>243</power>
     <gpxtpx:TrackPointExtension>
      <gpxtpx:hr>157</gpxtpx:hr>
      <gpxtpx:cad>79</gpxtpx:cad>
     </gpxtpx:TrackPointExtension>
    </extensions>
   </trkpt>
   <trkpt lat="12.9824680" lon="77.6905280">
    <ele>888.8</ele>
    <time>2026-09-09T16:00:13Z</time>
    <extensions>
     <power>243</power>
     <gpxtpx:TrackPointExtension>
      <gpxtpx:hr>156</gpxtpx:hr>
      <gpxtpx:cad>79</gpxtpx:cad>
     </gpxtpx:TrackPointExtension>
    </extensions>
   </trkpt>
   <trkpt lat="12.9824660" lon="77.6905470">
    <ele>888.8</ele>
    <time>2026-09-09T16:00:14Z</time>
    <extensions>
     <power>241</power>
     <gpxtpx:TrackPointExtension>
      <gpxtpx:hr>156</gpxtpx:hr>
      <gpxtpx:cad>79</gpxtpx:cad>
     </gpxtpx:TrackPointExtension>
    </extensions>
   </trkpt>
   <trkpt lat="12.9824630" lon="77.6905660">
    <ele>888.8</ele>
    <time>2026-09-09T16:00:15Z</time>
    <extensions>
     <power>241</power>
     <gpxtpx:TrackPointExtension>
      <gpxtpx:hr>157</gpxtpx:hr>
      <gpxtpx:cad>78</gpxtpx:cad>
     </gpxtpx:TrackPointExtension>
    </extensions>
   </trkpt>
   <trkpt lat="12.9824590" lon="77.6905830">
    <ele>888.8</ele>
    <time>2026-09-09T16:00:16Z</time>
    <extensions>
     <power>240</power>
     <gpxtpx:TrackPointExtension>
      <gpxtpx:hr>157</gpxtpx:hr>
      <gpxtpx:cad>78</gpxtpx:cad>
     </gpxtpx:TrackPointExtension>
    </extensions>
   </trkpt>
   <trkpt lat="12.9824550" lon="77.6906020">
    <ele>888.8</ele>
    <time>2026-09-09T16:00:17Z</time>
    <extensions>
     <power>240</power>
     <gpxtpx:TrackPointExtension>
      <gpxtpx:hr>157</gpxtpx:hr>
      <gpxtpx:cad>78</gpxtpx:cad>
     </gpxtpx:TrackPointExtension>
    </extensions>
   </trkpt>
   <trkpt lat="12.9824500" lon="77.6906210">
    <ele>888.8</ele>
    <time>2026-09-09T16:00:18Z</time>
    <extensions>
     <power>240</power>
     <gpxtpx:TrackPointExtension>
      <gpxtpx:hr>157</gpxtpx:hr>
      <gpxtpx:cad>78</gpxtpx:cad>
     </gpxtpx:TrackPointExtension>
    </extensions>
   </trkpt>
   <trkpt lat="12.9824450" lon="77.6906400">
    <ele>888.8</ele>
    <time>2026-09-09T16:00:19Z</time>
    <extensions>
     <power>243</power>
     <gpxtpx:TrackPointExtension>
      <gpxtpx:hr>158</gpxtpx:hr>
      <gpxtpx:cad>79</gpxtpx:cad>
     </gpxtpx:TrackPointExtension>
    </extensions>
   </trkpt>
   <trkpt lat="12.9824390" lon="77.6906590">
    <ele>888.8</ele>
    <time>2026-09-09T16:00:20Z</time>
    <extensions>
     <power>243</power>
     <gpxtpx:TrackPointExtension>
      <gpxtpx:hr>159</gpxtpx:hr>
      <gpxtpx:cad>79</gpxtpx:cad>
     </gpxtpx:TrackPointExtension>
    </extensions>
   </trkpt>
   <trkpt lat="12.9824330" lon="77.6906780">
    <ele>888.8</ele>
    <time>2026-09-09T16:00:21Z</time>
    <extensions>
     <power>240</power>
     <gpxtpx:TrackPointExtension>
      <gpxtpx:hr>159</gpxtpx:hr>
      <gpxtpx:cad>79</gpxtpx:cad>
     </gpxtpx:TrackPointExtension>
    </extensions>
   </trkpt>
   <trkpt lat="12.9824260" lon="77.6906960">
    <ele>888.8</ele>
    <time>2026-09-09T16:00:22Z</time>
    <extensions>
     <power>239</power>
     <gpxtpx:TrackPointExtension>
      <gpxtpx:hr>160</gpxtpx:hr>
      <gpxtpx:cad>79</gpxtpx:cad>
     </gpxtpx:TrackPointExtension>
    </extensions>
   </trkpt>
   <trkpt lat="12.9824190" lon="77.6907170">
    <ele>888.8</ele>
    <time>2026-09-09T16:00:23Z</time>
    <extensions>
     <power>244</power>
     <gpxtpx:TrackPointExtension>
      <gpxtpx:hr>160</gpxtpx:hr>
      <gpxtpx:cad>79</gpxtpx:cad>
     </gpxtpx:TrackPointExtension>
    </extensions>
   </trkpt>
   <trkpt lat="12.9824120" lon="77.6907370">
    <ele>888.8</ele>
    <time>2026-09-09T16:00:24Z</time>
    <extensions>
     <power>245</power>
     <gpxtpx:TrackPointExtension>
      <gpxtpx:hr>160</gpxtpx:hr>
      <gpxtpx:cad>79</gpxtpx:cad>
     </gpxtpx:TrackPointExtension>
    </extensions>
   </trkpt>
   <trkpt lat="12.9824040" lon="77.6907580">
    <ele>888.8</ele>
    <time>2026-09-09T16:00:25Z</time>
    <extensions>
     <power>245</power>
     <gpxtpx:TrackPointExtension>
      <gpxtpx:hr>159</gpxtpx:hr>
      <gpxtpx:cad>79</gpxtpx:cad>
     </gpxtpx:TrackPointExtension>
    </extensions>
   </trkpt>
   <trkpt lat="12.9823950" lon="77.6907800">
    <ele>888.8</ele>
    <time>2026-09-09T16:00:26Z</time>
    <extensions>
     <power>245</power>
     <gpxtpx:TrackPointExtension>
      <gpxtpx:hr>159</gpxtpx:hr>
      <gpxtpx:cad>79</gpxtpx:cad>
     </gpxtpx:TrackPointExtension>
    </extensions>
   </trkpt>
   <trkpt lat="12.9823870" lon="77.6908030">
    <ele>888.6</ele>
    <time>2026-09-09T16:00:27Z</time>
    <extensions>
     <power>245</power>
     <gpxtpx:TrackPointExtension>
      <gpxtpx:hr>160</gpxtpx:hr>
      <gpxtpx:cad>79</gpxtpx:cad>
     </gpxtpx:TrackPointExtension>
    </extensions>
   </trkpt>
   <trkpt lat="12.9823790" lon="77.6908260">
    <ele>888.6</ele>
    <time>2026-09-09T16:00:28Z</time>
    <extensions>
     <power>245</power>
     <gpxtpx:TrackPointExtension>
      <gpxtpx:hr>161</gpxtpx:hr>
      <gpxtpx:cad>79</gpxtpx:cad>
     </gpxtpx:TrackPointExtension>
    </extensions>
   </trkpt>
   <trkpt lat="12.9823740" lon="77.6908490">
    <ele>888.6</ele>
    <time>2026-09-09T16:00:29Z</time>
    <extensions>
     <power>245</power>
     <gpxtpx:TrackPointExtension>
      <gpxtpx:hr>160</gpxtpx:hr>
      <gpxtpx:cad>79</gpxtpx:cad>
     </gpxtpx:TrackPointExtension>
    </extensions>
   </trkpt>
   <trkpt lat="12.9823710" lon="77.6908720">
    <ele>888.6</ele>
    <time>2026-09-09T16:00:30Z</time>
    <extensions>
     <power>245</power>
     <gpxtpx:TrackPointExtension>
      <gpxtpx:hr>160</gpxtpx:hr>
      <gpxtpx:cad>79</gpxtpx:cad>
     </gpxtpx:TrackPointExtension>
    </extensions>
   </trkpt>
   <trkpt lat="12.9823750" lon="77.6908930">
    <ele>888.6</ele>
    <time>2026-09-09T16:00:31Z</time>
    <extensions>
     <power>245</power>
     <gpxtpx:TrackPointExtension>
      <gpxtpx:hr>160</gpxtpx:hr>
      <gpxtpx:cad>79</gpxtpx:cad>
     </gpxtpx:TrackPointExtension>
    </extensions>
   </trkpt>
   <trkpt lat="12.9823860" lon="77.6909100">
    <ele>888.6</ele>
    <time>2026-09-09T16:00:32Z</time>
    <extensions>
     <power>245</power>
     <gpxtpx:TrackPointExtension>
      <gpxtpx:hr>160</gpxtpx:hr>
      <gpxtpx:cad>79</gpxtpx:cad>
     </gpxtpx:TrackPointExtension>
    </extensions>
   </trkpt>
   <trkpt lat="12.9824010" lon="77.6909250">
    <ele>888.6</ele>
    <time>2026-09-09T16:00:33Z</time>
    <extensions>
     <power>245</power>
     <gpxtpx:TrackPointExtension>
      <gpxtpx:hr>160</gpxtpx:hr>
      <gpxtpx:cad>79</gpxtpx:cad>
     </gpxtpx:TrackPointExtension>
    </extensions>
   </trkpt>
   <trkpt lat="12.9824180" lon="77.6909370">
    <ele>888.6</ele>
    <time>2026-09-09T16:00:34Z</time>
    <extensions>
     <power>245</power>
     <gpxtpx:TrackPointExtension>
      <gpxtpx:hr>160</gpxtpx:hr>
      <gpxtpx:cad>79</gpxtpx:cad>
     </gpxtpx:TrackPointExtension>
    </extensions>
   </trkpt>
   <trkpt lat="12.9824360" lon="77.6909480">
    <ele>888.6</ele>
    <time>2026-09-09T16:00:35Z</time>
    <extensions>
     <power>245</power>
     <gpxtpx:TrackPointExtension>
      <gpxtpx:hr>160</gpxtpx:hr>
      <gpxtpx:cad>79</gpxtpx:cad>
     </gpxtpx:TrackPointExtension>
    </extensions>
   </trkpt>
   <trkpt lat="12.9824570" lon="77.6909600">
    <ele>888.6</ele>
    <time>2026-09-09T16:00:36Z</time>
    <extensions>
     <power>245</power>
     <gpxtpx:TrackPointExtension>
      <gpxtpx:hr>160</gpxtpx:hr>
      <gpxtpx:cad>79</gpxtpx:cad>
     </gpxtpx:TrackPointExtension>
    </extensions>
   </trkpt>
   <trkpt lat="12.9824730" lon="77.6909680">
    <ele>888.6</ele>
    <time>2026-09-09T16:00:37Z</time>
    <extensions>
     <power>245</power>
     <gpxtpx:TrackPointExtension>
      <gpxtpx:hr>161</gpxtpx:hr>
      <gpxtpx:cad>79</gpxtpx:cad>
     </gpxtpx:TrackPointExtension>
    </extensions>
   </trkpt>
   <trkpt lat="12.9824910" lon="77.6909760">
    <ele>888.6</ele>
    <time>2026-09-09T16:00:38Z</time>
    <extensions>
     <power>245</power>
     <gpxtpx:TrackPointExtension>
      <gpxtpx:hr>160</gpxtpx:hr>
      <gpxtpx:cad>79</gpxtpx:cad>
     </gpxtpx:TrackPointExtension>
    </extensions>
   </trkpt>
   <trkpt lat="12.9825080" lon="77.6909830">
    <ele>888.6</ele>
    <time>2026-09-09T16:00:39Z</time>
    <extensions>
     <power>245</power>
     <gpxtpx:TrackPointExtension>
      <gpxtpx:hr>159</gpxtpx:hr>
      <gpxtpx:cad>78</gpxtpx:cad>
     </gpxtpx:TrackPointExtension>
    </extensions>
   </trkpt>
   <trkpt lat="12.9825260" lon="77.6909900">
    <ele>888.6</ele>
    <time>2026-09-09T16:00:40Z</time>
    <extensions>
     <power>245</power>
     <gpxtpx:TrackPointExtension>
      <gpxtpx:hr>159</gpxtpx:hr>
      <gpxtpx:cad>78</gpxtpx:cad>
     </gpxtpx:TrackPointExtension>
    </extensions>
   </trkpt>
   <trkpt lat="12.9825440" lon="77.6909960">
    <ele>888.6</ele>
    <time>2026-09-09T16:00:41Z</time>
    <extensions>
     <power>245</power>
     <gpxtpx:TrackPointExtension>
      <gpxtpx:hr>159</gpxtpx:hr>
      <gpxtpx:cad>78</gpxtpx:cad>
     </gpxtpx:TrackPointExtension>
    </extensions>
   </trkpt>
   <trkpt lat="12.9825620" lon="77.6910020">
    <ele>888.6</ele>
    <time>2026-09-09T16:00:42Z</time>
    <extensions>
     <power>245</power>
     <gpxtpx:TrackPointExtension>
      <gpxtpx:hr>159</gpxtpx:hr>
      <gpxtpx:cad>78</gpxtpx:cad>
     </gpxtpx:TrackPointExtension>
    </extensions>
   </trkpt>
   <trkpt lat="12.9825800" lon="77.6910070">
    <ele>888.6</ele>
    <time>2026-09-09T16:00:43Z</time>
    <extensions>
     <power>244</power>
     <gpxtpx:TrackPointExtension>
      <gpxtpx:hr>159</gpxtpx:hr>
      <gpxtpx:cad>78</gpxtpx:cad>
     </gpxtpx:TrackPointExtension>
    </extensions>
   </trkpt>
   <trkpt lat="12.9825990" lon="77.6910130">
    <ele>888.6</ele>
    <time>2026-09-09T16:00:44Z</time>
    <extensions>
     <power>239</power>
     <gpxtpx:TrackPointExtension>
      <gpxtpx:hr>158</gpxtpx:hr>
      <gpxtpx:cad>78</gpxtpx:cad>
     </gpxtpx:TrackPointExtension>
    </extensions>
   </trkpt>
   <trkpt lat="12.9826180" lon="77.6910180">
    <ele>888.6</ele>
    <time>2026-09-09T16:00:45Z</time>
    <extensions>
     <power>241</power>
     <gpxtpx:TrackPointExtension>
      <gpxtpx:hr>159</gpxtpx:hr>
      <gpxtpx:cad>78</gpxtpx:cad>
     </gpxtpx:TrackPointExtension>
    </extensions>
   </trkpt>
   <trkpt lat="12.9826370" lon="77.6910240">
    <ele>888.6</ele>
    <time>2026-09-09T16:00:46Z</time>
    <extensions>
     <power>242</power>
     <gpxtpx:TrackPointExtension>
      <gpxtpx:hr>159</gpxtpx:hr>
      <gpxtpx:cad>79</gpxtpx:cad>
     </gpxtpx:TrackPointExtension>
    </extensions>
   </trkpt>
   <trkpt lat="12.9826560" lon="77.6910300">
    <ele>888.6</ele>
    <time>2026-09-09T16:00:47Z</time>
    <extensions>
     <power>249</power>
     <gpxtpx:TrackPointExtension>
      <gpxtpx:hr>159</gpxtpx:hr>
      <gpxtpx:cad>79</gpxtpx:cad>
     </gpxtpx:TrackPointExtension>
    </extensions>
   </trkpt>
   <trkpt lat="12.9826750" lon="77.6910370">
    <ele>888.6</ele>
    <time>2026-09-09T16:00:48Z</time>
    <extensions>
     <power>246</power>
     <gpxtpx:TrackPointExtension>
      <gpxtpx:hr>159</gpxtpx:hr>
      <gpxtpx:cad>79</gpxtpx:cad>
     </gpxtpx:TrackPointExtension>
    </extensions>
   </trkpt>
   <trkpt lat="12.9826940" lon="77.6910430">
    <ele>888.6</ele>
    <time>2026-09-09T16:00:49Z</time>
    <extensions>
     <power>252</power>
     <gpxtpx:TrackPointExtension>
      <gpxtpx:hr>160</gpxtpx:hr>
      <gpxtpx:cad>79</gpxtpx:cad>
     </gpxtpx:TrackPointExtension>
    </extensions>
   </trkpt>
   <trkpt lat="12.9827130" lon="77.6910500">
    <ele>888.6</ele>
    <time>2026-09-09T16:00:50Z</time>
    <extensions>
     <power>253</power>
     <gpxtpx:TrackPointExtension>
      <gpxtpx:hr>160</gpxtpx:hr>
      <gpxtpx:cad>79</gpxtpx:cad>
     </gpxtpx:TrackPointExtension>
    </extensions>
   </trkpt>
   <trkpt lat="12.9827330" lon="77.6910570">
    <ele>888.6</ele>
    <time>2026-09-09T16:00:51Z</time>
    <extensions>
     <power>250</power>
     <gpxtpx:TrackPointExtension>
      <gpxtpx:hr>160</gpxtpx:hr>
      <gpxtpx:cad>80</gpxtpx:cad>
     </gpxtpx:TrackPointExtension>
    </extensions>
   </trkpt>
   <trkpt lat="12.9827520" lon="77.6910630">
    <ele>888.6</ele>
    <time>2026-09-09T16:00:52Z</time>
    <extensions>
     <power>249</power>
     <gpxtpx:TrackPointExtension>
      <gpxtpx:hr>160</gpxtpx:hr>
      <gpxtpx:cad>80</gpxtpx:cad>
     </gpxtpx:TrackPointExtension>
    </extensions>
   </trkpt>
   <trkpt lat="12.9827710" lon="77.6910680">
    <ele>888.6</ele>
    <time>2026-09-09T16:00:53Z</time>
    <extensions>
     <power>252</power>
     <gpxtpx:TrackPointExtension>
      <gpxtpx:hr>160</gpxtpx:hr>
      <gpxtpx:cad>80</gpxtpx:cad>
     </gpxtpx:TrackPointExtension>
    </extensions>
   </trkpt>
   <trkpt lat="12.9827900" lon="77.6910750">
    <ele>888.6</ele>
    <time>2026-09-09T16:00:54Z</time>
    <extensions>
     <power>247</power>
     <gpxtpx:TrackPointExtension>
      <gpxtpx:hr>160</gpxtpx:hr>
      <gpxtpx:cad>80</gpxtpx:cad>
     </gpxtpx:TrackPointExtension>
    </extensions>
   </trkpt>
   <trkpt lat="12.9828090" lon="77.6910820">
    <ele>888.6</ele>
    <time>2026-09-09T16:00:55Z</time>
    <extensions>
     <power>251</power>
     <gpxtpx:TrackPointExtension>
      <gpxtpx:hr>159</gpxtpx:hr>
      <gpxtpx:cad>79</gpxtpx:cad>
     </gpxtpx:TrackPointExtension>
    </extensions>
   </trkpt>
   <trkpt lat="12.9828280" lon="77.6910890">
    <ele>888.6</ele>
    <time>2026-09-09T16:00:56Z</time>
    <extensions>
     <power>252</power>
     <gpxtpx:TrackPointExtension>
      <gpxtpx:hr>159</gpxtpx:hr>
      <gpxtpx:cad>79</gpxtpx:cad>
     </gpxtpx:TrackPointExtension>
    </extensions>
   </trkpt>
   <trkpt lat="12.9828480" lon="77.6910950">
    <ele>888.6</ele>
    <time>2026-09-09T16:00:57Z</time>
    <extensions>
     <power>257</power>
     <gpxtpx:TrackPointExtension>
      <gpxtpx:hr>160</gpxtpx:hr>
      <gpxtpx:cad>79</gpxtpx:cad>
     </gpxtpx:TrackPointExtension>
    </extensions>
   </trkpt>
   <trkpt lat="12.9828680" lon="77.6911020">
    <ele>888.6</ele>
    <time>2026-09-09T16:00:58Z</time>
    <extensions>
     <power>258</power>
     <gpxtpx:TrackPointExtension>
      <gpxtpx:hr>159</gpxtpx:hr>
      <gpxtpx:cad>78</gpxtpx:cad>
     </gpxtpx:TrackPointExtension>
    </extensions>
   </trkpt>
   <trkpt lat="12.9828880" lon="77.6911090">
    <ele>888.6</ele>
    <time>2026-09-09T16:00:59Z</time>
    <extensions>
     <power>258</power>
     <gpxtpx:TrackPointExtension>
      <gpxtpx:hr>159</gpxtpx:hr>
      <gpxtpx:cad>78</gpxtpx:cad>
     </gpxtpx:TrackPointExtension>
    </extensions>
   </trkpt>
   <trkpt lat="12.9829080" lon="77.6911150">
    <ele>888.6</ele>
    <time>2026-09-09T16:01:00Z</time>
    <extensions>
     <power>258</power>
     <gpxtpx:TrackPointExtension>
      <gpxtpx:hr>158</gpxtpx:hr>
      <gpxtpx:cad>78</gpxtpx:cad>
     </gpxtpx:TrackPointExtension>
    </extensions>
   </trkpt>
   <trkpt lat="12.9829280" lon="77.6911220">
    <ele>888.6</ele>
    <time>2026-09-09T16:01:01Z</time>
    <extensions>
     <power>257</power>
     <gpxtpx:TrackPointExtension>
      <gpxtpx:hr>158</gpxtpx:hr>
      <gpxtpx:cad>78</gpxtpx:cad>
     </gpxtpx:TrackPointExtension>
    </extensions>
   </trkpt>
   <trkpt lat="12.9829490" lon="77.6911290">
    <ele>888.6</ele>
    <time>2026-09-09T16:01:02Z</time>
    <extensions>
     <power>253</power>
     <gpxtpx:TrackPointExtension>
      <gpxtpx:hr>158</gpxtpx:hr>
      <gpxtpx:cad>78</gpxtpx:cad>
     </gpxtpx:TrackPointExtension>
    </extensions>
   </trkpt>
   <trkpt lat="12.9829700" lon="77.6911360">
    <ele>888.6</ele>
    <time>2026-09-09T16:01:03Z</time>
    <extensions>
     <power>255</power>
     <gpxtpx:TrackPointExtension>
      <gpxtpx:hr>158</gpxtpx:hr>
      <gpxtpx:cad>78</gpxtpx:cad>
     </gpxtpx:TrackPointExtension>
    </extensions>
   </trkpt>
   <trkpt lat="12.9829910" lon="77.6911420">
    <ele>888.6</ele>
    <time>2026-09-09T16:01:04Z</time>
    <extensions>
     <power>255</power>
     <gpxtpx:TrackPointExtension>
      <gpxtpx:hr>158</gpxtpx:hr>
      <gpxtpx:cad>78</gpxtpx:cad>
     </gpxtpx:TrackPointExtension>
    </extensions>
   </trkpt>
   <trkpt lat="12.9830120" lon="77.6911480">
    <ele>888.6</ele>
    <time>2026-09-09T16:01:05Z</time>
    <extensions>
     <power>250</power>
     <gpxtpx:TrackPointExtension>
      <gpxtpx:hr>157</gpxtpx:hr>
      <gpxtpx:cad>78</gpxtpx:cad>
     </gpxtpx:TrackPointExtension>
    </extensions>
   </trkpt>
   <trkpt lat="12.9830330" lon="77.6911530">
    <ele>888.6</ele>
    <time>2026-09-09T16:01:06Z</time>
    <extensions>
     <power>249</power>
     <gpxtpx:TrackPointExtension>
      <gpxtpx:hr>156</gpxtpx:hr>
      <gpxtpx:cad>78</gpxtpx:cad>
     </gpxtpx:TrackPointExtension>
    </extensions>
   </trkpt>
   <trkpt lat="12.9830550" lon="77.6911590">
    <ele>888.6</ele>
    <time>2026-09-09T16:01:07Z</time>
    <extensions>
     <power>249</power>
     <gpxtpx:TrackPointExtension>
      <gpxtpx:hr>157</gpxtpx:hr>
      <gpxtpx:cad>78</gpxtpx:cad>
     </gpxtpx:TrackPointExtension>
    </extensions>
   </trkpt>
   <trkpt lat="12.9830770" lon="77.6911640">
    <ele>888.6</ele>
    <time>2026-09-09T16:01:08Z</time>
    <extensions>
     <power>249</power>
     <gpxtpx:TrackPointExtension>
      <gpxtpx:hr>156</gpxtpx:hr>
      <gpxtpx:cad>78</gpxtpx:cad>
     </gpxtpx:TrackPointExtension>
    </extensions>
   </trkpt>
   <trkpt lat="12.9830980" lon="77.6911700">
    <ele>888.6</ele>
    <time>2026-09-09T16:01:09Z</time>
    <extensions>
     <power>249</power>
     <gpxtpx:TrackPointExtension>
      <gpxtpx:hr>156</gpxtpx:hr>
      <gpxtpx:cad>78</gpxtpx:cad>
     </gpxtpx:TrackPointExtension>
    </extensions>
   </trkpt>
   <trkpt lat="12.9831200" lon="77.6911760">
    <ele>888.6</ele>
    <time>2026-09-09T16:01:10Z</time>
    <extensions>
     <power>249</power>
     <gpxtpx:TrackPointExtension>
      <gpxtpx:hr>157</gpxtpx:hr>
      <gpxtpx:cad>78</gpxtpx:cad>
     </gpxtpx:TrackPointExtension>
    </extensions>
   </trkpt>
   <trkpt lat="12.9831420" lon="77.6911810">
    <ele>888.6</ele>
    <time>2026-09-09T16:01:11Z</time>
    <extensions>
     <power>249</power>
     <gpxtpx:TrackPointExtension>
      <gpxtpx:hr>157</gpxtpx:hr>
      <gpxtpx:cad>79</gpxtpx:cad>
     </gpxtpx:TrackPointExtension>
    </extensions>
   </trkpt>
   <trkpt lat="12.9831640" lon="77.6911870">
    <ele>888.6</ele>
    <time>2026-09-09T16:01:12Z</time>
    <extensions>
     <power>249</power>
     <gpxtpx:TrackPointExtension>
      <gpxtpx:hr>157</gpxtpx:hr>
      <gpxtpx:cad>79</gpxtpx:cad>
     </gpxtpx:TrackPointExtension>
    </extensions>
   </trkpt>
   <trkpt lat="12.9831850" lon="77.6911920">
    <ele>888.6</ele>
    <time>2026-09-09T16:01:13Z</time>
    <extensions>
     <power>249</power>
     <gpxtpx:TrackPointExtension>
      <gpxtpx:hr>157</gpxtpx:hr>
      <gpxtpx:cad>79</gpxtpx:cad>
     </gpxtpx:TrackPointExtension>
    </extensions>
   </trkpt>
   <trkpt lat="12.9832070" lon="77.6911980">
    <ele>888.6</ele>
    <time>2026-09-09T16:01:14Z</time>
    <extensions>
     <power>249</power>
     <gpxtpx:TrackPointExtension>
      <gpxtpx:hr>158</gpxtpx:hr>
      <gpxtpx:cad>79</gpxtpx:cad>
     </gpxtpx:TrackPointExtension>
    </extensions>
   </trkpt>
   <trkpt lat="12.9832280" lon="77.6912040">
    <ele>888.6</ele>
    <time>2026-09-09T16:01:15Z</time>
    <extensions>
     <power>249</power>
     <gpxtpx:TrackPointExtension>
      <gpxtpx:hr>158</gpxtpx:hr>
      <gpxtpx:cad>79</gpxtpx:cad>
     </gpxtpx:TrackPointExtension>
    </extensions>
   </trkpt>
   <trkpt lat="12.9832500" lon="77.6912100">
    <ele>888.6</ele>
    <time>2026-09-09T16:01:16Z</time>
    <extensions>
     <power>246</power>
     <gpxtpx:TrackPointExtension>
      <gpxtpx:hr>158</gpxtpx:hr>
      <gpxtpx:cad>79</gpxtpx:cad>
     </gpxtpx:TrackPointExtension>
    </extensions>
   </trkpt>
   <trkpt lat="12.9832710" lon="77.6912150">
    <ele>888.6</ele>
    <time>2026-09-09T16:01:17Z</time>
    <extensions>
     <power>245</power>
     <gpxtpx:TrackPointExtension>
      <gpxtpx:hr>158</gpxtpx:hr>
      <gpxtpx:cad>79</gpxtpx:cad>
     </gpxtpx:TrackPointExtension>
    </extensions>
   </trkpt>
   <trkpt lat="12.9832920" lon="77.6912210">
    <ele>888.6</ele>
    <time>2026-09-09T16:01:18Z</time>
    <extensions>
     <power>245</power>
     <gpxtpx:TrackPointExtension>
      <gpxtpx:hr>158</gpxtpx:hr>
      <gpxtpx:cad>79</gpxtpx:cad>
     </gpxtpx:TrackPointExtension>
    </extensions>
   </trkpt>
   <trkpt lat="12.9833130" lon="77.6912270">
    <ele>888.4</ele>
    <time>2026-09-09T16:01:19Z</time>
    <extensions>
     <power>247</power>
     <gpxtpx:TrackPointExtension>
      <gpxtpx:hr>158</gpxtpx:hr>
      <gpxtpx:cad>78</gpxtpx:cad>
     </gpxtpx:TrackPointExtension>
    </extensions>
   </trkpt>
   <trkpt lat="12.9833340" lon="77.6912330">
    <ele>888.4</ele>
    <time>2026-09-09T16:01:20Z</time>
    <extensions>
     <power>251</power>
     <gpxtpx:TrackPointExtension>
      <gpxtpx:hr>158</gpxtpx:hr>
      <gpxtpx:cad>78</gpxtpx:cad>
     </gpxtpx:TrackPointExtension>
    </extensions>
   </trkpt>
   <trkpt lat="12.9833550" lon="77.6912380">
    <ele>888.4</ele>
    <time>2026-09-09T16:01:21Z</time>
    <extensions>
     <power>246</power>
     <gpxtpx:TrackPointExtension>
      <gpxtpx:hr>157</gpxtpx:hr>
      <gpxtpx:cad>77</gpxtpx:cad>
     </gpxtpx:TrackPointExtension>
    </extensions>
   </trkpt>
   <trkpt lat="12.9833760" lon="77.6912440">
    <ele>888.4</ele>
    <time>2026-09-09T16:01:22Z</time>
    <extensions>
     <power>244</power>
     <gpxtpx:TrackPointExtension>
      <gpxtpx:hr>157</gpxtpx:hr>
      <gpxtpx:cad>77</gpxtpx:cad>
     </gpxtpx:TrackPointExtension>
    </extensions>
   </trkpt>
   <trkpt lat="12.9833950" lon="77.6912490">
    <ele>888.4</ele>
    <time>2026-09-09T16:01:23Z</time>
    <extensions>
     <power>245</power>
     <gpxtpx:TrackPointExtension>
      <gpxtpx:hr>157</gpxtpx:hr>
      <gpxtpx:cad>76</gpxtpx:cad>
     </gpxtpx:TrackPointExtension>
    </extensions>
   </trkpt>
   <trkpt lat="12.9834150" lon="77.6912550">
    <ele>888.4</ele>
    <time>2026-09-09T16:01:24Z</time>
    <extensions>
     <power>248</power>
     <gpxtpx:TrackPointExtension>
      <gpxtpx:hr>158</gpxtpx:hr>
      <gpxtpx:cad>76</gpxtpx:cad>
     </gpxtpx:TrackPointExtension>
    </extensions>
   </trkpt>
   <trkpt lat="12.9834330" lon="77.6912610">
    <ele>888.4</ele>
    <time>2026-09-09T16:01:25Z</time>
    <extensions>
     <power>249</power>
     <gpxtpx:TrackPointExtension>
      <gpxtpx:hr>159</gpxtpx:hr>
      <gpxtpx:cad>76</gpxtpx:cad>
     </gpxtpx:TrackPointExtension>
    </extensions>
   </trkpt>
   <trkpt lat="12.9834520" lon="77.6912670">
    <ele>888.4</ele>
    <time>2026-09-09T16:01:26Z</time>
    <extensions>
     <power>244</power>
     <gpxtpx:TrackPointExtension>
      <gpxtpx:hr>159</gpxtpx:hr>
      <gpxtpx:cad>76</gpxtpx:cad>
     </gpxtpx:TrackPointExtension>
    </extensions>
   </trkpt>
   <trkpt lat="12.9834710" lon="77.6912740">
    <ele>888.4</ele>
    <time>2026-09-09T16:01:27Z</time>
    <extensions>
     <power>243</power>
     <gpxtpx:TrackPointExtension>
      <gpxtpx:hr>159</gpxtpx:hr>
      <gpxtpx:cad>76</gpxtpx:cad>
     </gpxtpx:TrackPointExtension>
    </extensions>
   </trkpt>
   <trkpt lat="12.9834890" lon="77.6912820">
    <ele>888.6</ele>
    <time>2026-09-09T16:01:28Z</time>
    <extensions>
     <power>246</power>
     <gpxtpx:TrackPointExtension>
      <gpxtpx:hr>160</gpxtpx:hr>
      <gpxtpx:cad>76</gpxtpx:cad>
     </gpxtpx:TrackPointExtension>
    </extensions>
   </trkpt>
   <trkpt lat="12.9835090" lon="77.6912890">
    <ele>888.6</ele>
    <time>2026-09-09T16:01:29Z</time>
    <extensions>
     <power>247</power>
     <gpxtpx:TrackPointExtension>
      <gpxtpx:hr>160</gpxtpx:hr>
      <gpxtpx:cad>76</gpxtpx:cad>
     </gpxtpx:TrackPointExtension>
    </extensions>
   </trkpt>
   <trkpt lat="12.9835280" lon="77.6912980">
    <ele>888.6</ele>
    <time>2026-09-09T16:01:30Z</time>
    <extensions>
     <power>247</power>
     <gpxtpx:TrackPointExtension>
      <gpxtpx:hr>160</gpxtpx:hr>
      <gpxtpx:cad>76</gpxtpx:cad>
     </gpxtpx:TrackPointExtension>
    </extensions>
   </trkpt>
   <trkpt lat="12.9835490" lon="77.6913060">
    <ele>888.6</ele>
    <time>2026-09-09T16:01:31Z</time>
    <extensions>
     <power>247</power>
     <gpxtpx:TrackPointExtension>
      <gpxtpx:hr>160</gpxtpx:hr>
      <gpxtpx:cad>76</gpxtpx:cad>
     </gpxtpx:TrackPointExtension>
    </extensions>
   </trkpt>
   <trkpt lat="12.9835710" lon="77.6913160">
    <ele>888.6</ele>
    <time>2026-09-09T16:01:32Z</time>
    <extensions>
     <power>242</power>
     <gpxtpx:TrackPointExtension>
      <gpxtpx:hr>160</gpxtpx:hr>
      <gpxtpx:cad>76</gpxtpx:cad>
     </gpxtpx:TrackPointExtension>
    </extensions>
   </trkpt>
   <trkpt lat="12.9835890" lon="77.6913250">
    <ele>888.6</ele>
    <time>2026-09-09T16:01:33Z</time>
    <extensions>
     <power>241</power>
     <gpxtpx:TrackPointExtension>
      <gpxtpx:hr>160</gpxtpx:hr>
      <gpxtpx:cad>76</gpxtpx:cad>
     </gpxtpx:TrackPointExtension>
    </extensions>
   </trkpt>
   <trkpt lat="12.9836090" lon="77.6913360">
    <ele>888.6</ele>
    <time>2026-09-09T16:01:34Z</time>
    <extensions>
     <power>240</power>
     <gpxtpx:TrackPointExtension>
      <gpxtpx:hr>160</gpxtpx:hr>
      <gpxtpx:cad>76</gpxtpx:cad>
     </gpxtpx:TrackPointExtension>
    </extensions>
   </trkpt>
   <trkpt lat="12.9836270" lon="77.6913500">
    <ele>888.6</ele>
    <time>2026-09-09T16:01:35Z</time>
    <extensions>
     <power>240</power>
     <gpxtpx:TrackPointExtension>
      <gpxtpx:hr>160</gpxtpx:hr>
      <gpxtpx:cad>76</gpxtpx:cad>
     </gpxtpx:TrackPointExtension>
    </extensions>
   </trkpt>
   <trkpt lat="12.9836400" lon="77.6913660">
    <ele>888.6</ele>
    <time>2026-09-09T16:01:36Z</time>
    <extensions>
     <power>240</power>
     <gpxtpx:TrackPointExtension>
      <gpxtpx:hr>161</gpxtpx:hr>
      <gpxtpx:cad>76</gpxtpx:cad>
     </gpxtpx:TrackPointExtension>
    </extensions>
   </trkpt>
   <trkpt lat="12.9836470" lon="77.6913860">
    <ele>888.6</ele>
    <time>2026-09-09T16:01:37Z</time>
    <extensions>
     <power>242</power>
     <gpxtpx:TrackPointExtension>
      <gpxtpx:hr>161</gpxtpx:hr>
      <gpxtpx:cad>76</gpxtpx:cad>
     </gpxtpx:TrackPointExtension>
    </extensions>
   </trkpt>
   <trkpt lat="12.9836500" lon="77.6914080">
    <ele>888.6</ele>
    <time>2026-09-09T16:01:38Z</time>
    <extensions>
     <power>242</power>
     <gpxtpx:TrackPointExtension>
      <gpxtpx:hr>161</gpxtpx:hr>
      <gpxtpx:cad>76</gpxtpx:cad>
     </gpxtpx:TrackPointExtension>
    </extensions>
   </trkpt>
   <trkpt lat="12.9836490" lon="77.6914260">
    <ele>888.6</ele>
    <time>2026-09-09T16:01:39Z</time>
    <extensions>
     <power>242</power>
     <gpxtpx:TrackPointExtension>
      <gpxtpx:hr>161</gpxtpx:hr>
      <gpxtpx:cad>77</gpxtpx:cad>
     </gpxtpx:TrackPointExtension>
    </extensions>
   </trkpt>
   <trkpt lat="12.9836460" lon="77.6914460">
    <ele>888.6</ele>
    <time>2026-09-09T16:01:40Z</time>
    <extensions>
     <power>242</power>
     <gpxtpx:TrackPointExtension>
      <gpxtpx:hr>162</gpxtpx:hr>
      <gpxtpx:cad>77</gpxtpx:cad>
     </gpxtpx:TrackPointExtension>
    </extensions>
   </trkpt>
   <trkpt lat="12.9836430" lon="77.6914660">
    <ele>888.6</ele>
    <time>2026-09-09T16:01:41Z</time>
    <extensions>
     <power>246</power>
     <gpxtpx:TrackPointExtension>
      <gpxtpx:hr>162</gpxtpx:hr>
      <gpxtpx:cad>77</gpxtpx:cad>
     </gpxtpx:TrackPointExtension>
    </extensions>
   </trkpt>
   <trkpt lat="12.9836390" lon="77.6914850">
    <ele>888.6</ele>
    <time>2026-09-09T16:01:42Z</time>
    <extensions>
     <power>243</power>
     <gpxtpx:TrackPointExtension>
      <gpxtpx:hr>162</gpxtpx:hr>
      <gpxtpx:cad>77</gpxtpx:cad>
     </gpxtpx:TrackPointExtension>
    </extensions>
   </trkpt>
   <trkpt lat="12.9836350" lon="77.6915030">
    <ele>888.6</ele>
    <time>2026-09-09T16:01:43Z</time>
    <extensions>
     <power>242</power>
     <gpxtpx:TrackPointExtension>
      <gpxtpx:hr>161</gpxtpx:hr>
      <gpxtpx:cad>77</gpxtpx:cad>
     </gpxtpx:TrackPointExtension>
    </extensions>
   </trkpt>
   <trkpt lat="12.9836300" lon="77.6915210">
    <ele>888.6</ele>
    <time>2026-09-09T16:01:44Z</time>
    <extensions>
     <power>241</power>
     <gpxtpx:TrackPointExtension>
      <gpxtpx:hr>162</gpxtpx:hr>
      <gpxtpx:cad>77</gpxtpx:cad>
     </gpxtpx:TrackPointExtension>
    </extensions>
   </trkpt>
   <trkpt lat="12.9836250" lon="77.6915380">
    <ele>888.6</ele>
    <time>2026-09-09T16:01:45Z</time>
    <extensions>
     <power>236</power>
     <gpxtpx:TrackPointExtension>
      <gpxtpx:hr>161</gpxtpx:hr>
      <gpxtpx:cad>76</gpxtpx:cad>
     </gpxtpx:TrackPointExtension>
    </extensions>
   </trkpt>
   <trkpt lat="12.9836190" lon="77.6915550">
    <ele>888.6</ele>
    <time>2026-09-09T16:01:46Z</time>
    <extensions>
     <power>235</power>
     <gpxtpx:TrackPointExtension>
      <gpxtpx:hr>161</gpxtpx:hr>
      <gpxtpx:cad>76</gpxtpx:cad>
     </gpxtpx:TrackPointExtension>
    </extensions>
   </trkpt>
   <trkpt lat="12.9836130" lon="77.6915730">
    <ele>888.6</ele>
    <time>2026-09-09T16:01:47Z</time>
    <extensions>
     <power>238</power>
     <gpxtpx:TrackPointExtension>
      <gpxtpx:hr>161</gpxtpx:hr>
      <gpxtpx:cad>76</gpxtpx:cad>
     </gpxtpx:TrackPointExtension>
    </extensions>
   </trkpt>
   <trkpt lat="12.9836060" lon="77.6915930">
    <ele>888.6</ele>
    <time>2026-09-09T16:01:48Z</time>
    <extensions>
     <power>235</power>
     <gpxtpx:TrackPointExtension>
      <gpxtpx:hr>161</gpxtpx:hr>
      <gpxtpx:cad>77</gpxtpx:cad>
     </gpxtpx:TrackPointExtension>
    </extensions>
   </trkpt>
   <trkpt lat="12.9836000" lon="77.6916120">
    <ele>888.6</ele>
    <time>2026-09-09T16:01:49Z</time>
    <extensions>
     <power>235</power>
     <gpxtpx:TrackPointExtension>
      <gpxtpx:hr>161</gpxtpx:hr>
      <gpxtpx:cad>77</gpxtpx:cad>
     </gpxtpx:TrackPointExtension>
    </extensions>
   </trkpt>
   <trkpt lat="12.9835930" lon="77.6916340">
    <ele>888.6</ele>
    <time>2026-09-09T16:01:50Z</time>
    <extensions>
     <power>243</power>
     <gpxtpx:TrackPointExtension>
      <gpxtpx:hr>160</gpxtpx:hr>
      <gpxtpx:cad>78</gpxtpx:cad>
     </gpxtpx:TrackPointExtension>
    </extensions>
   </trkpt>
   <trkpt lat="12.9835850" lon="77.6916560">
    <ele>888.6</ele>
    <time>2026-09-09T16:01:51Z</time>
    <extensions>
     <power>244</power>
     <gpxtpx:TrackPointExtension>
      <gpxtpx:hr>160</gpxtpx:hr>
      <gpxtpx:cad>79</gpxtpx:cad>
     </gpxtpx:TrackPointExtension>
    </extensions>
   </trkpt>
   <trkpt lat="12.9835770" lon="77.6916770">
    <ele>888.6</ele>
    <time>2026-09-09T16:01:52Z</time>
    <extensions>
     <power>244</power>
     <gpxtpx:TrackPointExtension>
      <gpxtpx:hr>160</gpxtpx:hr>
      <gpxtpx:cad>79</gpxtpx:cad>
     </gpxtpx:TrackPointExtension>
    </extensions>
   </trkpt>
   <trkpt lat="12.9835690" lon="77.6917010">
    <ele>888.4</ele>
    <time>2026-09-09T16:01:53Z</time>
    <extensions>
     <power>247</power>
     <gpxtpx:TrackPointExtension>
      <gpxtpx:hr>161</gpxtpx:hr>
      <gpxtpx:cad>79</gpxtpx:cad>
     </gpxtpx:TrackPointExtension>
    </extensions>
   </trkpt>
   <trkpt lat="12.9835600" lon="77.6917230">
    <ele>888.4</ele>
    <time>2026-09-09T16:01:54Z</time>
    <extensions>
     <power>247</power>
     <gpxtpx:TrackPointExtension>
      <gpxtpx:hr>161</gpxtpx:hr>
      <gpxtpx:cad>79</gpxtpx:cad>
     </gpxtpx:TrackPointExtension>
    </extensions>
   </trkpt>
   <trkpt lat="12.9835510" lon="77.6917450">
    <ele>888.4</ele>
    <time>2026-09-09T16:01:55Z</time>
    <extensions>
     <power>244</power>
     <gpxtpx:TrackPointExtension>
      <gpxtpx:hr>162</gpxtpx:hr>
      <gpxtpx:cad>79</gpxtpx:cad>
     </gpxtpx:TrackPointExtension>
    </extensions>
   </trkpt>
   <trkpt lat="12.9835400" lon="77.6917660">
    <ele>888.4</ele>
    <time>2026-09-09T16:01:56Z</time>
    <extensions>
     <power>239</power>
     <gpxtpx:TrackPointExtension>
      <gpxtpx:hr>162</gpxtpx:hr>
      <gpxtpx:cad>79</gpxtpx:cad>
     </gpxtpx:TrackPointExtension>
    </extensions>
   </trkpt>
   <trkpt lat="12.9835270" lon="77.6917860">
    <ele>888.4</ele>
    <time>2026-09-09T16:01:57Z</time>
    <extensions>
     <power>238</power>
     <gpxtpx:TrackPointExtension>
      <gpxtpx:hr>162</gpxtpx:hr>
      <gpxtpx:cad>79</gpxtpx:cad>
     </gpxtpx:TrackPointExtension>
    </extensions>
   </trkpt>
   <trkpt lat="12.9835120" lon="77.6918020">
    <ele>888.4</ele>
    <time>2026-09-09T16:01:58Z</time>
    <extensions>
     <power>238</power>
     <gpxtpx:TrackPointExtension>
      <gpxtpx:hr>162</gpxtpx:hr>
      <gpxtpx:cad>80</gpxtpx:cad>
     </gpxtpx:TrackPointExtension>
    </extensions>
   </trkpt>
   <trkpt lat="12.9834950" lon="77.6918190">
    <ele>888.4</ele>
    <time>2026-09-09T16:01:59Z</time>
    <extensions>
     <power>235</power>
     <gpxtpx:TrackPointExtension>
      <gpxtpx:hr>162</gpxtpx:hr>
      <gpxtpx:cad>80</gpxtpx:cad>
     </gpxtpx:TrackPointExtension>
    </extensions>
   </trkpt>
   <trkpt lat="12.9834780" lon="77.6918330">
    <ele>888.4</ele>
    <time>2026-09-09T16:02:00Z</time>
    <extensions>
     <power>236</power>
     <gpxtpx:TrackPointExtension>
      <gpxtpx:hr>162</gpxtpx:hr>
      <gpxtpx:cad>80</gpxtpx:cad>
     </gpxtpx:TrackPointExtension>
    </extensions>
   </trkpt>
   <trkpt lat="12.9834600" lon="77.6918450">
    <ele>888.4</ele>
    <time>2026-09-09T16:02:01Z</time>
    <extensions>
     <power>236</power>
     <gpxtpx:TrackPointExtension>
      <gpxtpx:hr>163</gpxtpx:hr>
      <gpxtpx:cad>80</gpxtpx:cad>
     </gpxtpx:TrackPointExtension>
    </extensions>
   </trkpt>
   <trkpt lat="12.9834420" lon="77.6918540">
    <ele>888.4</ele>
    <time>2026-09-09T16:02:02Z</time>
    <extensions>
     <power>238</power>
     <gpxtpx:TrackPointExtension>
      <gpxtpx:hr>163</gpxtpx:hr>
      <gpxtpx:cad>80</gpxtpx:cad>
     </gpxtpx:TrackPointExtension>
    </extensions>
   </trkpt>
   <trkpt lat="12.9834230" lon="77.6918590">
    <ele>888.4</ele>
    <time>2026-09-09T16:02:03Z</time>
    <extensions>
     <power>243</power>
     <gpxtpx:TrackPointExtension>
      <gpxtpx:hr>163</gpxtpx:hr>
      <gpxtpx:cad>79</gpxtpx:cad>
     </gpxtpx:TrackPointExtension>
    </extensions>
   </trkpt>
   <trkpt lat="12.9834050" lon="77.6918620">
    <ele>888.4</ele>
    <time>2026-09-09T16:02:04Z</time>
    <extensions>
     <power>244</power>
     <gpxtpx:TrackPointExtension>
      <gpxtpx:hr>163</gpxtpx:hr>
      <gpxtpx:cad>78</gpxtpx:cad>
     </gpxtpx:TrackPointExtension>
    </extensions>
   </trkpt>
   <trkpt lat="12.9833850" lon="77.6918630">
    <ele>888.4</ele>
    <time>2026-09-09T16:02:05Z</time>
    <extensions>
     <power>244</power>
     <gpxtpx:TrackPointExtension>
      <gpxtpx:hr>162</gpxtpx:hr>
      <gpxtpx:cad>78</gpxtpx:cad>
     </gpxtpx:TrackPointExtension>
    </extensions>
   </trkpt>
   <trkpt lat="12.9833660" lon="77.6918640">
    <ele>888.4</ele>
    <time>2026-09-09T16:02:06Z</time>
    <extensions>
     <power>251</power>
     <gpxtpx:TrackPointExtension>
      <gpxtpx:hr>162</gpxtpx:hr>
      <gpxtpx:cad>78</gpxtpx:cad>
     </gpxtpx:TrackPointExtension>
    </extensions>
   </trkpt>
   <trkpt lat="12.9833450" lon="77.6918640">
    <ele>888.4</ele>
    <time>2026-09-09T16:02:07Z</time>
    <extensions>
     <power>245</power>
     <gpxtpx:TrackPointExtension>
      <gpxtpx:hr>162</gpxtpx:hr>
      <gpxtpx:cad>78</gpxtpx:cad>
     </gpxtpx:TrackPointExtension>
    </extensions>
   </trkpt>
   <trkpt lat="12.9833250" lon="77.6918630">
    <ele>888.4</ele>
    <time>2026-09-09T16:02:08Z</time>
    <extensions>
     <power>251</power>
     <gpxtpx:TrackPointExtension>
      <gpxtpx:hr>162</gpxtpx:hr>
      <gpxtpx:cad>79</gpxtpx:cad>
     </gpxtpx:TrackPointExtension>
    </extensions>
   </trkpt>
   <trkpt lat="12.9833040" lon="77.6918640">
    <ele>888.4</ele>
    <time>2026-09-09T16:02:09Z</time>
    <extensions>
     <power>259</power>
     <gpxtpx:TrackPointExtension>
      <gpxtpx:hr>162</gpxtpx:hr>
      <gpxtpx:cad>79</gpxtpx:cad>
     </gpxtpx:TrackPointExtension>
    </extensions>
   </trkpt>
   <trkpt lat="12.9832830" lon="77.6918670">
    <ele>888.4</ele>
    <time>2026-09-09T16:02:10Z</time>
    <extensions>
     <power>255</power>
     <gpxtpx:TrackPointExtension>
      <gpxtpx:hr>162</gpxtpx:hr>
      <gpxtpx:cad>79</gpxtpx:cad>
     </gpxtpx:TrackPointExtension>
    </extensions>
   </trkpt>
   <trkpt lat="12.9832650" lon="77.6918730">
    <ele>888.4</ele>
    <time>2026-09-09T16:02:11Z</time>
    <extensions>
     <power>254</power>
     <gpxtpx:TrackPointExtension>
      <gpxtpx:hr>162</gpxtpx:hr>
      <gpxtpx:cad>79</gpxtpx:cad>
     </gpxtpx:TrackPointExtension>
    </extensions>
   </trkpt>
   <trkpt lat="12.9832460" lon="77.6918840">
    <ele>888.4</ele>
    <time>2026-09-09T16:02:12Z</time>
    <extensions>
     <power>257</power>
     <gpxtpx:TrackPointExtension>
      <gpxtpx:hr>162</gpxtpx:hr>
      <gpxtpx:cad>78</gpxtpx:cad>
     </gpxtpx:TrackPointExtension>
    </extensions>
   </trkpt>
   <trkpt lat="12.9832300" lon="77.6918960">
    <ele>888.4</ele>
    <time>2026-09-09T16:02:13Z</time>
    <extensions>
     <power>257</power>
     <gpxtpx:TrackPointExtension>
      <gpxtpx:hr>162</gpxtpx:hr>
      <gpxtpx:cad>78</gpxtpx:cad>
     </gpxtpx:TrackPointExtension>
    </extensions>
   </trkpt>
   <trkpt lat="12.9832150" lon="77.6919100">
    <ele>888.4</ele>
    <time>2026-09-09T16:02:14Z</time>
    <extensions>
     <power>261</power>
     <gpxtpx:TrackPointExtension>
      <gpxtpx:hr>162</gpxtpx:hr>
      <gpxtpx:cad>78</gpxtpx:cad>
     </gpxtpx:TrackPointExtension>
    </extensions>
   </trkpt>
   <trkpt lat="12.9832000" lon="77.6919260">
    <ele>888.4</ele>
    <time>2026-09-09T16:02:15Z</time>
    <extensions>
     <power>259</power>
     <gpxtpx:TrackPointExtension>
      <gpxtpx:hr>163</gpxtpx:hr>
      <gpxtpx:cad>78</gpxtpx:cad>
     </gpxtpx:TrackPointExtension>
    </extensions>
   </trkpt>
   <trkpt lat="12.9831880" lon="77.6919420">
    <ele>888.4</ele>
    <time>2026-09-09T16:02:16Z</time>
    <extensions>
     <power>259</power>
     <gpxtpx:TrackPointExtension>
      <gpxtpx:hr>162</gpxtpx:hr>
      <gpxtpx:cad>78</gpxtpx:cad>
     </gpxtpx:TrackPointExtension>
    </extensions>
   </trkpt>
   <trkpt lat="12.9831770" lon="77.6919580">
    <ele>888.2</ele>
    <time>2026-09-09T16:02:17Z</time>
    <extensions>
     <power>259</power>
     <gpxtpx:TrackPointExtension>
      <gpxtpx:hr>162</gpxtpx:hr>
      <gpxtpx:cad>78</gpxtpx:cad>
     </gpxtpx:TrackPointExtension>
    </extensions>
   </trkpt>
   <trkpt lat="12.9831660" lon="77.6919750">
    <ele>888.2</ele>
    <time>2026-09-09T16:02:18Z</time>
    <extensions>
     <power>254</power>
     <gpxtpx:TrackPointExtension>
      <gpxtpx:hr>161</gpxtpx:hr>
      <gpxtpx:cad>78</gpxtpx:cad>
     </gpxtpx:TrackPointExtension>
    </extensions>
   </trkpt>
   <trkpt lat="12.9831540" lon="77.6919910">
    <ele>888.2</ele>
    <time>2026-09-09T16:02:19Z</time>
    <extensions>
     <power>258</power>
     <gpxtpx:TrackPointExtension>
      <gpxtpx:hr>160</gpxtpx:hr>
      <gpxtpx:cad>78</gpxtpx:cad>
     </gpxtpx:TrackPointExtension>
    </extensions>
   </trkpt>
   <trkpt lat="12.9831410" lon="77.6920060">
    <ele>888.2</ele>
    <time>2026-09-09T16:02:20Z</time>
    <extensions>
     <power>254</power>
     <gpxtpx:TrackPointExtension>
      <gpxtpx:hr>160</gpxtpx:hr>
      <gpxtpx:cad>78</gpxtpx:cad>
     </gpxtpx:TrackPointExtension>
    </extensions>
   </trkpt>
   <trkpt lat="12.9831270" lon="77.6920210">
    <ele>888.2</ele>
    <time>2026-09-09T16:02:21Z</time>
    <extensions>
     <power>251</power>
     <gpxtpx:TrackPointExtension>
      <gpxtpx:hr>160</gpxtpx:hr>
      <gpxtpx:cad>78</gpxtpx:cad>
     </gpxtpx:TrackPointExtension>
    </extensions>
   </trkpt>
   <trkpt lat="12.9831120" lon="77.6920350">
    <ele>888.2</ele>
    <time>2026-09-09T16:02:22Z</time>
    <extensions>
     <power>250</power>
     <gpxtpx:TrackPointExtension>
      <gpxtpx:hr>160</gpxtpx:hr>
      <gpxtpx:cad>78</gpxtpx:cad>
     </gpxtpx:TrackPointExtension>
    </extensions>
   </trkpt>
   <trkpt lat="12.9830960" lon="77.6920470">
    <ele>888.2</ele>
    <time>2026-09-09T16:02:23Z</time>
    <extensions>
     <power>252</power>
     <gpxtpx:TrackPointExtension>
      <gpxtpx:hr>160</gpxtpx:hr>
      <gpxtpx:cad>78</gpxtpx:cad>
     </gpxtpx:TrackPointExtension>
    </extensions>
   </trkpt>
   <trkpt lat="12.9830800" lon="77.6920570">
    <ele>888.2</ele>
    <time>2026-09-09T16:02:24Z</time>
    <extensions>
     <power>256</power>
     <gpxtpx:TrackPointExtension>
      <gpxtpx:hr>161</gpxtpx:hr>
      <gpxtpx:cad>78</gpxtpx:cad>
     </gpxtpx:TrackPointExtension>
    </extensions>
   </trkpt>
   <trkpt lat="12.9830630" lon="77.6920680">
    <ele>888.2</ele>
    <time>2026-09-09T16:02:25Z</time>
    <extensions>
     <power>257</power>
     <gpxtpx:TrackPointExtension>
      <gpxtpx:hr>160</gpxtpx:hr>
      <gpxtpx:cad>78</gpxtpx:cad>
     </gpxtpx:TrackPointExtension>
    </extensions>
   </trkpt>
   <trkpt lat="12.9830470" lon="77.6920790">
    <ele>888.2</ele>
    <time>2026-09-09T16:02:26Z</time>
    <extensions>
     <power>251</power>
     <gpxtpx:TrackPointExtension>
      <gpxtpx:hr>158</gpxtpx:hr>
      <gpxtpx:cad>77</gpxtpx:cad>
     </gpxtpx:TrackPointExtension>
    </extensions>
   </trkpt>
   <trkpt lat="12.9830310" lon="77.6920890">
    <ele>888.2</ele>
    <time>2026-09-09T16:02:27Z</time>
    <extensions>
     <power>250</power>
     <gpxtpx:TrackPointExtension>
      <gpxtpx:hr>158</gpxtpx:hr>
      <gpxtpx:cad>77</gpxtpx:cad>
     </gpxtpx:TrackPointExtension>
    </extensions>
   </trkpt>
   <trkpt lat="12.9830150" lon="77.6921000">
    <ele>888.2</ele>
    <time>2026-09-09T16:02:28Z</time>
    <extensions>
     <power>258</power>
     <gpxtpx:TrackPointExtension>
      <gpxtpx:hr>156</gpxtpx:hr>
      <gpxtpx:cad>76</gpxtpx:cad>
     </gpxtpx:TrackPointExtension>
    </extensions>
   </trkpt>
   <trkpt lat="12.9829990" lon="77.6921110">
    <ele>888.2</ele>
    <time>2026-09-09T16:02:29Z</time>
    <extensions>
     <power>259</power>
     <gpxtpx:TrackPointExtension>
      <gpxtpx:hr>155</gpxtpx:hr>
      <gpxtpx:cad>76</gpxtpx:cad>
     </gpxtpx:TrackPointExtension>
    </extensions>
   </trkpt>
   <trkpt lat="12.9829850" lon="77.6921220">
    <ele>888.4</ele>
    <time>2026-09-09T16:02:30Z</time>
    <extensions>
     <power>262</power>
     <gpxtpx:TrackPointExtension>
      <gpxtpx:hr>154</gpxtpx:hr>
      <gpxtpx:cad>75</gpxtpx:cad>
     </gpxtpx:TrackPointExtension>
    </extensions>
   </trkpt>
   <trkpt lat="12.9829690" lon="77.6921320">
    <ele>888.4</ele>
    <time>2026-09-09T16:02:31Z</time>
    <extensions>
     <power>256</power>
     <gpxtpx:TrackPointExtension>
      <gpxtpx:hr>153</gpxtpx:hr>
      <gpxtpx:cad>75</gpxtpx:cad>
     </gpxtpx:TrackPointExtension>
    </extensions>
   </trkpt>
   <trkpt lat="12.9829550" lon="77.6921430">
    <ele>888.4</ele>
    <time>2026-09-09T16:02:32Z</time>
    <extensions>
     <power>252</power>
     <gpxtpx:TrackPointExtension>
      <gpxtpx:hr>152</gpxtpx:hr>
      <gpxtpx:cad>75</gpxtpx:cad>
     </gpxtpx:TrackPointExtension>
    </extensions>
   </trkpt>
   <trkpt lat="12.9829390" lon="77.6921530">
    <ele>888.4</ele>
    <time>2026-09-09T16:02:33Z</time>
    <extensions>
     <power>250</power>
     <gpxtpx:TrackPointExtension>
      <gpxtpx:hr>151</gpxtpx:hr>
      <gpxtpx:cad>75</gpxtpx:cad>
     </gpxtpx:TrackPointExtension>
    </extensions>
   </trkpt>
   <trkpt lat="12.9829250" lon="77.6921630">
    <ele>888.4</ele>
    <time>2026-09-09T16:02:34Z</time>
    <extensions>
     <power>247</power>
     <gpxtpx:TrackPointExtension>
      <gpxtpx:hr>150</gpxtpx:hr>
      <gpxtpx:cad>75</gpxtpx:cad>
     </gpxtpx:TrackPointExtension>
    </extensions>
   </trkpt>
   <trkpt lat="12.9829100" lon="77.6921730">
    <ele>888.4</ele>
    <time>2026-09-09T16:02:35Z</time>
    <extensions>
     <power>248</power>
     <gpxtpx:TrackPointExtension>
      <gpxtpx:hr>150</gpxtpx:hr>
      <gpxtpx:cad>74</gpxtpx:cad>
     </gpxtpx:TrackPointExtension>
    </extensions>
   </trkpt>
   <trkpt lat="12.9828960" lon="77.6921840">
    <ele>888.4</ele>
    <time>2026-09-09T16:02:36Z</time>
    <extensions>
     <power>248</power>
     <gpxtpx:TrackPointExtension>
      <gpxtpx:hr>150</gpxtpx:hr>
      <gpxtpx:cad>74</gpxtpx:cad>
     </gpxtpx:TrackPointExtension>
    </extensions>
   </trkpt>
   <trkpt lat="12.9828820" lon="77.6921950">
    <ele>888.4</ele>
    <time>2026-09-09T16:02:37Z</time>
    <extensions>
     <power>248</power>
     <gpxtpx:TrackPointExtension>
      <gpxtpx:hr>150</gpxtpx:hr>
      <gpxtpx:cad>74</gpxtpx:cad>
     </gpxtpx:TrackPointExtension>
    </extensions>
   </trkpt>
   <trkpt lat="12.9828680" lon="77.6922070">
    <ele>888.4</ele>
    <time>2026-09-09T16:02:38Z</time>
    <extensions>
     <power>248</power>
     <gpxtpx:TrackPointExtension>
      <gpxtpx:hr>150</gpxtpx:hr>
      <gpxtpx:cad>74</gpxtpx:cad>
     </gpxtpx:TrackPointExtension>
    </extensions>
   </trkpt>
   <trkpt lat="12.9828540" lon="77.6922180">
    <ele>888.4</ele>
    <time>2026-09-09T16:02:39Z</time>
    <extensions>
     <power>232</power>
     <gpxtpx:TrackPointExtension>
      <gpxtpx:hr>150</gpxtpx:hr>
      <gpxtpx:cad>75</gpxtpx:cad>
     </gpxtpx:TrackPointExtension>
    </extensions>
   </trkpt>
   <trkpt lat="12.9828400" lon="77.6922300">
    <ele>888.4</ele>
    <time>2026-09-09T16:02:40Z</time>
    <extensions>
     <power>228</power>
     <gpxtpx:TrackPointExtension>
      <gpxtpx:hr>149</gpxtpx:hr>
      <gpxtpx:cad>75</gpxtpx:cad>
     </gpxtpx:TrackPointExtension>
    </extensions>
   </trkpt>
   <trkpt lat="12.9828270" lon="77.6922420">
    <ele>888.4</ele>
    <time>2026-09-09T16:02:41Z</time>
    <extensions>
     <power>227</power>
     <gpxtpx:TrackPointExtension>
      <gpxtpx:hr>149</gpxtpx:hr>
      <gpxtpx:cad>75</gpxtpx:cad>
     </gpxtpx:TrackPointExtension>
    </extensions>
   </trkpt>
   <trkpt lat="12.9828150" lon="77.6922560">
    <ele>888.4</ele>
    <time>2026-09-09T16:02:42Z</time>
    <extensions>
     <power>218</power>
     <gpxtpx:TrackPointExtension>
      <gpxtpx:hr>149</gpxtpx:hr>
      <gpxtpx:cad>76</gpxtpx:cad>
     </gpxtpx:TrackPointExtension>
    </extensions>
   </trkpt>
   <trkpt lat="12.9828050" lon="77.6922700">
    <ele>888.4</ele>
    <time>2026-09-09T16:02:43Z</time>
    <extensions>
     <power>216</power>
     <gpxtpx:TrackPointExtension>
      <gpxtpx:hr>150</gpxtpx:hr>
      <gpxtpx:cad>76</gpxtpx:cad>
     </gpxtpx:TrackPointExtension>
    </extensions>
   </trkpt>
   <trkpt lat="12.9827940" lon="77.6922840">
    <ele>888.4</ele>
    <time>2026-09-09T16:02:44Z</time>
    <extensions>
     <power>208</power>
     <gpxtpx:TrackPointExtension>
      <gpxtpx:hr>150</gpxtpx:hr>
      <gpxtpx:cad>76</gpxtpx:cad>
     </gpxtpx:TrackPointExtension>
    </extensions>
   </trkpt>
   <trkpt lat="12.9827840" lon="77.6923000">
    <ele>888.4</ele>
    <time>2026-09-09T16:02:45Z</time>
    <extensions>
     <power>206</power>
     <gpxtpx:TrackPointExtension>
      <gpxtpx:hr>151</gpxtpx:hr>
      <gpxtpx:cad>77</gpxtpx:cad>
     </gpxtpx:TrackPointExtension>
    </extensions>
   </trkpt>
   <trkpt lat="12.9827740" lon="77.6923160">
    <ele>888.4</ele>
    <time>2026-09-09T16:02:46Z</time>
    <extensions>
     <power>209</power>
     <gpxtpx:TrackPointExtension>
      <gpxtpx:hr>152</gpxtpx:hr>
      <gpxtpx:cad>77</gpxtpx:cad>
     </gpxtpx:TrackPointExtension>
    </extensions>
   </trkpt>
   <trkpt lat="12.9827650" lon="77.6923330">
    <ele>888.4</ele>
    <time>2026-09-09T16:02:47Z</time>
    <extensions>
     <power>209</power>
     <gpxtpx:TrackPointExtension>
      <gpxtpx:hr>152</gpxtpx:hr>
      <gpxtpx:cad>78</gpxtpx:cad>
     </gpxtpx:TrackPointExtension>
    </extensions>
   </trkpt>
   <trkpt lat="12.9827570" lon="77.6923500">
    <ele>888.4</ele>
    <time>2026-09-09T16:02:48Z</time>
    <extensions>
     <power>206</power>
     <gpxtpx:TrackPointExtension>
      <gpxtpx:hr>152</gpxtpx:hr>
      <gpxtpx:cad>78</gpxtpx:cad>
     </gpxtpx:TrackPointExtension>
    </extensions>
   </trkpt>
   <trkpt lat="12.9827490" lon="77.6923670">
    <ele>888.4</ele>
    <time>2026-09-09T16:02:49Z</time>
    <extensions>
     <power>206</power>
     <gpxtpx:TrackPointExtension>
      <gpxtpx:hr>151</gpxtpx:hr>
      <gpxtpx:cad>78</gpxtpx:cad>
     </gpxtpx:TrackPointExtension>
    </extensions>
   </trkpt>
   <trkpt lat="12.9827380" lon="77.6923830">
    <ele>888.4</ele>
    <time>2026-09-09T16:02:50Z</time>
    <extensions>
     <power>202</power>
     <gpxtpx:TrackPointExtension>
      <gpxtpx:hr>152</gpxtpx:hr>
      <gpxtpx:cad>78</gpxtpx:cad>
     </gpxtpx:TrackPointExtension>
    </extensions>
   </trkpt>
   <trkpt lat="12.9827270" lon="77.6923960">
    <ele>888.4</ele>
    <time>2026-09-09T16:02:51Z</time>
    <extensions>
     <power>202</power>
     <gpxtpx:TrackPointExtension>
      <gpxtpx:hr>152</gpxtpx:hr>
      <gpxtpx:cad>77</gpxtpx:cad>
     </gpxtpx:TrackPointExtension>
    </extensions>
   </trkpt>
   <trkpt lat="12.9827130" lon="77.6924050">
    <ele>888.4</ele>
    <time>2026-09-09T16:02:52Z</time>
    <extensions>
     <power>205</power>
     <gpxtpx:TrackPointExtension>
      <gpxtpx:hr>152</gpxtpx:hr>
      <gpxtpx:cad>77</gpxtpx:cad>
     </gpxtpx:TrackPointExtension>
    </extensions>
   </trkpt>
   <trkpt lat="12.9826970" lon="77.6924110">
    <ele>888.6</ele>
    <time>2026-09-09T16:02:53Z</time>
    <extensions>
     <power>204</power>
     <gpxtpx:TrackPointExtension>
      <gpxtpx:hr>152</gpxtpx:hr>
      <gpxtpx:cad>76</gpxtpx:cad>
     </gpxtpx:TrackPointExtension>
    </extensions>
   </trkpt>
   <trkpt lat="12.9826800" lon="77.6924140">
    <ele>888.6</ele>
    <time>2026-09-09T16:02:54Z</time>
    <extensions>
     <power>201</power>
     <gpxtpx:TrackPointExtension>
      <gpxtpx:hr>152</gpxtpx:hr>
      <gpxtpx:cad>76</gpxtpx:cad>
     </gpxtpx:TrackPointExtension>
    </extensions>
   </trkpt>
   <trkpt lat="12.9826620" lon="77.6924150">
    <ele>888.6</ele>
    <time>2026-09-09T16:02:55Z</time>
    <extensions>
     <power>203</power>
     <gpxtpx:TrackPointExtension>
      <gpxtpx:hr>152</gpxtpx:hr>
      <gpxtpx:cad>76</gpxtpx:cad>
     </gpxtpx:TrackPointExtension>
    </extensions>
   </trkpt>
   <trkpt lat="12.9826450" lon="77.6924140">
    <ele>888.6</ele>
    <time>2026-09-09T16:02:56Z</time>
    <extensions>
     <power>204</power>
     <gpxtpx:TrackPointExtension>
      <gpxtpx:hr>152</gpxtpx:hr>
      <gpxtpx:cad>76</gpxtpx:cad>
     </gpxtpx:TrackPointExtension>
    </extensions>
   </trkpt>
   <trkpt lat="12.9826270" lon="77.6924120">
    <ele>888.6</ele>
    <time>2026-09-09T16:02:57Z</time>
    <extensions>
     <power>212</power>
     <gpxtpx:TrackPointExtension>
      <gpxtpx:hr>152</gpxtpx:hr>
      <gpxtpx:cad>77</gpxtpx:cad>
     </gpxtpx:TrackPointExtension>
    </extensions>
   </trkpt>
   <trkpt lat="12.9826090" lon="77.6924110">
    <ele>888.6</ele>
    <time>2026-09-09T16:02:58Z</time>
    <extensions>
     <power>220</power>
     <gpxtpx:TrackPointExtension>
      <gpxtpx:hr>152</gpxtpx:hr>
      <gpxtpx:cad>78</gpxtpx:cad>
     </gpxtpx:TrackPointExtension>
    </extensions>
   </trkpt>
   <trkpt lat="12.9825900" lon="77.6924110">
    <ele>888.6</ele>
    <time>2026-09-09T16:02:59Z</time>
    <extensions>
     <power>219</power>
     <gpxtpx:TrackPointExtension>
      <gpxtpx:hr>152</gpxtpx:hr>
      <gpxtpx:cad>78</gpxtpx:cad>
     </gpxtpx:TrackPointExtension>
    </extensions>
   </trkpt>
   <trkpt lat="12.9825710" lon="77.6924130">
    <ele>888.6</ele>
    <time>2026-09-09T16:03:00Z</time>
    <extensions>
     <power>208</power>
     <gpxtpx:TrackPointExtension>
      <gpxtpx:hr>153</gpxtpx:hr>
      <gpxtpx:cad>78</gpxtpx:cad>
     </gpxtpx:TrackPointExtension>
    </extensions>
   </trkpt>
   <trkpt lat="12.9825530" lon="77.6924140">
    <ele>888.6</ele>
    <time>2026-09-09T16:03:01Z</time>
    <extensions>
     <power>203</power>
     <gpxtpx:TrackPointExtension>
      <gpxtpx:hr>153</gpxtpx:hr>
      <gpxtpx:cad>78</gpxtpx:cad>
     </gpxtpx:TrackPointExtension>
    </extensions>
   </trkpt>
   <trkpt lat="12.9825340" lon="77.6924160">
    <ele>888.6</ele>
    <time>2026-09-09T16:03:02Z</time>
    <extensions>
     <power>205</power>
     <gpxtpx:TrackPointExtension>
      <gpxtpx:hr>153</gpxtpx:hr>
      <gpxtpx:cad>78</gpxtpx:cad>
     </gpxtpx:TrackPointExtension>
    </extensions>
   </trkpt>
   <trkpt lat="12.9825150" lon="77.6924160">
    <ele>888.6</ele>
    <time>2026-09-09T16:03:03Z</time>
    <extensions>
     <power>208</power>
     <gpxtpx:TrackPointExtension>
      <gpxtpx:hr>153</gpxtpx:hr>
      <gpxtpx:cad>77</gpxtpx:cad>
     </gpxtpx:TrackPointExtension>
    </extensions>
   </trkpt>
   <trkpt lat="12.9824960" lon="77.6924160">
    <ele>888.6</ele>
    <time>2026-09-09T16:03:04Z</time>
    <extensions>
     <power>209</power>
     <gpxtpx:TrackPointExtension>
      <gpxtpx:hr>154</gpxtpx:hr>
      <gpxtpx:cad>77</gpxtpx:cad>
     </gpxtpx:TrackPointExtension>
    </extensions>
   </trkpt>
   <trkpt lat="12.9824770" lon="77.6924130">
    <ele>888.6</ele>
    <time>2026-09-09T16:03:05Z</time>
    <extensions>
     <power>211</power>
     <gpxtpx:TrackPointExtension>
      <gpxtpx:hr>155</gpxtpx:hr>
      <gpxtpx:cad>77</gpxtpx:cad>
     </gpxtpx:TrackPointExtension>
    </extensions>
   </trkpt>
   <trkpt lat="12.9824580" lon="77.6924090">
    <ele>888.6</ele>
    <time>2026-09-09T16:03:06Z</time>
    <extensions>
     <power>212</power>
     <gpxtpx:TrackPointExtension>
      <gpxtpx:hr>156</gpxtpx:hr>
      <gpxtpx:cad>77</gpxtpx:cad>
     </gpxtpx:TrackPointExtension>
    </extensions>
   </trkpt>
   <trkpt lat="12.9824390" lon="77.6924030">
    <ele>888.6</ele>
    <time>2026-09-09T16:03:07Z</time>
    <extensions>
     <power>212</power>
     <gpxtpx:TrackPointExtension>
      <gpxtpx:hr>156</gpxtpx:hr>
      <gpxtpx:cad>77</gpxtpx:cad>
     </gpxtpx:TrackPointExtension>
    </extensions>
   </trkpt>
   <trkpt lat="12.9824220" lon="77.6923940">
    <ele>888.6</ele>
    <time>2026-09-09T16:03:08Z</time>
    <extensions>
     <power>212</power>
     <gpxtpx:TrackPointExtension>
      <gpxtpx:hr>156</gpxtpx:hr>
      <gpxtpx:cad>78</gpxtpx:cad>
     </gpxtpx:TrackPointExtension>
    </extensions>
   </trkpt>
   <trkpt lat="12.9824060" lon="77.6923840">
    <ele>888.6</ele>
    <time>2026-09-09T16:03:09Z</time>
    <extensions>
     <power>212</power>
     <gpxtpx:TrackPointExtension>
      <gpxtpx:hr>157</gpxtpx:hr>
      <gpxtpx:cad>78</gpxtpx:cad>
     </gpxtpx:TrackPointExtension>
    </extensions>
   </trkpt>
   <trkpt lat="12.9823910" lon="77.6923710">
    <ele>888.8</ele>
    <time>2026-09-09T16:03:10Z</time>
    <extensions>
     <power>212</power>
     <gpxtpx:TrackPointExtension>
      <gpxtpx:hr>157</gpxtpx:hr>
      <gpxtpx:cad>78</gpxtpx:cad>
     </gpxtpx:TrackPointExtension>
    </extensions>
   </trkpt>
   <trkpt lat="12.9823770" lon="77.6923580">
    <ele>888.8</ele>
    <time>2026-09-09T16:03:11Z</time>
    <extensions>
     <power>212</power>
     <gpxtpx:TrackPointExtension>
      <gpxtpx:hr>157</gpxtpx:hr>
      <gpxtpx:cad>78</gpxtpx:cad>
     </gpxtpx:TrackPointExtension>
    </extensions>
   </trkpt>
   <trkpt lat="12.9823630" lon="77.6923440">
    <ele>888.8</ele>
    <time>2026-09-09T16:03:12Z</time>
    <extensions>
     <power>208</power>
     <gpxtpx:TrackPointExtension>
      <gpxtpx:hr>157</gpxtpx:hr>
      <gpxtpx:cad>77</gpxtpx:cad>
     </gpxtpx:TrackPointExtension>
    </extensions>
   </trkpt>
   <trkpt lat="12.9823500" lon="77.6923290">
    <ele>888.8</ele>
    <time>2026-09-09T16:03:13Z</time>
    <extensions>
     <power>205</power>
     <gpxtpx:TrackPointExtension>
      <gpxtpx:hr>157</gpxtpx:hr>
      <gpxtpx:cad>77</gpxtpx:cad>
     </gpxtpx:TrackPointExtension>
    </extensions>
   </trkpt>
   <trkpt lat="12.9823370" lon="77.6923140">
    <ele>888.8</ele>
    <time>2026-09-09T16:03:14Z</time>
    <extensions>
     <power>203</power>
     <gpxtpx:TrackPointExtension>
      <gpxtpx:hr>157</gpxtpx:hr>
      <gpxtpx:cad>77</gpxtpx:cad>
     </gpxtpx:TrackPointExtension>
    </extensions>
   </trkpt>
   <trkpt lat="12.9823230" lon="77.6923000">
    <ele>888.8</ele>
    <time>2026-09-09T16:03:15Z</time>
    <extensions>
     <power>203</power>
     <gpxtpx:TrackPointExtension>
      <gpxtpx:hr>157</gpxtpx:hr>
      <gpxtpx:cad>77</gpxtpx:cad>
     </gpxtpx:TrackPointExtension>
    </extensions>
   </trkpt>
   <trkpt lat="12.9823080" lon="77.6922850">
    <ele>888.8</ele>
    <time>2026-09-09T16:03:16Z</time>
    <extensions>
     <power>206</power>
     <gpxtpx:TrackPointExtension>
      <gpxtpx:hr>157</gpxtpx:hr>
      <gpxtpx:cad>77</gpxtpx:cad>
     </gpxtpx:TrackPointExtension>
    </extensions>
   </trkpt>
   <trkpt lat="12.9822940" lon="77.6922720">
    <ele>888.8</ele>
    <time>2026-09-09T16:03:17Z</time>
    <extensions>
     <power>204</power>
     <gpxtpx:TrackPointExtension>
      <gpxtpx:hr>157</gpxtpx:hr>
      <gpxtpx:cad>78</gpxtpx:cad>
     </gpxtpx:TrackPointExtension>
    </extensions>
   </trkpt>
   <trkpt lat="12.9822800" lon="77.6922570">
    <ele>888.8</ele>
    <time>2026-09-09T16:03:18Z</time>
    <extensions>
     <power>203</power>
     <gpxtpx:TrackPointExtension>
      <gpxtpx:hr>157</gpxtpx:hr>
      <gpxtpx:cad>78</gpxtpx:cad>
     </gpxtpx:TrackPointExtension>
    </extensions>
   </trkpt>
   <trkpt lat="12.9822680" lon="77.6922420">
    <ele>888.8</ele>
    <time>2026-09-09T16:03:19Z</time>
    <extensions>
     <power>203</power>
     <gpxtpx:TrackPointExtension>
      <gpxtpx:hr>157</gpxtpx:hr>
      <gpxtpx:cad>79</gpxtpx:cad>
     </gpxtpx:TrackPointExtension>
    </extensions>
   </trkpt>
   <trkpt lat="12.9822560" lon="77.6922270">
    <ele>888.8</ele>
    <time>2026-09-09T16:03:20Z</time>
    <extensions>
     <power>203</power>
     <gpxtpx:TrackPointExtension>
      <gpxtpx:hr>158</gpxtpx:hr>
      <gpxtpx:cad>79</gpxtpx:cad>
     </gpxtpx:TrackPointExtension>
    </extensions>
   </trkpt>
   <trkpt lat="12.9822440" lon="77.6922110">
    <ele>888.8</ele>
    <time>2026-09-09T16:03:21Z</time>
    <extensions>
     <power>203</power>
     <gpxtpx:TrackPointExtension>
      <gpxtpx:hr>158</gpxtpx:hr>
      <gpxtpx:cad>78</gpxtpx:cad>
     </gpxtpx:TrackPointExtension>
    </extensions>
   </trkpt>
   <trkpt lat="12.9822320" lon="77.6921950">
    <ele>888.8</ele>
    <time>2026-09-09T16:03:22Z</time>
    <extensions>
     <power>214</power>
     <gpxtpx:TrackPointExtension>
      <gpxtpx:hr>158</gpxtpx:hr>
      <gpxtpx:cad>78</gpxtpx:cad>
     </gpxtpx:TrackPointExtension>
    </extensions>
   </trkpt>
   <trkpt lat="12.9822190" lon="77.6921790">
    <ele>888.8</ele>
    <time>2026-09-09T16:03:23Z</time>
    <extensions>
     <power>216</power>
     <gpxtpx:TrackPointExtension>
      <gpxtpx:hr>159</gpxtpx:hr>
      <gpxtpx:cad>78</gpxtpx:cad>
     </gpxtpx:TrackPointExtension>
    </extensions>
   </trkpt>
   <trkpt lat="12.9822060" lon="77.6921640">
    <ele>888.8</ele>
    <time>2026-09-09T16:03:24Z</time>
    <extensions>
     <power>217</power>
     <gpxtpx:TrackPointExtension>
      <gpxtpx:hr>159</gpxtpx:hr>
      <gpxtpx:cad>78</gpxtpx:cad>
     </gpxtpx:TrackPointExtension>
    </extensions>
   </trkpt>
   <trkpt lat="12.9821920" lon="77.6921480">
    <ele>888.8</ele>
    <time>2026-09-09T16:03:25Z</time>
    <extensions>
     <power>230</power>
     <gpxtpx:TrackPointExtension>
      <gpxtpx:hr>159</gpxtpx:hr>
      <gpxtpx:cad>78</gpxtpx:cad>
     </gpxtpx:TrackPointExtension>
    </extensions>
   </trkpt>
   <trkpt lat="12.9821760" lon="77.6921340">
    <ele>888.8</ele>
    <time>2026-09-09T16:03:26Z</time>
    <extensions>
     <power>220</power>
     <gpxtpx:TrackPointExtension>
      <gpxtpx:hr>159</gpxtpx:hr>
      <gpxtpx:cad>79</gpxtpx:cad>
     </gpxtpx:TrackPointExtension>
    </extensions>
   </trkpt>
   <trkpt lat="12.9821590" lon="77.6921220">
    <ele>888.8</ele>
    <time>2026-09-09T16:03:27Z</time>
    <extensions>
     <power>215</power>
     <gpxtpx:TrackPointExtension>
      <gpxtpx:hr>159</gpxtpx:hr>
      <gpxtpx:cad>80</gpxtpx:cad>
     </gpxtpx:TrackPointExtension>
    </extensions>
   </trkpt>
   <trkpt lat="12.9821410" lon="77.6921110">
    <ele>888.8</ele>
    <time>2026-09-09T16:03:28Z</time>
    <extensions>
     <power>214</power>
     <gpxtpx:TrackPointExtension>
      <gpxtpx:hr>160</gpxtpx:hr>
      <gpxtpx:cad>80</gpxtpx:cad>
     </gpxtpx:TrackPointExtension>
    </extensions>
   </trkpt>
   <trkpt lat="12.9821210" lon="77.6920970">
    <ele>888.8</ele>
    <time>2026-09-09T16:03:29Z</time>
    <extensions>
     <power>214</power>
     <gpxtpx:TrackPointExtension>
      <gpxtpx:hr>160</gpxtpx:hr>
      <gpxtpx:cad>80</gpxtpx:cad>
     </gpxtpx:TrackPointExtension>
    </extensions>
   </trkpt>
   <trkpt lat="12.9821050" lon="77.6920820">
    <ele>888.8</ele>
    <time>2026-09-09T16:03:30Z</time>
    <extensions>
     <power>214</power>
     <gpxtpx:TrackPointExtension>
      <gpxtpx:hr>161</gpxtpx:hr>
      <gpxtpx:cad>79</gpxtpx:cad>
     </gpxtpx:TrackPointExtension>
    </extensions>
   </trkpt>
   <trkpt lat="12.9820920" lon="77.6920630">
    <ele>888.8</ele>
    <time>2026-09-09T16:03:31Z</time>
    <extensions>
     <power>214</power>
     <gpxtpx:TrackPointExtension>
      <gpxtpx:hr>160</gpxtpx:hr>
      <gpxtpx:cad>79</gpxtpx:cad>
     </gpxtpx:TrackPointExtension>
    </extensions>
   </trkpt>
   <trkpt lat="12.9820840" lon="77.6920420">
    <ele>888.8</ele>
    <time>2026-09-09T16:03:32Z</time>
    <extensions>
     <power>216</power>
     <gpxtpx:TrackPointExtension>
      <gpxtpx:hr>161</gpxtpx:hr>
      <gpxtpx:cad>79</gpxtpx:cad>
     </gpxtpx:TrackPointExtension>
    </extensions>
   </trkpt>
   <trkpt lat="12.9820800" lon="77.6920200">
    <ele>888.8</ele>
    <time>2026-09-09T16:03:33Z</time>
    <extensions>
     <power>215</power>
     <gpxtpx:TrackPointExtension>
      <gpxtpx:hr>161</gpxtpx:hr>
      <gpxtpx:cad>78</gpxtpx:cad>
     </gpxtpx:TrackPointExtension>
    </extensions>
   </trkpt>
   <trkpt lat="12.9820760" lon="77.6919960">
    <ele>888.8</ele>
    <time>2026-09-09T16:03:34Z</time>
    <extensions>
     <power>215</power>
     <gpxtpx:TrackPointExtension>
      <gpxtpx:hr>162</gpxtpx:hr>
      <gpxtpx:cad>78</gpxtpx:cad>
     </gpxtpx:TrackPointExtension>
    </extensions>
   </trkpt>
   <trkpt lat="12.9820730" lon="77.6919720">
    <ele>888.8</ele>
    <time>2026-09-09T16:03:35Z</time>
    <extensions>
     <power>215</power>
     <gpxtpx:TrackPointExtension>
      <gpxtpx:hr>161</gpxtpx:hr>
      <gpxtpx:cad>78</gpxtpx:cad>
     </gpxtpx:TrackPointExtension>
    </extensions>
   </trkpt>
   <trkpt lat="12.9820700" lon="77.6919500">
    <ele>888.8</ele>
    <time>2026-09-09T16:03:36Z</time>
    <extensions>
     <power>215</power>
     <gpxtpx:TrackPointExtension>
      <gpxtpx:hr>162</gpxtpx:hr>
      <gpxtpx:cad>77</gpxtpx:cad>
     </gpxtpx:TrackPointExtension>
    </extensions>
   </trkpt>
   <trkpt lat="12.9820670" lon="77.6919270">
    <ele>888.8</ele>
    <time>2026-09-09T16:03:37Z</time>
    <extensions>
     <power>215</power>
     <gpxtpx:TrackPointExtension>
      <gpxtpx:hr>161</gpxtpx:hr>
      <gpxtpx:cad>77</gpxtpx:cad>
     </gpxtpx:TrackPointExtension>
    </extensions>
   </trkpt>
   <trkpt lat="12.9820660" lon="77.6919040">
    <ele>888.8</ele>
    <time>2026-09-09T16:03:38Z</time>
    <extensions>
     <power>218</power>
     <gpxtpx:TrackPointExtension>
      <gpxtpx:hr>161</gpxtpx:hr>
      <gpxtpx:cad>77</gpxtpx:cad>
     </gpxtpx:TrackPointExtension>
    </extensions>
   </trkpt>
   <trkpt lat="12.9820640" lon="77.6918820">
    <ele>888.8</ele>
    <time>2026-09-09T16:03:39Z</time>
    <extensions>
     <power>216</power>
     <gpxtpx:TrackPointExtension>
      <gpxtpx:hr>162</gpxtpx:hr>
      <gpxtpx:cad>77</gpxtpx:cad>
     </gpxtpx:TrackPointExtension>
    </extensions>
   </trkpt>
   <trkpt lat="12.9820630" lon="77.6918610">
    <ele>888.8</ele>
    <time>2026-09-09T16:03:40Z</time>
    <extensions>
     <power>212</power>
     <gpxtpx:TrackPointExtension>
      <gpxtpx:hr>162</gpxtpx:hr>
      <gpxtpx:cad>76</gpxtpx:cad>
     </gpxtpx:TrackPointExtension>
    </extensions>
   </trkpt>
   <trkpt lat="12.9820630" lon="77.6918410">
    <ele>888.8</ele>
    <time>2026-09-09T16:03:41Z</time>
    <extensions>
     <power>210</power>
     <gpxtpx:TrackPointExtension>
      <gpxtpx:hr>163</gpxtpx:hr>
      <gpxtpx:cad>76</gpxtpx:cad>
     </gpxtpx:TrackPointExtension>
    </extensions>
   </trkpt>
   <trkpt lat="12.9820660" lon="77.6918200">
    <ele>888.8</ele>
    <time>2026-09-09T16:03:42Z</time>
    <extensions>
     <power>211</power>
     <gpxtpx:TrackPointExtension>
      <gpxtpx:hr>163</gpxtpx:hr>
      <gpxtpx:cad>75</gpxtpx:cad>
     </gpxtpx:TrackPointExtension>
    </extensions>
   </trkpt>
   <trkpt lat="12.9820700" lon="77.6918010">
    <ele>888.8</ele>
    <time>2026-09-09T16:03:43Z</time>
    <extensions>
     <power>214</power>
     <gpxtpx:TrackPointExtension>
      <gpxtpx:hr>162</gpxtpx:hr>
      <gpxtpx:cad>75</gpxtpx:cad>
     </gpxtpx:TrackPointExtension>
    </extensions>
   </trkpt>
   <trkpt lat="12.9820750" lon="77.6917820">
    <ele>888.8</ele>
    <time>2026-09-09T16:03:44Z</time>
    <extensions>
     <power>216</power>
     <gpxtpx:TrackPointExtension>
      <gpxtpx:hr>162</gpxtpx:hr>
      <gpxtpx:cad>74</gpxtpx:cad>
     </gpxtpx:TrackPointExtension>
    </extensions>
   </trkpt>
   <trkpt lat="12.9820810" lon="77.6917630">
    <ele>888.8</ele>
    <time>2026-09-09T16:03:45Z</time>
    <extensions>
     <power>226</power>
     <gpxtpx:TrackPointExtension>
      <gpxtpx:hr>162</gpxtpx:hr>
      <gpxtpx:cad>74</gpxtpx:cad>
     </gpxtpx:TrackPointExtension>
    </extensions>
   </trkpt>
   <trkpt lat="12.9820870" lon="77.6917440">
    <ele>888.8</ele>
    <time>2026-09-09T16:03:46Z</time>
    <extensions>
     <power>224</power>
     <gpxtpx:TrackPointExtension>
      <gpxtpx:hr>162</gpxtpx:hr>
      <gpxtpx:cad>74</gpxtpx:cad>
     </gpxtpx:TrackPointExtension>
    </extensions>
   </trkpt>
   <trkpt lat="12.9820930" lon="77.6917260">
    <ele>888.8</ele>
    <time>2026-09-09T16:03:47Z</time>
    <extensions>
     <power>222</power>
     <gpxtpx:TrackPointExtension>
      <gpxtpx:hr>161</gpxtpx:hr>
      <gpxtpx:cad>74</gpxtpx:cad>
     </gpxtpx:TrackPointExtension>
    </extensions>
   </trkpt>
   <trkpt lat="12.9821000" lon="77.6917070">
    <ele>888.8</ele>
    <time>2026-09-09T16:03:48Z</time>
    <extensions>
     <power>223</power>
     <gpxtpx:TrackPointExtension>
      <gpxtpx:hr>160</gpxtpx:hr>
      <gpxtpx:cad>74</gpxtpx:cad>
     </gpxtpx:TrackPointExtension>
    </extensions>
   </trkpt>
   <trkpt lat="12.9821060" lon="77.6916890">
    <ele>888.8</ele>
    <time>2026-09-09T16:03:49Z</time>
    <extensions>
     <power>219</power>
     <gpxtpx:TrackPointExtension>
      <gpxtpx:hr>160</gpxtpx:hr>
      <gpxtpx:cad>74</gpxtpx:cad>
     </gpxtpx:TrackPointExtension>
    </extensions>
   </trkpt>
   <trkpt lat="12.9821130" lon="77.6916710">
    <ele>888.8</ele>
    <time>2026-09-09T16:03:50Z</time>
    <extensions>
     <power>219</power>
     <gpxtpx:TrackPointExtension>
      <gpxtpx:hr>160</gpxtpx:hr>
      <gpxtpx:cad>74</gpxtpx:cad>
     </gpxtpx:TrackPointExtension>
    </extensions>
   </trkpt>
   <trkpt lat="12.9821190" lon="77.6916540">
    <ele>888.8</ele>
    <time>2026-09-09T16:03:51Z</time>
    <extensions>
     <power>220</power>
     <gpxtpx:TrackPointExtension>
      <gpxtpx:hr>162</gpxtpx:hr>
      <gpxtpx:cad>74</gpxtpx:cad>
     </gpxtpx:TrackPointExtension>
    </extensions>
   </trkpt>
   <trkpt lat="12.9821270" lon="77.6916370">
    <ele>888.8</ele>
    <time>2026-09-09T16:03:52Z</time>
    <extensions>
     <power>220</power>
     <gpxtpx:TrackPointExtension>
      <gpxtpx:hr>161</gpxtpx:hr>
      <gpxtpx:cad>73</gpxtpx:cad>
     </gpxtpx:TrackPointExtension>
    </extensions>
   </trkpt>
   <trkpt lat="12.9821360" lon="77.6916200">
    <ele>888.8</ele>
    <time>2026-09-09T16:03:53Z</time>
    <extensions>
     <power>221</power>
     <gpxtpx:TrackPointExtension>
      <gpxtpx:hr>160</gpxtpx:hr>
      <gpxtpx:cad>73</gpxtpx:cad>
     </gpxtpx:TrackPointExtension>
    </extensions>
   </trkpt>
   <trkpt lat="12.9821450" lon="77.6916040">
    <ele>888.8</ele>
    <time>2026-09-09T16:03:54Z</time>
    <extensions>
     <power>223</power>
     <gpxtpx:TrackPointExtension>
      <gpxtpx:hr>160</gpxtpx:hr>
      <gpxtpx:cad>73</gpxtpx:cad>
     </gpxtpx:TrackPointExtension>
    </extensions>
   </trkpt>
   <trkpt lat="12.9821540" lon="77.6915880">
    <ele>888.8</ele>
    <time>2026-09-09T16:03:55Z</time>
    <extensions>
     <power>222</power>
     <gpxtpx:TrackPointExtension>
      <gpxtpx:hr>160</gpxtpx:hr>
      <gpxtpx:cad>73</gpxtpx:cad>
     </gpxtpx:TrackPointExtension>
    </extensions>
   </trkpt>
   <trkpt lat="12.9821620" lon="77.6915710">
    <ele>888.8</ele>
    <time>2026-09-09T16:03:56Z</time>
    <extensions>
     <power>217</power>
     <gpxtpx:TrackPointExtension>
      <gpxtpx:hr>160</gpxtpx:hr>
      <gpxtpx:cad>74</gpxtpx:cad>
     </gpxtpx:TrackPointExtension>
    </extensions>
   </trkpt>
   <trkpt lat="12.9821680" lon="77.6915550">
    <ele>888.8</ele>
    <time>2026-09-09T16:03:57Z</time>
    <extensions>
     <power>215</power>
     <gpxtpx:TrackPointExtension>
      <gpxtpx:hr>160</gpxtpx:hr>
      <gpxtpx:cad>74</gpxtpx:cad>
     </gpxtpx:TrackPointExtension>
    </extensions>
   </trkpt>
   <trkpt lat="12.9821710" lon="77.6915380">
    <ele>888.8</ele>
    <time>2026-09-09T16:03:58Z</time>
    <extensions>
     <power>205</power>
     <gpxtpx:TrackPointExtension>
      <gpxtpx:hr>160</gpxtpx:hr>
      <gpxtpx:cad>74</gpxtpx:cad>
     </gpxtpx:TrackPointExtension>
    </extensions>
   </trkpt>
   <trkpt lat="12.9821690" lon="77.6915210">
    <ele>888.8</ele>
    <time>2026-09-09T16:03:59Z</time>
    <extensions>
     <power>203</power>
     <gpxtpx:TrackPointExtension>
      <gpxtpx:hr>160</gpxtpx:hr>
      <gpxtpx:cad>73</gpxtpx:cad>
     </gpxtpx:TrackPointExtension>
    </extensions>
   </trkpt>
   <trkpt lat="12.9821640" lon="77.6915050">
    <ele>888.8</ele>
    <time>2026-09-09T16:04:00Z</time>
    <extensions>
     <power>205</power>
     <gpxtpx:TrackPointExtension>
      <gpxtpx:hr>159</gpxtpx:hr>
      <gpxtpx:cad>73</gpxtpx:cad>
     </gpxtpx:TrackPointExtension>
    </extensions>
   </trkpt>
   <trkpt lat="12.9821560" lon="77.6914890">
    <ele>888.8</ele>
    <time>2026-09-09T16:04:01Z</time>
    <extensions>
     <power>199</power>
     <gpxtpx:TrackPointExtension>
      <gpxtpx:hr>159</gpxtpx:hr>
      <gpxtpx:cad>73</gpxtpx:cad>
     </gpxtpx:TrackPointExtension>
    </extensions>
   </trkpt>
   <trkpt lat="12.9821450" lon="77.6914750">
    <ele>888.8</ele>
    <time>2026-09-09T16:04:02Z</time>
    <extensions>
     <power>200</power>
     <gpxtpx:TrackPointExtension>
      <gpxtpx:hr>159</gpxtpx:hr>
      <gpxtpx:cad>73</gpxtpx:cad>
     </gpxtpx:TrackPointExtension>
    </extensions>
   </trkpt>
   <trkpt lat="12.9821330" lon="77.6914630">
    <ele>888.8</ele>
    <time>2026-09-09T16:04:03Z</time>
    <extensions>
     <power>203</power>
     <gpxtpx:TrackPointExtension>
      <gpxtpx:hr>159</gpxtpx:hr>
      <gpxtpx:cad>73</gpxtpx:cad>
     </gpxtpx:TrackPointExtension>
    </extensions>
   </trkpt>
   <trkpt lat="12.9821200" lon="77.6914520">
    <ele>888.8</ele>
    <time>2026-09-09T16:04:04Z</time>
    <extensions>
     <power>206</power>
     <gpxtpx:TrackPointExtension>
      <gpxtpx:hr>159</gpxtpx:hr>
      <gpxtpx:cad>74</gpxtpx:cad>
     </gpxtpx:TrackPointExtension>
    </extensions>
   </trkpt>
   <trkpt lat="12.9821050" lon="77.6914420">
    <ele>888.8</ele>
    <time>2026-09-09T16:04:05Z</time>
    <extensions>
     <power>205</power>
     <gpxtpx:TrackPointExtension>
      <gpxtpx:hr>159</gpxtpx:hr>
      <gpxtpx:cad>74</gpxtpx:cad>
     </gpxtpx:TrackPointExtension>
    </extensions>
   </trkpt>
   <trkpt lat="12.9820920" lon="77.6914350">
    <ele>888.8</ele>
    <time>2026-09-09T16:04:06Z</time>
    <extensions>
     <power>207</power>
     <gpxtpx:TrackPointExtension>
      <gpxtpx:hr>159</gpxtpx:hr>
      <gpxtpx:cad>74</gpxtpx:cad>
     </gpxtpx:TrackPointExtension>
    </extensions>
   </trkpt>
   <trkpt lat="12.9820770" lon="77.6914270">
    <ele>888.8</ele>
    <time>2026-09-09T16:04:07Z</time>
    <extensions>
     <power>205</power>
     <gpxtpx:TrackPointExtension>
      <gpxtpx:hr>159</gpxtpx:hr>
      <gpxtpx:cad>74</gpxtpx:cad>
     </gpxtpx:TrackPointExtension>
    </extensions>
   </trkpt>
   <trkpt lat="12.9820630" lon="77.6914200">
    <ele>888.8</ele>
    <time>2026-09-09T16:04:08Z</time>
    <extensions>
     <power>208</power>
     <gpxtpx:TrackPointExtension>
      <gpxtpx:hr>160</gpxtpx:hr>
      <gpxtpx:cad>74</gpxtpx:cad>
     </gpxtpx:TrackPointExtension>
    </extensions>
   </trkpt>
   <trkpt lat="12.9820480" lon="77.6914120">
    <ele>888.8</ele>
    <time>2026-09-09T16:04:09Z</time>
    <extensions>
     <power>208</power>
     <gpxtpx:TrackPointExtension>
      <gpxtpx:hr>161</gpxtpx:hr>
      <gpxtpx:cad>74</gpxtpx:cad>
     </gpxtpx:TrackPointExtension>
    </extensions>
   </trkpt>
   <trkpt lat="12.9820330" lon="77.6914050">
    <ele>888.8</ele>
    <time>2026-09-09T16:04:10Z</time>
    <extensions>
     <power>207</power>
     <gpxtpx:TrackPointExtension>
      <gpxtpx:hr>161</gpxtpx:hr>
      <gpxtpx:cad>74</gpxtpx:cad>
     </gpxtpx:TrackPointExtension>
    </extensions>
   </trkpt>
   <trkpt lat="12.9820180" lon="77.6913970">
    <ele>888.8</ele>
    <time>2026-09-09T16:04:11Z</time>
    <extensions>
     <power>209</power>
     <gpxtpx:TrackPointExtension>
      <gpxtpx:hr>161</gpxtpx:hr>
      <gpxtpx:cad>74</gpxtpx:cad>
     </gpxtpx:TrackPointExtension>
    </extensions>
   </trkpt>
   <trkpt lat="12.9820040" lon="77.6913880">
    <ele>888.8</ele>
    <time>2026-09-09T16:04:12Z</time>
    <extensions>
     <power>207</power>
     <gpxtpx:TrackPointExtension>
      <gpxtpx:hr>160</gpxtpx:hr>
      <gpxtpx:cad>74</gpxtpx:cad>
     </gpxtpx:TrackPointExtension>
    </extensions>
   </trkpt>
   <trkpt lat="12.9819900" lon="77.6913790">
    <ele>888.8</ele>
    <time>2026-09-09T16:04:13Z</time>
    <extensions>
     <power>206</power>
     <gpxtpx:TrackPointExtension>
      <gpxtpx:hr>160</gpxtpx:hr>
      <gpxtpx:cad>74</gpxtpx:cad>
     </gpxtpx:TrackPointExtension>
    </extensions>
   </trkpt>
   <trkpt lat="12.9819770" lon="77.6913680">
    <ele>888.8</ele>
    <time>2026-09-09T16:04:14Z</time>
    <extensions>
     <power>208</power>
     <gpxtpx:TrackPointExtension>
      <gpxtpx:hr>161</gpxtpx:hr>
      <gpxtpx:cad>74</gpxtpx:cad>
     </gpxtpx:TrackPointExtension>
    </extensions>
   </trkpt>
   <trkpt lat="12.9819660" lon="77.6913550">
    <ele>888.8</ele>
    <time>2026-09-09T16:04:15Z</time>
    <extensions>
     <power>204</power>
     <gpxtpx:TrackPointExtension>
      <gpxtpx:hr>161</gpxtpx:hr>
      <gpxtpx:cad>74</gpxtpx:cad>
     </gpxtpx:TrackPointExtension>
    </extensions>
   </trkpt>
   <trkpt lat="12.9819570" lon="77.6913400">
    <ele>888.8</ele>
    <time>2026-09-09T16:04:16Z</time>
    <extensions>
     <power>201</power>
     <gpxtpx:TrackPointExtension>
      <gpxtpx:hr>161</gpxtpx:hr>
      <gpxtpx:cad>74</gpxtpx:cad>
     </gpxtpx:TrackPointExtension>
    </extensions>
   </trkpt>
   <trkpt lat="12.9819480" lon="77.6913240">
    <ele>888.8</ele>
    <time>2026-09-09T16:04:17Z</time>
    <extensions>
     <power>200</power>
     <gpxtpx:TrackPointExtension>
      <gpxtpx:hr>161</gpxtpx:hr>
      <gpxtpx:cad>74</gpxtpx:cad>
     </gpxtpx:TrackPointExtension>
    </extensions>
   </trkpt>
   <trkpt lat="12.9819420" lon="77.6913060">
    <ele>888.8</ele>
    <time>2026-09-09T16:04:18Z</time>
    <extensions>
     <power>200</power>
     <gpxtpx:TrackPointExtension>
      <gpxtpx:hr>161</gpxtpx:hr>
      <gpxtpx:cad>73</gpxtpx:cad>
     </gpxtpx:TrackPointExtension>
    </extensions>
   </trkpt>
   <trkpt lat="12.9819390" lon="77.6912880">
    <ele>888.8</ele>
    <time>2026-09-09T16:04:19Z</time>
    <extensions>
     <power>198</power>
     <gpxtpx:TrackPointExtension>
      <gpxtpx:hr>161</gpxtpx:hr>
      <gpxtpx:cad>73</gpxtpx:cad>
     </gpxtpx:TrackPointExtension>
    </extensions>
   </trkpt>
   <trkpt lat="12.9819370" lon="77.6912700">
    <ele>888.8</ele>
    <time>2026-09-09T16:04:20Z</time>
    <extensions>
     <power>198</power>
     <gpxtpx:TrackPointExtension>
      <gpxtpx:hr>161</gpxtpx:hr>
      <gpxtpx:cad>73</gpxtpx:cad>
     </gpxtpx:TrackPointExtension>
    </extensions>
   </trkpt>
   <trkpt lat="12.9819370" lon="77.6912540">
    <ele>888.8</ele>
    <time>2026-09-09T16:04:21Z</time>
    <extensions>
     <power>192</power>
     <gpxtpx:TrackPointExtension>
      <gpxtpx:hr>160</gpxtpx:hr>
      <gpxtpx:cad>73</gpxtpx:cad>
     </gpxtpx:TrackPointExtension>
    </extensions>
   </trkpt>
   <trkpt lat="12.9819380" lon="77.6912370">
    <ele>888.6</ele>
    <time>2026-09-09T16:04:22Z</time>
    <extensions>
     <power>195</power>
     <gpxtpx:TrackPointExtension>
      <gpxtpx:hr>161</gpxtpx:hr>
      <gpxtpx:cad>73</gpxtpx:cad>
     </gpxtpx:TrackPointExtension>
    </extensions>
   </trkpt>
   <trkpt lat="12.9819390" lon="77.6912210">
    <ele>888.6</ele>
    <time>2026-09-09T16:04:23Z</time>
    <extensions>
     <power>188</power>
     <gpxtpx:TrackPointExtension>
      <gpxtpx:hr>160</gpxtpx:hr>
      <gpxtpx:cad>73</gpxtpx:cad>
     </gpxtpx:TrackPointExtension>
    </extensions>
   </trkpt>
   <trkpt lat="12.9819410" lon="77.6912040">
    <ele>888.6</ele>
    <time>2026-09-09T16:04:24Z</time>
    <extensions>
     <power>174</power>
     <gpxtpx:TrackPointExtension>
      <gpxtpx:hr>160</gpxtpx:hr>
      <gpxtpx:cad>73</gpxtpx:cad>
     </gpxtpx:TrackPointExtension>
    </extensions>
   </trkpt>
   <trkpt lat="12.9819430" lon="77.6911890">
    <ele>888.6</ele>
    <time>2026-09-09T16:04:25Z</time>
    <extensions>
     <power>171</power>
     <gpxtpx:TrackPointExtension>
      <gpxtpx:hr>160</gpxtpx:hr>
      <gpxtpx:cad>73</gpxtpx:cad>
     </gpxtpx:TrackPointExtension>
    </extensions>
   </trkpt>
   <trkpt lat="12.9819470" lon="77.6911740">
    <ele>888.6</ele>
    <time>2026-09-09T16:04:26Z</time>
    <extensions>
     <power>175</power>
     <gpxtpx:TrackPointExtension>
      <gpxtpx:hr>160</gpxtpx:hr>
      <gpxtpx:cad>73</gpxtpx:cad>
     </gpxtpx:TrackPointExtension>
    </extensions>
   </trkpt>
   <trkpt lat="12.9819510" lon="77.6911570">
    <ele>888.6</ele>
    <time>2026-09-09T16:04:27Z</time>
    <extensions>
     <power>176</power>
     <gpxtpx:TrackPointExtension>
      <gpxtpx:hr>160</gpxtpx:hr>
      <gpxtpx:cad>72</gpxtpx:cad>
     </gpxtpx:TrackPointExtension>
    </extensions>
   </trkpt>
   <trkpt lat="12.9819560" lon="77.6911410">
    <ele>888.6</ele>
    <time>2026-09-09T16:04:28Z</time>
    <extensions>
     <power>176</power>
     <gpxtpx:TrackPointExtension>
      <gpxtpx:hr>159</gpxtpx:hr>
      <gpxtpx:cad>72</gpxtpx:cad>
     </gpxtpx:TrackPointExtension>
    </extensions>
   </trkpt>
   <trkpt lat="12.9819610" lon="77.6911270">
    <ele>888.6</ele>
    <time>2026-09-09T16:04:29Z</time>
    <extensions>
     <power>176</power>
     <gpxtpx:TrackPointExtension>
      <gpxtpx:hr>159</gpxtpx:hr>
      <gpxtpx:cad>72</gpxtpx:cad>
     </gpxtpx:TrackPointExtension>
    </extensions>
   </trkpt>
   <trkpt lat="12.9819670" lon="77.6911090">
    <ele>888.6</ele>
    <time>2026-09-09T16:04:30Z</time>
    <extensions>
     <power>175</power>
     <gpxtpx:TrackPointExtension>
      <gpxtpx:hr>159</gpxtpx:hr>
      <gpxtpx:cad>72</gpxtpx:cad>
     </gpxtpx:TrackPointExtension>
    </extensions>
   </trkpt>
   <trkpt lat="12.9819720" lon="77.6910960">
    <ele>888.6</ele>
    <time>2026-09-09T16:04:31Z</time>
    <extensions>
     <power>174</power>
     <gpxtpx:TrackPointExtension>
      <gpxtpx:hr>158</gpxtpx:hr>
      <gpxtpx:cad>73</gpxtpx:cad>
     </gpxtpx:TrackPointExtension>
    </extensions>
   </trkpt>
   <trkpt lat="12.9819770" lon="77.6910800">
    <ele>888.6</ele>
    <time>2026-09-09T16:04:32Z</time>
    <extensions>
     <power>164</power>
     <gpxtpx:TrackPointExtension>
      <gpxtpx:hr>157</gpxtpx:hr>
      <gpxtpx:cad>73</gpxtpx:cad>
     </gpxtpx:TrackPointExtension>
    </extensions>
   </trkpt>
   <trkpt lat="12.9819830" lon="77.6910630">
    <ele>888.6</ele>
    <time>2026-09-09T16:04:33Z</time>
    <extensions>
     <power>158</power>
     <gpxtpx:TrackPointExtension>
      <gpxtpx:hr>157</gpxtpx:hr>
      <gpxtpx:cad>73</gpxtpx:cad>
     </gpxtpx:TrackPointExtension>
    </extensions>
   </trkpt>
   <trkpt lat="12.9819890" lon="77.6910480">
    <ele>888.6</ele>
    <time>2026-09-09T16:04:34Z</time>
    <extensions>
     <power>157</power>
     <gpxtpx:TrackPointExtension>
      <gpxtpx:hr>156</gpxtpx:hr>
      <gpxtpx:cad>73</gpxtpx:cad>
     </gpxtpx:TrackPointExtension>
    </extensions>
   </trkpt>
   <trkpt lat="12.9819950" lon="77.6910330">
    <ele>888.6</ele>
    <time>2026-09-09T16:04:35Z</time>
    <extensions>
     <power>160</power>
     <gpxtpx:TrackPointExtension>
      <gpxtpx:hr>156</gpxtpx:hr>
      <gpxtpx:cad>73</gpxtpx:cad>
     </gpxtpx:TrackPointExtension>
    </extensions>
   </trkpt>
   <trkpt lat="12.9820020" lon="77.6910170">
    <ele>888.6</ele>
    <time>2026-09-09T16:04:36Z</time>
    <extensions>
     <power>157</power>
     <gpxtpx:TrackPointExtension>
      <gpxtpx:hr>156</gpxtpx:hr>
      <gpxtpx:cad>73</gpxtpx:cad>
     </gpxtpx:TrackPointExtension>
    </extensions>
   </trkpt>
   <trkpt lat="12.9820080" lon="77.6910020">
    <ele>888.6</ele>
    <time>2026-09-09T16:04:37Z</time>
    <extensions>
     <power>156</power>
     <gpxtpx:TrackPointExtension>
      <gpxtpx:hr>157</gpxtpx:hr>
      <gpxtpx:cad>73</gpxtpx:cad>
     </gpxtpx:TrackPointExtension>
    </extensions>
   </trkpt>
   <trkpt lat="12.9820150" lon="77.6909870">
    <ele>888.4</ele>
    <time>2026-09-09T16:04:38Z</time>
    <extensions>
     <power>160</power>
     <gpxtpx:TrackPointExtension>
      <gpxtpx:hr>156</gpxtpx:hr>
      <gpxtpx:cad>73</gpxtpx:cad>
     </gpxtpx:TrackPointExtension>
    </extensions>
   </trkpt>
   <trkpt lat="12.9820220" lon="77.6909720">
    <ele>888.4</ele>
    <time>2026-09-09T16:04:39Z</time>
    <extensions>
     <power>164</power>
     <gpxtpx:TrackPointExtension>
      <gpxtpx:hr>157</gpxtpx:hr>
      <gpxtpx:cad>72</gpxtpx:cad>
     </gpxtpx:TrackPointExtension>
    </extensions>
   </trkpt>
   <trkpt lat="12.9820290" lon="77.6909580">
    <ele>888.4</ele>
    <time>2026-09-09T16:04:40Z</time>
    <extensions>
     <power>164</power>
     <gpxtpx:TrackPointExtension>
      <gpxtpx:hr>156</gpxtpx:hr>
      <gpxtpx:cad>72</gpxtpx:cad>
     </gpxtpx:TrackPointExtension>
    </extensions>
   </trkpt>
   <trkpt lat="12.9820370" lon="77.6909440">
    <ele>888.4</ele>
    <time>2026-09-09T16:04:41Z</time>
    <extensions>
     <power>164</power>
     <gpxtpx:TrackPointExtension>
      <gpxtpx:hr>156</gpxtpx:hr>
      <gpxtpx:cad>72</gpxtpx:cad>
     </gpxtpx:TrackPointExtension>
    </extensions>
   </trkpt>
   <trkpt lat="12.9820460" lon="77.6909310">
    <ele>888.4</ele>
    <time>2026-09-09T16:04:42Z</time>
    <extensions>
     <power>164</power>
     <gpxtpx:TrackPointExtension>
      <gpxtpx:hr>156</gpxtpx:hr>
      <gpxtpx:cad>72</gpxtpx:cad>
     </gpxtpx:TrackPointExtension>
    </extensions>
   </trkpt>
   <trkpt lat="12.9820540" lon="77.6909170">
    <ele>888.4</ele>
    <time>2026-09-09T16:04:43Z</time>
    <extensions>
     <power>164</power>
     <gpxtpx:TrackPointExtension>
      <gpxtpx:hr>157</gpxtpx:hr>
      <gpxtpx:cad>72</gpxtpx:cad>
     </gpxtpx:TrackPointExtension>
    </extensions>
   </trkpt>
   <trkpt lat="12.9820600" lon="77.6909030">
    <ele>888.4</ele>
    <time>2026-09-09T16:04:44Z</time>
    <extensions>
     <power>164</power>
     <gpxtpx:TrackPointExtension>
      <gpxtpx:hr>156</gpxtpx:hr>
      <gpxtpx:cad>73</gpxtpx:cad>
     </gpxtpx:TrackPointExtension>
    </extensions>
   </trkpt>
   <trkpt lat="12.9820640" lon="77.6908880">
    <ele>888.4</ele>
    <time>2026-09-09T16:04:45Z</time>
    <extensions>
     <power>160</power>
     <gpxtpx:TrackPointExtension>
      <gpxtpx:hr>157</gpxtpx:hr>
      <gpxtpx:cad>73</gpxtpx:cad>
     </gpxtpx:TrackPointExtension>
    </extensions>
   </trkpt>
   <trkpt lat="12.9820660" lon="77.6908710">
    <ele>888.4</ele>
    <time>2026-09-09T16:04:46Z</time>
    <extensions>
     <power>158</power>
     <gpxtpx:TrackPointExtension>
      <gpxtpx:hr>156</gpxtpx:hr>
      <gpxtpx:cad>73</gpxtpx:cad>
     </gpxtpx:TrackPointExtension>
    </extensions>
   </trkpt>
   <trkpt lat="12.9820680" lon="77.6908580">
    <ele>888.4</ele>
    <time>2026-09-09T16:04:47Z</time>
    <extensions>
     <power>158</power>
     <gpxtpx:TrackPointExtension>
      <gpxtpx:hr>157</gpxtpx:hr>
      <gpxtpx:cad>73</gpxtpx:cad>
     </gpxtpx:TrackPointExtension>
    </extensions>
   </trkpt>
   <trkpt lat="12.9820700" lon="77.6908430">
    <ele>888.4</ele>
    <time>2026-09-09T16:04:48Z</time>
    <extensions>
     <power>158</power>
     <gpxtpx:TrackPointExtension>
      <gpxtpx:hr>157</gpxtpx:hr>
      <gpxtpx:cad>73</gpxtpx:cad>
     </gpxtpx:TrackPointExtension>
    </extensions>
   </trkpt>
   <trkpt lat="12.9820740" lon="77.6908280">
    <ele>888.4</ele>
    <time>2026-09-09T16:04:49Z</time>
    <extensions>
     <power>164</power>
     <gpxtpx:TrackPointExtension>
      <gpxtpx:hr>156</gpxtpx:hr>
      <gpxtpx:cad>73</gpxtpx:cad>
     </gpxtpx:TrackPointExtension>
    </extensions>
   </trkpt>
   <trkpt lat="12.9820760" lon="77.6908130">
    <ele>888.6</ele>
    <time>2026-09-09T16:04:50Z</time>
    <extensions>
     <power>164</power>
     <gpxtpx:TrackPointExtension>
      <gpxtpx:hr>155</gpxtpx:hr>
      <gpxtpx:cad>73</gpxtpx:cad>
     </gpxtpx:TrackPointExtension>
    </extensions>
   </trkpt>
   <trkpt lat="12.9820780" lon="77.6907980">
    <ele>888.6</ele>
    <time>2026-09-09T16:04:51Z</time>
    <extensions>
     <power>164</power>
     <gpxtpx:TrackPointExtension>
      <gpxtpx:hr>155</gpxtpx:hr>
      <gpxtpx:cad>73</gpxtpx:cad>
     </gpxtpx:TrackPointExtension>
    </extensions>
   </trkpt>
   <trkpt lat="12.9820790" lon="77.6907830">
    <ele>888.6</ele>
    <time>2026-09-09T16:04:52Z</time>
    <extensions>
     <power>167</power>
     <gpxtpx:TrackPointExtension>
      <gpxtpx:hr>156</gpxtpx:hr>
      <gpxtpx:cad>73</gpxtpx:cad>
     </gpxtpx:TrackPointExtension>
    </extensions>
   </trkpt>
   <trkpt lat="12.9820810" lon="77.6907680">
    <ele>888.6</ele>
    <time>2026-09-09T16:04:53Z</time>
    <extensions>
     <power>156</power>
     <gpxtpx:TrackPointExtension>
      <gpxtpx:hr>155</gpxtpx:hr>
      <gpxtpx:cad>72</gpxtpx:cad>
     </gpxtpx:TrackPointExtension>
    </extensions>
   </trkpt>
   <trkpt lat="12.9820840" lon="77.6907540">
    <ele>888.6</ele>
    <time>2026-09-09T16:04:54Z</time>
    <extensions>
     <power>158</power>
     <gpxtpx:TrackPointExtension>
      <gpxtpx:hr>155</gpxtpx:hr>
      <gpxtpx:cad>72</gpxtpx:cad>
     </gpxtpx:TrackPointExtension>
    </extensions>
   </trkpt>
   <trkpt lat="12.9820870" lon="77.6907390">
    <ele>888.6</ele>
    <time>2026-09-09T16:04:55Z</time>
    <extensions>
     <power>158</power>
     <gpxtpx:TrackPointExtension>
      <gpxtpx:hr>154</gpxtpx:hr>
      <gpxtpx:cad>71</gpxtpx:cad>
     </gpxtpx:TrackPointExtension>
    </extensions>
   </trkpt>
   <trkpt lat="12.9820900" lon="77.6907240">
    <ele>888.6</ele>
    <time>2026-09-09T16:04:56Z</time>
    <extensions>
     <power>158</power>
     <gpxtpx:TrackPointExtension>
      <gpxtpx:hr>153</gpxtpx:hr>
      <gpxtpx:cad>71</gpxtpx:cad>
     </gpxtpx:TrackPointExtension>
    </extensions>
   </trkpt>
   <trkpt lat="12.9820930" lon="77.6907090">
    <ele>888.6</ele>
    <time>2026-09-09T16:04:57Z</time>
    <extensions>
     <power>159</power>
     <gpxtpx:TrackPointExtension>
      <gpxtpx:hr>153</gpxtpx:hr>
      <gpxtpx:cad>70</gpxtpx:cad>
     </gpxtpx:TrackPointExtension>
    </extensions>
   </trkpt>
   <trkpt lat="12.9820950" lon="77.6906930">
    <ele>888.6</ele>
    <time>2026-09-09T16:04:58Z</time>
    <extensions>
     <power>155</power>
     <gpxtpx:TrackPointExtension>
      <gpxtpx:hr>152</gpxtpx:hr>
      <gpxtpx:cad>71</gpxtpx:cad>
     </gpxtpx:TrackPointExtension>
    </extensions>
   </trkpt>
   <trkpt lat="12.9820990" lon="77.6906770">
    <ele>888.6</ele>
    <time>2026-09-09T16:04:59Z</time>
    <extensions>
     <power>155</power>
     <gpxtpx:TrackPointExtension>
      <gpxtpx:hr>152</gpxtpx:hr>
      <gpxtpx:cad>71</gpxtpx:cad>
     </gpxtpx:TrackPointExtension>
    </extensions>
   </trkpt>
   <trkpt lat="12.9821020" lon="77.6906620">
    <ele>888.6</ele>
    <time>2026-09-09T16:05:00Z</time>
    <extensions>
     <power>153</power>
     <gpxtpx:TrackPointExtension>
      <gpxtpx:hr>152</gpxtpx:hr>
      <gpxtpx:cad>72</gpxtpx:cad>
     </gpxtpx:TrackPointExtension>
    </extensions>
   </trkpt>
   <trkpt lat="12.9821060" lon="77.6906480">
    <ele>888.6</ele>
    <time>2026-09-09T16:05:01Z</time>
    <extensions>
     <power>157</power>
     <gpxtpx:TrackPointExtension>
      <gpxtpx:hr>152</gpxtpx:hr>
      <gpxtpx:cad>72</gpxtpx:cad>
     </gpxtpx:TrackPointExtension>
    </extensions>
   </trkpt>
   <trkpt lat="12.9821110" lon="77.6906320">
    <ele>888.6</ele>
    <time>2026-09-09T16:05:02Z</time>
    <extensions>
     <power>154</power>
     <gpxtpx:TrackPointExtension>
      <gpxtpx:hr>152</gpxtpx:hr>
      <gpxtpx:cad>72</gpxtpx:cad>
     </gpxtpx:TrackPointExtension>
    </extensions>
   </trkpt>
   <trkpt lat="12.9821160" lon="77.6906180">
    <ele>888.6</ele>
    <time>2026-09-09T16:05:03Z</time>
    <extensions>
     <power>148</power>
     <gpxtpx:TrackPointExtension>
      <gpxtpx:hr>152</gpxtpx:hr>
      <gpxtpx:cad>72</gpxtpx:cad>
     </gpxtpx:TrackPointExtension>
    </extensions>
   </trkpt>
   <trkpt lat="12.9821210" lon="77.6906030">
    <ele>888.6</ele>
    <time>2026-09-09T16:05:04Z</time>
    <extensions>
     <power>152</power>
     <gpxtpx:TrackPointExtension>
      <gpxtpx:hr>151</gpxtpx:hr>
      <gpxtpx:cad>72</gpxtpx:cad>
     </gpxtpx:TrackPointExtension>
    </extensions>
   </trkpt>
   <trkpt lat="12.9821260" lon="77.6905890">
    <ele>888.6</ele>
    <time>2026-09-09T16:05:05Z</time>
    <extensions>
     <power>156</power>
     <gpxtpx:TrackPointExtension>
      <gpxtpx:hr>151</gpxtpx:hr>
      <gpxtpx:cad>73</gpxtpx:cad>
     </gpxtpx:TrackPointExtension>
    </extensions>
   </trkpt>
   <trkpt lat="12.9821310" lon="77.6905730">
    <ele>888.6</ele>
    <time>2026-09-09T16:05:06Z</time>
    <extensions>
     <power>157</power>
     <gpxtpx:TrackPointExtension>
      <gpxtpx:hr>151</gpxtpx:hr>
      <gpxtpx:cad>73</gpxtpx:cad>
     </gpxtpx:TrackPointExtension>
    </extensions>
   </trkpt>
   <trkpt lat="12.9821360" lon="77.6905580">
    <ele>888.6</ele>
    <time>2026-09-09T16:05:07Z</time>
    <extensions>
     <power>151</power>
     <gpxtpx:TrackPointExtension>
      <gpxtpx:hr>152</gpxtpx:hr>
      <gpxtpx:cad>74</gpxtpx:cad>
     </gpxtpx:TrackPointExtension>
    </extensions>
   </trkpt>
   <trkpt lat="12.9821420" lon="77.6905420">
    <ele>888.6</ele>
    <time>2026-09-09T16:05:08Z</time>
    <extensions>
     <power>149</power>
     <gpxtpx:TrackPointExtension>
      <gpxtpx:hr>151</gpxtpx:hr>
      <gpxtpx:cad>74</gpxtpx:cad>
     </gpxtpx:TrackPointExtension>
    </extensions>
   </trkpt>
   <trkpt lat="12.9821490" lon="77.6905260">
    <ele>888.6</ele>
    <time>2026-09-09T16:05:09Z</time>
    <extensions>
     <power>150</power>
     <gpxtpx:TrackPointExtension>
      <gpxtpx:hr>151</gpxtpx:hr>
      <gpxtpx:cad>74</gpxtpx:cad>
     </gpxtpx:TrackPointExtension>
    </extensions>
   </trkpt>
   <trkpt lat="12.9821550" lon="77.6905100">
    <ele>888.6</ele>
    <time>2026-09-09T16:05:10Z</time>
    <extensions>
     <power>152</power>
     <gpxtpx:TrackPointExtension>
      <gpxtpx:hr>151</gpxtpx:hr>
      <gpxtpx:cad>74</gpxtpx:cad>
     </gpxtpx:TrackPointExtension>
    </extensions>
   </trkpt>
   <trkpt lat="12.9821630" lon="77.6904940">
    <ele>888.6</ele>
    <time>2026-09-09T16:05:11Z</time>
    <extensions>
     <power>153</power>
     <gpxtpx:TrackPointExtension>
      <gpxtpx:hr>150</gpxtpx:hr>
      <gpxtpx:cad>74</gpxtpx:cad>
     </gpxtpx:TrackPointExtension>
    </extensions>
   </trkpt>
   <trkpt lat="12.9821710" lon="77.6904770">
    <ele>888.6</ele>
    <time>2026-09-09T16:05:12Z</time>
    <extensions>
     <power>153</power>
     <gpxtpx:TrackPointExtension>
      <gpxtpx:hr>150</gpxtpx:hr>
      <gpxtpx:cad>74</gpxtpx:cad>
     </gpxtpx:TrackPointExtension>
    </extensions>
   </trkpt>
   <trkpt lat="12.9821800" lon="77.6904610">
    <ele>888.6</ele>
    <time>2026-09-09T16:05:13Z</time>
    <extensions>
     <power>152</power>
     <gpxtpx:TrackPointExtension>
      <gpxtpx:hr>150</gpxtpx:hr>
      <gpxtpx:cad>74</gpxtpx:cad>
     </gpxtpx:TrackPointExtension>
    </extensions>
   </trkpt>
   <trkpt lat="12.9821910" lon="77.6904460">
    <ele>888.6</ele>
    <time>2026-09-09T16:05:14Z</time>
    <extensions>
     <power>152</power>
     <gpxtpx:TrackPointExtension>
      <gpxtpx:hr>150</gpxtpx:hr>
      <gpxtpx:cad>74</gpxtpx:cad>
     </gpxtpx:TrackPointExtension>
    </extensions>
   </trkpt>
   <trkpt lat="12.9822020" lon="77.6904330">
    <ele>888.6</ele>
    <time>2026-09-09T16:05:15Z</time>
    <extensions>
     <power>146</power>
     <gpxtpx:TrackPointExtension>
      <gpxtpx:hr>150</gpxtpx:hr>
      <gpxtpx:cad>74</gpxtpx:cad>
     </gpxtpx:TrackPointExtension>
    </extensions>
   </trkpt>
   <trkpt lat="12.9822170" lon="77.6904200">
    <ele>888.6</ele>
    <time>2026-09-09T16:05:16Z</time>
    <extensions>
     <power>146</power>
     <gpxtpx:TrackPointExtension>
      <gpxtpx:hr>150</gpxtpx:hr>
      <gpxtpx:cad>74</gpxtpx:cad>
     </gpxtpx:TrackPointExtension>
    </extensions>
   </trkpt>
   <trkpt lat="12.9822300" lon="77.6904100">
    <ele>888.6</ele>
    <time>2026-09-09T16:05:17Z</time>
    <extensions>
     <power>148</power>
     <gpxtpx:TrackPointExtension>
      <gpxtpx:hr>149</gpxtpx:hr>
      <gpxtpx:cad>74</gpxtpx:cad>
     </gpxtpx:TrackPointExtension>
    </extensions>
   </trkpt>
   <trkpt lat="12.9822440" lon="77.6904010">
    <ele>888.6</ele>
    <time>2026-09-09T16:05:18Z</time>
    <extensions>
     <power>157</power>
     <gpxtpx:TrackPointExtension>
      <gpxtpx:hr>149</gpxtpx:hr>
      <gpxtpx:cad>74</gpxtpx:cad>
     </gpxtpx:TrackPointExtension>
    </extensions>
   </trkpt>
   <trkpt lat="12.9822570" lon="77.6903940">
    <ele>888.6</ele>
    <time>2026-09-09T16:05:19Z</time>
    <extensions>
     <power>159</power>
     <gpxtpx:TrackPointExtension>
      <gpxtpx:hr>149</gpxtpx:hr>
      <gpxtpx:cad>74</gpxtpx:cad>
     </gpxtpx:TrackPointExtension>
    </extensions>
   </trkpt>
   <trkpt lat="12.9822710" lon="77.6903880">
    <ele>888.6</ele>
    <time>2026-09-09T16:05:20Z</time>
    <extensions>
     <power>160</power>
     <gpxtpx:TrackPointExtension>
      <gpxtpx:hr>149</gpxtpx:hr>
      <gpxtpx:cad>73</gpxtpx:cad>
     </gpxtpx:TrackPointExtension>
    </extensions>
   </trkpt>
   <trkpt lat="12.9822840" lon="77.6903850">
    <ele>888.6</ele>
    <time>2026-09-09T16:05:21Z</time>
    <extensions>
     <power>160</power>
     <gpxtpx:TrackPointExtension>
      <gpxtpx:hr>149</gpxtpx:hr>
      <gpxtpx:cad>73</gpxtpx:cad>
     </gpxtpx:TrackPointExtension>
    </extensions>
   </trkpt>
   <trkpt lat="12.9822990" lon="77.6903840">
    <ele>888.6</ele>
    <time>2026-09-09T16:05:22Z</time>
    <extensions>
     <power>161</power>
     <gpxtpx:TrackPointExtension>
      <gpxtpx:hr>150</gpxtpx:hr>
      <gpxtpx:cad>73</gpxtpx:cad>
     </gpxtpx:TrackPointExtension>
    </extensions>
   </trkpt>
   <trkpt lat="12.9823140" lon="77.6903850">
    <ele>888.8</ele>
    <time>2026-09-09T16:05:23Z</time>
    <extensions>
     <power>162</power>
     <gpxtpx:TrackPointExtension>
      <gpxtpx:hr>149</gpxtpx:hr>
      <gpxtpx:cad>73</gpxtpx:cad>
     </gpxtpx:TrackPointExtension>
    </extensions>
   </trkpt>
   <trkpt lat="12.9823290" lon="77.6903870">
    <ele>888.8</ele>
    <time>2026-09-09T16:05:24Z</time>
    <extensions>
     <power>162</power>
     <gpxtpx:TrackPointExtension>
      <gpxtpx:hr>149</gpxtpx:hr>
      <gpxtpx:cad>73</gpxtpx:cad>
     </gpxtpx:TrackPointExtension>
    </extensions>
   </trkpt>
   <trkpt lat="12.9823450" lon="77.6903900">
    <ele>888.8</ele>
    <time>2026-09-09T16:05:25Z</time>
    <extensions>
     <power>160</power>
     <gpxtpx:TrackPointExtension>
      <gpxtpx:hr>149</gpxtpx:hr>
      <gpxtpx:cad>73</gpxtpx:cad>
     </gpxtpx:TrackPointExtension>
    </extensions>
   </trkpt>
   <trkpt lat="12.9823610" lon="77.6903940">
    <ele>888.8</ele>
    <time>2026-09-09T16:05:26Z</time>
    <extensions>
     <power>159</power>
     <gpxtpx:TrackPointExtension>
      <gpxtpx:hr>149</gpxtpx:hr>
      <gpxtpx:cad>73</gpxtpx:cad>
     </gpxtpx:TrackPointExtension>
    </extensions>
   </trkpt>
  </trkseg>
 </trk>
</gpx>
