<?xml version="1.0" encoding="UTF-8"?>
<gpx creator="StravaGPX" version="1.1" xmlns="http://www.topografix.com/GPX/1/1" xmlns:xsi="http://www.w3.org/2001/XMLSchema-instance" xsi:schemaLocation="http://www.topografix.com/GPX/1/1 http://www.topografix.com/GPX/1/1/gpx.xsd http://www.garmin.com/xmlschemas/GpxExtensions/v3 http://www.garmin.com/xmlschemas/GpxExtensionsv3.xsd http://www.garmin.com/xmlschemas/TrackPointExtension/v1 http://www.garmin.com/xmlschemas/TrackPointExtensionv1.xsd" xmlns:gpxtpx="http://www.garmin.com/xmlschemas/TrackPointExtension/v1" xmlns:gpxx="http://www.garmin.com/xmlschemas/GpxExtensions/v3">
 <metadata>
  <time>2026-09-09T16:10:51Z</time>
 </metadata>
 <trk>
  <name>Night run - 5km pb</name>
  <type>running</type>
  <trkseg>
   <trkpt lat="12.9820550" lon="77.6908050">
    <ele>890.4</ele>
    <time>2026-09-09T16:10:51Z</time>
    <extensions>
     <power>0</power>
     <gpxtpx:TrackPointExtension>
      <gpxtpx:hr>0</gpxtpx:hr>
      <gpxtpx:cad>85</gpxtpx:cad>
     </gpxtpx:TrackPointExtension>
    </extensions>
   </trkpt>
   <trkpt lat="12.9820550" lon="77.6908050">
    <ele>890.4</ele>
    <time>2026-09-09T16:10:52Z</time>
    <extensions>
     <power>0</power>
     <gpxtpx:TrackPointExtension>
      <gpxtpx:hr>112</gpxtpx:hr>
      <gpxtpx:cad>85</gpxtpx:cad>
     </gpxtpx:TrackPointExtension>
    </extensions>
   </trkpt>
   <trkpt lat="12.9820580" lon="77.6907950">
    <ele>890.4</ele>
    <time>2026-09-09T16:10:53Z</time>
    <extensions>
     <power>0</power>
     <gpxtpx:TrackPointExtension>
      <gpxtpx:hr>112</gpxtpx:hr>
      <gpxtpx:cad>85</gpxtpx:cad>
     </gpxtpx:TrackPointExtension>
    </extensions>
   </trkpt>
   <trkpt lat="12.9820640" lon="77.6907770">
    <ele>890.4</ele>
    <time>2026-09-09T16:10:54Z</time>
    <extensions>
     <power>0</power>
     <gpxtpx:TrackPointExtension>
      <gpxtpx:hr>113</gpxtpx:hr>
      <gpxtpx:cad>85</gpxtpx:cad>
     </gpxtpx:TrackPointExtension>
    </extensions>
   </trkpt>
   <trkpt lat="12.9820730" lon="77.6907500">
    <ele>890.4</ele>
    <time>2026-09-09T16:10:55Z</time>
    <extensions>
     <power>0</power>
     <gpxtpx:TrackPointExtension>
      <gpxtpx:hr>113</gpxtpx:hr>
      <gpxtpx:cad>85</gpxtpx:cad>
     </gpxtpx:TrackPointExtension>
    </extensions>
   </trkpt>
   <trkpt lat="12.9820810" lon="77.6907230">
    <ele>890.6</ele>
    <time>2026-09-09T16:10:56Z</time>
    <extensions>
     <power>0</power>
     <gpxtpx:TrackPointExtension>
      <gpxtpx:hr>114</gpxtpx:hr>
      <gpxtpx:cad>85</gpxtpx:cad>
     </gpxtpx:TrackPointExtension>
    </extensions>
   </trkpt>
   <trkpt lat="12.9820900" lon="77.6906950">
    <ele>890.6</ele>
    <time>2026-09-09T16:10:57Z</time>
    <extensions>
     <power>0</power>
     <gpxtpx:TrackPointExtension>
      <gpxtpx:hr>114</gpxtpx:hr>
      <gpxtpx:cad>85</gpxtpx:cad>
     </gpxtpx:TrackPointExtension>
    </extensions>
   </trkpt>
   <trkpt lat="12.9821000" lon="77.6906670">
    <ele>890.6</ele>
    <time>2026-09-09T16:10:58Z</time>
    <extensions>
     <power>0</power>
     <gpxtpx:TrackPointExtension>
      <gpxtpx:hr>115</gpxtpx:hr>
      <gpxtpx:cad>85</gpxtpx:cad>
     </gpxtpx:TrackPointExtension>
    </extensions>
   </trkpt>
   <trkpt lat="12.9821100" lon="77.6906390">
    <ele>890.6</ele>
    <time>2026-09-09T16:10:59Z</time>
    <extensions>
     <power>164</power>
     <gpxtpx:TrackPointExtension>
      <gpxtpx:hr>115</gpxtpx:hr>
      <gpxtpx:cad>85</gpxtpx:cad>
     </gpxtpx:TrackPointExtension>
    </extensions>
   </trkpt>
   <trkpt lat="12.9821180" lon="77.6906150">
    <ele>890.6</ele>
    <time>2026-09-09T16:11:00Z</time>
    <extensions>
     <power>164</power>
     <gpxtpx:TrackPointExtension>
      <gpxtpx:hr>116</gpxtpx:hr>
      <gpxtpx:cad>85</gpxtpx:cad>
     </gpxtpx:TrackPointExtension>
    </extensions>
   </trkpt>
   <trkpt lat="12.9821270" lon="77.6905880">
    <ele>890.6</ele>
    <time>2026-09-09T16:11:01Z</time>
    <extensions>
     <power>165</power>
     <gpxtpx:TrackPointExtension>
      <gpxtpx:hr>116</gpxtpx:hr>
      <gpxtpx:cad>85</gpxtpx:cad>
     </gpxtpx:TrackPointExtension>
    </extensions>
   </trkpt>
   <trkpt lat="12.9821370" lon="77.6905550">
    <ele>890.6</ele>
    <time>2026-09-09T16:11:02Z</time>
    <extensions>
     <power>172</power>
     <gpxtpx:TrackPointExtension>
      <gpxtpx:hr>117</gpxtpx:hr>
      <gpxtpx:cad>85</gpxtpx:cad>
     </gpxtpx:TrackPointExtension>
    </extensions>
   </trkpt>
   <trkpt lat="12.9821470" lon="77.6905250">
    <ele>890.6</ele>
    <time>2026-09-09T16:11:03Z</time>
    <extensions>
     <power>338</power>
     <gpxtpx:TrackPointExtension>
      <gpxtpx:hr>117</gpxtpx:hr>
      <gpxtpx:cad>85</gpxtpx:cad>
     </gpxtpx:TrackPointExtension>
    </extensions>
   </trkpt>
   <trkpt lat="12.9821580" lon="77.6904980">
    <ele>890.6</ele>
    <time>2026-09-09T16:11:04Z</time>
    <extensions>
     <power>381</power>
     <gpxtpx:TrackPointExtension>
      <gpxtpx:hr>119</gpxtpx:hr>
      <gpxtpx:cad>85</gpxtpx:cad>
     </gpxtpx:TrackPointExtension>
    </extensions>
   </trkpt>
   <trkpt lat="12.9821740" lon="77.6904700">
    <ele>890.6</ele>
    <time>2026-09-09T16:11:05Z</time>
    <extensions>
     <power>381</power>
     <gpxtpx:TrackPointExtension>
      <gpxtpx:hr>121</gpxtpx:hr>
      <gpxtpx:cad>85</gpxtpx:cad>
     </gpxtpx:TrackPointExtension>
    </extensions>
   </trkpt>
   <trkpt lat="12.9821950" lon="77.6904450">
    <ele>890.6</ele>
    <time>2026-09-09T16:11:06Z</time>
    <extensions>
     <power>381</power>
     <gpxtpx:TrackPointExtension>
      <gpxtpx:hr>121</gpxtpx:hr>
      <gpxtpx:cad>85</gpxtpx:cad>
     </gpxtpx:TrackPointExtension>
    </extensions>
   </trkpt>
   <trkpt lat="12.9822190" lon="77.6904250">
    <ele>890.6</ele>
    <time>2026-09-09T16:11:07Z</time>
    <extensions>
     <power>379</power>
     <gpxtpx:TrackPointExtension>
      <gpxtpx:hr>125</gpxtpx:hr>
      <gpxtpx:cad>85</gpxtpx:cad>
     </gpxtpx:TrackPointExtension>
    </extensions>
   </trkpt>
   <trkpt lat="12.9822460" lon="77.6904120">
    <ele>890.6</ele>
    <time>2026-09-09T16:11:08Z</time>
    <extensions>
     <power>411</power>
     <gpxtpx:TrackPointExtension>
      <gpxtpx:hr>125</gpxtpx:hr>
      <gpxtpx:cad>84</gpxtpx:cad>
     </gpxtpx:TrackPointExtension>
    </extensions>
   </trkpt>
   <trkpt lat="12.9822750" lon="77.6904040">
    <ele>890.6</ele>
    <time>2026-09-09T16:11:09Z</time>
    <extensions>
     <power>414</power>
     <gpxtpx:TrackPointExtension>
      <gpxtpx:hr>138</gpxtpx:hr>
      <gpxtpx:cad>84</gpxtpx:cad>
     </gpxtpx:TrackPointExtension>
    </extensions>
   </trkpt>
   <trkpt lat="12.9823030" lon="77.6904030">
    <ele>890.6</ele>
    <time>2026-09-09T16:11:10Z</time>
    <extensions>
     <power>415</power>
     <gpxtpx:TrackPointExtension>
      <gpxtpx:hr>138</gpxtpx:hr>
      <gpxtpx:cad>85</gpxtpx:cad>
     </gpxtpx:TrackPointExtension>
    </extensions>
   </trkpt>
   <trkpt lat="12.9823310" lon="77.6904070">
    <ele>890.4</ele>
    <time>2026-09-09T16:11:11Z</time>
    <extensions>
     <power>416</power>
     <gpxtpx:TrackPointExtension>
      <gpxtpx:hr>142</gpxtpx:hr>
      <gpxtpx:cad>85</gpxtpx:cad>
     </gpxtpx:TrackPointExtension>
    </extensions>
   </trkpt>
   <trkpt lat="12.9823580" lon="77.6904150">
    <ele>890.4</ele>
    <time>2026-09-09T16:11:12Z</time>
    <extensions>
     <power>420</power>
     <gpxtpx:TrackPointExtension>
      <gpxtpx:hr>142</gpxtpx:hr>
      <gpxtpx:cad>84</gpxtpx:cad>
     </gpxtpx:TrackPointExtension>
    </extensions>
   </trkpt>
   <trkpt lat="12.9823830" lon="77.6904270">
    <ele>890.4</ele>
    <time>2026-09-09T16:11:13Z</time>
    <extensions>
     <power>441</power>
     <gpxtpx:TrackPointExtension>
      <gpxtpx:hr>144</gpxtpx:hr>
      <gpxtpx:cad>84</gpxtpx:cad>
     </gpxtpx:TrackPointExtension>
    </extensions>
   </trkpt>
   <trkpt lat="12.9824050" lon="77.6904440">
    <ele>890.4</ele>
    <time>2026-09-09T16:11:14Z</time>
    <extensions>
     <power>412</power>
     <gpxtpx:TrackPointExtension>
      <gpxtpx:hr>144</gpxtpx:hr>
      <gpxtpx:cad>84</gpxtpx:cad>
     </gpxtpx:TrackPointExtension>
    </extensions>
   </trkpt>
   <trkpt lat="12.9824230" lon="77.6904660">
    <ele>890.4</ele>
    <time>2026-09-09T16:11:15Z</time>
    <extensions>
     <power>410</power>
     <gpxtpx:TrackPointExtension>
      <gpxtpx:hr>148</gpxtpx:hr>
      <gpxtpx:cad>84</gpxtpx:cad>
     </gpxtpx:TrackPointExtension>
    </extensions>
   </trkpt>
   <trkpt lat="12.9824330" lon="77.6904900">
    <ele>890.4</ele>
    <time>2026-09-09T16:11:16Z</time>
    <extensions>
     <power>407</power>
     <gpxtpx:TrackPointExtension>
      <gpxtpx:hr>150</gpxtpx:hr>
      <gpxtpx:cad>85</gpxtpx:cad>
     </gpxtpx:TrackPointExtension>
    </extensions>
   </trkpt>
   <trkpt lat="12.9824370" lon="77.6905160">
    <ele>890.4</ele>
    <time>2026-09-09T16:11:17Z</time>
    <extensions>
     <power>392</power>
     <gpxtpx:TrackPointExtension>
      <gpxtpx:hr>150</gpxtpx:hr>
      <gpxtpx:cad>85</gpxtpx:cad>
     </gpxtpx:TrackPointExtension>
    </extensions>
   </trkpt>
   <trkpt lat="12.9824360" lon="77.6905420">
    <ele>890.4</ele>
    <time>2026-09-09T16:11:18Z</time>
    <extensions>
     <power>382</power>
     <gpxtpx:TrackPointExtension>
      <gpxtpx:hr>152</gpxtpx:hr>
      <gpxtpx:cad>84</gpxtpx:cad>
     </gpxtpx:TrackPointExtension>
    </extensions>
   </trkpt>
   <trkpt lat="12.9824330" lon="77.6905670">
    <ele>890.4</ele>
    <time>2026-09-09T16:11:19Z</time>
    <extensions>
     <power>366</power>
     <gpxtpx:TrackPointExtension>
      <gpxtpx:hr>152</gpxtpx:hr>
      <gpxtpx:cad>84</gpxtpx:cad>
     </gpxtpx:TrackPointExtension>
    </extensions>
   </trkpt>
   <trkpt lat="12.9824280" lon="77.6905930">
    <ele>890.4</ele>
    <time>2026-09-09T16:11:20Z</time>
    <extensions>
     <power>340</power>
     <gpxtpx:TrackPointExtension>
      <gpxtpx:hr>153</gpxtpx:hr>
      <gpxtpx:cad>84</gpxtpx:cad>
     </gpxtpx:TrackPointExtension>
    </extensions>
   </trkpt>
   <trkpt lat="12.9824220" lon="77.6906180">
    <ele>890.4</ele>
    <time>2026-09-09T16:11:21Z</time>
    <extensions>
     <power>335</power>
     <gpxtpx:TrackPointExtension>
      <gpxtpx:hr>153</gpxtpx:hr>
      <gpxtpx:cad>84</gpxtpx:cad>
     </gpxtpx:TrackPointExtension>
    </extensions>
   </trkpt>
   <trkpt lat="12.9824150" lon="77.6906440">
    <ele>890.4</ele>
    <time>2026-09-09T16:11:22Z</time>
    <extensions>
     <power>340</power>
     <gpxtpx:TrackPointExtension>
      <gpxtpx:hr>155</gpxtpx:hr>
      <gpxtpx:cad>84</gpxtpx:cad>
     </gpxtpx:TrackPointExtension>
    </extensions>
   </trkpt>
   <trkpt lat="12.9824080" lon="77.6906700">
    <ele>890.4</ele>
    <time>2026-09-09T16:11:23Z</time>
    <extensions>
     <power>341</power>
     <gpxtpx:TrackPointExtension>
      <gpxtpx:hr>155</gpxtpx:hr>
      <gpxtpx:cad>84</gpxtpx:cad>
     </gpxtpx:TrackPointExtension>
    </extensions>
   </trkpt>
   <trkpt lat="12.9824000" lon="77.6906960">
    <ele>890.4</ele>
    <time>2026-09-09T16:11:24Z</time>
    <extensions>
     <power>341</power>
     <gpxtpx:TrackPointExtension>
      <gpxtpx:hr>156</gpxtpx:hr>
      <gpxtpx:cad>84</gpxtpx:cad>
     </gpxtpx:TrackPointExtension>
    </extensions>
   </trkpt>
   <trkpt lat="12.9823910" lon="77.6907230">
    <ele>890.4</ele>
    <time>2026-09-09T16:11:25Z</time>
    <extensions>
     <power>341</power>
     <gpxtpx:TrackPointExtension>
      <gpxtpx:hr>156</gpxtpx:hr>
      <gpxtpx:cad>84</gpxtpx:cad>
     </gpxtpx:TrackPointExtension>
    </extensions>
   </trkpt>
   <trkpt lat="12.9823810" lon="77.6907500">
    <ele>890.4</ele>
    <time>2026-09-09T16:11:26Z</time>
    <extensions>
     <power>341</power>
     <gpxtpx:TrackPointExtension>
      <gpxtpx:hr>157</gpxtpx:hr>
      <gpxtpx:cad>84</gpxtpx:cad>
     </gpxtpx:TrackPointExtension>
    </extensions>
   </trkpt>
   <trkpt lat="12.9823710" lon="77.6907780">
    <ele>890.4</ele>
    <time>2026-09-09T16:11:27Z</time>
    <extensions>
     <power>341</power>
     <gpxtpx:TrackPointExtension>
      <gpxtpx:hr>157</gpxtpx:hr>
      <gpxtpx:cad>83</gpxtpx:cad>
     </gpxtpx:TrackPointExtension>
    </extensions>
   </trkpt>
   <trkpt lat="12.9823610" lon="77.6908070">
    <ele>890.4</ele>
    <time>2026-09-09T16:11:28Z</time>
    <extensions>
     <power>341</power>
     <gpxtpx:TrackPointExtension>
      <gpxtpx:hr>157</gpxtpx:hr>
      <gpxtpx:cad>83</gpxtpx:cad>
     </gpxtpx:TrackPointExtension>
    </extensions>
   </trkpt>
   <trkpt lat="12.9823540" lon="77.6908350">
    <ele>890.4</ele>
    <time>2026-09-09T16:11:29Z</time>
    <extensions>
     <power>339</power>
     <gpxtpx:TrackPointExtension>
      <gpxtpx:hr>157</gpxtpx:hr>
      <gpxtpx:cad>83</gpxtpx:cad>
     </gpxtpx:TrackPointExtension>
    </extensions>
   </trkpt>
   <trkpt lat="12.9823520" lon="77.6908630">
    <ele>890.4</ele>
    <time>2026-09-09T16:11:30Z</time>
    <extensions>
     <power>361</power>
     <gpxtpx:TrackPointExtension>
      <gpxtpx:hr>159</gpxtpx:hr>
      <gpxtpx:cad>83</gpxtpx:cad>
     </gpxtpx:TrackPointExtension>
    </extensions>
   </trkpt>
   <trkpt lat="12.9823590" lon="77.6908880">
    <ele>890.4</ele>
    <time>2026-09-09T16:11:31Z</time>
    <extensions>
     <power>365</power>
     <gpxtpx:TrackPointExtension>
      <gpxtpx:hr>159</gpxtpx:hr>
      <gpxtpx:cad>83</gpxtpx:cad>
     </gpxtpx:TrackPointExtension>
    </extensions>
   </trkpt>
   <trkpt lat="12.9823750" lon="77.6909070">
    <ele>890.4</ele>
    <time>2026-09-09T16:11:32Z</time>
    <extensions>
     <power>337</power>
     <gpxtpx:TrackPointExtension>
      <gpxtpx:hr>161</gpxtpx:hr>
      <gpxtpx:cad>83</gpxtpx:cad>
     </gpxtpx:TrackPointExtension>
    </extensions>
   </trkpt>
   <trkpt lat="12.9823970" lon="77.6909210">
    <ele>890.4</ele>
    <time>2026-09-09T16:11:33Z</time>
    <extensions>
     <power>331</power>
     <gpxtpx:TrackPointExtension>
      <gpxtpx:hr>161</gpxtpx:hr>
      <gpxtpx:cad>83</gpxtpx:cad>
     </gpxtpx:TrackPointExtension>
    </extensions>
   </trkpt>
   <trkpt lat="12.9824210" lon="77.6909320">
    <ele>890.4</ele>
    <time>2026-09-09T16:11:34Z</time>
    <extensions>
     <power>329</power>
     <gpxtpx:TrackPointExtension>
      <gpxtpx:hr>163</gpxtpx:hr>
      <gpxtpx:cad>83</gpxtpx:cad>
     </gpxtpx:TrackPointExtension>
    </extensions>
   </trkpt>
   <trkpt lat="12.9824450" lon="77.6909420">
    <ele>890.4</ele>
    <time>2026-09-09T16:11:35Z</time>
    <extensions>
     <power>329</power>
     <gpxtpx:TrackPointExtension>
      <gpxtpx:hr>164</gpxtpx:hr>
      <gpxtpx:cad>82</gpxtpx:cad>
     </gpxtpx:TrackPointExtension>
    </extensions>
   </trkpt>
   <trkpt lat="12.9824690" lon="77.6909510">
    <ele>890.4</ele>
    <time>2026-09-09T16:11:36Z</time>
    <extensions>
     <power>344</power>
     <gpxtpx:TrackPointExtension>
      <gpxtpx:hr>164</gpxtpx:hr>
      <gpxtpx:cad>82</gpxtpx:cad>
     </gpxtpx:TrackPointExtension>
    </extensions>
   </trkpt>
   <trkpt lat="12.9824940" lon="77.6909610">
    <ele>890.4</ele>
    <time>2026-09-09T16:11:37Z</time>
    <extensions>
     <power>349</power>
     <gpxtpx:TrackPointExtension>
      <gpxtpx:hr>164</gpxtpx:hr>
      <gpxtpx:cad>82</gpxtpx:cad>
     </gpxtpx:TrackPointExtension>
    </extensions>
   </trkpt>
   <trkpt lat="12.9825170" lon="77.6909700">
    <ele>890.4</ele>
    <time>2026-09-09T16:11:38Z</time>
    <extensions>
     <power>357</power>
     <gpxtpx:TrackPointExtension>
      <gpxtpx:hr>164</gpxtpx:hr>
      <gpxtpx:cad>83</gpxtpx:cad>
     </gpxtpx:TrackPointExtension>
    </extensions>
   </trkpt>
   <trkpt lat="12.9825400" lon="77.6909800">
    <ele>890.4</ele>
    <time>2026-09-09T16:11:39Z</time>
    <extensions>
     <power>358</power>
     <gpxtpx:TrackPointExtension>
      <gpxtpx:hr>164</gpxtpx:hr>
      <gpxtpx:cad>83</gpxtpx:cad>
     </gpxtpx:TrackPointExtension>
    </extensions>
   </trkpt>
   <trkpt lat="12.9825630" lon="77.6909900">
    <ele>890.4</ele>
    <time>2026-09-09T16:11:40Z</time>
    <extensions>
     <power>362</power>
     <gpxtpx:TrackPointExtension>
      <gpxtpx:hr>164</gpxtpx:hr>
      <gpxtpx:cad>83</gpxtpx:cad>
     </gpxtpx:TrackPointExtension>
    </extensions>
   </trkpt>
   <trkpt lat="12.9825850" lon="77.6910010">
    <ele>890.4</ele>
    <time>2026-09-09T16:11:41Z</time>
    <extensions>
     <power>363</power>
     <gpxtpx:TrackPointExtension>
      <gpxtpx:hr>165</gpxtpx:hr>
      <gpxtpx:cad>84</gpxtpx:cad>
     </gpxtpx:TrackPointExtension>
    </extensions>
   </trkpt>
   <trkpt lat="12.9826070" lon="77.6910110">
    <ele>890.4</ele>
    <time>2026-09-09T16:11:42Z</time>
    <extensions>
     <power>365</power>
     <gpxtpx:TrackPointExtension>
      <gpxtpx:hr>165</gpxtpx:hr>
      <gpxtpx:cad>84</gpxtpx:cad>
     </gpxtpx:TrackPointExtension>
    </extensions>
   </trkpt>
   <trkpt lat="12.9826290" lon="77.6910210">
    <ele>890.4</ele>
    <time>2026-09-09T16:11:43Z</time>
    <extensions>
     <power>364</power>
     <gpxtpx:TrackPointExtension>
      <gpxtpx:hr>165</gpxtpx:hr>
      <gpxtpx:cad>83</gpxtpx:cad>
     </gpxtpx:TrackPointExtension>
    </extensions>
   </trkpt>
   <trkpt lat="12.9826510" lon="77.6910320">
    <ele>890.4</ele>
    <time>2026-09-09T16:11:44Z</time>
    <extensions>
     <power>365</power>
     <gpxtpx:TrackPointExtension>
      <gpxtpx:hr>165</gpxtpx:hr>
      <gpxtpx:cad>83</gpxtpx:cad>
     </gpxtpx:TrackPointExtension>
    </extensions>
   </trkpt>
   <trkpt lat="12.9826710" lon="77.6910420">
    <ele>890.4</ele>
    <time>2026-09-09T16:11:45Z</time>
    <extensions>
     <power>364</power>
     <gpxtpx:TrackPointExtension>
      <gpxtpx:hr>166</gpxtpx:hr>
      <gpxtpx:cad>82</gpxtpx:cad>
     </gpxtpx:TrackPointExtension>
    </extensions>
   </trkpt>
   <trkpt lat="12.9826920" lon="77.6910520">
    <ele>890.4</ele>
    <time>2026-09-09T16:11:46Z</time>
    <extensions>
     <power>362</power>
     <gpxtpx:TrackPointExtension>
      <gpxtpx:hr>166</gpxtpx:hr>
      <gpxtpx:cad>82</gpxtpx:cad>
     </gpxtpx:TrackPointExtension>
    </extensions>
   </trkpt>
   <trkpt lat="12.9827140" lon="77.6910620">
    <ele>890.4</ele>
    <time>2026-09-09T16:11:47Z</time>
    <extensions>
     <power>362</power>
     <gpxtpx:TrackPointExtension>
      <gpxtpx:hr>166</gpxtpx:hr>
      <gpxtpx:cad>82</gpxtpx:cad>
     </gpxtpx:TrackPointExtension>
    </extensions>
   </trkpt>
   <trkpt lat="12.9827370" lon="77.6910720">
    <ele>890.4</ele>
    <time>2026-09-09T16:11:48Z</time>
    <extensions>
     <power>351</power>
     <gpxtpx:TrackPointExtension>
      <gpxtpx:hr>166</gpxtpx:hr>
      <gpxtpx:cad>82</gpxtpx:cad>
     </gpxtpx:TrackPointExtension>
    </extensions>
   </trkpt>
   <trkpt lat="12.9827620" lon="77.6910830">
    <ele>890.2</ele>
    <time>2026-09-09T16:11:49Z</time>
    <extensions>
     <power>351</power>
     <gpxtpx:TrackPointExtension>
      <gpxtpx:hr>166</gpxtpx:hr>
      <gpxtpx:cad>82</gpxtpx:cad>
     </gpxtpx:TrackPointExtension>
    </extensions>
   </trkpt>
   <trkpt lat="12.9827850" lon="77.6910920">
    <ele>890.2</ele>
    <time>2026-09-09T16:11:50Z</time>
    <extensions>
     <power>333</power>
     <gpxtpx:TrackPointExtension>
      <gpxtpx:hr>166</gpxtpx:hr>
      <gpxtpx:cad>82</gpxtpx:cad>
     </gpxtpx:TrackPointExtension>
    </extensions>
   </trkpt>
   <trkpt lat="12.9828100" lon="77.6911000">
    <ele>890.2</ele>
    <time>2026-09-09T16:11:51Z</time>
    <extensions>
     <power>330</power>
     <gpxtpx:TrackPointExtension>
      <gpxtpx:hr>167</gpxtpx:hr>
      <gpxtpx:cad>83</gpxtpx:cad>
     </gpxtpx:TrackPointExtension>
    </extensions>
   </trkpt>
   <trkpt lat="12.9828340" lon="77.6911090">
    <ele>890.2</ele>
    <time>2026-09-09T16:11:52Z</time>
    <extensions>
     <power>332</power>
     <gpxtpx:TrackPointExtension>
      <gpxtpx:hr>167</gpxtpx:hr>
      <gpxtpx:cad>83</gpxtpx:cad>
     </gpxtpx:TrackPointExtension>
    </extensions>
   </trkpt>
   <trkpt lat="12.9828600" lon="77.6911180">
    <ele>890.2</ele>
    <time>2026-09-09T16:11:53Z</time>
    <extensions>
     <power>323</power>
     <gpxtpx:TrackPointExtension>
      <gpxtpx:hr>167</gpxtpx:hr>
      <gpxtpx:cad>83</gpxtpx:cad>
     </gpxtpx:TrackPointExtension>
    </extensions>
   </trkpt>
   <trkpt lat="12.9828850" lon="77.6911270">
    <ele>890.2</ele>
    <time>2026-09-09T16:11:54Z</time>
    <extensions>
     <power>319</power>
     <gpxtpx:TrackPointExtension>
      <gpxtpx:hr>167</gpxtpx:hr>
      <gpxtpx:cad>83</gpxtpx:cad>
     </gpxtpx:TrackPointExtension>
    </extensions>
   </trkpt>
   <trkpt lat="12.9829110" lon="77.6911370">
    <ele>890.2</ele>
    <time>2026-09-09T16:11:55Z</time>
    <extensions>
     <power>319</power>
     <gpxtpx:TrackPointExtension>
      <gpxtpx:hr>167</gpxtpx:hr>
      <gpxtpx:cad>83</gpxtpx:cad>
     </gpxtpx:TrackPointExtension>
    </extensions>
   </trkpt>
   <trkpt lat="12.9829370" lon="77.6911470">
    <ele>890.2</ele>
    <time>2026-09-09T16:11:56Z</time>
    <extensions>
     <power>317</power>
     <gpxtpx:TrackPointExtension>
      <gpxtpx:hr>166</gpxtpx:hr>
      <gpxtpx:cad>83</gpxtpx:cad>
     </gpxtpx:TrackPointExtension>
    </extensions>
   </trkpt>
   <trkpt lat="12.9829630" lon="77.6911570">
    <ele>890.2</ele>
    <time>2026-09-09T16:11:57Z</time>
    <extensions>
     <power>326</power>
     <gpxtpx:TrackPointExtension>
      <gpxtpx:hr>166</gpxtpx:hr>
      <gpxtpx:cad>83</gpxtpx:cad>
     </gpxtpx:TrackPointExtension>
    </extensions>
   </trkpt>
   <trkpt lat="12.9829890" lon="77.6911660">
    <ele>890.2</ele>
    <time>2026-09-09T16:11:58Z</time>
    <extensions>
     <power>326</power>
     <gpxtpx:TrackPointExtension>
      <gpxtpx:hr>166</gpxtpx:hr>
      <gpxtpx:cad>83</gpxtpx:cad>
     </gpxtpx:TrackPointExtension>
    </extensions>
   </trkpt>
   <trkpt lat="12.9830150" lon="77.6911760">
    <ele>890.2</ele>
    <time>2026-09-09T16:11:59Z</time>
    <extensions>
     <power>318</power>
     <gpxtpx:TrackPointExtension>
      <gpxtpx:hr>166</gpxtpx:hr>
      <gpxtpx:cad>84</gpxtpx:cad>
     </gpxtpx:TrackPointExtension>
    </extensions>
   </trkpt>
   <trkpt lat="12.9830410" lon="77.6911850">
    <ele>890.2</ele>
    <time>2026-09-09T16:12:00Z</time>
    <extensions>
     <power>318</power>
     <gpxtpx:TrackPointExtension>
      <gpxtpx:hr>166</gpxtpx:hr>
      <gpxtpx:cad>84</gpxtpx:cad>
     </gpxtpx:TrackPointExtension>
    </extensions>
   </trkpt>
   <trkpt lat="12.9830680" lon="77.6911950">
    <ele>890.2</ele>
    <time>2026-09-09T16:12:01Z</time>
    <extensions>
     <power>317</power>
     <gpxtpx:TrackPointExtension>
      <gpxtpx:hr>166</gpxtpx:hr>
      <gpxtpx:cad>84</gpxtpx:cad>
     </gpxtpx:TrackPointExtension>
    </extensions>
   </trkpt>
   <trkpt lat="12.9830950" lon="77.6912040">
    <ele>890.2</ele>
    <time>2026-09-09T16:12:02Z</time>
    <extensions>
     <power>313</power>
     <gpxtpx:TrackPointExtension>
      <gpxtpx:hr>167</gpxtpx:hr>
      <gpxtpx:cad>84</gpxtpx:cad>
     </gpxtpx:TrackPointExtension>
    </extensions>
   </trkpt>
   <trkpt lat="12.9831220" lon="77.6912130">
    <ele>890.2</ele>
    <time>2026-09-09T16:12:03Z</time>
    <extensions>
     <power>314</power>
     <gpxtpx:TrackPointExtension>
      <gpxtpx:hr>167</gpxtpx:hr>
      <gpxtpx:cad>84</gpxtpx:cad>
     </gpxtpx:TrackPointExtension>
    </extensions>
   </trkpt>
   <trkpt lat="12.9831490" lon="77.6912220">
    <ele>890.2</ele>
    <time>2026-09-09T16:12:04Z</time>
    <extensions>
     <power>345</power>
     <gpxtpx:TrackPointExtension>
      <gpxtpx:hr>168</gpxtpx:hr>
      <gpxtpx:cad>83</gpxtpx:cad>
     </gpxtpx:TrackPointExtension>
    </extensions>
   </trkpt>
   <trkpt lat="12.9831760" lon="77.6912300">
    <ele>890.2</ele>
    <time>2026-09-09T16:12:05Z</time>
    <extensions>
     <power>352</power>
     <gpxtpx:TrackPointExtension>
      <gpxtpx:hr>168</gpxtpx:hr>
      <gpxtpx:cad>83</gpxtpx:cad>
     </gpxtpx:TrackPointExtension>
    </extensions>
   </trkpt>
   <trkpt lat="12.9832030" lon="77.6912380">
    <ele>890.2</ele>
    <time>2026-09-09T16:12:06Z</time>
    <extensions>
     <power>354</power>
     <gpxtpx:TrackPointExtension>
      <gpxtpx:hr>168</gpxtpx:hr>
      <gpxtpx:cad>83</gpxtpx:cad>
     </gpxtpx:TrackPointExtension>
    </extensions>
   </trkpt>
   <trkpt lat="12.9832290" lon="77.6912460">
    <ele>890.2</ele>
    <time>2026-09-09T16:12:07Z</time>
    <extensions>
     <power>354</power>
     <gpxtpx:TrackPointExtension>
      <gpxtpx:hr>168</gpxtpx:hr>
      <gpxtpx:cad>83</gpxtpx:cad>
     </gpxtpx:TrackPointExtension>
    </extensions>
   </trkpt>
   <trkpt lat="12.9832570" lon="77.6912530">
    <ele>890.2</ele>
    <time>2026-09-09T16:12:08Z</time>
    <extensions>
     <power>354</power>
     <gpxtpx:TrackPointExtension>
      <gpxtpx:hr>168</gpxtpx:hr>
      <gpxtpx:cad>84</gpxtpx:cad>
     </gpxtpx:TrackPointExtension>
    </extensions>
   </trkpt>
   <trkpt lat="12.9832840" lon="77.6912610">
    <ele>890.2</ele>
    <time>2026-09-09T16:12:09Z</time>
    <extensions>
     <power>353</power>
     <gpxtpx:TrackPointExtension>
      <gpxtpx:hr>168</gpxtpx:hr>
      <gpxtpx:cad>84</gpxtpx:cad>
     </gpxtpx:TrackPointExtension>
    </extensions>
   </trkpt>
   <trkpt lat="12.9833110" lon="77.6912680">
    <ele>890.2</ele>
    <time>2026-09-09T16:12:10Z</time>
    <extensions>
     <power>353</power>
     <gpxtpx:TrackPointExtension>
      <gpxtpx:hr>167</gpxtpx:hr>
      <gpxtpx:cad>84</gpxtpx:cad>
     </gpxtpx:TrackPointExtension>
    </extensions>
   </trkpt>
   <trkpt lat="12.9833380" lon="77.6912750">
    <ele>890.2</ele>
    <time>2026-09-09T16:12:11Z</time>
    <extensions>
     <power>353</power>
     <gpxtpx:TrackPointExtension>
      <gpxtpx:hr>167</gpxtpx:hr>
      <gpxtpx:cad>84</gpxtpx:cad>
     </gpxtpx:TrackPointExtension>
    </extensions>
   </trkpt>
   <trkpt lat="12.9833650" lon="77.6912830">
    <ele>890.2</ele>
    <time>2026-09-09T16:12:12Z</time>
    <extensions>
     <power>353</power>
     <gpxtpx:TrackPointExtension>
      <gpxtpx:hr>167</gpxtpx:hr>
      <gpxtpx:cad>84</gpxtpx:cad>
     </gpxtpx:TrackPointExtension>
    </extensions>
   </trkpt>
   <trkpt lat="12.9833920" lon="77.6912910">
    <ele>890.2</ele>
    <time>2026-09-09T16:12:13Z</time>
    <extensions>
     <power>322</power>
     <gpxtpx:TrackPointExtension>
      <gpxtpx:hr>167</gpxtpx:hr>
      <gpxtpx:cad>83</gpxtpx:cad>
     </gpxtpx:TrackPointExtension>
    </extensions>
   </trkpt>
   <trkpt lat="12.9834190" lon="77.6912990">
    <ele>890.2</ele>
    <time>2026-09-09T16:12:14Z</time>
    <extensions>
     <power>325</power>
     <gpxtpx:TrackPointExtension>
      <gpxtpx:hr>167</gpxtpx:hr>
      <gpxtpx:cad>83</gpxtpx:cad>
     </gpxtpx:TrackPointExtension>
    </extensions>
   </trkpt>
   <trkpt lat="12.9834470" lon="77.6913080">
    <ele>890.2</ele>
    <time>2026-09-09T16:12:15Z</time>
    <extensions>
     <power>326</power>
     <gpxtpx:TrackPointExtension>
      <gpxtpx:hr>167</gpxtpx:hr>
      <gpxtpx:cad>83</gpxtpx:cad>
     </gpxtpx:TrackPointExtension>
    </extensions>
   </trkpt>
   <trkpt lat="12.9834750" lon="77.6913170">
    <ele>890.2</ele>
    <time>2026-09-09T16:12:16Z</time>
    <extensions>
     <power>326</power>
     <gpxtpx:TrackPointExtension>
      <gpxtpx:hr>167</gpxtpx:hr>
      <gpxtpx:cad>82</gpxtpx:cad>
     </gpxtpx:TrackPointExtension>
    </extensions>
   </trkpt>
   <trkpt lat="12.9835040" lon="77.6913260">
    <ele>890.2</ele>
    <time>2026-09-09T16:12:17Z</time>
    <extensions>
     <power>326</power>
     <gpxtpx:TrackPointExtension>
      <gpxtpx:hr>167</gpxtpx:hr>
      <gpxtpx:cad>82</gpxtpx:cad>
     </gpxtpx:TrackPointExtension>
    </extensions>
   </trkpt>
   <trkpt lat="12.9835330" lon="77.6913360">
    <ele>890.2</ele>
    <time>2026-09-09T16:12:18Z</time>
    <extensions>
     <power>317</power>
     <gpxtpx:TrackPointExtension>
      <gpxtpx:hr>168</gpxtpx:hr>
      <gpxtpx:cad>82</gpxtpx:cad>
     </gpxtpx:TrackPointExtension>
    </extensions>
   </trkpt>
   <trkpt lat="12.9835600" lon="77.6913490">
    <ele>890.2</ele>
    <time>2026-09-09T16:12:19Z</time>
    <extensions>
     <power>315</power>
     <gpxtpx:TrackPointExtension>
      <gpxtpx:hr>169</gpxtpx:hr>
      <gpxtpx:cad>82</gpxtpx:cad>
     </gpxtpx:TrackPointExtension>
    </extensions>
   </trkpt>
   <trkpt lat="12.9835830" lon="77.6913660">
    <ele>890.2</ele>
    <time>2026-09-09T16:12:20Z</time>
    <extensions>
     <power>309</power>
     <gpxtpx:TrackPointExtension>
      <gpxtpx:hr>169</gpxtpx:hr>
      <gpxtpx:cad>82</gpxtpx:cad>
     </gpxtpx:TrackPointExtension>
    </extensions>
   </trkpt>
   <trkpt lat="12.9836010" lon="77.6913890">
    <ele>890.2</ele>
    <time>2026-09-09T16:12:21Z</time>
    <extensions>
     <power>306</power>
     <gpxtpx:TrackPointExtension>
      <gpxtpx:hr>170</gpxtpx:hr>
      <gpxtpx:cad>82</gpxtpx:cad>
     </gpxtpx:TrackPointExtension>
    </extensions>
   </trkpt>
   <trkpt lat="12.9836100" lon="77.6914140">
    <ele>890.4</ele>
    <time>2026-09-09T16:12:22Z</time>
    <extensions>
     <power>305</power>
     <gpxtpx:TrackPointExtension>
      <gpxtpx:hr>170</gpxtpx:hr>
      <gpxtpx:cad>82</gpxtpx:cad>
     </gpxtpx:TrackPointExtension>
    </extensions>
   </trkpt>
   <trkpt lat="12.9836140" lon="77.6914410">
    <ele>890.4</ele>
    <time>2026-09-09T16:12:23Z</time>
    <extensions>
     <power>306</power>
     <gpxtpx:TrackPointExtension>
      <gpxtpx:hr>170</gpxtpx:hr>
      <gpxtpx:cad>82</gpxtpx:cad>
     </gpxtpx:TrackPointExtension>
    </extensions>
   </trkpt>
   <trkpt lat="12.9836130" lon="77.6914680">
    <ele>890.4</ele>
    <time>2026-09-09T16:12:24Z</time>
    <extensions>
     <power>306</power>
     <gpxtpx:TrackPointExtension>
      <gpxtpx:hr>170</gpxtpx:hr>
      <gpxtpx:cad>83</gpxtpx:cad>
     </gpxtpx:TrackPointExtension>
    </extensions>
   </trkpt>
   <trkpt lat="12.9836110" lon="77.6914930">
    <ele>890.4</ele>
    <time>2026-09-09T16:12:25Z</time>
    <extensions>
     <power>306</power>
     <gpxtpx:TrackPointExtension>
      <gpxtpx:hr>170</gpxtpx:hr>
      <gpxtpx:cad>83</gpxtpx:cad>
     </gpxtpx:TrackPointExtension>
    </extensions>
   </trkpt>
   <trkpt lat="12.9836070" lon="77.6915190">
    <ele>890.4</ele>
    <time>2026-09-09T16:12:26Z</time>
    <extensions>
     <power>306</power>
     <gpxtpx:TrackPointExtension>
      <gpxtpx:hr>170</gpxtpx:hr>
      <gpxtpx:cad>83</gpxtpx:cad>
     </gpxtpx:TrackPointExtension>
    </extensions>
   </trkpt>
   <trkpt lat="12.9836020" lon="77.6915440">
    <ele>890.4</ele>
    <time>2026-09-09T16:12:27Z</time>
    <extensions>
     <power>306</power>
     <gpxtpx:TrackPointExtension>
      <gpxtpx:hr>171</gpxtpx:hr>
      <gpxtpx:cad>83</gpxtpx:cad>
     </gpxtpx:TrackPointExtension>
    </extensions>
   </trkpt>
   <trkpt lat="12.9835960" lon="77.6915670">
    <ele>890.4</ele>
    <time>2026-09-09T16:12:28Z</time>
    <extensions>
     <power>314</power>
     <gpxtpx:TrackPointExtension>
      <gpxtpx:hr>171</gpxtpx:hr>
      <gpxtpx:cad>83</gpxtpx:cad>
     </gpxtpx:TrackPointExtension>
    </extensions>
   </trkpt>
   <trkpt lat="12.9835890" lon="77.6915910">
    <ele>890.4</ele>
    <time>2026-09-09T16:12:29Z</time>
    <extensions>
     <power>308</power>
     <gpxtpx:TrackPointExtension>
      <gpxtpx:hr>171</gpxtpx:hr>
      <gpxtpx:cad>83</gpxtpx:cad>
     </gpxtpx:TrackPointExtension>
    </extensions>
   </trkpt>
   <trkpt lat="12.9835810" lon="77.6916140">
    <ele>890.4</ele>
    <time>2026-09-09T16:12:30Z</time>
    <extensions>
     <power>307</power>
     <gpxtpx:TrackPointExtension>
      <gpxtpx:hr>171</gpxtpx:hr>
      <gpxtpx:cad>83</gpxtpx:cad>
     </gpxtpx:TrackPointExtension>
    </extensions>
   </trkpt>
   <trkpt lat="12.9835730" lon="77.6916390">
    <ele>890.4</ele>
    <time>2026-09-09T16:12:31Z</time>
    <extensions>
     <power>307</power>
     <gpxtpx:TrackPointExtension>
      <gpxtpx:hr>171</gpxtpx:hr>
      <gpxtpx:cad>84</gpxtpx:cad>
     </gpxtpx:TrackPointExtension>
    </extensions>
   </trkpt>
   <trkpt lat="12.9835630" lon="77.6916650">
    <ele>890.2</ele>
    <time>2026-09-09T16:12:32Z</time>
    <extensions>
     <power>307</power>
     <gpxtpx:TrackPointExtension>
      <gpxtpx:hr>171</gpxtpx:hr>
      <gpxtpx:cad>84</gpxtpx:cad>
     </gpxtpx:TrackPointExtension>
    </extensions>
   </trkpt>
   <trkpt lat="12.9835530" lon="77.6916910">
    <ele>890.2</ele>
    <time>2026-09-09T16:12:33Z</time>
    <extensions>
     <power>306</power>
     <gpxtpx:TrackPointExtension>
      <gpxtpx:hr>171</gpxtpx:hr>
      <gpxtpx:cad>84</gpxtpx:cad>
     </gpxtpx:TrackPointExtension>
    </extensions>
   </trkpt>
   <trkpt lat="12.9835430" lon="77.6917170">
    <ele>890.2</ele>
    <time>2026-09-09T16:12:34Z</time>
    <extensions>
     <power>306</power>
     <gpxtpx:TrackPointExtension>
      <gpxtpx:hr>171</gpxtpx:hr>
      <gpxtpx:cad>84</gpxtpx:cad>
     </gpxtpx:TrackPointExtension>
    </extensions>
   </trkpt>
   <trkpt lat="12.9835310" lon="77.6917440">
    <ele>890.2</ele>
    <time>2026-09-09T16:12:35Z</time>
    <extensions>
     <power>306</power>
     <gpxtpx:TrackPointExtension>
      <gpxtpx:hr>171</gpxtpx:hr>
      <gpxtpx:cad>84</gpxtpx:cad>
     </gpxtpx:TrackPointExtension>
    </extensions>
   </trkpt>
   <trkpt lat="12.9835160" lon="77.6917690">
    <ele>890.2</ele>
    <time>2026-09-09T16:12:36Z</time>
    <extensions>
     <power>324</power>
     <gpxtpx:TrackPointExtension>
      <gpxtpx:hr>171</gpxtpx:hr>
      <gpxtpx:cad>84</gpxtpx:cad>
     </gpxtpx:TrackPointExtension>
    </extensions>
   </trkpt>
   <trkpt lat="12.9834980" lon="77.6917910">
    <ele>890.2</ele>
    <time>2026-09-09T16:12:37Z</time>
    <extensions>
     <power>319</power>
     <gpxtpx:TrackPointExtension>
      <gpxtpx:hr>171</gpxtpx:hr>
      <gpxtpx:cad>84</gpxtpx:cad>
     </gpxtpx:TrackPointExtension>
    </extensions>
   </trkpt>
   <trkpt lat="12.9834780" lon="77.6918090">
    <ele>890.2</ele>
    <time>2026-09-09T16:12:38Z</time>
    <extensions>
     <power>326</power>
     <gpxtpx:TrackPointExtension>
      <gpxtpx:hr>171</gpxtpx:hr>
      <gpxtpx:cad>84</gpxtpx:cad>
     </gpxtpx:TrackPointExtension>
    </extensions>
   </trkpt>
   <trkpt lat="12.9834550" lon="77.6918250">
    <ele>890.2</ele>
    <time>2026-09-09T16:12:39Z</time>
    <extensions>
     <power>337</power>
     <gpxtpx:TrackPointExtension>
      <gpxtpx:hr>171</gpxtpx:hr>
      <gpxtpx:cad>84</gpxtpx:cad>
     </gpxtpx:TrackPointExtension>
    </extensions>
   </trkpt>
   <trkpt lat="12.9834320" lon="77.6918360">
    <ele>890.0</ele>
    <time>2026-09-09T16:12:40Z</time>
    <extensions>
     <power>338</power>
     <gpxtpx:TrackPointExtension>
      <gpxtpx:hr>172</gpxtpx:hr>
      <gpxtpx:cad>83</gpxtpx:cad>
     </gpxtpx:TrackPointExtension>
    </extensions>
   </trkpt>
   <trkpt lat="12.9834080" lon="77.6918450">
    <ele>890.0</ele>
    <time>2026-09-09T16:12:41Z</time>
    <extensions>
     <power>338</power>
     <gpxtpx:TrackPointExtension>
      <gpxtpx:hr>171</gpxtpx:hr>
      <gpxtpx:cad>83</gpxtpx:cad>
     </gpxtpx:TrackPointExtension>
    </extensions>
   </trkpt>
   <trkpt lat="12.9833830" lon="77.6918510">
    <ele>890.0</ele>
    <time>2026-09-09T16:12:42Z</time>
    <extensions>
     <power>337</power>
     <gpxtpx:TrackPointExtension>
      <gpxtpx:hr>171</gpxtpx:hr>
      <gpxtpx:cad>83</gpxtpx:cad>
     </gpxtpx:TrackPointExtension>
    </extensions>
   </trkpt>
   <trkpt lat="12.9833590" lon="77.6918560">
    <ele>890.0</ele>
    <time>2026-09-09T16:12:43Z</time>
    <extensions>
     <power>328</power>
     <gpxtpx:TrackPointExtension>
      <gpxtpx:hr>171</gpxtpx:hr>
      <gpxtpx:cad>82</gpxtpx:cad>
     </gpxtpx:TrackPointExtension>
    </extensions>
   </trkpt>
   <trkpt lat="12.9833340" lon="77.6918610">
    <ele>890.0</ele>
    <time>2026-09-09T16:12:44Z</time>
    <extensions>
     <power>332</power>
     <gpxtpx:TrackPointExtension>
      <gpxtpx:hr>171</gpxtpx:hr>
      <gpxtpx:cad>82</gpxtpx:cad>
     </gpxtpx:TrackPointExtension>
    </extensions>
   </trkpt>
   <trkpt lat="12.9833100" lon="77.6918660">
    <ele>890.0</ele>
    <time>2026-09-09T16:12:45Z</time>
    <extensions>
     <power>324</power>
     <gpxtpx:TrackPointExtension>
      <gpxtpx:hr>171</gpxtpx:hr>
      <gpxtpx:cad>82</gpxtpx:cad>
     </gpxtpx:TrackPointExtension>
    </extensions>
   </trkpt>
   <trkpt lat="12.9832840" lon="77.6918720">
    <ele>890.0</ele>
    <time>2026-09-09T16:12:46Z</time>
    <extensions>
     <power>322</power>
     <gpxtpx:TrackPointExtension>
      <gpxtpx:hr>171</gpxtpx:hr>
      <gpxtpx:cad>83</gpxtpx:cad>
     </gpxtpx:TrackPointExtension>
    </extensions>
   </trkpt>
   <trkpt lat="12.9832600" lon="77.6918780">
    <ele>890.0</ele>
    <time>2026-09-09T16:12:47Z</time>
    <extensions>
     <power>330</power>
     <gpxtpx:TrackPointExtension>
      <gpxtpx:hr>170</gpxtpx:hr>
      <gpxtpx:cad>83</gpxtpx:cad>
     </gpxtpx:TrackPointExtension>
    </extensions>
   </trkpt>
   <trkpt lat="12.9832360" lon="77.6918890">
    <ele>890.0</ele>
    <time>2026-09-09T16:12:48Z</time>
    <extensions>
     <power>332</power>
     <gpxtpx:TrackPointExtension>
      <gpxtpx:hr>170</gpxtpx:hr>
      <gpxtpx:cad>83</gpxtpx:cad>
     </gpxtpx:TrackPointExtension>
    </extensions>
   </trkpt>
   <trkpt lat="12.9832150" lon="77.6919030">
    <ele>890.2</ele>
    <time>2026-09-09T16:12:49Z</time>
    <extensions>
     <power>332</power>
     <gpxtpx:TrackPointExtension>
      <gpxtpx:hr>170</gpxtpx:hr>
      <gpxtpx:cad>83</gpxtpx:cad>
     </gpxtpx:TrackPointExtension>
    </extensions>
   </trkpt>
   <trkpt lat="12.9831970" lon="77.6919210">
    <ele>890.2</ele>
    <time>2026-09-09T16:12:50Z</time>
    <extensions>
     <power>333</power>
     <gpxtpx:TrackPointExtension>
      <gpxtpx:hr>170</gpxtpx:hr>
      <gpxtpx:cad>83</gpxtpx:cad>
     </gpxtpx:TrackPointExtension>
    </extensions>
   </trkpt>
   <trkpt lat="12.9831800" lon="77.6919410">
    <ele>890.0</ele>
    <time>2026-09-09T16:12:51Z</time>
    <extensions>
     <power>333</power>
     <gpxtpx:TrackPointExtension>
      <gpxtpx:hr>170</gpxtpx:hr>
      <gpxtpx:cad>83</gpxtpx:cad>
     </gpxtpx:TrackPointExtension>
    </extensions>
   </trkpt>
   <trkpt lat="12.9831640" lon="77.6919620">
    <ele>890.0</ele>
    <time>2026-09-09T16:12:52Z</time>
    <extensions>
     <power>333</power>
     <gpxtpx:TrackPointExtension>
      <gpxtpx:hr>170</gpxtpx:hr>
      <gpxtpx:cad>83</gpxtpx:cad>
     </gpxtpx:TrackPointExtension>
    </extensions>
   </trkpt>
   <trkpt lat="12.9831460" lon="77.6919820">
    <ele>890.0</ele>
    <time>2026-09-09T16:12:53Z</time>
    <extensions>
     <power>324</power>
     <gpxtpx:TrackPointExtension>
      <gpxtpx:hr>170</gpxtpx:hr>
      <gpxtpx:cad>83</gpxtpx:cad>
     </gpxtpx:TrackPointExtension>
    </extensions>
   </trkpt>
   <trkpt lat="12.9831260" lon="77.6920010">
    <ele>890.0</ele>
    <time>2026-09-09T16:12:54Z</time>
    <extensions>
     <power>325</power>
     <gpxtpx:TrackPointExtension>
      <gpxtpx:hr>170</gpxtpx:hr>
      <gpxtpx:cad>83</gpxtpx:cad>
     </gpxtpx:TrackPointExtension>
    </extensions>
   </trkpt>
   <trkpt lat="12.9831050" lon="77.6920190">
    <ele>890.0</ele>
    <time>2026-09-09T16:12:55Z</time>
    <extensions>
     <power>325</power>
     <gpxtpx:TrackPointExtension>
      <gpxtpx:hr>170</gpxtpx:hr>
      <gpxtpx:cad>83</gpxtpx:cad>
     </gpxtpx:TrackPointExtension>
    </extensions>
   </trkpt>
   <trkpt lat="12.9830830" lon="77.6920370">
    <ele>890.0</ele>
    <time>2026-09-09T16:12:56Z</time>
    <extensions>
     <power>325</power>
     <gpxtpx:TrackPointExtension>
      <gpxtpx:hr>170</gpxtpx:hr>
      <gpxtpx:cad>83</gpxtpx:cad>
     </gpxtpx:TrackPointExtension>
    </extensions>
   </trkpt>
   <trkpt lat="12.9830610" lon="77.6920540">
    <ele>890.0</ele>
    <time>2026-09-09T16:12:57Z</time>
    <extensions>
     <power>325</power>
     <gpxtpx:TrackPointExtension>
      <gpxtpx:hr>170</gpxtpx:hr>
      <gpxtpx:cad>83</gpxtpx:cad>
     </gpxtpx:TrackPointExtension>
    </extensions>
   </trkpt>
   <trkpt lat="12.9830390" lon="77.6920710">
    <ele>890.0</ele>
    <time>2026-09-09T16:12:58Z</time>
    <extensions>
     <power>325</power>
     <gpxtpx:TrackPointExtension>
      <gpxtpx:hr>170</gpxtpx:hr>
      <gpxtpx:cad>83</gpxtpx:cad>
     </gpxtpx:TrackPointExtension>
    </extensions>
   </trkpt>
   <trkpt lat="12.9830160" lon="77.6920880">
    <ele>890.0</ele>
    <time>2026-09-09T16:12:59Z</time>
    <extensions>
     <power>313</power>
     <gpxtpx:TrackPointExtension>
      <gpxtpx:hr>171</gpxtpx:hr>
      <gpxtpx:cad>83</gpxtpx:cad>
     </gpxtpx:TrackPointExtension>
    </extensions>
   </trkpt>
   <trkpt lat="12.9829950" lon="77.6921030">
    <ele>890.0</ele>
    <time>2026-09-09T16:13:00Z</time>
    <extensions>
     <power>311</power>
     <gpxtpx:TrackPointExtension>
      <gpxtpx:hr>171</gpxtpx:hr>
      <gpxtpx:cad>83</gpxtpx:cad>
     </gpxtpx:TrackPointExtension>
    </extensions>
   </trkpt>
   <trkpt lat="12.9829710" lon="77.6921210">
    <ele>890.0</ele>
    <time>2026-09-09T16:13:01Z</time>
    <extensions>
     <power>305</power>
     <gpxtpx:TrackPointExtension>
      <gpxtpx:hr>171</gpxtpx:hr>
      <gpxtpx:cad>83</gpxtpx:cad>
     </gpxtpx:TrackPointExtension>
    </extensions>
   </trkpt>
   <trkpt lat="12.9829490" lon="77.6921360">
    <ele>890.0</ele>
    <time>2026-09-09T16:13:02Z</time>
    <extensions>
     <power>311</power>
     <gpxtpx:TrackPointExtension>
      <gpxtpx:hr>171</gpxtpx:hr>
      <gpxtpx:cad>83</gpxtpx:cad>
     </gpxtpx:TrackPointExtension>
    </extensions>
   </trkpt>
   <trkpt lat="12.9829270" lon="77.6921520">
    <ele>890.0</ele>
    <time>2026-09-09T16:13:03Z</time>
    <extensions>
     <power>312</power>
     <gpxtpx:TrackPointExtension>
      <gpxtpx:hr>171</gpxtpx:hr>
      <gpxtpx:cad>83</gpxtpx:cad>
     </gpxtpx:TrackPointExtension>
    </extensions>
   </trkpt>
   <trkpt lat="12.9829030" lon="77.6921670">
    <ele>890.0</ele>
    <time>2026-09-09T16:13:04Z</time>
    <extensions>
     <power>315</power>
     <gpxtpx:TrackPointExtension>
      <gpxtpx:hr>171</gpxtpx:hr>
      <gpxtpx:cad>83</gpxtpx:cad>
     </gpxtpx:TrackPointExtension>
    </extensions>
   </trkpt>
   <trkpt lat="12.9828790" lon="77.6921810">
    <ele>890.0</ele>
    <time>2026-09-09T16:13:05Z</time>
    <extensions>
     <power>316</power>
     <gpxtpx:TrackPointExtension>
      <gpxtpx:hr>171</gpxtpx:hr>
      <gpxtpx:cad>83</gpxtpx:cad>
     </gpxtpx:TrackPointExtension>
    </extensions>
   </trkpt>
   <trkpt lat="12.9828560" lon="77.6921950">
    <ele>890.0</ele>
    <time>2026-09-09T16:13:06Z</time>
    <extensions>
     <power>316</power>
     <gpxtpx:TrackPointExtension>
      <gpxtpx:hr>172</gpxtpx:hr>
      <gpxtpx:cad>83</gpxtpx:cad>
     </gpxtpx:TrackPointExtension>
    </extensions>
   </trkpt>
   <trkpt lat="12.9828340" lon="77.6922110">
    <ele>890.0</ele>
    <time>2026-09-09T16:13:07Z</time>
    <extensions>
     <power>319</power>
     <gpxtpx:TrackPointExtension>
      <gpxtpx:hr>172</gpxtpx:hr>
      <gpxtpx:cad>83</gpxtpx:cad>
     </gpxtpx:TrackPointExtension>
    </extensions>
   </trkpt>
   <trkpt lat="12.9828140" lon="77.6922300">
    <ele>890.0</ele>
    <time>2026-09-09T16:13:08Z</time>
    <extensions>
     <power>319</power>
     <gpxtpx:TrackPointExtension>
      <gpxtpx:hr>173</gpxtpx:hr>
      <gpxtpx:cad>83</gpxtpx:cad>
     </gpxtpx:TrackPointExtension>
    </extensions>
   </trkpt>
   <trkpt lat="12.9827960" lon="77.6922500">
    <ele>890.2</ele>
    <time>2026-09-09T16:13:09Z</time>
    <extensions>
     <power>319</power>
     <gpxtpx:TrackPointExtension>
      <gpxtpx:hr>173</gpxtpx:hr>
      <gpxtpx:cad>83</gpxtpx:cad>
     </gpxtpx:TrackPointExtension>
    </extensions>
   </trkpt>
   <trkpt lat="12.9827790" lon="77.6922720">
    <ele>890.2</ele>
    <time>2026-09-09T16:13:10Z</time>
    <extensions>
     <power>312</power>
     <gpxtpx:TrackPointExtension>
      <gpxtpx:hr>173</gpxtpx:hr>
      <gpxtpx:cad>83</gpxtpx:cad>
     </gpxtpx:TrackPointExtension>
    </extensions>
   </trkpt>
   <trkpt lat="12.9827640" lon="77.6922950">
    <ele>890.2</ele>
    <time>2026-09-09T16:13:11Z</time>
    <extensions>
     <power>311</power>
     <gpxtpx:TrackPointExtension>
      <gpxtpx:hr>173</gpxtpx:hr>
      <gpxtpx:cad>83</gpxtpx:cad>
     </gpxtpx:TrackPointExtension>
    </extensions>
   </trkpt>
   <trkpt lat="12.9827510" lon="77.6923190">
    <ele>890.2</ele>
    <time>2026-09-09T16:13:12Z</time>
    <extensions>
     <power>310</power>
     <gpxtpx:TrackPointExtension>
      <gpxtpx:hr>173</gpxtpx:hr>
      <gpxtpx:cad>82</gpxtpx:cad>
     </gpxtpx:TrackPointExtension>
    </extensions>
   </trkpt>
   <trkpt lat="12.9827360" lon="77.6923420">
    <ele>890.2</ele>
    <time>2026-09-09T16:13:13Z</time>
    <extensions>
     <power>310</power>
     <gpxtpx:TrackPointExtension>
      <gpxtpx:hr>173</gpxtpx:hr>
      <gpxtpx:cad>82</gpxtpx:cad>
     </gpxtpx:TrackPointExtension>
    </extensions>
   </trkpt>
   <trkpt lat="12.9827190" lon="77.6923620">
    <ele>890.2</ele>
    <time>2026-09-09T16:13:14Z</time>
    <extensions>
     <power>310</power>
     <gpxtpx:TrackPointExtension>
      <gpxtpx:hr>173</gpxtpx:hr>
      <gpxtpx:cad>82</gpxtpx:cad>
     </gpxtpx:TrackPointExtension>
    </extensions>
   </trkpt>
   <trkpt lat="12.9826990" lon="77.6923780">
    <ele>890.2</ele>
    <time>2026-09-09T16:13:15Z</time>
    <extensions>
     <power>311</power>
     <gpxtpx:TrackPointExtension>
      <gpxtpx:hr>173</gpxtpx:hr>
      <gpxtpx:cad>82</gpxtpx:cad>
     </gpxtpx:TrackPointExtension>
    </extensions>
   </trkpt>
   <trkpt lat="12.9826770" lon="77.6923900">
    <ele>890.2</ele>
    <time>2026-09-09T16:13:16Z</time>
    <extensions>
     <power>319</power>
     <gpxtpx:TrackPointExtension>
      <gpxtpx:hr>174</gpxtpx:hr>
      <gpxtpx:cad>82</gpxtpx:cad>
     </gpxtpx:TrackPointExtension>
    </extensions>
   </trkpt>
   <trkpt lat="12.9826500" lon="77.6923990">
    <ele>890.2</ele>
    <time>2026-09-09T16:13:17Z</time>
    <extensions>
     <power>318</power>
     <gpxtpx:TrackPointExtension>
      <gpxtpx:hr>174</gpxtpx:hr>
      <gpxtpx:cad>82</gpxtpx:cad>
     </gpxtpx:TrackPointExtension>
    </extensions>
   </trkpt>
   <trkpt lat="12.9826300" lon="77.6924030">
    <ele>890.2</ele>
    <time>2026-09-09T16:13:18Z</time>
    <extensions>
     <power>310</power>
     <gpxtpx:TrackPointExtension>
      <gpxtpx:hr>175</gpxtpx:hr>
      <gpxtpx:cad>82</gpxtpx:cad>
     </gpxtpx:TrackPointExtension>
    </extensions>
   </trkpt>
   <trkpt lat="12.9826050" lon="77.6924060">
    <ele>890.2</ele>
    <time>2026-09-09T16:13:19Z</time>
    <extensions>
     <power>308</power>
     <gpxtpx:TrackPointExtension>
      <gpxtpx:hr>175</gpxtpx:hr>
      <gpxtpx:cad>82</gpxtpx:cad>
     </gpxtpx:TrackPointExtension>
    </extensions>
   </trkpt>
   <trkpt lat="12.9825820" lon="77.6924090">
    <ele>890.2</ele>
    <time>2026-09-09T16:13:20Z</time>
    <extensions>
     <power>308</power>
     <gpxtpx:TrackPointExtension>
      <gpxtpx:hr>175</gpxtpx:hr>
      <gpxtpx:cad>82</gpxtpx:cad>
     </gpxtpx:TrackPointExtension>
    </extensions>
   </trkpt>
   <trkpt lat="12.9825580" lon="77.6924120">
    <ele>890.2</ele>
    <time>2026-09-09T16:13:21Z</time>
    <extensions>
     <power>309</power>
     <gpxtpx:TrackPointExtension>
      <gpxtpx:hr>175</gpxtpx:hr>
      <gpxtpx:cad>82</gpxtpx:cad>
     </gpxtpx:TrackPointExtension>
    </extensions>
   </trkpt>
   <trkpt lat="12.9825300" lon="77.6924140">
    <ele>890.4</ele>
    <time>2026-09-09T16:13:22Z</time>
    <extensions>
     <power>309</power>
     <gpxtpx:TrackPointExtension>
      <gpxtpx:hr>175</gpxtpx:hr>
      <gpxtpx:cad>82</gpxtpx:cad>
     </gpxtpx:TrackPointExtension>
    </extensions>
   </trkpt>
   <trkpt lat="12.9825080" lon="77.6924160">
    <ele>890.4</ele>
    <time>2026-09-09T16:13:23Z</time>
    <extensions>
     <power>309</power>
     <gpxtpx:TrackPointExtension>
      <gpxtpx:hr>175</gpxtpx:hr>
      <gpxtpx:cad>82</gpxtpx:cad>
     </gpxtpx:TrackPointExtension>
    </extensions>
   </trkpt>
   <trkpt lat="12.9824830" lon="77.6924170">
    <ele>890.4</ele>
    <time>2026-09-09T16:13:24Z</time>
    <extensions>
     <power>317</power>
     <gpxtpx:TrackPointExtension>
      <gpxtpx:hr>175</gpxtpx:hr>
      <gpxtpx:cad>83</gpxtpx:cad>
     </gpxtpx:TrackPointExtension>
    </extensions>
   </trkpt>
   <trkpt lat="12.9824590" lon="77.6924160">
    <ele>890.4</ele>
    <time>2026-09-09T16:13:25Z</time>
    <extensions>
     <power>327</power>
     <gpxtpx:TrackPointExtension>
      <gpxtpx:hr>176</gpxtpx:hr>
      <gpxtpx:cad>83</gpxtpx:cad>
     </gpxtpx:TrackPointExtension>
    </extensions>
   </trkpt>
   <trkpt lat="12.9824340" lon="77.6924110">
    <ele>890.4</ele>
    <time>2026-09-09T16:13:26Z</time>
    <extensions>
     <power>322</power>
     <gpxtpx:TrackPointExtension>
      <gpxtpx:hr>176</gpxtpx:hr>
      <gpxtpx:cad>83</gpxtpx:cad>
     </gpxtpx:TrackPointExtension>
    </extensions>
   </trkpt>
   <trkpt lat="12.9824110" lon="77.6924040">
    <ele>890.4</ele>
    <time>2026-09-09T16:13:27Z</time>
    <extensions>
     <power>321</power>
     <gpxtpx:TrackPointExtension>
      <gpxtpx:hr>176</gpxtpx:hr>
      <gpxtpx:cad>83</gpxtpx:cad>
     </gpxtpx:TrackPointExtension>
    </extensions>
   </trkpt>
   <trkpt lat="12.9823880" lon="77.6923940">
    <ele>890.4</ele>
    <time>2026-09-09T16:13:28Z</time>
    <extensions>
     <power>320</power>
     <gpxtpx:TrackPointExtension>
      <gpxtpx:hr>176</gpxtpx:hr>
      <gpxtpx:cad>83</gpxtpx:cad>
     </gpxtpx:TrackPointExtension>
    </extensions>
   </trkpt>
   <trkpt lat="12.9823670" lon="77.6923820">
    <ele>890.4</ele>
    <time>2026-09-09T16:13:29Z</time>
    <extensions>
     <power>320</power>
     <gpxtpx:TrackPointExtension>
      <gpxtpx:hr>176</gpxtpx:hr>
      <gpxtpx:cad>83</gpxtpx:cad>
     </gpxtpx:TrackPointExtension>
    </extensions>
   </trkpt>
   <trkpt lat="12.9823480" lon="77.6923660">
    <ele>890.4</ele>
    <time>2026-09-09T16:13:30Z</time>
    <extensions>
     <power>319</power>
     <gpxtpx:TrackPointExtension>
      <gpxtpx:hr>176</gpxtpx:hr>
      <gpxtpx:cad>83</gpxtpx:cad>
     </gpxtpx:TrackPointExtension>
    </extensions>
   </trkpt>
   <trkpt lat="12.9823300" lon="77.6923480">
    <ele>890.4</ele>
    <time>2026-09-09T16:13:31Z</time>
    <extensions>
     <power>319</power>
     <gpxtpx:TrackPointExtension>
      <gpxtpx:hr>175</gpxtpx:hr>
      <gpxtpx:cad>83</gpxtpx:cad>
     </gpxtpx:TrackPointExtension>
    </extensions>
   </trkpt>
   <trkpt lat="12.9823130" lon="77.6923290">
    <ele>890.4</ele>
    <time>2026-09-09T16:13:32Z</time>
    <extensions>
     <power>316</power>
     <gpxtpx:TrackPointExtension>
      <gpxtpx:hr>175</gpxtpx:hr>
      <gpxtpx:cad>82</gpxtpx:cad>
     </gpxtpx:TrackPointExtension>
    </extensions>
   </trkpt>
   <trkpt lat="12.9822950" lon="77.6923110">
    <ele>890.4</ele>
    <time>2026-09-09T16:13:33Z</time>
    <extensions>
     <power>301</power>
     <gpxtpx:TrackPointExtension>
      <gpxtpx:hr>175</gpxtpx:hr>
      <gpxtpx:cad>82</gpxtpx:cad>
     </gpxtpx:TrackPointExtension>
    </extensions>
   </trkpt>
   <trkpt lat="12.9822770" lon="77.6922930">
    <ele>890.6</ele>
    <time>2026-09-09T16:13:34Z</time>
    <extensions>
     <power>299</power>
     <gpxtpx:TrackPointExtension>
      <gpxtpx:hr>175</gpxtpx:hr>
      <gpxtpx:cad>82</gpxtpx:cad>
     </gpxtpx:TrackPointExtension>
    </extensions>
   </trkpt>
   <trkpt lat="12.9822590" lon="77.6922740">
    <ele>890.6</ele>
    <time>2026-09-09T16:13:35Z</time>
    <extensions>
     <power>298</power>
     <gpxtpx:TrackPointExtension>
      <gpxtpx:hr>175</gpxtpx:hr>
      <gpxtpx:cad>82</gpxtpx:cad>
     </gpxtpx:TrackPointExtension>
    </extensions>
   </trkpt>
   <trkpt lat="12.9822410" lon="77.6922550">
    <ele>890.6</ele>
    <time>2026-09-09T16:13:36Z</time>
    <extensions>
     <power>297</power>
     <gpxtpx:TrackPointExtension>
      <gpxtpx:hr>175</gpxtpx:hr>
      <gpxtpx:cad>82</gpxtpx:cad>
     </gpxtpx:TrackPointExtension>
    </extensions>
   </trkpt>
   <trkpt lat="12.9822250" lon="77.6922370">
    <ele>890.6</ele>
    <time>2026-09-09T16:13:37Z</time>
    <extensions>
     <power>295</power>
     <gpxtpx:TrackPointExtension>
      <gpxtpx:hr>176</gpxtpx:hr>
      <gpxtpx:cad>82</gpxtpx:cad>
     </gpxtpx:TrackPointExtension>
    </extensions>
   </trkpt>
   <trkpt lat="12.9822080" lon="77.6922180">
    <ele>890.6</ele>
    <time>2026-09-09T16:13:38Z</time>
    <extensions>
     <power>297</power>
     <gpxtpx:TrackPointExtension>
      <gpxtpx:hr>176</gpxtpx:hr>
      <gpxtpx:cad>82</gpxtpx:cad>
     </gpxtpx:TrackPointExtension>
    </extensions>
   </trkpt>
   <trkpt lat="12.9821910" lon="77.6921980">
    <ele>890.6</ele>
    <time>2026-09-09T16:13:39Z</time>
    <extensions>
     <power>292</power>
     <gpxtpx:TrackPointExtension>
      <gpxtpx:hr>176</gpxtpx:hr>
      <gpxtpx:cad>82</gpxtpx:cad>
     </gpxtpx:TrackPointExtension>
    </extensions>
   </trkpt>
   <trkpt lat="12.9821750" lon="77.6921780">
    <ele>890.6</ele>
    <time>2026-09-09T16:13:40Z</time>
    <extensions>
     <power>299</power>
     <gpxtpx:TrackPointExtension>
      <gpxtpx:hr>176</gpxtpx:hr>
      <gpxtpx:cad>83</gpxtpx:cad>
     </gpxtpx:TrackPointExtension>
    </extensions>
   </trkpt>
   <trkpt lat="12.9821600" lon="77.6921560">
    <ele>890.6</ele>
    <time>2026-09-09T16:13:41Z</time>
    <extensions>
     <power>301</power>
     <gpxtpx:TrackPointExtension>
      <gpxtpx:hr>176</gpxtpx:hr>
      <gpxtpx:cad>83</gpxtpx:cad>
     </gpxtpx:TrackPointExtension>
    </extensions>
   </trkpt>
   <trkpt lat="12.9821440" lon="77.6921360">
    <ele>890.4</ele>
    <time>2026-09-09T16:13:42Z</time>
    <extensions>
     <power>300</power>
     <gpxtpx:TrackPointExtension>
      <gpxtpx:hr>176</gpxtpx:hr>
      <gpxtpx:cad>83</gpxtpx:cad>
     </gpxtpx:TrackPointExtension>
    </extensions>
   </trkpt>
   <trkpt lat="12.9821260" lon="77.6921160">
    <ele>890.4</ele>
    <time>2026-09-09T16:13:43Z</time>
    <extensions>
     <power>300</power>
     <gpxtpx:TrackPointExtension>
      <gpxtpx:hr>177</gpxtpx:hr>
      <gpxtpx:cad>83</gpxtpx:cad>
     </gpxtpx:TrackPointExtension>
    </extensions>
   </trkpt>
   <trkpt lat="12.9821070" lon="77.6920960">
    <ele>890.4</ele>
    <time>2026-09-09T16:13:44Z</time>
    <extensions>
     <power>292</power>
     <gpxtpx:TrackPointExtension>
      <gpxtpx:hr>177</gpxtpx:hr>
      <gpxtpx:cad>82</gpxtpx:cad>
     </gpxtpx:TrackPointExtension>
    </extensions>
   </trkpt>
   <trkpt lat="12.9820880" lon="77.6920740">
    <ele>890.4</ele>
    <time>2026-09-09T16:13:45Z</time>
    <extensions>
     <power>295</power>
     <gpxtpx:TrackPointExtension>
      <gpxtpx:hr>177</gpxtpx:hr>
      <gpxtpx:cad>82</gpxtpx:cad>
     </gpxtpx:TrackPointExtension>
    </extensions>
   </trkpt>
   <trkpt lat="12.9820720" lon="77.6920500">
    <ele>890.4</ele>
    <time>2026-09-09T16:13:46Z</time>
    <extensions>
     <power>295</power>
     <gpxtpx:TrackPointExtension>
      <gpxtpx:hr>177</gpxtpx:hr>
      <gpxtpx:cad>82</gpxtpx:cad>
     </gpxtpx:TrackPointExtension>
    </extensions>
   </trkpt>
   <trkpt lat="12.9820610" lon="77.6920230">
    <ele>890.4</ele>
    <time>2026-09-09T16:13:47Z</time>
    <extensions>
     <power>297</power>
     <gpxtpx:TrackPointExtension>
      <gpxtpx:hr>177</gpxtpx:hr>
      <gpxtpx:cad>82</gpxtpx:cad>
     </gpxtpx:TrackPointExtension>
    </extensions>
   </trkpt>
   <trkpt lat="12.9820550" lon="77.6919950">
    <ele>890.4</ele>
    <time>2026-09-09T16:13:48Z</time>
    <extensions>
     <power>295</power>
     <gpxtpx:TrackPointExtension>
      <gpxtpx:hr>177</gpxtpx:hr>
      <gpxtpx:cad>81</gpxtpx:cad>
     </gpxtpx:TrackPointExtension>
    </extensions>
   </trkpt>
   <trkpt lat="12.9820490" lon="77.6919670">
    <ele>890.4</ele>
    <time>2026-09-09T16:13:49Z</time>
    <extensions>
     <power>300</power>
     <gpxtpx:TrackPointExtension>
      <gpxtpx:hr>177</gpxtpx:hr>
      <gpxtpx:cad>81</gpxtpx:cad>
     </gpxtpx:TrackPointExtension>
    </extensions>
   </trkpt>
   <trkpt lat="12.9820460" lon="77.6919380">
    <ele>890.4</ele>
    <time>2026-09-09T16:13:50Z</time>
    <extensions>
     <power>301</power>
     <gpxtpx:TrackPointExtension>
      <gpxtpx:hr>177</gpxtpx:hr>
      <gpxtpx:cad>81</gpxtpx:cad>
     </gpxtpx:TrackPointExtension>
    </extensions>
   </trkpt>
   <trkpt lat="12.9820430" lon="77.6919110">
    <ele>890.4</ele>
    <time>2026-09-09T16:13:51Z</time>
    <extensions>
     <power>301</power>
     <gpxtpx:TrackPointExtension>
      <gpxtpx:hr>177</gpxtpx:hr>
      <gpxtpx:cad>82</gpxtpx:cad>
     </gpxtpx:TrackPointExtension>
    </extensions>
   </trkpt>
   <trkpt lat="12.9820430" lon="77.6918830">
    <ele>890.4</ele>
    <time>2026-09-09T16:13:52Z</time>
    <extensions>
     <power>309</power>
     <gpxtpx:TrackPointExtension>
      <gpxtpx:hr>177</gpxtpx:hr>
      <gpxtpx:cad>83</gpxtpx:cad>
     </gpxtpx:TrackPointExtension>
    </extensions>
   </trkpt>
   <trkpt lat="12.9820460" lon="77.6918550">
    <ele>890.4</ele>
    <time>2026-09-09T16:13:53Z</time>
    <extensions>
     <power>312</power>
     <gpxtpx:TrackPointExtension>
      <gpxtpx:hr>177</gpxtpx:hr>
      <gpxtpx:cad>83</gpxtpx:cad>
     </gpxtpx:TrackPointExtension>
    </extensions>
   </trkpt>
   <trkpt lat="12.9820500" lon="77.6918300">
    <ele>890.4</ele>
    <time>2026-09-09T16:13:54Z</time>
    <extensions>
     <power>312</power>
     <gpxtpx:TrackPointExtension>
      <gpxtpx:hr>176</gpxtpx:hr>
      <gpxtpx:cad>84</gpxtpx:cad>
     </gpxtpx:TrackPointExtension>
    </extensions>
   </trkpt>
   <trkpt lat="12.9820560" lon="77.6918050">
    <ele>890.4</ele>
    <time>2026-09-09T16:13:55Z</time>
    <extensions>
     <power>312</power>
     <gpxtpx:TrackPointExtension>
      <gpxtpx:hr>177</gpxtpx:hr>
      <gpxtpx:cad>83</gpxtpx:cad>
     </gpxtpx:TrackPointExtension>
    </extensions>
   </trkpt>
   <trkpt lat="12.9820620" lon="77.6917790">
    <ele>890.4</ele>
    <time>2026-09-09T16:13:56Z</time>
    <extensions>
     <power>312</power>
     <gpxtpx:TrackPointExtension>
      <gpxtpx:hr>177</gpxtpx:hr>
      <gpxtpx:cad>83</gpxtpx:cad>
     </gpxtpx:TrackPointExtension>
    </extensions>
   </trkpt>
   <trkpt lat="12.9820700" lon="77.6917530">
    <ele>890.4</ele>
    <time>2026-09-09T16:13:57Z</time>
    <extensions>
     <power>312</power>
     <gpxtpx:TrackPointExtension>
      <gpxtpx:hr>177</gpxtpx:hr>
      <gpxtpx:cad>83</gpxtpx:cad>
     </gpxtpx:TrackPointExtension>
    </extensions>
   </trkpt>
   <trkpt lat="12.9820790" lon="77.6917280">
    <ele>890.4</ele>
    <time>2026-09-09T16:13:58Z</time>
    <extensions>
     <power>312</power>
     <gpxtpx:TrackPointExtension>
      <gpxtpx:hr>177</gpxtpx:hr>
      <gpxtpx:cad>83</gpxtpx:cad>
     </gpxtpx:TrackPointExtension>
    </extensions>
   </trkpt>
   <trkpt lat="12.9820880" lon="77.6917030">
    <ele>890.4</ele>
    <time>2026-09-09T16:13:59Z</time>
    <extensions>
     <power>312</power>
     <gpxtpx:TrackPointExtension>
      <gpxtpx:hr>177</gpxtpx:hr>
      <gpxtpx:cad>83</gpxtpx:cad>
     </gpxtpx:TrackPointExtension>
    </extensions>
   </trkpt>
   <trkpt lat="12.9820970" lon="77.6916780">
    <ele>890.4</ele>
    <time>2026-09-09T16:14:00Z</time>
    <extensions>
     <power>304</power>
     <gpxtpx:TrackPointExtension>
      <gpxtpx:hr>177</gpxtpx:hr>
      <gpxtpx:cad>83</gpxtpx:cad>
     </gpxtpx:TrackPointExtension>
    </extensions>
   </trkpt>
   <trkpt lat="12.9821070" lon="77.6916520">
    <ele>890.4</ele>
    <time>2026-09-09T16:14:01Z</time>
    <extensions>
     <power>296</power>
     <gpxtpx:TrackPointExtension>
      <gpxtpx:hr>177</gpxtpx:hr>
      <gpxtpx:cad>83</gpxtpx:cad>
     </gpxtpx:TrackPointExtension>
    </extensions>
   </trkpt>
   <trkpt lat="12.9821170" lon="77.6916260">
    <ele>890.4</ele>
    <time>2026-09-09T16:14:02Z</time>
    <extensions>
     <power>295</power>
     <gpxtpx:TrackPointExtension>
      <gpxtpx:hr>177</gpxtpx:hr>
      <gpxtpx:cad>82</gpxtpx:cad>
     </gpxtpx:TrackPointExtension>
    </extensions>
   </trkpt>
   <trkpt lat="12.9821260" lon="77.6916000">
    <ele>890.4</ele>
    <time>2026-09-09T16:14:03Z</time>
    <extensions>
     <power>295</power>
     <gpxtpx:TrackPointExtension>
      <gpxtpx:hr>177</gpxtpx:hr>
      <gpxtpx:cad>82</gpxtpx:cad>
     </gpxtpx:TrackPointExtension>
    </extensions>
   </trkpt>
   <trkpt lat="12.9821340" lon="77.6915730">
    <ele>890.4</ele>
    <time>2026-09-09T16:14:04Z</time>
    <extensions>
     <power>295</power>
     <gpxtpx:TrackPointExtension>
      <gpxtpx:hr>177</gpxtpx:hr>
      <gpxtpx:cad>81</gpxtpx:cad>
     </gpxtpx:TrackPointExtension>
    </extensions>
   </trkpt>
   <trkpt lat="12.9821380" lon="77.6915440">
    <ele>890.4</ele>
    <time>2026-09-09T16:14:05Z</time>
    <extensions>
     <power>294</power>
     <gpxtpx:TrackPointExtension>
      <gpxtpx:hr>177</gpxtpx:hr>
      <gpxtpx:cad>81</gpxtpx:cad>
     </gpxtpx:TrackPointExtension>
    </extensions>
   </trkpt>
   <trkpt lat="12.9821360" lon="77.6915170">
    <ele>890.4</ele>
    <time>2026-09-09T16:14:06Z</time>
    <extensions>
     <power>294</power>
     <gpxtpx:TrackPointExtension>
      <gpxtpx:hr>177</gpxtpx:hr>
      <gpxtpx:cad>81</gpxtpx:cad>
     </gpxtpx:TrackPointExtension>
    </extensions>
   </trkpt>
   <trkpt lat="12.9821280" lon="77.6914930">
    <ele>890.4</ele>
    <time>2026-09-09T16:14:07Z</time>
    <extensions>
     <power>310</power>
     <gpxtpx:TrackPointExtension>
      <gpxtpx:hr>177</gpxtpx:hr>
      <gpxtpx:cad>81</gpxtpx:cad>
     </gpxtpx:TrackPointExtension>
    </extensions>
   </trkpt>
   <trkpt lat="12.9821140" lon="77.6914720">
    <ele>890.4</ele>
    <time>2026-09-09T16:14:08Z</time>
    <extensions>
     <power>313</power>
     <gpxtpx:TrackPointExtension>
      <gpxtpx:hr>177</gpxtpx:hr>
      <gpxtpx:cad>81</gpxtpx:cad>
     </gpxtpx:TrackPointExtension>
    </extensions>
   </trkpt>
   <trkpt lat="12.9820960" lon="77.6914550">
    <ele>890.4</ele>
    <time>2026-09-09T16:14:09Z</time>
    <extensions>
     <power>314</power>
     <gpxtpx:TrackPointExtension>
      <gpxtpx:hr>177</gpxtpx:hr>
      <gpxtpx:cad>81</gpxtpx:cad>
     </gpxtpx:TrackPointExtension>
    </extensions>
   </trkpt>
   <trkpt lat="12.9820760" lon="77.6914410">
    <ele>890.4</ele>
    <time>2026-09-09T16:14:10Z</time>
    <extensions>
     <power>313</power>
     <gpxtpx:TrackPointExtension>
      <gpxtpx:hr>177</gpxtpx:hr>
      <gpxtpx:cad>81</gpxtpx:cad>
     </gpxtpx:TrackPointExtension>
    </extensions>
   </trkpt>
   <trkpt lat="12.9820540" lon="77.6914270">
    <ele>890.4</ele>
    <time>2026-09-09T16:14:11Z</time>
    <extensions>
     <power>313</power>
     <gpxtpx:TrackPointExtension>
      <gpxtpx:hr>178</gpxtpx:hr>
      <gpxtpx:cad>81</gpxtpx:cad>
     </gpxtpx:TrackPointExtension>
    </extensions>
   </trkpt>
   <trkpt lat="12.9820330" lon="77.6914120">
    <ele>890.4</ele>
    <time>2026-09-09T16:14:12Z</time>
    <extensions>
     <power>313</power>
     <gpxtpx:TrackPointExtension>
      <gpxtpx:hr>178</gpxtpx:hr>
      <gpxtpx:cad>81</gpxtpx:cad>
     </gpxtpx:TrackPointExtension>
    </extensions>
   </trkpt>
   <trkpt lat="12.9820140" lon="77.6913940">
    <ele>890.4</ele>
    <time>2026-09-09T16:14:13Z</time>
    <extensions>
     <power>306</power>
     <gpxtpx:TrackPointExtension>
      <gpxtpx:hr>178</gpxtpx:hr>
      <gpxtpx:cad>82</gpxtpx:cad>
     </gpxtpx:TrackPointExtension>
    </extensions>
   </trkpt>
   <trkpt lat="12.9819950" lon="77.6913740">
    <ele>890.4</ele>
    <time>2026-09-09T16:14:14Z</time>
    <extensions>
     <power>305</power>
     <gpxtpx:TrackPointExtension>
      <gpxtpx:hr>178</gpxtpx:hr>
      <gpxtpx:cad>82</gpxtpx:cad>
     </gpxtpx:TrackPointExtension>
    </extensions>
   </trkpt>
   <trkpt lat="12.9819780" lon="77.6913520">
    <ele>890.4</ele>
    <time>2026-09-09T16:14:15Z</time>
    <extensions>
     <power>304</power>
     <gpxtpx:TrackPointExtension>
      <gpxtpx:hr>177</gpxtpx:hr>
      <gpxtpx:cad>82</gpxtpx:cad>
     </gpxtpx:TrackPointExtension>
    </extensions>
   </trkpt>
   <trkpt lat="12.9819650" lon="77.6913280">
    <ele>890.4</ele>
    <time>2026-09-09T16:14:16Z</time>
    <extensions>
     <power>295</power>
     <gpxtpx:TrackPointExtension>
      <gpxtpx:hr>177</gpxtpx:hr>
      <gpxtpx:cad>82</gpxtpx:cad>
     </gpxtpx:TrackPointExtension>
    </extensions>
   </trkpt>
   <trkpt lat="12.9819560" lon="77.6913020">
    <ele>890.4</ele>
    <time>2026-09-09T16:14:17Z</time>
    <extensions>
     <power>294</power>
     <gpxtpx:TrackPointExtension>
      <gpxtpx:hr>177</gpxtpx:hr>
      <gpxtpx:cad>83</gpxtpx:cad>
     </gpxtpx:TrackPointExtension>
    </extensions>
   </trkpt>
   <trkpt lat="12.9819500" lon="77.6912760">
    <ele>890.4</ele>
    <time>2026-09-09T16:14:18Z</time>
    <extensions>
     <power>294</power>
     <gpxtpx:TrackPointExtension>
      <gpxtpx:hr>177</gpxtpx:hr>
      <gpxtpx:cad>83</gpxtpx:cad>
     </gpxtpx:TrackPointExtension>
    </extensions>
   </trkpt>
   <trkpt lat="12.9819480" lon="77.6912510">
    <ele>890.4</ele>
    <time>2026-09-09T16:14:19Z</time>
    <extensions>
     <power>302</power>
     <gpxtpx:TrackPointExtension>
      <gpxtpx:hr>177</gpxtpx:hr>
      <gpxtpx:cad>83</gpxtpx:cad>
     </gpxtpx:TrackPointExtension>
    </extensions>
   </trkpt>
   <trkpt lat="12.9819470" lon="77.6912260">
    <ele>890.4</ele>
    <time>2026-09-09T16:14:20Z</time>
    <extensions>
     <power>304</power>
     <gpxtpx:TrackPointExtension>
      <gpxtpx:hr>177</gpxtpx:hr>
      <gpxtpx:cad>83</gpxtpx:cad>
     </gpxtpx:TrackPointExtension>
    </extensions>
   </trkpt>
   <trkpt lat="12.9819490" lon="77.6912030">
    <ele>890.4</ele>
    <time>2026-09-09T16:14:21Z</time>
    <extensions>
     <power>303</power>
     <gpxtpx:TrackPointExtension>
      <gpxtpx:hr>176</gpxtpx:hr>
      <gpxtpx:cad>82</gpxtpx:cad>
     </gpxtpx:TrackPointExtension>
    </extensions>
   </trkpt>
   <trkpt lat="12.9819510" lon="77.6911790">
    <ele>890.4</ele>
    <time>2026-09-09T16:14:22Z</time>
    <extensions>
     <power>302</power>
     <gpxtpx:TrackPointExtension>
      <gpxtpx:hr>176</gpxtpx:hr>
      <gpxtpx:cad>83</gpxtpx:cad>
     </gpxtpx:TrackPointExtension>
    </extensions>
   </trkpt>
   <trkpt lat="12.9819540" lon="77.6911560">
    <ele>890.4</ele>
    <time>2026-09-09T16:14:23Z</time>
    <extensions>
     <power>316</power>
     <gpxtpx:TrackPointExtension>
      <gpxtpx:hr>175</gpxtpx:hr>
      <gpxtpx:cad>83</gpxtpx:cad>
     </gpxtpx:TrackPointExtension>
    </extensions>
   </trkpt>
   <trkpt lat="12.9819580" lon="77.6911330">
    <ele>890.4</ele>
    <time>2026-09-09T16:14:24Z</time>
    <extensions>
     <power>319</power>
     <gpxtpx:TrackPointExtension>
      <gpxtpx:hr>175</gpxtpx:hr>
      <gpxtpx:cad>84</gpxtpx:cad>
     </gpxtpx:TrackPointExtension>
    </extensions>
   </trkpt>
   <trkpt lat="12.9819630" lon="77.6911100">
    <ele>890.4</ele>
    <time>2026-09-09T16:14:25Z</time>
    <extensions>
     <power>312</power>
     <gpxtpx:TrackPointExtension>
      <gpxtpx:hr>174</gpxtpx:hr>
      <gpxtpx:cad>84</gpxtpx:cad>
     </gpxtpx:TrackPointExtension>
    </extensions>
   </trkpt>
   <trkpt lat="12.9819690" lon="77.6910870">
    <ele>890.4</ele>
    <time>2026-09-09T16:14:26Z</time>
    <extensions>
     <power>310</power>
     <gpxtpx:TrackPointExtension>
      <gpxtpx:hr>174</gpxtpx:hr>
      <gpxtpx:cad>85</gpxtpx:cad>
     </gpxtpx:TrackPointExtension>
    </extensions>
   </trkpt>
   <trkpt lat="12.9819760" lon="77.6910630">
    <ele>890.4</ele>
    <time>2026-09-09T16:14:27Z</time>
    <extensions>
     <power>310</power>
     <gpxtpx:TrackPointExtension>
      <gpxtpx:hr>173</gpxtpx:hr>
      <gpxtpx:cad>84</gpxtpx:cad>
     </gpxtpx:TrackPointExtension>
    </extensions>
   </trkpt>
   <trkpt lat="12.9819840" lon="77.6910380">
    <ele>890.4</ele>
    <time>2026-09-09T16:14:28Z</time>
    <extensions>
     <power>310</power>
     <gpxtpx:TrackPointExtension>
      <gpxtpx:hr>173</gpxtpx:hr>
      <gpxtpx:cad>84</gpxtpx:cad>
     </gpxtpx:TrackPointExtension>
    </extensions>
   </trkpt>
   <trkpt lat="12.9819920" lon="77.6910120">
    <ele>890.4</ele>
    <time>2026-09-09T16:14:29Z</time>
    <extensions>
     <power>319</power>
     <gpxtpx:TrackPointExtension>
      <gpxtpx:hr>173</gpxtpx:hr>
      <gpxtpx:cad>84</gpxtpx:cad>
     </gpxtpx:TrackPointExtension>
    </extensions>
   </trkpt>
   <trkpt lat="12.9820010" lon="77.6909870">
    <ele>890.4</ele>
    <time>2026-09-09T16:14:30Z</time>
    <extensions>
     <power>321</power>
     <gpxtpx:TrackPointExtension>
      <gpxtpx:hr>173</gpxtpx:hr>
      <gpxtpx:cad>84</gpxtpx:cad>
     </gpxtpx:TrackPointExtension>
    </extensions>
   </trkpt>
   <trkpt lat="12.9820100" lon="77.6909610">
    <ele>890.4</ele>
    <time>2026-09-09T16:14:31Z</time>
    <extensions>
     <power>322</power>
     <gpxtpx:TrackPointExtension>
      <gpxtpx:hr>173</gpxtpx:hr>
      <gpxtpx:cad>83</gpxtpx:cad>
     </gpxtpx:TrackPointExtension>
    </extensions>
   </trkpt>
   <trkpt lat="12.9820180" lon="77.6909370">
    <ele>890.4</ele>
    <time>2026-09-09T16:14:32Z</time>
    <extensions>
     <power>345</power>
     <gpxtpx:TrackPointExtension>
      <gpxtpx:hr>174</gpxtpx:hr>
      <gpxtpx:cad>83</gpxtpx:cad>
     </gpxtpx:TrackPointExtension>
    </extensions>
   </trkpt>
   <trkpt lat="12.9820250" lon="77.6909110">
    <ele>890.4</ele>
    <time>2026-09-09T16:14:33Z</time>
    <extensions>
     <power>352</power>
     <gpxtpx:TrackPointExtension>
      <gpxtpx:hr>174</gpxtpx:hr>
      <gpxtpx:cad>82</gpxtpx:cad>
     </gpxtpx:TrackPointExtension>
    </extensions>
   </trkpt>
   <trkpt lat="12.9820310" lon="77.6908850">
    <ele>890.4</ele>
    <time>2026-09-09T16:14:34Z</time>
    <extensions>
     <power>346</power>
     <gpxtpx:TrackPointExtension>
      <gpxtpx:hr>175</gpxtpx:hr>
      <gpxtpx:cad>81</gpxtpx:cad>
     </gpxtpx:TrackPointExtension>
    </extensions>
   </trkpt>
   <trkpt lat="12.9820380" lon="77.6908580">
    <ele>890.4</ele>
    <time>2026-09-09T16:14:35Z</time>
    <extensions>
     <power>344</power>
     <gpxtpx:TrackPointExtension>
      <gpxtpx:hr>175</gpxtpx:hr>
      <gpxtpx:cad>81</gpxtpx:cad>
     </gpxtpx:TrackPointExtension>
    </extensions>
   </trkpt>
   <trkpt lat="12.9820440" lon="77.6908320">
    <ele>890.4</ele>
    <time>2026-09-09T16:14:36Z</time>
    <extensions>
     <power>324</power>
     <gpxtpx:TrackPointExtension>
      <gpxtpx:hr>174</gpxtpx:hr>
      <gpxtpx:cad>81</gpxtpx:cad>
     </gpxtpx:TrackPointExtension>
    </extensions>
   </trkpt>
   <trkpt lat="12.9820510" lon="77.6908060">
    <ele>890.4</ele>
    <time>2026-09-09T16:14:37Z</time>
    <extensions>
     <power>325</power>
     <gpxtpx:TrackPointExtension>
      <gpxtpx:hr>174</gpxtpx:hr>
      <gpxtpx:cad>81</gpxtpx:cad>
     </gpxtpx:TrackPointExtension>
    </extensions>
   </trkpt>
   <trkpt lat="12.9820580" lon="77.6907790">
    <ele>890.6</ele>
    <time>2026-09-09T16:14:38Z</time>
    <extensions>
     <power>336</power>
     <gpxtpx:TrackPointExtension>
      <gpxtpx:hr>174</gpxtpx:hr>
      <gpxtpx:cad>82</gpxtpx:cad>
     </gpxtpx:TrackPointExtension>
    </extensions>
   </trkpt>
   <trkpt lat="12.9820640" lon="77.6907550">
    <ele>890.6</ele>
    <time>2026-09-09T16:14:39Z</time>
    <extensions>
     <power>332</power>
     <gpxtpx:TrackPointExtension>
      <gpxtpx:hr>174</gpxtpx:hr>
      <gpxtpx:cad>83</gpxtpx:cad>
     </gpxtpx:TrackPointExtension>
    </extensions>
   </trkpt>
   <trkpt lat="12.9820730" lon="77.6907300">
    <ele>890.6</ele>
    <time>2026-09-09T16:14:40Z</time>
    <extensions>
     <power>346</power>
     <gpxtpx:TrackPointExtension>
      <gpxtpx:hr>173</gpxtpx:hr>
      <gpxtpx:cad>83</gpxtpx:cad>
     </gpxtpx:TrackPointExtension>
    </extensions>
   </trkpt>
   <trkpt lat="12.9820810" lon="77.6907050">
    <ele>890.6</ele>
    <time>2026-09-09T16:14:41Z</time>
    <extensions>
     <power>323</power>
     <gpxtpx:TrackPointExtension>
      <gpxtpx:hr>173</gpxtpx:hr>
      <gpxtpx:cad>83</gpxtpx:cad>
     </gpxtpx:TrackPointExtension>
    </extensions>
   </trkpt>
   <trkpt lat="12.9820900" lon="77.6906790">
    <ele>890.6</ele>
    <time>2026-09-09T16:14:42Z</time>
    <extensions>
     <power>326</power>
     <gpxtpx:TrackPointExtension>
      <gpxtpx:hr>174</gpxtpx:hr>
      <gpxtpx:cad>82</gpxtpx:cad>
     </gpxtpx:TrackPointExtension>
    </extensions>
   </trkpt>
   <trkpt lat="12.9820970" lon="77.6906540">
    <ele>890.6</ele>
    <time>2026-09-09T16:14:43Z</time>
    <extensions>
     <power>319</power>
     <gpxtpx:TrackPointExtension>
      <gpxtpx:hr>174</gpxtpx:hr>
      <gpxtpx:cad>82</gpxtpx:cad>
     </gpxtpx:TrackPointExtension>
    </extensions>
   </trkpt>
   <trkpt lat="12.9821040" lon="77.6906270">
    <ele>890.6</ele>
    <time>2026-09-09T16:14:44Z</time>
    <extensions>
     <power>325</power>
     <gpxtpx:TrackPointExtension>
      <gpxtpx:hr>174</gpxtpx:hr>
      <gpxtpx:cad>82</gpxtpx:cad>
     </gpxtpx:TrackPointExtension>
    </extensions>
   </trkpt>
   <trkpt lat="12.9821120" lon="77.6906010">
    <ele>890.6</ele>
    <time>2026-09-09T16:14:45Z</time>
    <extensions>
     <power>334</power>
     <gpxtpx:TrackPointExtension>
      <gpxtpx:hr>174</gpxtpx:hr>
      <gpxtpx:cad>83</gpxtpx:cad>
     </gpxtpx:TrackPointExtension>
    </extensions>
   </trkpt>
   <trkpt lat="12.9821200" lon="77.6905730">
    <ele>890.6</ele>
    <time>2026-09-09T16:14:46Z</time>
    <extensions>
     <power>336</power>
     <gpxtpx:TrackPointExtension>
      <gpxtpx:hr>175</gpxtpx:hr>
      <gpxtpx:cad>83</gpxtpx:cad>
     </gpxtpx:TrackPointExtension>
    </extensions>
   </trkpt>
   <trkpt lat="12.9821280" lon="77.6905460">
    <ele>890.6</ele>
    <time>2026-09-09T16:14:47Z</time>
    <extensions>
     <power>329</power>
     <gpxtpx:TrackPointExtension>
      <gpxtpx:hr>175</gpxtpx:hr>
      <gpxtpx:cad>83</gpxtpx:cad>
     </gpxtpx:TrackPointExtension>
    </extensions>
   </trkpt>
   <trkpt lat="12.9821370" lon="77.6905180">
    <ele>890.6</ele>
    <time>2026-09-09T16:14:48Z</time>
    <extensions>
     <power>331</power>
     <gpxtpx:TrackPointExtension>
      <gpxtpx:hr>175</gpxtpx:hr>
      <gpxtpx:cad>84</gpxtpx:cad>
     </gpxtpx:TrackPointExtension>
    </extensions>
   </trkpt>
   <trkpt lat="12.9821480" lon="77.6904900">
    <ele>890.6</ele>
    <time>2026-09-09T16:14:49Z</time>
    <extensions>
     <power>331</power>
     <gpxtpx:TrackPointExtension>
      <gpxtpx:hr>175</gpxtpx:hr>
      <gpxtpx:cad>83</gpxtpx:cad>
     </gpxtpx:TrackPointExtension>
    </extensions>
   </trkpt>
   <trkpt lat="12.9821620" lon="77.6904630">
    <ele>890.6</ele>
    <time>2026-09-09T16:14:50Z</time>
    <extensions>
     <power>338</power>
     <gpxtpx:TrackPointExtension>
      <gpxtpx:hr>176</gpxtpx:hr>
      <gpxtpx:cad>83</gpxtpx:cad>
     </gpxtpx:TrackPointExtension>
    </extensions>
   </trkpt>
   <trkpt lat="12.9821800" lon="77.6904410">
    <ele>890.6</ele>
    <time>2026-09-09T16:14:51Z</time>
    <extensions>
     <power>339</power>
     <gpxtpx:TrackPointExtension>
      <gpxtpx:hr>176</gpxtpx:hr>
      <gpxtpx:cad>83</gpxtpx:cad>
     </gpxtpx:TrackPointExtension>
    </extensions>
   </trkpt>
   <trkpt lat="12.9822010" lon="77.6904230">
    <ele>890.6</ele>
    <time>2026-09-09T16:14:52Z</time>
    <extensions>
     <power>340</power>
     <gpxtpx:TrackPointExtension>
      <gpxtpx:hr>176</gpxtpx:hr>
      <gpxtpx:cad>83</gpxtpx:cad>
     </gpxtpx:TrackPointExtension>
    </extensions>
   </trkpt>
   <trkpt lat="12.9822240" lon="77.6904110">
    <ele>890.6</ele>
    <time>2026-09-09T16:14:53Z</time>
    <extensions>
     <power>340</power>
     <gpxtpx:TrackPointExtension>
      <gpxtpx:hr>176</gpxtpx:hr>
      <gpxtpx:cad>84</gpxtpx:cad>
     </gpxtpx:TrackPointExtension>
    </extensions>
   </trkpt>
   <trkpt lat="12.9822490" lon="77.6904030">
    <ele>890.6</ele>
    <time>2026-09-09T16:14:54Z</time>
    <extensions>
     <power>335</power>
     <gpxtpx:TrackPointExtension>
      <gpxtpx:hr>176</gpxtpx:hr>
      <gpxtpx:cad>84</gpxtpx:cad>
     </gpxtpx:TrackPointExtension>
    </extensions>
   </trkpt>
   <trkpt lat="12.9822750" lon="77.6903990">
    <ele>890.6</ele>
    <time>2026-09-09T16:14:55Z</time>
    <extensions>
     <power>323</power>
     <gpxtpx:TrackPointExtension>
      <gpxtpx:hr>176</gpxtpx:hr>
      <gpxtpx:cad>84</gpxtpx:cad>
     </gpxtpx:TrackPointExtension>
    </extensions>
   </trkpt>
   <trkpt lat="12.9823010" lon="77.6904000">
    <ele>890.6</ele>
    <time>2026-09-09T16:14:56Z</time>
    <extensions>
     <power>319</power>
     <gpxtpx:TrackPointExtension>
      <gpxtpx:hr>176</gpxtpx:hr>
      <gpxtpx:cad>83</gpxtpx:cad>
     </gpxtpx:TrackPointExtension>
    </extensions>
   </trkpt>
   <trkpt lat="12.9823270" lon="77.6904050">
    <ele>890.6</ele>
    <time>2026-09-09T16:14:57Z</time>
    <extensions>
     <power>308</power>
     <gpxtpx:TrackPointExtension>
      <gpxtpx:hr>176</gpxtpx:hr>
      <gpxtpx:cad>83</gpxtpx:cad>
     </gpxtpx:TrackPointExtension>
    </extensions>
   </trkpt>
   <trkpt lat="12.9823580" lon="77.6904160">
    <ele>890.6</ele>
    <time>2026-09-09T16:14:58Z</time>
    <extensions>
     <power>308</power>
     <gpxtpx:TrackPointExtension>
      <gpxtpx:hr>176</gpxtpx:hr>
      <gpxtpx:cad>82</gpxtpx:cad>
     </gpxtpx:TrackPointExtension>
    </extensions>
   </trkpt>
   <trkpt lat="12.9823790" lon="77.6904280">
    <ele>890.6</ele>
    <time>2026-09-09T16:14:59Z</time>
    <extensions>
     <power>310</power>
     <gpxtpx:TrackPointExtension>
      <gpxtpx:hr>176</gpxtpx:hr>
      <gpxtpx:cad>82</gpxtpx:cad>
     </gpxtpx:TrackPointExtension>
    </extensions>
   </trkpt>
   <trkpt lat="12.9824000" lon="77.6904460">
    <ele>890.6</ele>
    <time>2026-09-09T16:15:00Z</time>
    <extensions>
     <power>306</power>
     <gpxtpx:TrackPointExtension>
      <gpxtpx:hr>176</gpxtpx:hr>
      <gpxtpx:cad>81</gpxtpx:cad>
     </gpxtpx:TrackPointExtension>
    </extensions>
   </trkpt>
   <trkpt lat="12.9824160" lon="77.6904680">
    <ele>890.6</ele>
    <time>2026-09-09T16:15:01Z</time>
    <extensions>
     <power>314</power>
     <gpxtpx:TrackPointExtension>
      <gpxtpx:hr>177</gpxtpx:hr>
      <gpxtpx:cad>82</gpxtpx:cad>
     </gpxtpx:TrackPointExtension>
    </extensions>
   </trkpt>
   <trkpt lat="12.9824260" lon="77.6904920">
    <ele>890.4</ele>
    <time>2026-09-09T16:15:02Z</time>
    <extensions>
     <power>316</power>
     <gpxtpx:TrackPointExtension>
      <gpxtpx:hr>177</gpxtpx:hr>
      <gpxtpx:cad>82</gpxtpx:cad>
     </gpxtpx:TrackPointExtension>
    </extensions>
   </trkpt>
   <trkpt lat="12.9824300" lon="77.6905170">
    <ele>890.4</ele>
    <time>2026-09-09T16:15:03Z</time>
    <extensions>
     <power>316</power>
     <gpxtpx:TrackPointExtension>
      <gpxtpx:hr>176</gpxtpx:hr>
      <gpxtpx:cad>82</gpxtpx:cad>
     </gpxtpx:TrackPointExtension>
    </extensions>
   </trkpt>
   <trkpt lat="12.9824310" lon="77.6905420">
    <ele>890.4</ele>
    <time>2026-09-09T16:15:04Z</time>
    <extensions>
     <power>315</power>
     <gpxtpx:TrackPointExtension>
      <gpxtpx:hr>176</gpxtpx:hr>
      <gpxtpx:cad>82</gpxtpx:cad>
     </gpxtpx:TrackPointExtension>
    </extensions>
   </trkpt>
   <trkpt lat="12.9824290" lon="77.6905670">
    <ele>890.4</ele>
    <time>2026-09-09T16:15:05Z</time>
    <extensions>
     <power>315</power>
     <gpxtpx:TrackPointExtension>
      <gpxtpx:hr>177</gpxtpx:hr>
      <gpxtpx:cad>82</gpxtpx:cad>
     </gpxtpx:TrackPointExtension>
    </extensions>
   </trkpt>
   <trkpt lat="12.9824250" lon="77.6905920">
    <ele>890.4</ele>
    <time>2026-09-09T16:15:06Z</time>
    <extensions>
     <power>315</power>
     <gpxtpx:TrackPointExtension>
      <gpxtpx:hr>177</gpxtpx:hr>
      <gpxtpx:cad>82</gpxtpx:cad>
     </gpxtpx:TrackPointExtension>
    </extensions>
   </trkpt>
   <trkpt lat="12.9824200" lon="77.6906160">
    <ele>890.4</ele>
    <time>2026-09-09T16:15:07Z</time>
    <extensions>
     <power>315</power>
     <gpxtpx:TrackPointExtension>
      <gpxtpx:hr>177</gpxtpx:hr>
      <gpxtpx:cad>83</gpxtpx:cad>
     </gpxtpx:TrackPointExtension>
    </extensions>
   </trkpt>
   <trkpt lat="12.9824130" lon="77.6906420">
    <ele>890.4</ele>
    <time>2026-09-09T16:15:08Z</time>
    <extensions>
     <power>315</power>
     <gpxtpx:TrackPointExtension>
      <gpxtpx:hr>177</gpxtpx:hr>
      <gpxtpx:cad>83</gpxtpx:cad>
     </gpxtpx:TrackPointExtension>
    </extensions>
   </trkpt>
   <trkpt lat="12.9824070" lon="77.6906650">
    <ele>890.4</ele>
    <time>2026-09-09T16:15:09Z</time>
    <extensions>
     <power>314</power>
     <gpxtpx:TrackPointExtension>
      <gpxtpx:hr>177</gpxtpx:hr>
      <gpxtpx:cad>84</gpxtpx:cad>
     </gpxtpx:TrackPointExtension>
    </extensions>
   </trkpt>
   <trkpt lat="12.9823990" lon="77.6906910">
    <ele>890.4</ele>
    <time>2026-09-09T16:15:10Z</time>
    <extensions>
     <power>313</power>
     <gpxtpx:TrackPointExtension>
      <gpxtpx:hr>177</gpxtpx:hr>
      <gpxtpx:cad>85</gpxtpx:cad>
     </gpxtpx:TrackPointExtension>
    </extensions>
   </trkpt>
   <trkpt lat="12.9823900" lon="77.6907160">
    <ele>890.4</ele>
    <time>2026-09-09T16:15:11Z</time>
    <extensions>
     <power>307</power>
     <gpxtpx:TrackPointExtension>
      <gpxtpx:hr>177</gpxtpx:hr>
      <gpxtpx:cad>85</gpxtpx:cad>
     </gpxtpx:TrackPointExtension>
    </extensions>
   </trkpt>
   <trkpt lat="12.9823810" lon="77.6907430">
    <ele>890.4</ele>
    <time>2026-09-09T16:15:12Z</time>
    <extensions>
     <power>320</power>
     <gpxtpx:TrackPointExtension>
      <gpxtpx:hr>177</gpxtpx:hr>
      <gpxtpx:cad>85</gpxtpx:cad>
     </gpxtpx:TrackPointExtension>
    </extensions>
   </trkpt>
   <trkpt lat="12.9823710" lon="77.6907700">
    <ele>890.4</ele>
    <time>2026-09-09T16:15:13Z</time>
    <extensions>
     <power>323</power>
     <gpxtpx:TrackPointExtension>
      <gpxtpx:hr>177</gpxtpx:hr>
      <gpxtpx:cad>85</gpxtpx:cad>
     </gpxtpx:TrackPointExtension>
    </extensions>
   </trkpt>
   <trkpt lat="12.9823620" lon="77.6907970">
    <ele>890.4</ele>
    <time>2026-09-09T16:15:14Z</time>
    <extensions>
     <power>333</power>
     <gpxtpx:TrackPointExtension>
      <gpxtpx:hr>177</gpxtpx:hr>
      <gpxtpx:cad>84</gpxtpx:cad>
     </gpxtpx:TrackPointExtension>
    </extensions>
   </trkpt>
   <trkpt lat="12.9823540" lon="77.6908250">
    <ele>890.4</ele>
    <time>2026-09-09T16:15:15Z</time>
    <extensions>
     <power>335</power>
     <gpxtpx:TrackPointExtension>
      <gpxtpx:hr>177</gpxtpx:hr>
      <gpxtpx:cad>83</gpxtpx:cad>
     </gpxtpx:TrackPointExtension>
    </extensions>
   </trkpt>
   <trkpt lat="12.9823490" lon="77.6908530">
    <ele>890.4</ele>
    <time>2026-09-09T16:15:16Z</time>
    <extensions>
     <power>335</power>
     <gpxtpx:TrackPointExtension>
      <gpxtpx:hr>178</gpxtpx:hr>
      <gpxtpx:cad>82</gpxtpx:cad>
     </gpxtpx:TrackPointExtension>
    </extensions>
   </trkpt>
   <trkpt lat="12.9823530" lon="77.6908790">
    <ele>890.4</ele>
    <time>2026-09-09T16:15:17Z</time>
    <extensions>
     <power>342</power>
     <gpxtpx:TrackPointExtension>
      <gpxtpx:hr>178</gpxtpx:hr>
      <gpxtpx:cad>82</gpxtpx:cad>
     </gpxtpx:TrackPointExtension>
    </extensions>
   </trkpt>
   <trkpt lat="12.9823660" lon="77.6909010">
    <ele>890.4</ele>
    <time>2026-09-09T16:15:18Z</time>
    <extensions>
     <power>343</power>
     <gpxtpx:TrackPointExtension>
      <gpxtpx:hr>178</gpxtpx:hr>
      <gpxtpx:cad>81</gpxtpx:cad>
     </gpxtpx:TrackPointExtension>
    </extensions>
   </trkpt>
   <trkpt lat="12.9823860" lon="77.6909180">
    <ele>890.4</ele>
    <time>2026-09-09T16:15:19Z</time>
    <extensions>
     <power>343</power>
     <gpxtpx:TrackPointExtension>
      <gpxtpx:hr>178</gpxtpx:hr>
      <gpxtpx:cad>81</gpxtpx:cad>
     </gpxtpx:TrackPointExtension>
    </extensions>
   </trkpt>
   <trkpt lat="12.9824100" lon="77.6909320">
    <ele>890.4</ele>
    <time>2026-09-09T16:15:20Z</time>
    <extensions>
     <power>334</power>
     <gpxtpx:TrackPointExtension>
      <gpxtpx:hr>179</gpxtpx:hr>
      <gpxtpx:cad>81</gpxtpx:cad>
     </gpxtpx:TrackPointExtension>
    </extensions>
   </trkpt>
   <trkpt lat="12.9824350" lon="77.6909430">
    <ele>890.4</ele>
    <time>2026-09-09T16:15:21Z</time>
    <extensions>
     <power>332</power>
     <gpxtpx:TrackPointExtension>
      <gpxtpx:hr>179</gpxtpx:hr>
      <gpxtpx:cad>82</gpxtpx:cad>
     </gpxtpx:TrackPointExtension>
    </extensions>
   </trkpt>
   <trkpt lat="12.9824590" lon="77.6909540">
    <ele>890.4</ele>
    <time>2026-09-09T16:15:22Z</time>
    <extensions>
     <power>316</power>
     <gpxtpx:TrackPointExtension>
      <gpxtpx:hr>179</gpxtpx:hr>
      <gpxtpx:cad>82</gpxtpx:cad>
     </gpxtpx:TrackPointExtension>
    </extensions>
   </trkpt>
   <trkpt lat="12.9824820" lon="77.6909650">
    <ele>890.4</ele>
    <time>2026-09-09T16:15:23Z</time>
    <extensions>
     <power>313</power>
     <gpxtpx:TrackPointExtension>
      <gpxtpx:hr>179</gpxtpx:hr>
      <gpxtpx:cad>82</gpxtpx:cad>
     </gpxtpx:TrackPointExtension>
    </extensions>
   </trkpt>
   <trkpt lat="12.9825040" lon="77.6909740">
    <ele>890.4</ele>
    <time>2026-09-09T16:15:24Z</time>
    <extensions>
     <power>313</power>
     <gpxtpx:TrackPointExtension>
      <gpxtpx:hr>179</gpxtpx:hr>
      <gpxtpx:cad>83</gpxtpx:cad>
     </gpxtpx:TrackPointExtension>
    </extensions>
   </trkpt>
   <trkpt lat="12.9825260" lon="77.6909840">
    <ele>890.4</ele>
    <time>2026-09-09T16:15:25Z</time>
    <extensions>
     <power>313</power>
     <gpxtpx:TrackPointExtension>
      <gpxtpx:hr>179</gpxtpx:hr>
      <gpxtpx:cad>83</gpxtpx:cad>
     </gpxtpx:TrackPointExtension>
    </extensions>
   </trkpt>
   <trkpt lat="12.9825480" lon="77.6909930">
    <ele>890.4</ele>
    <time>2026-09-09T16:15:26Z</time>
    <extensions>
     <power>315</power>
     <gpxtpx:TrackPointExtension>
      <gpxtpx:hr>179</gpxtpx:hr>
      <gpxtpx:cad>83</gpxtpx:cad>
     </gpxtpx:TrackPointExtension>
    </extensions>
   </trkpt>
   <trkpt lat="12.9825700" lon="77.6910020">
    <ele>890.4</ele>
    <time>2026-09-09T16:15:27Z</time>
    <extensions>
     <power>315</power>
     <gpxtpx:TrackPointExtension>
      <gpxtpx:hr>179</gpxtpx:hr>
      <gpxtpx:cad>84</gpxtpx:cad>
     </gpxtpx:TrackPointExtension>
    </extensions>
   </trkpt>
   <trkpt lat="12.9825920" lon="77.6910110">
    <ele>890.4</ele>
    <time>2026-09-09T16:15:28Z</time>
    <extensions>
     <power>315</power>
     <gpxtpx:TrackPointExtension>
      <gpxtpx:hr>179</gpxtpx:hr>
      <gpxtpx:cad>84</gpxtpx:cad>
     </gpxtpx:TrackPointExtension>
    </extensions>
   </trkpt>
   <trkpt lat="12.9826140" lon="77.6910200">
    <ele>890.4</ele>
    <time>2026-09-09T16:15:29Z</time>
    <extensions>
     <power>315</power>
     <gpxtpx:TrackPointExtension>
      <gpxtpx:hr>179</gpxtpx:hr>
      <gpxtpx:cad>84</gpxtpx:cad>
     </gpxtpx:TrackPointExtension>
    </extensions>
   </trkpt>
   <trkpt lat="12.9826360" lon="77.6910300">
    <ele>890.4</ele>
    <time>2026-09-09T16:15:30Z</time>
    <extensions>
     <power>314</power>
     <gpxtpx:TrackPointExtension>
      <gpxtpx:hr>179</gpxtpx:hr>
      <gpxtpx:cad>83</gpxtpx:cad>
     </gpxtpx:TrackPointExtension>
    </extensions>
   </trkpt>
   <trkpt lat="12.9826590" lon="77.6910390">
    <ele>890.4</ele>
    <time>2026-09-09T16:15:31Z</time>
    <extensions>
     <power>315</power>
     <gpxtpx:TrackPointExtension>
      <gpxtpx:hr>180</gpxtpx:hr>
      <gpxtpx:cad>83</gpxtpx:cad>
     </gpxtpx:TrackPointExtension>
    </extensions>
   </trkpt>
   <trkpt lat="12.9826800" lon="77.6910480">
    <ele>890.4</ele>
    <time>2026-09-09T16:15:32Z</time>
    <extensions>
     <power>307</power>
     <gpxtpx:TrackPointExtension>
      <gpxtpx:hr>180</gpxtpx:hr>
      <gpxtpx:cad>82</gpxtpx:cad>
     </gpxtpx:TrackPointExtension>
    </extensions>
   </trkpt>
   <trkpt lat="12.9827050" lon="77.6910590">
    <ele>890.4</ele>
    <time>2026-09-09T16:15:33Z</time>
    <extensions>
     <power>305</power>
     <gpxtpx:TrackPointExtension>
      <gpxtpx:hr>180</gpxtpx:hr>
      <gpxtpx:cad>82</gpxtpx:cad>
     </gpxtpx:TrackPointExtension>
    </extensions>
   </trkpt>
   <trkpt lat="12.9827290" lon="77.6910680">
    <ele>890.4</ele>
    <time>2026-09-09T16:15:34Z</time>
    <extensions>
     <power>314</power>
     <gpxtpx:TrackPointExtension>
      <gpxtpx:hr>180</gpxtpx:hr>
      <gpxtpx:cad>82</gpxtpx:cad>
     </gpxtpx:TrackPointExtension>
    </extensions>
   </trkpt>
   <trkpt lat="12.9827550" lon="77.6910770">
    <ele>890.4</ele>
    <time>2026-09-09T16:15:35Z</time>
    <extensions>
     <power>324</power>
     <gpxtpx:TrackPointExtension>
      <gpxtpx:hr>181</gpxtpx:hr>
      <gpxtpx:cad>83</gpxtpx:cad>
     </gpxtpx:TrackPointExtension>
    </extensions>
   </trkpt>
   <trkpt lat="12.9827800" lon="77.6910860">
    <ele>890.4</ele>
    <time>2026-09-09T16:15:36Z</time>
    <extensions>
     <power>326</power>
     <gpxtpx:TrackPointExtension>
      <gpxtpx:hr>180</gpxtpx:hr>
      <gpxtpx:cad>83</gpxtpx:cad>
     </gpxtpx:TrackPointExtension>
    </extensions>
   </trkpt>
   <trkpt lat="12.9828070" lon="77.6910960">
    <ele>890.4</ele>
    <time>2026-09-09T16:15:37Z</time>
    <extensions>
     <power>325</power>
     <gpxtpx:TrackPointExtension>
      <gpxtpx:hr>180</gpxtpx:hr>
      <gpxtpx:cad>84</gpxtpx:cad>
     </gpxtpx:TrackPointExtension>
    </extensions>
   </trkpt>
   <trkpt lat="12.9828340" lon="77.6911060">
    <ele>890.4</ele>
    <time>2026-09-09T16:15:38Z</time>
    <extensions>
     <power>320</power>
     <gpxtpx:TrackPointExtension>
      <gpxtpx:hr>181</gpxtpx:hr>
      <gpxtpx:cad>84</gpxtpx:cad>
     </gpxtpx:TrackPointExtension>
    </extensions>
   </trkpt>
   <trkpt lat="12.9828600" lon="77.6911150">
    <ele>890.4</ele>
    <time>2026-09-09T16:15:39Z</time>
    <extensions>
     <power>318</power>
     <gpxtpx:TrackPointExtension>
      <gpxtpx:hr>181</gpxtpx:hr>
      <gpxtpx:cad>84</gpxtpx:cad>
     </gpxtpx:TrackPointExtension>
    </extensions>
   </trkpt>
   <trkpt lat="12.9828880" lon="77.6911250">
    <ele>890.2</ele>
    <time>2026-09-09T16:15:40Z</time>
    <extensions>
     <power>318</power>
     <gpxtpx:TrackPointExtension>
      <gpxtpx:hr>181</gpxtpx:hr>
      <gpxtpx:cad>84</gpxtpx:cad>
     </gpxtpx:TrackPointExtension>
    </extensions>
   </trkpt>
   <trkpt lat="12.9829150" lon="77.6911350">
    <ele>890.2</ele>
    <time>2026-09-09T16:15:41Z</time>
    <extensions>
     <power>310</power>
     <gpxtpx:TrackPointExtension>
      <gpxtpx:hr>181</gpxtpx:hr>
      <gpxtpx:cad>84</gpxtpx:cad>
     </gpxtpx:TrackPointExtension>
    </extensions>
   </trkpt>
   <trkpt lat="12.9829420" lon="77.6911440">
    <ele>890.2</ele>
    <time>2026-09-09T16:15:42Z</time>
    <extensions>
     <power>315</power>
     <gpxtpx:TrackPointExtension>
      <gpxtpx:hr>181</gpxtpx:hr>
      <gpxtpx:cad>84</gpxtpx:cad>
     </gpxtpx:TrackPointExtension>
    </extensions>
   </trkpt>
   <trkpt lat="12.9829700" lon="77.6911530">
    <ele>890.2</ele>
    <time>2026-09-09T16:15:43Z</time>
    <extensions>
     <power>316</power>
     <gpxtpx:TrackPointExtension>
      <gpxtpx:hr>181</gpxtpx:hr>
      <gpxtpx:cad>84</gpxtpx:cad>
     </gpxtpx:TrackPointExtension>
    </extensions>
   </trkpt>
   <trkpt lat="12.9829990" lon="77.6911630">
    <ele>890.2</ele>
    <time>2026-09-09T16:15:44Z</time>
    <extensions>
     <power>316</power>
     <gpxtpx:TrackPointExtension>
      <gpxtpx:hr>181</gpxtpx:hr>
      <gpxtpx:cad>84</gpxtpx:cad>
     </gpxtpx:TrackPointExtension>
    </extensions>
   </trkpt>
   <trkpt lat="12.9830270" lon="77.6911710">
    <ele>890.2</ele>
    <time>2026-09-09T16:15:45Z</time>
    <extensions>
     <power>314</power>
     <gpxtpx:TrackPointExtension>
      <gpxtpx:hr>181</gpxtpx:hr>
      <gpxtpx:cad>84</gpxtpx:cad>
     </gpxtpx:TrackPointExtension>
    </extensions>
   </trkpt>
   <trkpt lat="12.9830540" lon="77.6911800">
    <ele>890.2</ele>
    <time>2026-09-09T16:15:46Z</time>
    <extensions>
     <power>313</power>
     <gpxtpx:TrackPointExtension>
      <gpxtpx:hr>181</gpxtpx:hr>
      <gpxtpx:cad>84</gpxtpx:cad>
     </gpxtpx:TrackPointExtension>
    </extensions>
   </trkpt>
   <trkpt lat="12.9830810" lon="77.6911890">
    <ele>890.2</ele>
    <time>2026-09-09T16:15:47Z</time>
    <extensions>
     <power>313</power>
     <gpxtpx:TrackPointExtension>
      <gpxtpx:hr>181</gpxtpx:hr>
      <gpxtpx:cad>85</gpxtpx:cad>
     </gpxtpx:TrackPointExtension>
    </extensions>
   </trkpt>
   <trkpt lat="12.9831080" lon="77.6911990">
    <ele>890.2</ele>
    <time>2026-09-09T16:15:48Z</time>
    <extensions>
     <power>312</power>
     <gpxtpx:TrackPointExtension>
      <gpxtpx:hr>181</gpxtpx:hr>
      <gpxtpx:cad>85</gpxtpx:cad>
     </gpxtpx:TrackPointExtension>
    </extensions>
   </trkpt>
   <trkpt lat="12.9831350" lon="77.6912080">
    <ele>890.2</ele>
    <time>2026-09-09T16:15:49Z</time>
    <extensions>
     <power>312</power>
     <gpxtpx:TrackPointExtension>
      <gpxtpx:hr>181</gpxtpx:hr>
      <gpxtpx:cad>85</gpxtpx:cad>
     </gpxtpx:TrackPointExtension>
    </extensions>
   </trkpt>
   <trkpt lat="12.9831620" lon="77.6912160">
    <ele>890.2</ele>
    <time>2026-09-09T16:15:50Z</time>
    <extensions>
     <power>312</power>
     <gpxtpx:TrackPointExtension>
      <gpxtpx:hr>182</gpxtpx:hr>
      <gpxtpx:cad>85</gpxtpx:cad>
     </gpxtpx:TrackPointExtension>
    </extensions>
   </trkpt>
   <trkpt lat="12.9831890" lon="77.6912240">
    <ele>890.2</ele>
    <time>2026-09-09T16:15:51Z</time>
    <extensions>
     <power>312</power>
     <gpxtpx:TrackPointExtension>
      <gpxtpx:hr>182</gpxtpx:hr>
      <gpxtpx:cad>84</gpxtpx:cad>
     </gpxtpx:TrackPointExtension>
    </extensions>
   </trkpt>
   <trkpt lat="12.9832160" lon="77.6912320">
    <ele>890.2</ele>
    <time>2026-09-09T16:15:52Z</time>
    <extensions>
     <power>312</power>
     <gpxtpx:TrackPointExtension>
      <gpxtpx:hr>182</gpxtpx:hr>
      <gpxtpx:cad>84</gpxtpx:cad>
     </gpxtpx:TrackPointExtension>
    </extensions>
   </trkpt>
   <trkpt lat="12.9832420" lon="77.6912390">
    <ele>890.2</ele>
    <time>2026-09-09T16:15:53Z</time>
    <extensions>
     <power>313</power>
     <gpxtpx:TrackPointExtension>
      <gpxtpx:hr>182</gpxtpx:hr>
      <gpxtpx:cad>84</gpxtpx:cad>
     </gpxtpx:TrackPointExtension>
    </extensions>
   </trkpt>
   <trkpt lat="12.9832680" lon="77.6912470">
    <ele>890.2</ele>
    <time>2026-09-09T16:15:54Z</time>
    <extensions>
     <power>313</power>
     <gpxtpx:TrackPointExtension>
      <gpxtpx:hr>183</gpxtpx:hr>
      <gpxtpx:cad>84</gpxtpx:cad>
     </gpxtpx:TrackPointExtension>
    </extensions>
   </trkpt>
   <trkpt lat="12.9832950" lon="77.6912540">
    <ele>890.2</ele>
    <time>2026-09-09T16:15:55Z</time>
    <extensions>
     <power>313</power>
     <gpxtpx:TrackPointExtension>
      <gpxtpx:hr>183</gpxtpx:hr>
      <gpxtpx:cad>84</gpxtpx:cad>
     </gpxtpx:TrackPointExtension>
    </extensions>
   </trkpt>
   <trkpt lat="12.9833210" lon="77.6912620">
    <ele>890.2</ele>
    <time>2026-09-09T16:15:56Z</time>
    <extensions>
     <power>313</power>
     <gpxtpx:TrackPointExtension>
      <gpxtpx:hr>183</gpxtpx:hr>
      <gpxtpx:cad>84</gpxtpx:cad>
     </gpxtpx:TrackPointExtension>
    </extensions>
   </trkpt>
   <trkpt lat="12.9833480" lon="77.6912700">
    <ele>890.2</ele>
    <time>2026-09-09T16:15:57Z</time>
    <extensions>
     <power>313</power>
     <gpxtpx:TrackPointExtension>
      <gpxtpx:hr>183</gpxtpx:hr>
      <gpxtpx:cad>83</gpxtpx:cad>
     </gpxtpx:TrackPointExtension>
    </extensions>
   </trkpt>
   <trkpt lat="12.9833750" lon="77.6912780">
    <ele>890.2</ele>
    <time>2026-09-09T16:15:58Z</time>
    <extensions>
     <power>336</power>
     <gpxtpx:TrackPointExtension>
      <gpxtpx:hr>183</gpxtpx:hr>
      <gpxtpx:cad>83</gpxtpx:cad>
     </gpxtpx:TrackPointExtension>
    </extensions>
   </trkpt>
   <trkpt lat="12.9834020" lon="77.6912850">
    <ele>890.2</ele>
    <time>2026-09-09T16:15:59Z</time>
    <extensions>
     <power>340</power>
     <gpxtpx:TrackPointExtension>
      <gpxtpx:hr>182</gpxtpx:hr>
      <gpxtpx:cad>82</gpxtpx:cad>
     </gpxtpx:TrackPointExtension>
    </extensions>
   </trkpt>
   <trkpt lat="12.9834280" lon="77.6912920">
    <ele>890.2</ele>
    <time>2026-09-09T16:16:00Z</time>
    <extensions>
     <power>344</power>
     <gpxtpx:TrackPointExtension>
      <gpxtpx:hr>182</gpxtpx:hr>
      <gpxtpx:cad>82</gpxtpx:cad>
     </gpxtpx:TrackPointExtension>
    </extensions>
   </trkpt>
   <trkpt lat="12.9834550" lon="77.6913000">
    <ele>890.2</ele>
    <time>2026-09-09T16:16:01Z</time>
    <extensions>
     <power>340</power>
     <gpxtpx:TrackPointExtension>
      <gpxtpx:hr>182</gpxtpx:hr>
      <gpxtpx:cad>82</gpxtpx:cad>
     </gpxtpx:TrackPointExtension>
    </extensions>
   </trkpt>
   <trkpt lat="12.9834830" lon="77.6913070">
    <ele>890.2</ele>
    <time>2026-09-09T16:16:02Z</time>
    <extensions>
     <power>308</power>
     <gpxtpx:TrackPointExtension>
      <gpxtpx:hr>182</gpxtpx:hr>
      <gpxtpx:cad>82</gpxtpx:cad>
     </gpxtpx:TrackPointExtension>
    </extensions>
   </trkpt>
   <trkpt lat="12.9835110" lon="77.6913150">
    <ele>890.2</ele>
    <time>2026-09-09T16:16:03Z</time>
    <extensions>
     <power>308</power>
     <gpxtpx:TrackPointExtension>
      <gpxtpx:hr>181</gpxtpx:hr>
      <gpxtpx:cad>82</gpxtpx:cad>
     </gpxtpx:TrackPointExtension>
    </extensions>
   </trkpt>
   <trkpt lat="12.9835420" lon="77.6913260">
    <ele>890.2</ele>
    <time>2026-09-09T16:16:04Z</time>
    <extensions>
     <power>313</power>
     <gpxtpx:TrackPointExtension>
      <gpxtpx:hr>181</gpxtpx:hr>
      <gpxtpx:cad>82</gpxtpx:cad>
     </gpxtpx:TrackPointExtension>
    </extensions>
   </trkpt>
   <trkpt lat="12.9835650" lon="77.6913370">
    <ele>890.2</ele>
    <time>2026-09-09T16:16:05Z</time>
    <extensions>
     <power>323</power>
     <gpxtpx:TrackPointExtension>
      <gpxtpx:hr>181</gpxtpx:hr>
      <gpxtpx:cad>83</gpxtpx:cad>
     </gpxtpx:TrackPointExtension>
    </extensions>
   </trkpt>
   <trkpt lat="12.9835880" lon="77.6913530">
    <ele>890.2</ele>
    <time>2026-09-09T16:16:06Z</time>
    <extensions>
     <power>326</power>
     <gpxtpx:TrackPointExtension>
      <gpxtpx:hr>181</gpxtpx:hr>
      <gpxtpx:cad>83</gpxtpx:cad>
     </gpxtpx:TrackPointExtension>
    </extensions>
   </trkpt>
   <trkpt lat="12.9836050" lon="77.6913740">
    <ele>890.4</ele>
    <time>2026-09-09T16:16:07Z</time>
    <extensions>
     <power>319</power>
     <gpxtpx:TrackPointExtension>
      <gpxtpx:hr>181</gpxtpx:hr>
      <gpxtpx:cad>83</gpxtpx:cad>
     </gpxtpx:TrackPointExtension>
    </extensions>
   </trkpt>
   <trkpt lat="12.9836140" lon="77.6913970">
    <ele>890.4</ele>
    <time>2026-09-09T16:16:08Z</time>
    <extensions>
     <power>325</power>
     <gpxtpx:TrackPointExtension>
      <gpxtpx:hr>181</gpxtpx:hr>
      <gpxtpx:cad>83</gpxtpx:cad>
     </gpxtpx:TrackPointExtension>
    </extensions>
   </trkpt>
   <trkpt lat="12.9836170" lon="77.6914210">
    <ele>890.4</ele>
    <time>2026-09-09T16:16:09Z</time>
    <extensions>
     <power>318</power>
     <gpxtpx:TrackPointExtension>
      <gpxtpx:hr>181</gpxtpx:hr>
      <gpxtpx:cad>83</gpxtpx:cad>
     </gpxtpx:TrackPointExtension>
    </extensions>
   </trkpt>
   <trkpt lat="12.9836160" lon="77.6914460">
    <ele>890.4</ele>
    <time>2026-09-09T16:16:10Z</time>
    <extensions>
     <power>325</power>
     <gpxtpx:TrackPointExtension>
      <gpxtpx:hr>181</gpxtpx:hr>
      <gpxtpx:cad>83</gpxtpx:cad>
     </gpxtpx:TrackPointExtension>
    </extensions>
   </trkpt>
   <trkpt lat="12.9836130" lon="77.6914700">
    <ele>890.4</ele>
    <time>2026-09-09T16:16:11Z</time>
    <extensions>
     <power>326</power>
     <gpxtpx:TrackPointExtension>
      <gpxtpx:hr>181</gpxtpx:hr>
      <gpxtpx:cad>82</gpxtpx:cad>
     </gpxtpx:TrackPointExtension>
    </extensions>
   </trkpt>
   <trkpt lat="12.9836080" lon="77.6914940">
    <ele>890.4</ele>
    <time>2026-09-09T16:16:12Z</time>
    <extensions>
     <power>321</power>
     <gpxtpx:TrackPointExtension>
      <gpxtpx:hr>181</gpxtpx:hr>
      <gpxtpx:cad>82</gpxtpx:cad>
     </gpxtpx:TrackPointExtension>
    </extensions>
   </trkpt>
   <trkpt lat="12.9836020" lon="77.6915180">
    <ele>890.4</ele>
    <time>2026-09-09T16:16:13Z</time>
    <extensions>
     <power>333</power>
     <gpxtpx:TrackPointExtension>
      <gpxtpx:hr>182</gpxtpx:hr>
      <gpxtpx:cad>82</gpxtpx:cad>
     </gpxtpx:TrackPointExtension>
    </extensions>
   </trkpt>
   <trkpt lat="12.9835960" lon="77.6915430">
    <ele>890.4</ele>
    <time>2026-09-09T16:16:14Z</time>
    <extensions>
     <power>333</power>
     <gpxtpx:TrackPointExtension>
      <gpxtpx:hr>182</gpxtpx:hr>
      <gpxtpx:cad>82</gpxtpx:cad>
     </gpxtpx:TrackPointExtension>
    </extensions>
   </trkpt>
   <trkpt lat="12.9835900" lon="77.6915670">
    <ele>890.4</ele>
    <time>2026-09-09T16:16:15Z</time>
    <extensions>
     <power>341</power>
     <gpxtpx:TrackPointExtension>
      <gpxtpx:hr>182</gpxtpx:hr>
      <gpxtpx:cad>82</gpxtpx:cad>
     </gpxtpx:TrackPointExtension>
    </extensions>
   </trkpt>
   <trkpt lat="12.9835830" lon="77.6915940">
    <ele>890.4</ele>
    <time>2026-09-09T16:16:16Z</time>
    <extensions>
     <power>341</power>
     <gpxtpx:TrackPointExtension>
      <gpxtpx:hr>182</gpxtpx:hr>
      <gpxtpx:cad>83</gpxtpx:cad>
     </gpxtpx:TrackPointExtension>
    </extensions>
   </trkpt>
   <trkpt lat="12.9835750" lon="77.6916190">
    <ele>890.4</ele>
    <time>2026-09-09T16:16:17Z</time>
    <extensions>
     <power>343</power>
     <gpxtpx:TrackPointExtension>
      <gpxtpx:hr>182</gpxtpx:hr>
      <gpxtpx:cad>83</gpxtpx:cad>
     </gpxtpx:TrackPointExtension>
    </extensions>
   </trkpt>
   <trkpt lat="12.9835670" lon="77.6916460">
    <ele>890.4</ele>
    <time>2026-09-09T16:16:18Z</time>
    <extensions>
     <power>343</power>
     <gpxtpx:TrackPointExtension>
      <gpxtpx:hr>182</gpxtpx:hr>
      <gpxtpx:cad>84</gpxtpx:cad>
     </gpxtpx:TrackPointExtension>
    </extensions>
   </trkpt>
   <trkpt lat="12.9835580" lon="77.6916730">
    <ele>890.2</ele>
    <time>2026-09-09T16:16:19Z</time>
    <extensions>
     <power>342</power>
     <gpxtpx:TrackPointExtension>
      <gpxtpx:hr>182</gpxtpx:hr>
      <gpxtpx:cad>84</gpxtpx:cad>
     </gpxtpx:TrackPointExtension>
    </extensions>
   </trkpt>
   <trkpt lat="12.9835490" lon="77.6917000">
    <ele>890.2</ele>
    <time>2026-09-09T16:16:20Z</time>
    <extensions>
     <power>369</power>
     <gpxtpx:TrackPointExtension>
      <gpxtpx:hr>181</gpxtpx:hr>
      <gpxtpx:cad>84</gpxtpx:cad>
     </gpxtpx:TrackPointExtension>
    </extensions>
   </trkpt>
   <trkpt lat="12.9835380" lon="77.6917270">
    <ele>890.2</ele>
    <time>2026-09-09T16:16:21Z</time>
    <extensions>
     <power>354</power>
     <gpxtpx:TrackPointExtension>
      <gpxtpx:hr>181</gpxtpx:hr>
      <gpxtpx:cad>85</gpxtpx:cad>
     </gpxtpx:TrackPointExtension>
    </extensions>
   </trkpt>
   <trkpt lat="12.9835250" lon="77.6917510">
    <ele>890.2</ele>
    <time>2026-09-09T16:16:22Z</time>
    <extensions>
     <power>338</power>
     <gpxtpx:TrackPointExtension>
      <gpxtpx:hr>180</gpxtpx:hr>
      <gpxtpx:cad>84</gpxtpx:cad>
     </gpxtpx:TrackPointExtension>
    </extensions>
   </trkpt>
   <trkpt lat="12.9835100" lon="77.6917730">
    <ele>890.2</ele>
    <time>2026-09-09T16:16:23Z</time>
    <extensions>
     <power>378</power>
     <gpxtpx:TrackPointExtension>
      <gpxtpx:hr>180</gpxtpx:hr>
      <gpxtpx:cad>84</gpxtpx:cad>
     </gpxtpx:TrackPointExtension>
    </extensions>
   </trkpt>
   <trkpt lat="12.9834930" lon="77.6917930">
    <ele>890.2</ele>
    <time>2026-09-09T16:16:24Z</time>
    <extensions>
     <power>356</power>
     <gpxtpx:TrackPointExtension>
      <gpxtpx:hr>179</gpxtpx:hr>
      <gpxtpx:cad>83</gpxtpx:cad>
     </gpxtpx:TrackPointExtension>
    </extensions>
   </trkpt>
   <trkpt lat="12.9834740" lon="77.6918110">
    <ele>890.2</ele>
    <time>2026-09-09T16:16:25Z</time>
    <extensions>
     <power>361</power>
     <gpxtpx:TrackPointExtension>
      <gpxtpx:hr>179</gpxtpx:hr>
      <gpxtpx:cad>82</gpxtpx:cad>
     </gpxtpx:TrackPointExtension>
    </extensions>
   </trkpt>
   <trkpt lat="12.9834530" lon="77.6918260">
    <ele>890.2</ele>
    <time>2026-09-09T16:16:26Z</time>
    <extensions>
     <power>373</power>
     <gpxtpx:TrackPointExtension>
      <gpxtpx:hr>178</gpxtpx:hr>
      <gpxtpx:cad>81</gpxtpx:cad>
     </gpxtpx:TrackPointExtension>
    </extensions>
   </trkpt>
   <trkpt lat="12.9834310" lon="77.6918380">
    <ele>890.2</ele>
    <time>2026-09-09T16:16:27Z</time>
    <extensions>
     <power>367</power>
     <gpxtpx:TrackPointExtension>
      <gpxtpx:hr>178</gpxtpx:hr>
      <gpxtpx:cad>80</gpxtpx:cad>
     </gpxtpx:TrackPointExtension>
    </extensions>
   </trkpt>
   <trkpt lat="12.9834100" lon="77.6918450">
    <ele>890.2</ele>
    <time>2026-09-09T16:16:28Z</time>
    <extensions>
     <power>358</power>
     <gpxtpx:TrackPointExtension>
      <gpxtpx:hr>179</gpxtpx:hr>
      <gpxtpx:cad>80</gpxtpx:cad>
     </gpxtpx:TrackPointExtension>
    </extensions>
   </trkpt>
   <trkpt lat="12.9833880" lon="77.6918510">
    <ele>890.2</ele>
    <time>2026-09-09T16:16:29Z</time>
    <extensions>
     <power>341</power>
     <gpxtpx:TrackPointExtension>
      <gpxtpx:hr>179</gpxtpx:hr>
      <gpxtpx:cad>79</gpxtpx:cad>
     </gpxtpx:TrackPointExtension>
    </extensions>
   </trkpt>
   <trkpt lat="12.9833660" lon="77.6918560">
    <ele>890.2</ele>
    <time>2026-09-09T16:16:30Z</time>
    <extensions>
     <power>338</power>
     <gpxtpx:TrackPointExtension>
      <gpxtpx:hr>181</gpxtpx:hr>
      <gpxtpx:cad>79</gpxtpx:cad>
     </gpxtpx:TrackPointExtension>
    </extensions>
   </trkpt>
   <trkpt lat="12.9833440" lon="77.6918610">
    <ele>890.2</ele>
    <time>2026-09-09T16:16:31Z</time>
    <extensions>
     <power>331</power>
     <gpxtpx:TrackPointExtension>
      <gpxtpx:hr>181</gpxtpx:hr>
      <gpxtpx:cad>79</gpxtpx:cad>
     </gpxtpx:TrackPointExtension>
    </extensions>
   </trkpt>
   <trkpt lat="12.9833220" lon="77.6918640">
    <ele>890.2</ele>
    <time>2026-09-09T16:16:32Z</time>
    <extensions>
     <power>337</power>
     <gpxtpx:TrackPointExtension>
      <gpxtpx:hr>181</gpxtpx:hr>
      <gpxtpx:cad>80</gpxtpx:cad>
     </gpxtpx:TrackPointExtension>
    </extensions>
   </trkpt>
   <trkpt lat="12.9832980" lon="77.6918680">
    <ele>890.2</ele>
    <time>2026-09-09T16:16:33Z</time>
    <extensions>
     <power>332</power>
     <gpxtpx:TrackPointExtension>
      <gpxtpx:hr>181</gpxtpx:hr>
      <gpxtpx:cad>81</gpxtpx:cad>
     </gpxtpx:TrackPointExtension>
    </extensions>
   </trkpt>
   <trkpt lat="12.9832750" lon="77.6918730">
    <ele>890.2</ele>
    <time>2026-09-09T16:16:34Z</time>
    <extensions>
     <power>325</power>
     <gpxtpx:TrackPointExtension>
      <gpxtpx:hr>182</gpxtpx:hr>
      <gpxtpx:cad>82</gpxtpx:cad>
     </gpxtpx:TrackPointExtension>
    </extensions>
   </trkpt>
   <trkpt lat="12.9832510" lon="77.6918820">
    <ele>890.0</ele>
    <time>2026-09-09T16:16:35Z</time>
    <extensions>
     <power>322</power>
     <gpxtpx:TrackPointExtension>
      <gpxtpx:hr>182</gpxtpx:hr>
      <gpxtpx:cad>83</gpxtpx:cad>
     </gpxtpx:TrackPointExtension>
    </extensions>
   </trkpt>
   <trkpt lat="12.9832300" lon="77.6918950">
    <ele>890.0</ele>
    <time>2026-09-09T16:16:36Z</time>
    <extensions>
     <power>322</power>
     <gpxtpx:TrackPointExtension>
      <gpxtpx:hr>182</gpxtpx:hr>
      <gpxtpx:cad>83</gpxtpx:cad>
     </gpxtpx:TrackPointExtension>
    </extensions>
   </trkpt>
   <trkpt lat="12.9832110" lon="77.6919110">
    <ele>890.2</ele>
    <time>2026-09-09T16:16:37Z</time>
    <extensions>
     <power>314</power>
     <gpxtpx:TrackPointExtension>
      <gpxtpx:hr>182</gpxtpx:hr>
      <gpxtpx:cad>84</gpxtpx:cad>
     </gpxtpx:TrackPointExtension>
    </extensions>
   </trkpt>
   <trkpt lat="12.9831950" lon="77.6919300">
    <ele>890.2</ele>
    <time>2026-09-09T16:16:38Z</time>
    <extensions>
     <power>304</power>
     <gpxtpx:TrackPointExtension>
      <gpxtpx:hr>183</gpxtpx:hr>
      <gpxtpx:cad>84</gpxtpx:cad>
     </gpxtpx:TrackPointExtension>
    </extensions>
   </trkpt>
   <trkpt lat="12.9831810" lon="77.6919510">
    <ele>890.2</ele>
    <time>2026-09-09T16:16:39Z</time>
    <extensions>
     <power>302</power>
     <gpxtpx:TrackPointExtension>
      <gpxtpx:hr>183</gpxtpx:hr>
      <gpxtpx:cad>83</gpxtpx:cad>
     </gpxtpx:TrackPointExtension>
    </extensions>
   </trkpt>
   <trkpt lat="12.9831660" lon="77.6919710">
    <ele>890.2</ele>
    <time>2026-09-09T16:16:40Z</time>
    <extensions>
     <power>302</power>
     <gpxtpx:TrackPointExtension>
      <gpxtpx:hr>182</gpxtpx:hr>
      <gpxtpx:cad>83</gpxtpx:cad>
     </gpxtpx:TrackPointExtension>
    </extensions>
   </trkpt>
   <trkpt lat="12.9831490" lon="77.6919900">
    <ele>890.0</ele>
    <time>2026-09-09T16:16:41Z</time>
    <extensions>
     <power>302</power>
     <gpxtpx:TrackPointExtension>
      <gpxtpx:hr>183</gpxtpx:hr>
      <gpxtpx:cad>83</gpxtpx:cad>
     </gpxtpx:TrackPointExtension>
    </extensions>
   </trkpt>
   <trkpt lat="12.9831300" lon="77.6920080">
    <ele>890.0</ele>
    <time>2026-09-09T16:16:42Z</time>
    <extensions>
     <power>302</power>
     <gpxtpx:TrackPointExtension>
      <gpxtpx:hr>183</gpxtpx:hr>
      <gpxtpx:cad>83</gpxtpx:cad>
     </gpxtpx:TrackPointExtension>
    </extensions>
   </trkpt>
   <trkpt lat="12.9831100" lon="77.6920240">
    <ele>890.0</ele>
    <time>2026-09-09T16:16:43Z</time>
    <extensions>
     <power>302</power>
     <gpxtpx:TrackPointExtension>
      <gpxtpx:hr>182</gpxtpx:hr>
      <gpxtpx:cad>83</gpxtpx:cad>
     </gpxtpx:TrackPointExtension>
    </extensions>
   </trkpt>
   <trkpt lat="12.9830880" lon="77.6920400">
    <ele>890.0</ele>
    <time>2026-09-09T16:16:44Z</time>
    <extensions>
     <power>302</power>
     <gpxtpx:TrackPointExtension>
      <gpxtpx:hr>182</gpxtpx:hr>
      <gpxtpx:cad>83</gpxtpx:cad>
     </gpxtpx:TrackPointExtension>
    </extensions>
   </trkpt>
   <trkpt lat="12.9830670" lon="77.6920570">
    <ele>890.0</ele>
    <time>2026-09-09T16:16:45Z</time>
    <extensions>
     <power>302</power>
     <gpxtpx:TrackPointExtension>
      <gpxtpx:hr>181</gpxtpx:hr>
      <gpxtpx:cad>83</gpxtpx:cad>
     </gpxtpx:TrackPointExtension>
    </extensions>
   </trkpt>
   <trkpt lat="12.9830450" lon="77.6920720">
    <ele>890.0</ele>
    <time>2026-09-09T16:16:46Z</time>
    <extensions>
     <power>302</power>
     <gpxtpx:TrackPointExtension>
      <gpxtpx:hr>180</gpxtpx:hr>
      <gpxtpx:cad>83</gpxtpx:cad>
     </gpxtpx:TrackPointExtension>
    </extensions>
   </trkpt>
   <trkpt lat="12.9830240" lon="77.6920870">
    <ele>890.0</ele>
    <time>2026-09-09T16:16:47Z</time>
    <extensions>
     <power>302</power>
     <gpxtpx:TrackPointExtension>
      <gpxtpx:hr>180</gpxtpx:hr>
      <gpxtpx:cad>84</gpxtpx:cad>
     </gpxtpx:TrackPointExtension>
    </extensions>
   </trkpt>
   <trkpt lat="12.9830000" lon="77.6921020">
    <ele>890.0</ele>
    <time>2026-09-09T16:16:48Z</time>
    <extensions>
     <power>302</power>
     <gpxtpx:TrackPointExtension>
      <gpxtpx:hr>180</gpxtpx:hr>
      <gpxtpx:cad>84</gpxtpx:cad>
     </gpxtpx:TrackPointExtension>
    </extensions>
   </trkpt>
   <trkpt lat="12.9829780" lon="77.6921170">
    <ele>890.0</ele>
    <time>2026-09-09T16:16:49Z</time>
    <extensions>
     <power>302</power>
     <gpxtpx:TrackPointExtension>
      <gpxtpx:hr>180</gpxtpx:hr>
      <gpxtpx:cad>84</gpxtpx:cad>
     </gpxtpx:TrackPointExtension>
    </extensions>
   </trkpt>
   <trkpt lat="12.9829550" lon="77.6921320">
    <ele>890.0</ele>
    <time>2026-09-09T16:16:50Z</time>
    <extensions>
     <power>302</power>
     <gpxtpx:TrackPointExtension>
      <gpxtpx:hr>180</gpxtpx:hr>
      <gpxtpx:cad>83</gpxtpx:cad>
     </gpxtpx:TrackPointExtension>
    </extensions>
   </trkpt>
   <trkpt lat="12.9829320" lon="77.6921480">
    <ele>890.0</ele>
    <time>2026-09-09T16:16:51Z</time>
    <extensions>
     <power>302</power>
     <gpxtpx:TrackPointExtension>
      <gpxtpx:hr>180</gpxtpx:hr>
      <gpxtpx:cad>83</gpxtpx:cad>
     </gpxtpx:TrackPointExtension>
    </extensions>
   </trkpt>
   <trkpt lat="12.9829100" lon="77.6921650">
    <ele>890.0</ele>
    <time>2026-09-09T16:16:52Z</time>
    <extensions>
     <power>302</power>
     <gpxtpx:TrackPointExtension>
      <gpxtpx:hr>181</gpxtpx:hr>
      <gpxtpx:cad>83</gpxtpx:cad>
     </gpxtpx:TrackPointExtension>
    </extensions>
   </trkpt>
   <trkpt lat="12.9828870" lon="77.6921810">
    <ele>890.0</ele>
    <time>2026-09-09T16:16:53Z</time>
    <extensions>
     <power>302</power>
     <gpxtpx:TrackPointExtension>
      <gpxtpx:hr>181</gpxtpx:hr>
      <gpxtpx:cad>83</gpxtpx:cad>
     </gpxtpx:TrackPointExtension>
    </extensions>
   </trkpt>
   <trkpt lat="12.9828650" lon="77.6921980">
    <ele>890.0</ele>
    <time>2026-09-09T16:16:54Z</time>
    <extensions>
     <power>304</power>
     <gpxtpx:TrackPointExtension>
      <gpxtpx:hr>181</gpxtpx:hr>
      <gpxtpx:cad>83</gpxtpx:cad>
     </gpxtpx:TrackPointExtension>
    </extensions>
   </trkpt>
   <trkpt lat="12.9828440" lon="77.6922150">
    <ele>890.0</ele>
    <time>2026-09-09T16:16:55Z</time>
    <extensions>
     <power>305</power>
     <gpxtpx:TrackPointExtension>
      <gpxtpx:hr>181</gpxtpx:hr>
      <gpxtpx:cad>84</gpxtpx:cad>
     </gpxtpx:TrackPointExtension>
    </extensions>
   </trkpt>
   <trkpt lat="12.9828240" lon="77.6922340">
    <ele>890.0</ele>
    <time>2026-09-09T16:16:56Z</time>
    <extensions>
     <power>306</power>
     <gpxtpx:TrackPointExtension>
      <gpxtpx:hr>181</gpxtpx:hr>
      <gpxtpx:cad>84</gpxtpx:cad>
     </gpxtpx:TrackPointExtension>
    </extensions>
   </trkpt>
   <trkpt lat="12.9828060" lon="77.6922550">
    <ele>890.2</ele>
    <time>2026-09-09T16:16:57Z</time>
    <extensions>
     <power>338</power>
     <gpxtpx:TrackPointExtension>
      <gpxtpx:hr>182</gpxtpx:hr>
      <gpxtpx:cad>84</gpxtpx:cad>
     </gpxtpx:TrackPointExtension>
    </extensions>
   </trkpt>
   <trkpt lat="12.9827900" lon="77.6922770">
    <ele>890.2</ele>
    <time>2026-09-09T16:16:58Z</time>
    <extensions>
     <power>343</power>
     <gpxtpx:TrackPointExtension>
      <gpxtpx:hr>182</gpxtpx:hr>
      <gpxtpx:cad>83</gpxtpx:cad>
     </gpxtpx:TrackPointExtension>
    </extensions>
   </trkpt>
   <trkpt lat="12.9827760" lon="77.6923000">
    <ele>890.2</ele>
    <time>2026-09-09T16:16:59Z</time>
    <extensions>
     <power>313</power>
     <gpxtpx:TrackPointExtension>
      <gpxtpx:hr>183</gpxtpx:hr>
      <gpxtpx:cad>83</gpxtpx:cad>
     </gpxtpx:TrackPointExtension>
    </extensions>
   </trkpt>
   <trkpt lat="12.9827610" lon="77.6923230">
    <ele>890.2</ele>
    <time>2026-09-09T16:17:00Z</time>
    <extensions>
     <power>307</power>
     <gpxtpx:TrackPointExtension>
      <gpxtpx:hr>183</gpxtpx:hr>
      <gpxtpx:cad>82</gpxtpx:cad>
     </gpxtpx:TrackPointExtension>
    </extensions>
   </trkpt>
   <trkpt lat="12.9827450" lon="77.6923440">
    <ele>890.2</ele>
    <time>2026-09-09T16:17:01Z</time>
    <extensions>
     <power>306</power>
     <gpxtpx:TrackPointExtension>
      <gpxtpx:hr>183</gpxtpx:hr>
      <gpxtpx:cad>81</gpxtpx:cad>
     </gpxtpx:TrackPointExtension>
    </extensions>
   </trkpt>
   <trkpt lat="12.9827270" lon="77.6923630">
    <ele>890.2</ele>
    <time>2026-09-09T16:17:02Z</time>
    <extensions>
     <power>306</power>
     <gpxtpx:TrackPointExtension>
      <gpxtpx:hr>183</gpxtpx:hr>
      <gpxtpx:cad>81</gpxtpx:cad>
     </gpxtpx:TrackPointExtension>
    </extensions>
   </trkpt>
   <trkpt lat="12.9827070" lon="77.6923780">
    <ele>890.2</ele>
    <time>2026-09-09T16:17:03Z</time>
    <extensions>
     <power>304</power>
     <gpxtpx:TrackPointExtension>
      <gpxtpx:hr>183</gpxtpx:hr>
      <gpxtpx:cad>81</gpxtpx:cad>
     </gpxtpx:TrackPointExtension>
    </extensions>
   </trkpt>
   <trkpt lat="12.9826840" lon="77.6923890">
    <ele>890.2</ele>
    <time>2026-09-09T16:17:04Z</time>
    <extensions>
     <power>302</power>
     <gpxtpx:TrackPointExtension>
      <gpxtpx:hr>182</gpxtpx:hr>
      <gpxtpx:cad>81</gpxtpx:cad>
     </gpxtpx:TrackPointExtension>
    </extensions>
   </trkpt>
   <trkpt lat="12.9826630" lon="77.6923970">
    <ele>890.2</ele>
    <time>2026-09-09T16:17:05Z</time>
    <extensions>
     <power>307</power>
     <gpxtpx:TrackPointExtension>
      <gpxtpx:hr>182</gpxtpx:hr>
      <gpxtpx:cad>82</gpxtpx:cad>
     </gpxtpx:TrackPointExtension>
    </extensions>
   </trkpt>
   <trkpt lat="12.9826380" lon="77.6924020">
    <ele>890.2</ele>
    <time>2026-09-09T16:17:06Z</time>
    <extensions>
     <power>308</power>
     <gpxtpx:TrackPointExtension>
      <gpxtpx:hr>182</gpxtpx:hr>
      <gpxtpx:cad>82</gpxtpx:cad>
     </gpxtpx:TrackPointExtension>
    </extensions>
   </trkpt>
   <trkpt lat="12.9826150" lon="77.6924060">
    <ele>890.2</ele>
    <time>2026-09-09T16:17:07Z</time>
    <extensions>
     <power>308</power>
     <gpxtpx:TrackPointExtension>
      <gpxtpx:hr>182</gpxtpx:hr>
      <gpxtpx:cad>82</gpxtpx:cad>
     </gpxtpx:TrackPointExtension>
    </extensions>
   </trkpt>
   <trkpt lat="12.9825910" lon="77.6924090">
    <ele>890.2</ele>
    <time>2026-09-09T16:17:08Z</time>
    <extensions>
     <power>303</power>
     <gpxtpx:TrackPointExtension>
      <gpxtpx:hr>181</gpxtpx:hr>
      <gpxtpx:cad>83</gpxtpx:cad>
     </gpxtpx:TrackPointExtension>
    </extensions>
   </trkpt>
   <trkpt lat="12.9825610" lon="77.6924120">
    <ele>890.4</ele>
    <time>2026-09-09T16:17:09Z</time>
    <extensions>
     <power>312</power>
     <gpxtpx:TrackPointExtension>
      <gpxtpx:hr>181</gpxtpx:hr>
      <gpxtpx:cad>83</gpxtpx:cad>
     </gpxtpx:TrackPointExtension>
    </extensions>
   </trkpt>
   <trkpt lat="12.9825420" lon="77.6924140">
    <ele>890.4</ele>
    <time>2026-09-09T16:17:10Z</time>
    <extensions>
     <power>314</power>
     <gpxtpx:TrackPointExtension>
      <gpxtpx:hr>180</gpxtpx:hr>
      <gpxtpx:cad>84</gpxtpx:cad>
     </gpxtpx:TrackPointExtension>
    </extensions>
   </trkpt>
   <trkpt lat="12.9825150" lon="77.6924160">
    <ele>890.4</ele>
    <time>2026-09-09T16:17:11Z</time>
    <extensions>
     <power>314</power>
     <gpxtpx:TrackPointExtension>
      <gpxtpx:hr>180</gpxtpx:hr>
      <gpxtpx:cad>85</gpxtpx:cad>
     </gpxtpx:TrackPointExtension>
    </extensions>
   </trkpt>
   <trkpt lat="12.9824890" lon="77.6924160">
    <ele>890.4</ele>
    <time>2026-09-09T16:17:12Z</time>
    <extensions>
     <power>322</power>
     <gpxtpx:TrackPointExtension>
      <gpxtpx:hr>180</gpxtpx:hr>
      <gpxtpx:cad>85</gpxtpx:cad>
     </gpxtpx:TrackPointExtension>
    </extensions>
   </trkpt>
   <trkpt lat="12.9824630" lon="77.6924140">
    <ele>890.4</ele>
    <time>2026-09-09T16:17:13Z</time>
    <extensions>
     <power>325</power>
     <gpxtpx:TrackPointExtension>
      <gpxtpx:hr>180</gpxtpx:hr>
      <gpxtpx:cad>85</gpxtpx:cad>
     </gpxtpx:TrackPointExtension>
    </extensions>
   </trkpt>
   <trkpt lat="12.9824380" lon="77.6924080">
    <ele>890.4</ele>
    <time>2026-09-09T16:17:14Z</time>
    <extensions>
     <power>325</power>
     <gpxtpx:TrackPointExtension>
      <gpxtpx:hr>179</gpxtpx:hr>
      <gpxtpx:cad>85</gpxtpx:cad>
     </gpxtpx:TrackPointExtension>
    </extensions>
   </trkpt>
   <trkpt lat="12.9824130" lon="77.6924000">
    <ele>890.4</ele>
    <time>2026-09-09T16:17:15Z</time>
    <extensions>
     <power>357</power>
     <gpxtpx:TrackPointExtension>
      <gpxtpx:hr>179</gpxtpx:hr>
      <gpxtpx:cad>84</gpxtpx:cad>
     </gpxtpx:TrackPointExtension>
    </extensions>
   </trkpt>
   <trkpt lat="12.9823900" lon="77.6923880">
    <ele>890.4</ele>
    <time>2026-09-09T16:17:16Z</time>
    <extensions>
     <power>362</power>
     <gpxtpx:TrackPointExtension>
      <gpxtpx:hr>178</gpxtpx:hr>
      <gpxtpx:cad>84</gpxtpx:cad>
     </gpxtpx:TrackPointExtension>
    </extensions>
   </trkpt>
   <trkpt lat="12.9823690" lon="77.6923720">
    <ele>890.4</ele>
    <time>2026-09-09T16:17:17Z</time>
    <extensions>
     <power>366</power>
     <gpxtpx:TrackPointExtension>
      <gpxtpx:hr>178</gpxtpx:hr>
      <gpxtpx:cad>84</gpxtpx:cad>
     </gpxtpx:TrackPointExtension>
    </extensions>
   </trkpt>
   <trkpt lat="12.9823500" lon="77.6923550">
    <ele>890.4</ele>
    <time>2026-09-09T16:17:18Z</time>
    <extensions>
     <power>349</power>
     <gpxtpx:TrackPointExtension>
      <gpxtpx:hr>178</gpxtpx:hr>
      <gpxtpx:cad>84</gpxtpx:cad>
     </gpxtpx:TrackPointExtension>
    </extensions>
   </trkpt>
   <trkpt lat="12.9823330" lon="77.6923360">
    <ele>890.4</ele>
    <time>2026-09-09T16:17:19Z</time>
    <extensions>
     <power>343</power>
     <gpxtpx:TrackPointExtension>
      <gpxtpx:hr>178</gpxtpx:hr>
      <gpxtpx:cad>84</gpxtpx:cad>
     </gpxtpx:TrackPointExtension>
    </extensions>
   </trkpt>
   <trkpt lat="12.9823160" lon="77.6923170">
    <ele>890.6</ele>
    <time>2026-09-09T16:17:20Z</time>
    <extensions>
     <power>345</power>
     <gpxtpx:TrackPointExtension>
      <gpxtpx:hr>177</gpxtpx:hr>
      <gpxtpx:cad>84</gpxtpx:cad>
     </gpxtpx:TrackPointExtension>
    </extensions>
   </trkpt>
   <trkpt lat="12.9822980" lon="77.6922980">
    <ele>890.6</ele>
    <time>2026-09-09T16:17:21Z</time>
    <extensions>
     <power>345</power>
     <gpxtpx:TrackPointExtension>
      <gpxtpx:hr>177</gpxtpx:hr>
      <gpxtpx:cad>84</gpxtpx:cad>
     </gpxtpx:TrackPointExtension>
    </extensions>
   </trkpt>
   <trkpt lat="12.9822800" lon="77.6922780">
    <ele>890.6</ele>
    <time>2026-09-09T16:17:22Z</time>
    <extensions>
     <power>350</power>
     <gpxtpx:TrackPointExtension>
      <gpxtpx:hr>176</gpxtpx:hr>
      <gpxtpx:cad>84</gpxtpx:cad>
     </gpxtpx:TrackPointExtension>
    </extensions>
   </trkpt>
   <trkpt lat="12.9822620" lon="77.6922580">
    <ele>890.6</ele>
    <time>2026-09-09T16:17:23Z</time>
    <extensions>
     <power>351</power>
     <gpxtpx:TrackPointExtension>
      <gpxtpx:hr>176</gpxtpx:hr>
      <gpxtpx:cad>84</gpxtpx:cad>
     </gpxtpx:TrackPointExtension>
    </extensions>
   </trkpt>
   <trkpt lat="12.9822440" lon="77.6922380">
    <ele>890.6</ele>
    <time>2026-09-09T16:17:24Z</time>
    <extensions>
     <power>352</power>
     <gpxtpx:TrackPointExtension>
      <gpxtpx:hr>174</gpxtpx:hr>
      <gpxtpx:cad>85</gpxtpx:cad>
     </gpxtpx:TrackPointExtension>
    </extensions>
   </trkpt>
   <trkpt lat="12.9822260" lon="77.6922160">
    <ele>890.6</ele>
    <time>2026-09-09T16:17:25Z</time>
    <extensions>
     <power>352</power>
     <gpxtpx:TrackPointExtension>
      <gpxtpx:hr>173</gpxtpx:hr>
      <gpxtpx:cad>85</gpxtpx:cad>
     </gpxtpx:TrackPointExtension>
    </extensions>
   </trkpt>
   <trkpt lat="12.9822090" lon="77.6921940">
    <ele>890.6</ele>
    <time>2026-09-09T16:17:26Z</time>
    <extensions>
     <power>352</power>
     <gpxtpx:TrackPointExtension>
      <gpxtpx:hr>173</gpxtpx:hr>
      <gpxtpx:cad>85</gpxtpx:cad>
     </gpxtpx:TrackPointExtension>
    </extensions>
   </trkpt>
   <trkpt lat="12.9821920" lon="77.6921710">
    <ele>890.6</ele>
    <time>2026-09-09T16:17:27Z</time>
    <extensions>
     <power>355</power>
     <gpxtpx:TrackPointExtension>
      <gpxtpx:hr>173</gpxtpx:hr>
      <gpxtpx:cad>86</gpxtpx:cad>
     </gpxtpx:TrackPointExtension>
    </extensions>
   </trkpt>
   <trkpt lat="12.9821760" lon="77.6921480">
    <ele>890.6</ele>
    <time>2026-09-09T16:17:28Z</time>
    <extensions>
     <power>364</power>
     <gpxtpx:TrackPointExtension>
      <gpxtpx:hr>173</gpxtpx:hr>
      <gpxtpx:cad>86</gpxtpx:cad>
     </gpxtpx:TrackPointExtension>
    </extensions>
   </trkpt>
   <trkpt lat="12.9821580" lon="77.6921260">
    <ele>890.4</ele>
    <time>2026-09-09T16:17:29Z</time>
    <extensions>
     <power>369</power>
     <gpxtpx:TrackPointExtension>
      <gpxtpx:hr>173</gpxtpx:hr>
      <gpxtpx:cad>86</gpxtpx:cad>
     </gpxtpx:TrackPointExtension>
    </extensions>
   </trkpt>
   <trkpt lat="12.9821370" lon="77.6921060">
    <ele>890.4</ele>
    <time>2026-09-09T16:17:30Z</time>
    <extensions>
     <power>373</power>
     <gpxtpx:TrackPointExtension>
      <gpxtpx:hr>173</gpxtpx:hr>
      <gpxtpx:cad>86</gpxtpx:cad>
     </gpxtpx:TrackPointExtension>
    </extensions>
   </trkpt>
   <trkpt lat="12.9821160" lon="77.6920860">
    <ele>890.4</ele>
    <time>2026-09-09T16:17:31Z</time>
    <extensions>
     <power>370</power>
     <gpxtpx:TrackPointExtension>
      <gpxtpx:hr>173</gpxtpx:hr>
      <gpxtpx:cad>85</gpxtpx:cad>
     </gpxtpx:TrackPointExtension>
    </extensions>
   </trkpt>
   <trkpt lat="12.9820950" lon="77.6920640">
    <ele>890.4</ele>
    <time>2026-09-09T16:17:32Z</time>
    <extensions>
     <power>369</power>
     <gpxtpx:TrackPointExtension>
      <gpxtpx:hr>173</gpxtpx:hr>
      <gpxtpx:cad>84</gpxtpx:cad>
     </gpxtpx:TrackPointExtension>
    </extensions>
   </trkpt>
   <trkpt lat="12.9820770" lon="77.6920380">
    <ele>890.4</ele>
    <time>2026-09-09T16:17:33Z</time>
    <extensions>
     <power>369</power>
     <gpxtpx:TrackPointExtension>
      <gpxtpx:hr>173</gpxtpx:hr>
      <gpxtpx:cad>83</gpxtpx:cad>
     </gpxtpx:TrackPointExtension>
    </extensions>
   </trkpt>
   <trkpt lat="12.9820650" lon="77.6920090">
    <ele>890.4</ele>
    <time>2026-09-09T16:17:34Z</time>
    <extensions>
     <power>369</power>
     <gpxtpx:TrackPointExtension>
      <gpxtpx:hr>173</gpxtpx:hr>
      <gpxtpx:cad>83</gpxtpx:cad>
     </gpxtpx:TrackPointExtension>
    </extensions>
   </trkpt>
   <trkpt lat="12.9820570" lon="77.6919780">
    <ele>890.4</ele>
    <time>2026-09-09T16:17:35Z</time>
    <extensions>
     <power>370</power>
     <gpxtpx:TrackPointExtension>
      <gpxtpx:hr>173</gpxtpx:hr>
      <gpxtpx:cad>83</gpxtpx:cad>
     </gpxtpx:TrackPointExtension>
    </extensions>
   </trkpt>
   <trkpt lat="12.9820530" lon="77.6919480">
    <ele>890.4</ele>
    <time>2026-09-09T16:17:36Z</time>
    <extensions>
     <power>372</power>
     <gpxtpx:TrackPointExtension>
      <gpxtpx:hr>173</gpxtpx:hr>
      <gpxtpx:cad>83</gpxtpx:cad>
     </gpxtpx:TrackPointExtension>
    </extensions>
   </trkpt>
   <trkpt lat="12.9820510" lon="77.6919170">
    <ele>890.4</ele>
    <time>2026-09-09T16:17:37Z</time>
    <extensions>
     <power>372</power>
     <gpxtpx:TrackPointExtension>
      <gpxtpx:hr>173</gpxtpx:hr>
      <gpxtpx:cad>83</gpxtpx:cad>
     </gpxtpx:TrackPointExtension>
    </extensions>
   </trkpt>
   <trkpt lat="12.9820510" lon="77.6918880">
    <ele>890.4</ele>
    <time>2026-09-09T16:17:38Z</time>
    <extensions>
     <power>368</power>
     <gpxtpx:TrackPointExtension>
      <gpxtpx:hr>173</gpxtpx:hr>
      <gpxtpx:cad>83</gpxtpx:cad>
     </gpxtpx:TrackPointExtension>
    </extensions>
   </trkpt>
   <trkpt lat="12.9820520" lon="77.6918600">
    <ele>890.4</ele>
    <time>2026-09-09T16:17:39Z</time>
    <extensions>
     <power>327</power>
     <gpxtpx:TrackPointExtension>
      <gpxtpx:hr>173</gpxtpx:hr>
      <gpxtpx:cad>83</gpxtpx:cad>
     </gpxtpx:TrackPointExtension>
    </extensions>
   </trkpt>
   <trkpt lat="12.9820550" lon="77.6918340">
    <ele>890.4</ele>
    <time>2026-09-09T16:17:40Z</time>
    <extensions>
     <power>315</power>
     <gpxtpx:TrackPointExtension>
      <gpxtpx:hr>173</gpxtpx:hr>
      <gpxtpx:cad>83</gpxtpx:cad>
     </gpxtpx:TrackPointExtension>
    </extensions>
   </trkpt>
   <trkpt lat="12.9820610" lon="77.6918060">
    <ele>890.4</ele>
    <time>2026-09-09T16:17:41Z</time>
    <extensions>
     <power>314</power>
     <gpxtpx:TrackPointExtension>
      <gpxtpx:hr>174</gpxtpx:hr>
      <gpxtpx:cad>83</gpxtpx:cad>
     </gpxtpx:TrackPointExtension>
    </extensions>
   </trkpt>
   <trkpt lat="12.9820660" lon="77.6917810">
    <ele>890.4</ele>
    <time>2026-09-09T16:17:42Z</time>
    <extensions>
     <power>314</power>
     <gpxtpx:TrackPointExtension>
      <gpxtpx:hr>174</gpxtpx:hr>
      <gpxtpx:cad>83</gpxtpx:cad>
     </gpxtpx:TrackPointExtension>
    </extensions>
   </trkpt>
   <trkpt lat="12.9820730" lon="77.6917530">
    <ele>890.4</ele>
    <time>2026-09-09T16:17:43Z</time>
    <extensions>
     <power>313</power>
     <gpxtpx:TrackPointExtension>
      <gpxtpx:hr>174</gpxtpx:hr>
      <gpxtpx:cad>83</gpxtpx:cad>
     </gpxtpx:TrackPointExtension>
    </extensions>
   </trkpt>
   <trkpt lat="12.9820800" lon="77.6917260">
    <ele>890.4</ele>
    <time>2026-09-09T16:17:44Z</time>
    <extensions>
     <power>313</power>
     <gpxtpx:TrackPointExtension>
      <gpxtpx:hr>174</gpxtpx:hr>
      <gpxtpx:cad>83</gpxtpx:cad>
     </gpxtpx:TrackPointExtension>
    </extensions>
   </trkpt>
   <trkpt lat="12.9820870" lon="77.6916980">
    <ele>890.4</ele>
    <time>2026-09-09T16:17:45Z</time>
    <extensions>
     <power>313</power>
     <gpxtpx:TrackPointExtension>
      <gpxtpx:hr>174</gpxtpx:hr>
      <gpxtpx:cad>84</gpxtpx:cad>
     </gpxtpx:TrackPointExtension>
    </extensions>
   </trkpt>
   <trkpt lat="12.9820950" lon="77.6916700">
    <ele>890.4</ele>
    <time>2026-09-09T16:17:46Z</time>
    <extensions>
     <power>316</power>
     <gpxtpx:TrackPointExtension>
      <gpxtpx:hr>174</gpxtpx:hr>
      <gpxtpx:cad>84</gpxtpx:cad>
     </gpxtpx:TrackPointExtension>
    </extensions>
   </trkpt>
   <trkpt lat="12.9821050" lon="77.6916430">
    <ele>890.4</ele>
    <time>2026-09-09T16:17:47Z</time>
    <extensions>
     <power>326</power>
     <gpxtpx:TrackPointExtension>
      <gpxtpx:hr>174</gpxtpx:hr>
      <gpxtpx:cad>84</gpxtpx:cad>
     </gpxtpx:TrackPointExtension>
    </extensions>
   </trkpt>
   <trkpt lat="12.9821160" lon="77.6916150">
    <ele>890.4</ele>
    <time>2026-09-09T16:17:48Z</time>
    <extensions>
     <power>328</power>
     <gpxtpx:TrackPointExtension>
      <gpxtpx:hr>174</gpxtpx:hr>
      <gpxtpx:cad>84</gpxtpx:cad>
     </gpxtpx:TrackPointExtension>
    </extensions>
   </trkpt>
   <trkpt lat="12.9821260" lon="77.6915870">
    <ele>890.4</ele>
    <time>2026-09-09T16:17:49Z</time>
    <extensions>
     <power>328</power>
     <gpxtpx:TrackPointExtension>
      <gpxtpx:hr>174</gpxtpx:hr>
      <gpxtpx:cad>84</gpxtpx:cad>
     </gpxtpx:TrackPointExtension>
    </extensions>
   </trkpt>
   <trkpt lat="12.9821340" lon="77.6915590">
    <ele>890.4</ele>
    <time>2026-09-09T16:17:50Z</time>
    <extensions>
     <power>338</power>
     <gpxtpx:TrackPointExtension>
      <gpxtpx:hr>176</gpxtpx:hr>
      <gpxtpx:cad>84</gpxtpx:cad>
     </gpxtpx:TrackPointExtension>
    </extensions>
   </trkpt>
   <trkpt lat="12.9821370" lon="77.6915290">
    <ele>890.4</ele>
    <time>2026-09-09T16:17:51Z</time>
    <extensions>
     <power>339</power>
     <gpxtpx:TrackPointExtension>
      <gpxtpx:hr>176</gpxtpx:hr>
      <gpxtpx:cad>85</gpxtpx:cad>
     </gpxtpx:TrackPointExtension>
    </extensions>
   </trkpt>
   <trkpt lat="12.9821340" lon="77.6915010">
    <ele>890.4</ele>
    <time>2026-09-09T16:17:52Z</time>
    <extensions>
     <power>339</power>
     <gpxtpx:TrackPointExtension>
      <gpxtpx:hr>177</gpxtpx:hr>
      <gpxtpx:cad>85</gpxtpx:cad>
     </gpxtpx:TrackPointExtension>
    </extensions>
   </trkpt>
   <trkpt lat="12.9821240" lon="77.6914740">
    <ele>890.4</ele>
    <time>2026-09-09T16:17:53Z</time>
    <extensions>
     <power>339</power>
     <gpxtpx:TrackPointExtension>
      <gpxtpx:hr>177</gpxtpx:hr>
      <gpxtpx:cad>85</gpxtpx:cad>
     </gpxtpx:TrackPointExtension>
    </extensions>
   </trkpt>
   <trkpt lat="12.9821080" lon="77.6914520">
    <ele>890.4</ele>
    <time>2026-09-09T16:17:54Z</time>
    <extensions>
     <power>343</power>
     <gpxtpx:TrackPointExtension>
      <gpxtpx:hr>178</gpxtpx:hr>
      <gpxtpx:cad>84</gpxtpx:cad>
     </gpxtpx:TrackPointExtension>
    </extensions>
   </trkpt>
   <trkpt lat="12.9820880" lon="77.6914340">
    <ele>890.4</ele>
    <time>2026-09-09T16:17:55Z</time>
    <extensions>
     <power>344</power>
     <gpxtpx:TrackPointExtension>
      <gpxtpx:hr>178</gpxtpx:hr>
      <gpxtpx:cad>84</gpxtpx:cad>
     </gpxtpx:TrackPointExtension>
    </extensions>
   </trkpt>
   <trkpt lat="12.9820670" lon="77.6914190">
    <ele>890.4</ele>
    <time>2026-09-09T16:17:56Z</time>
    <extensions>
     <power>345</power>
     <gpxtpx:TrackPointExtension>
      <gpxtpx:hr>178</gpxtpx:hr>
      <gpxtpx:cad>84</gpxtpx:cad>
     </gpxtpx:TrackPointExtension>
    </extensions>
   </trkpt>
   <trkpt lat="12.9820440" lon="77.6914050">
    <ele>890.4</ele>
    <time>2026-09-09T16:17:57Z</time>
    <extensions>
     <power>345</power>
     <gpxtpx:TrackPointExtension>
      <gpxtpx:hr>178</gpxtpx:hr>
      <gpxtpx:cad>84</gpxtpx:cad>
     </gpxtpx:TrackPointExtension>
    </extensions>
   </trkpt>
   <trkpt lat="12.9820210" lon="77.6913910">
    <ele>890.4</ele>
    <time>2026-09-09T16:17:58Z</time>
    <extensions>
     <power>345</power>
     <gpxtpx:TrackPointExtension>
      <gpxtpx:hr>178</gpxtpx:hr>
      <gpxtpx:cad>84</gpxtpx:cad>
     </gpxtpx:TrackPointExtension>
    </extensions>
   </trkpt>
   <trkpt lat="12.9819990" lon="77.6913740">
    <ele>890.4</ele>
    <time>2026-09-09T16:17:59Z</time>
    <extensions>
     <power>345</power>
     <gpxtpx:TrackPointExtension>
      <gpxtpx:hr>178</gpxtpx:hr>
      <gpxtpx:cad>84</gpxtpx:cad>
     </gpxtpx:TrackPointExtension>
    </extensions>
   </trkpt>
   <trkpt lat="12.9819780" lon="77.6913550">
    <ele>890.4</ele>
    <time>2026-09-09T16:18:00Z</time>
    <extensions>
     <power>345</power>
     <gpxtpx:TrackPointExtension>
      <gpxtpx:hr>178</gpxtpx:hr>
      <gpxtpx:cad>84</gpxtpx:cad>
     </gpxtpx:TrackPointExtension>
    </extensions>
   </trkpt>
   <trkpt lat="12.9819610" lon="77.6913320">
    <ele>890.4</ele>
    <time>2026-09-09T16:18:01Z</time>
    <extensions>
     <power>338</power>
     <gpxtpx:TrackPointExtension>
      <gpxtpx:hr>178</gpxtpx:hr>
      <gpxtpx:cad>84</gpxtpx:cad>
     </gpxtpx:TrackPointExtension>
    </extensions>
   </trkpt>
   <trkpt lat="12.9819490" lon="77.6913060">
    <ele>890.4</ele>
    <time>2026-09-09T16:18:02Z</time>
    <extensions>
     <power>337</power>
     <gpxtpx:TrackPointExtension>
      <gpxtpx:hr>179</gpxtpx:hr>
      <gpxtpx:cad>85</gpxtpx:cad>
     </gpxtpx:TrackPointExtension>
    </extensions>
   </trkpt>
   <trkpt lat="12.9819410" lon="77.6912790">
    <ele>890.4</ele>
    <time>2026-09-09T16:18:03Z</time>
    <extensions>
     <power>336</power>
     <gpxtpx:TrackPointExtension>
      <gpxtpx:hr>179</gpxtpx:hr>
      <gpxtpx:cad>85</gpxtpx:cad>
     </gpxtpx:TrackPointExtension>
    </extensions>
   </trkpt>
   <trkpt lat="12.9819380" lon="77.6912510">
    <ele>890.4</ele>
    <time>2026-09-09T16:18:04Z</time>
    <extensions>
     <power>336</power>
     <gpxtpx:TrackPointExtension>
      <gpxtpx:hr>181</gpxtpx:hr>
      <gpxtpx:cad>84</gpxtpx:cad>
     </gpxtpx:TrackPointExtension>
    </extensions>
   </trkpt>
   <trkpt lat="12.9819390" lon="77.6912250">
    <ele>890.4</ele>
    <time>2026-09-09T16:18:05Z</time>
    <extensions>
     <power>343</power>
     <gpxtpx:TrackPointExtension>
      <gpxtpx:hr>181</gpxtpx:hr>
      <gpxtpx:cad>84</gpxtpx:cad>
     </gpxtpx:TrackPointExtension>
    </extensions>
   </trkpt>
   <trkpt lat="12.9819430" lon="77.6911980">
    <ele>890.4</ele>
    <time>2026-09-09T16:18:06Z</time>
    <extensions>
     <power>343</power>
     <gpxtpx:TrackPointExtension>
      <gpxtpx:hr>181</gpxtpx:hr>
      <gpxtpx:cad>84</gpxtpx:cad>
     </gpxtpx:TrackPointExtension>
    </extensions>
   </trkpt>
   <trkpt lat="12.9819480" lon="77.6911720">
    <ele>890.4</ele>
    <time>2026-09-09T16:18:07Z</time>
    <extensions>
     <power>336</power>
     <gpxtpx:TrackPointExtension>
      <gpxtpx:hr>181</gpxtpx:hr>
      <gpxtpx:cad>84</gpxtpx:cad>
     </gpxtpx:TrackPointExtension>
    </extensions>
   </trkpt>
   <trkpt lat="12.9819530" lon="77.6911470">
    <ele>890.4</ele>
    <time>2026-09-09T16:18:08Z</time>
    <extensions>
     <power>337</power>
     <gpxtpx:TrackPointExtension>
      <gpxtpx:hr>180</gpxtpx:hr>
      <gpxtpx:cad>83</gpxtpx:cad>
     </gpxtpx:TrackPointExtension>
    </extensions>
   </trkpt>
   <trkpt lat="12.9819590" lon="77.6911220">
    <ele>890.4</ele>
    <time>2026-09-09T16:18:09Z</time>
    <extensions>
     <power>337</power>
     <gpxtpx:TrackPointExtension>
      <gpxtpx:hr>179</gpxtpx:hr>
      <gpxtpx:cad>82</gpxtpx:cad>
     </gpxtpx:TrackPointExtension>
    </extensions>
   </trkpt>
   <trkpt lat="12.9819650" lon="77.6910970">
    <ele>890.4</ele>
    <time>2026-09-09T16:18:10Z</time>
    <extensions>
     <power>342</power>
     <gpxtpx:TrackPointExtension>
      <gpxtpx:hr>179</gpxtpx:hr>
      <gpxtpx:cad>82</gpxtpx:cad>
     </gpxtpx:TrackPointExtension>
    </extensions>
   </trkpt>
   <trkpt lat="12.9819720" lon="77.6910700">
    <ele>890.4</ele>
    <time>2026-09-09T16:18:11Z</time>
    <extensions>
     <power>357</power>
     <gpxtpx:TrackPointExtension>
      <gpxtpx:hr>179</gpxtpx:hr>
      <gpxtpx:cad>82</gpxtpx:cad>
     </gpxtpx:TrackPointExtension>
    </extensions>
   </trkpt>
   <trkpt lat="12.9819800" lon="77.6910440">
    <ele>890.4</ele>
    <time>2026-09-09T16:18:12Z</time>
    <extensions>
     <power>352</power>
     <gpxtpx:TrackPointExtension>
      <gpxtpx:hr>179</gpxtpx:hr>
      <gpxtpx:cad>82</gpxtpx:cad>
     </gpxtpx:TrackPointExtension>
    </extensions>
   </trkpt>
   <trkpt lat="12.9819890" lon="77.6910170">
    <ele>890.4</ele>
    <time>2026-09-09T16:18:13Z</time>
    <extensions>
     <power>340</power>
     <gpxtpx:TrackPointExtension>
      <gpxtpx:hr>180</gpxtpx:hr>
      <gpxtpx:cad>83</gpxtpx:cad>
     </gpxtpx:TrackPointExtension>
    </extensions>
   </trkpt>
   <trkpt lat="12.9819980" lon="77.6909910">
    <ele>890.4</ele>
    <time>2026-09-09T16:18:14Z</time>
    <extensions>
     <power>338</power>
     <gpxtpx:TrackPointExtension>
      <gpxtpx:hr>180</gpxtpx:hr>
      <gpxtpx:cad>83</gpxtpx:cad>
     </gpxtpx:TrackPointExtension>
    </extensions>
   </trkpt>
   <trkpt lat="12.9820080" lon="77.6909620">
    <ele>890.4</ele>
    <time>2026-09-09T16:18:15Z</time>
    <extensions>
     <power>331</power>
     <gpxtpx:TrackPointExtension>
      <gpxtpx:hr>180</gpxtpx:hr>
      <gpxtpx:cad>84</gpxtpx:cad>
     </gpxtpx:TrackPointExtension>
    </extensions>
   </trkpt>
   <trkpt lat="12.9820170" lon="77.6909370">
    <ele>890.4</ele>
    <time>2026-09-09T16:18:16Z</time>
    <extensions>
     <power>330</power>
     <gpxtpx:TrackPointExtension>
      <gpxtpx:hr>180</gpxtpx:hr>
      <gpxtpx:cad>84</gpxtpx:cad>
     </gpxtpx:TrackPointExtension>
    </extensions>
   </trkpt>
   <trkpt lat="12.9820240" lon="77.6909090">
    <ele>890.4</ele>
    <time>2026-09-09T16:18:17Z</time>
    <extensions>
     <power>325</power>
     <gpxtpx:TrackPointExtension>
      <gpxtpx:hr>181</gpxtpx:hr>
      <gpxtpx:cad>84</gpxtpx:cad>
     </gpxtpx:TrackPointExtension>
    </extensions>
   </trkpt>
   <trkpt lat="12.9820320" lon="77.6908750">
    <ele>890.4</ele>
    <time>2026-09-09T16:18:18Z</time>
    <extensions>
     <power>319</power>
     <gpxtpx:TrackPointExtension>
      <gpxtpx:hr>181</gpxtpx:hr>
      <gpxtpx:cad>83</gpxtpx:cad>
     </gpxtpx:TrackPointExtension>
    </extensions>
   </trkpt>
   <trkpt lat="12.9820360" lon="77.6908530">
    <ele>890.4</ele>
    <time>2026-09-09T16:18:19Z</time>
    <extensions>
     <power>318</power>
     <gpxtpx:TrackPointExtension>
      <gpxtpx:hr>180</gpxtpx:hr>
      <gpxtpx:cad>83</gpxtpx:cad>
     </gpxtpx:TrackPointExtension>
    </extensions>
   </trkpt>
   <trkpt lat="12.9820430" lon="77.6908260">
    <ele>890.4</ele>
    <time>2026-09-09T16:18:20Z</time>
    <extensions>
     <power>318</power>
     <gpxtpx:TrackPointExtension>
      <gpxtpx:hr>180</gpxtpx:hr>
      <gpxtpx:cad>83</gpxtpx:cad>
     </gpxtpx:TrackPointExtension>
    </extensions>
   </trkpt>
   <trkpt lat="12.9820510" lon="77.6907990">
    <ele>890.4</ele>
    <time>2026-09-09T16:18:21Z</time>
    <extensions>
     <power>317</power>
     <gpxtpx:TrackPointExtension>
      <gpxtpx:hr>180</gpxtpx:hr>
      <gpxtpx:cad>82</gpxtpx:cad>
     </gpxtpx:TrackPointExtension>
    </extensions>
   </trkpt>
   <trkpt lat="12.9820590" lon="77.6907730">
    <ele>890.6</ele>
    <time>2026-09-09T16:18:22Z</time>
    <extensions>
     <power>326</power>
     <gpxtpx:TrackPointExtension>
      <gpxtpx:hr>180</gpxtpx:hr>
      <gpxtpx:cad>82</gpxtpx:cad>
     </gpxtpx:TrackPointExtension>
    </extensions>
   </trkpt>
   <trkpt lat="12.9820670" lon="77.6907470">
    <ele>890.6</ele>
    <time>2026-09-09T16:18:23Z</time>
    <extensions>
     <power>329</power>
     <gpxtpx:TrackPointExtension>
      <gpxtpx:hr>180</gpxtpx:hr>
      <gpxtpx:cad>81</gpxtpx:cad>
     </gpxtpx:TrackPointExtension>
    </extensions>
   </trkpt>
   <trkpt lat="12.9820730" lon="77.6907230">
    <ele>890.6</ele>
    <time>2026-09-09T16:18:24Z</time>
    <extensions>
     <power>345</power>
     <gpxtpx:TrackPointExtension>
      <gpxtpx:hr>180</gpxtpx:hr>
      <gpxtpx:cad>81</gpxtpx:cad>
     </gpxtpx:TrackPointExtension>
    </extensions>
   </trkpt>
   <trkpt lat="12.9820800" lon="77.6906990">
    <ele>890.6</ele>
    <time>2026-09-09T16:18:25Z</time>
    <extensions>
     <power>349</power>
     <gpxtpx:TrackPointExtension>
      <gpxtpx:hr>180</gpxtpx:hr>
      <gpxtpx:cad>81</gpxtpx:cad>
     </gpxtpx:TrackPointExtension>
    </extensions>
   </trkpt>
   <trkpt lat="12.9820870" lon="77.6906740">
    <ele>890.6</ele>
    <time>2026-09-09T16:18:26Z</time>
    <extensions>
     <power>351</power>
     <gpxtpx:TrackPointExtension>
      <gpxtpx:hr>180</gpxtpx:hr>
      <gpxtpx:cad>81</gpxtpx:cad>
     </gpxtpx:TrackPointExtension>
    </extensions>
   </trkpt>
   <trkpt lat="12.9820930" lon="77.6906500">
    <ele>890.6</ele>
    <time>2026-09-09T16:18:27Z</time>
    <extensions>
     <power>351</power>
     <gpxtpx:TrackPointExtension>
      <gpxtpx:hr>180</gpxtpx:hr>
      <gpxtpx:cad>81</gpxtpx:cad>
     </gpxtpx:TrackPointExtension>
    </extensions>
   </trkpt>
   <trkpt lat="12.9820990" lon="77.6906260">
    <ele>890.6</ele>
    <time>2026-09-09T16:18:28Z</time>
    <extensions>
     <power>365</power>
     <gpxtpx:TrackPointExtension>
      <gpxtpx:hr>180</gpxtpx:hr>
      <gpxtpx:cad>82</gpxtpx:cad>
     </gpxtpx:TrackPointExtension>
    </extensions>
   </trkpt>
   <trkpt lat="12.9821060" lon="77.6906020">
    <ele>890.6</ele>
    <time>2026-09-09T16:18:29Z</time>
    <extensions>
     <power>358</power>
     <gpxtpx:TrackPointExtension>
      <gpxtpx:hr>180</gpxtpx:hr>
      <gpxtpx:cad>83</gpxtpx:cad>
     </gpxtpx:TrackPointExtension>
    </extensions>
   </trkpt>
   <trkpt lat="12.9821140" lon="77.6905750">
    <ele>890.6</ele>
    <time>2026-09-09T16:18:30Z</time>
    <extensions>
     <power>353</power>
     <gpxtpx:TrackPointExtension>
      <gpxtpx:hr>180</gpxtpx:hr>
      <gpxtpx:cad>83</gpxtpx:cad>
     </gpxtpx:TrackPointExtension>
    </extensions>
   </trkpt>
   <trkpt lat="12.9821210" lon="77.6905530">
    <ele>890.6</ele>
    <time>2026-09-09T16:18:31Z</time>
    <extensions>
     <power>361</power>
     <gpxtpx:TrackPointExtension>
      <gpxtpx:hr>181</gpxtpx:hr>
      <gpxtpx:cad>84</gpxtpx:cad>
     </gpxtpx:TrackPointExtension>
    </extensions>
   </trkpt>
   <trkpt lat="12.9821290" lon="77.6905270">
    <ele>890.6</ele>
    <time>2026-09-09T16:18:32Z</time>
    <extensions>
     <power>358</power>
     <gpxtpx:TrackPointExtension>
      <gpxtpx:hr>181</gpxtpx:hr>
      <gpxtpx:cad>84</gpxtpx:cad>
     </gpxtpx:TrackPointExtension>
    </extensions>
   </trkpt>
   <trkpt lat="12.9821380" lon="77.6905020">
    <ele>890.6</ele>
    <time>2026-09-09T16:18:33Z</time>
    <extensions>
     <power>357</power>
     <gpxtpx:TrackPointExtension>
      <gpxtpx:hr>181</gpxtpx:hr>
      <gpxtpx:cad>85</gpxtpx:cad>
     </gpxtpx:TrackPointExtension>
    </extensions>
   </trkpt>
   <trkpt lat="12.9821480" lon="77.6904770">
    <ele>890.6</ele>
    <time>2026-09-09T16:18:34Z</time>
    <extensions>
     <power>356</power>
     <gpxtpx:TrackPointExtension>
      <gpxtpx:hr>181</gpxtpx:hr>
      <gpxtpx:cad>85</gpxtpx:cad>
     </gpxtpx:TrackPointExtension>
    </extensions>
   </trkpt>
   <trkpt lat="12.9821620" lon="77.6904530">
    <ele>890.6</ele>
    <time>2026-09-09T16:18:35Z</time>
    <extensions>
     <power>356</power>
     <gpxtpx:TrackPointExtension>
      <gpxtpx:hr>181</gpxtpx:hr>
      <gpxtpx:cad>85</gpxtpx:cad>
     </gpxtpx:TrackPointExtension>
    </extensions>
   </trkpt>
   <trkpt lat="12.9821790" lon="77.6904320">
    <ele>890.6</ele>
    <time>2026-09-09T16:18:36Z</time>
    <extensions>
     <power>376</power>
     <gpxtpx:TrackPointExtension>
      <gpxtpx:hr>181</gpxtpx:hr>
      <gpxtpx:cad>84</gpxtpx:cad>
     </gpxtpx:TrackPointExtension>
    </extensions>
   </trkpt>
   <trkpt lat="12.9821990" lon="77.6904160">
    <ele>890.6</ele>
    <time>2026-09-09T16:18:37Z</time>
    <extensions>
     <power>379</power>
     <gpxtpx:TrackPointExtension>
      <gpxtpx:hr>181</gpxtpx:hr>
      <gpxtpx:cad>83</gpxtpx:cad>
     </gpxtpx:TrackPointExtension>
    </extensions>
   </trkpt>
   <trkpt lat="12.9822220" lon="77.6904030">
    <ele>890.6</ele>
    <time>2026-09-09T16:18:38Z</time>
    <extensions>
     <power>379</power>
     <gpxtpx:TrackPointExtension>
      <gpxtpx:hr>181</gpxtpx:hr>
      <gpxtpx:cad>82</gpxtpx:cad>
     </gpxtpx:TrackPointExtension>
    </extensions>
   </trkpt>
   <trkpt lat="12.9822460" lon="77.6903940">
    <ele>890.6</ele>
    <time>2026-09-09T16:18:39Z</time>
    <extensions>
     <power>377</power>
     <gpxtpx:TrackPointExtension>
      <gpxtpx:hr>181</gpxtpx:hr>
      <gpxtpx:cad>82</gpxtpx:cad>
     </gpxtpx:TrackPointExtension>
    </extensions>
   </trkpt>
   <trkpt lat="12.9822710" lon="77.6903910">
    <ele>890.6</ele>
    <time>2026-09-09T16:18:40Z</time>
    <extensions>
     <power>367</power>
     <gpxtpx:TrackPointExtension>
      <gpxtpx:hr>181</gpxtpx:hr>
      <gpxtpx:cad>81</gpxtpx:cad>
     </gpxtpx:TrackPointExtension>
    </extensions>
   </trkpt>
   <trkpt lat="12.9822970" lon="77.6903910">
    <ele>890.6</ele>
    <time>2026-09-09T16:18:41Z</time>
    <extensions>
     <power>359</power>
     <gpxtpx:TrackPointExtension>
      <gpxtpx:hr>181</gpxtpx:hr>
      <gpxtpx:cad>82</gpxtpx:cad>
     </gpxtpx:TrackPointExtension>
    </extensions>
   </trkpt>
   <trkpt lat="12.9823230" lon="77.6903940">
    <ele>890.6</ele>
    <time>2026-09-09T16:18:42Z</time>
    <extensions>
     <power>326</power>
     <gpxtpx:TrackPointExtension>
      <gpxtpx:hr>181</gpxtpx:hr>
      <gpxtpx:cad>82</gpxtpx:cad>
     </gpxtpx:TrackPointExtension>
    </extensions>
   </trkpt>
   <trkpt lat="12.9823480" lon="77.6904020">
    <ele>890.6</ele>
    <time>2026-09-09T16:18:43Z</time>
    <extensions>
     <power>316</power>
     <gpxtpx:TrackPointExtension>
      <gpxtpx:hr>181</gpxtpx:hr>
      <gpxtpx:cad>82</gpxtpx:cad>
     </gpxtpx:TrackPointExtension>
    </extensions>
   </trkpt>
   <trkpt lat="12.9823720" lon="77.6904140">
    <ele>890.6</ele>
    <time>2026-09-09T16:18:44Z</time>
    <extensions>
     <power>315</power>
     <gpxtpx:TrackPointExtension>
      <gpxtpx:hr>181</gpxtpx:hr>
      <gpxtpx:cad>82</gpxtpx:cad>
     </gpxtpx:TrackPointExtension>
    </extensions>
   </trkpt>
   <trkpt lat="12.9823940" lon="77.6904290">
    <ele>890.6</ele>
    <time>2026-09-09T16:18:45Z</time>
    <extensions>
     <power>314</power>
     <gpxtpx:TrackPointExtension>
      <gpxtpx:hr>181</gpxtpx:hr>
      <gpxtpx:cad>82</gpxtpx:cad>
     </gpxtpx:TrackPointExtension>
    </extensions>
   </trkpt>
   <trkpt lat="12.9824120" lon="77.6904490">
    <ele>890.6</ele>
    <time>2026-09-09T16:18:46Z</time>
    <extensions>
     <power>314</power>
     <gpxtpx:TrackPointExtension>
      <gpxtpx:hr>181</gpxtpx:hr>
      <gpxtpx:cad>83</gpxtpx:cad>
     </gpxtpx:TrackPointExtension>
    </extensions>
   </trkpt>
   <trkpt lat="12.9824250" lon="77.6904730">
    <ele>890.6</ele>
    <time>2026-09-09T16:18:47Z</time>
    <extensions>
     <power>314</power>
     <gpxtpx:TrackPointExtension>
      <gpxtpx:hr>182</gpxtpx:hr>
      <gpxtpx:cad>83</gpxtpx:cad>
     </gpxtpx:TrackPointExtension>
    </extensions>
   </trkpt>
   <trkpt lat="12.9824320" lon="77.6904980">
    <ele>890.6</ele>
    <time>2026-09-09T16:18:48Z</time>
    <extensions>
     <power>318</power>
     <gpxtpx:TrackPointExtension>
      <gpxtpx:hr>182</gpxtpx:hr>
      <gpxtpx:cad>83</gpxtpx:cad>
     </gpxtpx:TrackPointExtension>
    </extensions>
   </trkpt>
   <trkpt lat="12.9824320" lon="77.6905240">
    <ele>890.4</ele>
    <time>2026-09-09T16:18:49Z</time>
    <extensions>
     <power>319</power>
     <gpxtpx:TrackPointExtension>
      <gpxtpx:hr>182</gpxtpx:hr>
      <gpxtpx:cad>83</gpxtpx:cad>
     </gpxtpx:TrackPointExtension>
    </extensions>
   </trkpt>
   <trkpt lat="12.9824290" lon="77.6905500">
    <ele>890.4</ele>
    <time>2026-09-09T16:18:50Z</time>
    <extensions>
     <power>319</power>
     <gpxtpx:TrackPointExtension>
      <gpxtpx:hr>182</gpxtpx:hr>
      <gpxtpx:cad>83</gpxtpx:cad>
     </gpxtpx:TrackPointExtension>
    </extensions>
   </trkpt>
   <trkpt lat="12.9824250" lon="77.6905760">
    <ele>890.4</ele>
    <time>2026-09-09T16:18:51Z</time>
    <extensions>
     <power>319</power>
     <gpxtpx:TrackPointExtension>
      <gpxtpx:hr>182</gpxtpx:hr>
      <gpxtpx:cad>83</gpxtpx:cad>
     </gpxtpx:TrackPointExtension>
    </extensions>
   </trkpt>
   <trkpt lat="12.9824190" lon="77.6906020">
    <ele>890.4</ele>
    <time>2026-09-09T16:18:52Z</time>
    <extensions>
     <power>319</power>
     <gpxtpx:TrackPointExtension>
      <gpxtpx:hr>182</gpxtpx:hr>
      <gpxtpx:cad>83</gpxtpx:cad>
     </gpxtpx:TrackPointExtension>
    </extensions>
   </trkpt>
   <trkpt lat="12.9824130" lon="77.6906280">
    <ele>890.4</ele>
    <time>2026-09-09T16:18:53Z</time>
    <extensions>
     <power>319</power>
     <gpxtpx:TrackPointExtension>
      <gpxtpx:hr>183</gpxtpx:hr>
      <gpxtpx:cad>83</gpxtpx:cad>
     </gpxtpx:TrackPointExtension>
    </extensions>
   </trkpt>
   <trkpt lat="12.9824050" lon="77.6906540">
    <ele>890.4</ele>
    <time>2026-09-09T16:18:54Z</time>
    <extensions>
     <power>324</power>
     <gpxtpx:TrackPointExtension>
      <gpxtpx:hr>185</gpxtpx:hr>
      <gpxtpx:cad>82</gpxtpx:cad>
     </gpxtpx:TrackPointExtension>
    </extensions>
   </trkpt>
   <trkpt lat="12.9823960" lon="77.6906800">
    <ele>890.4</ele>
    <time>2026-09-09T16:18:55Z</time>
    <extensions>
     <power>326</power>
     <gpxtpx:TrackPointExtension>
      <gpxtpx:hr>185</gpxtpx:hr>
      <gpxtpx:cad>82</gpxtpx:cad>
     </gpxtpx:TrackPointExtension>
    </extensions>
   </trkpt>
   <trkpt lat="12.9823860" lon="77.6907060">
    <ele>890.4</ele>
    <time>2026-09-09T16:18:56Z</time>
    <extensions>
     <power>337</power>
     <gpxtpx:TrackPointExtension>
      <gpxtpx:hr>186</gpxtpx:hr>
      <gpxtpx:cad>82</gpxtpx:cad>
     </gpxtpx:TrackPointExtension>
    </extensions>
   </trkpt>
   <trkpt lat="12.9823760" lon="77.6907330">
    <ele>890.4</ele>
    <time>2026-09-09T16:18:57Z</time>
    <extensions>
     <power>332</power>
     <gpxtpx:TrackPointExtension>
      <gpxtpx:hr>186</gpxtpx:hr>
      <gpxtpx:cad>83</gpxtpx:cad>
     </gpxtpx:TrackPointExtension>
    </extensions>
   </trkpt>
   <trkpt lat="12.9823660" lon="77.6907600">
    <ele>890.4</ele>
    <time>2026-09-09T16:18:58Z</time>
    <extensions>
     <power>323</power>
     <gpxtpx:TrackPointExtension>
      <gpxtpx:hr>185</gpxtpx:hr>
      <gpxtpx:cad>84</gpxtpx:cad>
     </gpxtpx:TrackPointExtension>
    </extensions>
   </trkpt>
   <trkpt lat="12.9823550" lon="77.6907870">
    <ele>890.4</ele>
    <time>2026-09-09T16:18:59Z</time>
    <extensions>
     <power>328</power>
     <gpxtpx:TrackPointExtension>
      <gpxtpx:hr>185</gpxtpx:hr>
      <gpxtpx:cad>84</gpxtpx:cad>
     </gpxtpx:TrackPointExtension>
    </extensions>
   </trkpt>
   <trkpt lat="12.9823450" lon="77.6908150">
    <ele>890.4</ele>
    <time>2026-09-09T16:19:00Z</time>
    <extensions>
     <power>337</power>
     <gpxtpx:TrackPointExtension>
      <gpxtpx:hr>185</gpxtpx:hr>
      <gpxtpx:cad>84</gpxtpx:cad>
     </gpxtpx:TrackPointExtension>
    </extensions>
   </trkpt>
   <trkpt lat="12.9823400" lon="77.6908430">
    <ele>890.4</ele>
    <time>2026-09-09T16:19:01Z</time>
    <extensions>
     <power>325</power>
     <gpxtpx:TrackPointExtension>
      <gpxtpx:hr>185</gpxtpx:hr>
      <gpxtpx:cad>84</gpxtpx:cad>
     </gpxtpx:TrackPointExtension>
    </extensions>
   </trkpt>
   <trkpt lat="12.9823430" lon="77.6908680">
    <ele>890.4</ele>
    <time>2026-09-09T16:19:02Z</time>
    <extensions>
     <power>323</power>
     <gpxtpx:TrackPointExtension>
      <gpxtpx:hr>185</gpxtpx:hr>
      <gpxtpx:cad>84</gpxtpx:cad>
     </gpxtpx:TrackPointExtension>
    </extensions>
   </trkpt>
   <trkpt lat="12.9823560" lon="77.6908890">
    <ele>890.4</ele>
    <time>2026-09-09T16:19:03Z</time>
    <extensions>
     <power>326</power>
     <gpxtpx:TrackPointExtension>
      <gpxtpx:hr>185</gpxtpx:hr>
      <gpxtpx:cad>84</gpxtpx:cad>
     </gpxtpx:TrackPointExtension>
    </extensions>
   </trkpt>
   <trkpt lat="12.9823750" lon="77.6909050">
    <ele>890.4</ele>
    <time>2026-09-09T16:19:04Z</time>
    <extensions>
     <power>326</power>
     <gpxtpx:TrackPointExtension>
      <gpxtpx:hr>186</gpxtpx:hr>
      <gpxtpx:cad>83</gpxtpx:cad>
     </gpxtpx:TrackPointExtension>
    </extensions>
   </trkpt>
   <trkpt lat="12.9823980" lon="77.6909190">
    <ele>890.4</ele>
    <time>2026-09-09T16:19:05Z</time>
    <extensions>
     <power>326</power>
     <gpxtpx:TrackPointExtension>
      <gpxtpx:hr>186</gpxtpx:hr>
      <gpxtpx:cad>83</gpxtpx:cad>
     </gpxtpx:TrackPointExtension>
    </extensions>
   </trkpt>
   <trkpt lat="12.9824220" lon="77.6909310">
    <ele>890.4</ele>
    <time>2026-09-09T16:19:06Z</time>
    <extensions>
     <power>335</power>
     <gpxtpx:TrackPointExtension>
      <gpxtpx:hr>186</gpxtpx:hr>
      <gpxtpx:cad>83</gpxtpx:cad>
     </gpxtpx:TrackPointExtension>
    </extensions>
   </trkpt>
   <trkpt lat="12.9824480" lon="77.6909430">
    <ele>890.4</ele>
    <time>2026-09-09T16:19:07Z</time>
    <extensions>
     <power>336</power>
     <gpxtpx:TrackPointExtension>
      <gpxtpx:hr>186</gpxtpx:hr>
      <gpxtpx:cad>83</gpxtpx:cad>
     </gpxtpx:TrackPointExtension>
    </extensions>
   </trkpt>
   <trkpt lat="12.9824720" lon="77.6909520">
    <ele>890.4</ele>
    <time>2026-09-09T16:19:08Z</time>
    <extensions>
     <power>336</power>
     <gpxtpx:TrackPointExtension>
      <gpxtpx:hr>185</gpxtpx:hr>
      <gpxtpx:cad>83</gpxtpx:cad>
     </gpxtpx:TrackPointExtension>
    </extensions>
   </trkpt>
   <trkpt lat="12.9824970" lon="77.6909620">
    <ele>890.4</ele>
    <time>2026-09-09T16:19:09Z</time>
    <extensions>
     <power>339</power>
     <gpxtpx:TrackPointExtension>
      <gpxtpx:hr>185</gpxtpx:hr>
      <gpxtpx:cad>84</gpxtpx:cad>
     </gpxtpx:TrackPointExtension>
    </extensions>
   </trkpt>
   <trkpt lat="12.9825230" lon="77.6909720">
    <ele>890.4</ele>
    <time>2026-09-09T16:19:10Z</time>
    <extensions>
     <power>340</power>
     <gpxtpx:TrackPointExtension>
      <gpxtpx:hr>184</gpxtpx:hr>
      <gpxtpx:cad>84</gpxtpx:cad>
     </gpxtpx:TrackPointExtension>
    </extensions>
   </trkpt>
   <trkpt lat="12.9825480" lon="77.6909810">
    <ele>890.4</ele>
    <time>2026-09-09T16:19:11Z</time>
    <extensions>
     <power>340</power>
     <gpxtpx:TrackPointExtension>
      <gpxtpx:hr>184</gpxtpx:hr>
      <gpxtpx:cad>85</gpxtpx:cad>
     </gpxtpx:TrackPointExtension>
    </extensions>
   </trkpt>
   <trkpt lat="12.9825750" lon="77.6909900">
    <ele>890.4</ele>
    <time>2026-09-09T16:19:12Z</time>
    <extensions>
     <power>354</power>
     <gpxtpx:TrackPointExtension>
      <gpxtpx:hr>184</gpxtpx:hr>
      <gpxtpx:cad>85</gpxtpx:cad>
     </gpxtpx:TrackPointExtension>
    </extensions>
   </trkpt>
   <trkpt lat="12.9826000" lon="77.6909980">
    <ele>890.4</ele>
    <time>2026-09-09T16:19:13Z</time>
    <extensions>
     <power>345</power>
     <gpxtpx:TrackPointExtension>
      <gpxtpx:hr>184</gpxtpx:hr>
      <gpxtpx:cad>85</gpxtpx:cad>
     </gpxtpx:TrackPointExtension>
    </extensions>
   </trkpt>
   <trkpt lat="12.9826250" lon="77.6910070">
    <ele>890.4</ele>
    <time>2026-09-09T16:19:14Z</time>
    <extensions>
     <power>345</power>
     <gpxtpx:TrackPointExtension>
      <gpxtpx:hr>184</gpxtpx:hr>
      <gpxtpx:cad>85</gpxtpx:cad>
     </gpxtpx:TrackPointExtension>
    </extensions>
   </trkpt>
   <trkpt lat="12.9826520" lon="77.6910170">
    <ele>890.4</ele>
    <time>2026-09-09T16:19:15Z</time>
    <extensions>
     <power>346</power>
     <gpxtpx:TrackPointExtension>
      <gpxtpx:hr>184</gpxtpx:hr>
      <gpxtpx:cad>85</gpxtpx:cad>
     </gpxtpx:TrackPointExtension>
    </extensions>
   </trkpt>
   <trkpt lat="12.9826780" lon="77.6910260">
    <ele>890.4</ele>
    <time>2026-09-09T16:19:16Z</time>
    <extensions>
     <power>347</power>
     <gpxtpx:TrackPointExtension>
      <gpxtpx:hr>184</gpxtpx:hr>
      <gpxtpx:cad>84</gpxtpx:cad>
     </gpxtpx:TrackPointExtension>
    </extensions>
   </trkpt>
   <trkpt lat="12.9827040" lon="77.6910370">
    <ele>890.4</ele>
    <time>2026-09-09T16:19:17Z</time>
    <extensions>
     <power>340</power>
     <gpxtpx:TrackPointExtension>
      <gpxtpx:hr>184</gpxtpx:hr>
      <gpxtpx:cad>84</gpxtpx:cad>
     </gpxtpx:TrackPointExtension>
    </extensions>
   </trkpt>
   <trkpt lat="12.9827300" lon="77.6910470">
    <ele>890.4</ele>
    <time>2026-09-09T16:19:18Z</time>
    <extensions>
     <power>339</power>
     <gpxtpx:TrackPointExtension>
      <gpxtpx:hr>184</gpxtpx:hr>
      <gpxtpx:cad>83</gpxtpx:cad>
     </gpxtpx:TrackPointExtension>
    </extensions>
   </trkpt>
   <trkpt lat="12.9827560" lon="77.6910570">
    <ele>890.4</ele>
    <time>2026-09-09T16:19:19Z</time>
    <extensions>
     <power>339</power>
     <gpxtpx:TrackPointExtension>
      <gpxtpx:hr>186</gpxtpx:hr>
      <gpxtpx:cad>83</gpxtpx:cad>
     </gpxtpx:TrackPointExtension>
    </extensions>
   </trkpt>
   <trkpt lat="12.9827830" lon="77.6910670">
    <ele>890.4</ele>
    <time>2026-09-09T16:19:20Z</time>
    <extensions>
     <power>339</power>
     <gpxtpx:TrackPointExtension>
      <gpxtpx:hr>186</gpxtpx:hr>
      <gpxtpx:cad>83</gpxtpx:cad>
     </gpxtpx:TrackPointExtension>
    </extensions>
   </trkpt>
   <trkpt lat="12.9828110" lon="77.6910760">
    <ele>890.4</ele>
    <time>2026-09-09T16:19:21Z</time>
    <extensions>
     <power>336</power>
     <gpxtpx:TrackPointExtension>
      <gpxtpx:hr>186</gpxtpx:hr>
      <gpxtpx:cad>84</gpxtpx:cad>
     </gpxtpx:TrackPointExtension>
    </extensions>
   </trkpt>
   <trkpt lat="12.9828380" lon="77.6910850">
    <ele>890.4</ele>
    <time>2026-09-09T16:19:22Z</time>
    <extensions>
     <power>326</power>
     <gpxtpx:TrackPointExtension>
      <gpxtpx:hr>186</gpxtpx:hr>
      <gpxtpx:cad>84</gpxtpx:cad>
     </gpxtpx:TrackPointExtension>
    </extensions>
   </trkpt>
   <trkpt lat="12.9828660" lon="77.6910940">
    <ele>890.4</ele>
    <time>2026-09-09T16:19:23Z</time>
    <extensions>
     <power>330</power>
     <gpxtpx:TrackPointExtension>
      <gpxtpx:hr>186</gpxtpx:hr>
      <gpxtpx:cad>85</gpxtpx:cad>
     </gpxtpx:TrackPointExtension>
    </extensions>
   </trkpt>
   <trkpt lat="12.9828930" lon="77.6911030">
    <ele>890.4</ele>
    <time>2026-09-09T16:19:24Z</time>
    <extensions>
     <power>331</power>
     <gpxtpx:TrackPointExtension>
      <gpxtpx:hr>186</gpxtpx:hr>
      <gpxtpx:cad>85</gpxtpx:cad>
     </gpxtpx:TrackPointExtension>
    </extensions>
   </trkpt>
   <trkpt lat="12.9829210" lon="77.6911130">
    <ele>890.4</ele>
    <time>2026-09-09T16:19:25Z</time>
    <extensions>
     <power>331</power>
     <gpxtpx:TrackPointExtension>
      <gpxtpx:hr>186</gpxtpx:hr>
      <gpxtpx:cad>85</gpxtpx:cad>
     </gpxtpx:TrackPointExtension>
    </extensions>
   </trkpt>
   <trkpt lat="12.9829500" lon="77.6911220">
    <ele>890.4</ele>
    <time>2026-09-09T16:19:26Z</time>
    <extensions>
     <power>331</power>
     <gpxtpx:TrackPointExtension>
      <gpxtpx:hr>186</gpxtpx:hr>
      <gpxtpx:cad>85</gpxtpx:cad>
     </gpxtpx:TrackPointExtension>
    </extensions>
   </trkpt>
   <trkpt lat="12.9829780" lon="77.6911300">
    <ele>890.4</ele>
    <time>2026-09-09T16:19:27Z</time>
    <extensions>
     <power>331</power>
     <gpxtpx:TrackPointExtension>
      <gpxtpx:hr>186</gpxtpx:hr>
      <gpxtpx:cad>85</gpxtpx:cad>
     </gpxtpx:TrackPointExtension>
    </extensions>
   </trkpt>
   <trkpt lat="12.9830070" lon="77.6911380">
    <ele>890.4</ele>
    <time>2026-09-09T16:19:28Z</time>
    <extensions>
     <power>357</power>
     <gpxtpx:TrackPointExtension>
      <gpxtpx:hr>186</gpxtpx:hr>
      <gpxtpx:cad>85</gpxtpx:cad>
     </gpxtpx:TrackPointExtension>
    </extensions>
   </trkpt>
   <trkpt lat="12.9830350" lon="77.6911460">
    <ele>890.4</ele>
    <time>2026-09-09T16:19:29Z</time>
    <extensions>
     <power>372</power>
     <gpxtpx:TrackPointExtension>
      <gpxtpx:hr>186</gpxtpx:hr>
      <gpxtpx:cad>85</gpxtpx:cad>
     </gpxtpx:TrackPointExtension>
    </extensions>
   </trkpt>
   <trkpt lat="12.9830620" lon="77.6911530">
    <ele>890.2</ele>
    <time>2026-09-09T16:19:30Z</time>
    <extensions>
     <power>370</power>
     <gpxtpx:TrackPointExtension>
      <gpxtpx:hr>186</gpxtpx:hr>
      <gpxtpx:cad>85</gpxtpx:cad>
     </gpxtpx:TrackPointExtension>
    </extensions>
   </trkpt>
   <trkpt lat="12.9830900" lon="77.6911610">
    <ele>890.2</ele>
    <time>2026-09-09T16:19:31Z</time>
    <extensions>
     <power>370</power>
     <gpxtpx:TrackPointExtension>
      <gpxtpx:hr>186</gpxtpx:hr>
      <gpxtpx:cad>85</gpxtpx:cad>
     </gpxtpx:TrackPointExtension>
    </extensions>
   </trkpt>
   <trkpt lat="12.9831180" lon="77.6911700">
    <ele>890.2</ele>
    <time>2026-09-09T16:19:32Z</time>
    <extensions>
     <power>370</power>
     <gpxtpx:TrackPointExtension>
      <gpxtpx:hr>186</gpxtpx:hr>
      <gpxtpx:cad>84</gpxtpx:cad>
     </gpxtpx:TrackPointExtension>
    </extensions>
   </trkpt>
   <trkpt lat="12.9831460" lon="77.6911790">
    <ele>890.2</ele>
    <time>2026-09-09T16:19:33Z</time>
    <extensions>
     <power>370</power>
     <gpxtpx:TrackPointExtension>
      <gpxtpx:hr>185</gpxtpx:hr>
      <gpxtpx:cad>84</gpxtpx:cad>
     </gpxtpx:TrackPointExtension>
    </extensions>
   </trkpt>
   <trkpt lat="12.9831730" lon="77.6911890">
    <ele>890.2</ele>
    <time>2026-09-09T16:19:34Z</time>
    <extensions>
     <power>371</power>
     <gpxtpx:TrackPointExtension>
      <gpxtpx:hr>185</gpxtpx:hr>
      <gpxtpx:cad>84</gpxtpx:cad>
     </gpxtpx:TrackPointExtension>
    </extensions>
   </trkpt>
   <trkpt lat="12.9832000" lon="77.6912000">
    <ele>890.2</ele>
    <time>2026-09-09T16:19:35Z</time>
    <extensions>
     <power>372</power>
     <gpxtpx:TrackPointExtension>
      <gpxtpx:hr>185</gpxtpx:hr>
      <gpxtpx:cad>83</gpxtpx:cad>
     </gpxtpx:TrackPointExtension>
    </extensions>
   </trkpt>
   <trkpt lat="12.9832280" lon="77.6912090">
    <ele>890.2</ele>
    <time>2026-09-09T16:19:36Z</time>
    <extensions>
     <power>371</power>
     <gpxtpx:TrackPointExtension>
      <gpxtpx:hr>184</gpxtpx:hr>
      <gpxtpx:cad>83</gpxtpx:cad>
     </gpxtpx:TrackPointExtension>
    </extensions>
   </trkpt>
   <trkpt lat="12.9832550" lon="77.6912180">
    <ele>890.2</ele>
    <time>2026-09-09T16:19:37Z</time>
    <extensions>
     <power>368</power>
     <gpxtpx:TrackPointExtension>
      <gpxtpx:hr>184</gpxtpx:hr>
      <gpxtpx:cad>82</gpxtpx:cad>
     </gpxtpx:TrackPointExtension>
    </extensions>
   </trkpt>
   <trkpt lat="12.9832830" lon="77.6912280">
    <ele>890.2</ele>
    <time>2026-09-09T16:19:38Z</time>
    <extensions>
     <power>371</power>
     <gpxtpx:TrackPointExtension>
      <gpxtpx:hr>183</gpxtpx:hr>
      <gpxtpx:cad>82</gpxtpx:cad>
     </gpxtpx:TrackPointExtension>
    </extensions>
   </trkpt>
   <trkpt lat="12.9833100" lon="77.6912380">
    <ele>890.2</ele>
    <time>2026-09-09T16:19:39Z</time>
    <extensions>
     <power>385</power>
     <gpxtpx:TrackPointExtension>
      <gpxtpx:hr>181</gpxtpx:hr>
      <gpxtpx:cad>82</gpxtpx:cad>
     </gpxtpx:TrackPointExtension>
    </extensions>
   </trkpt>
   <trkpt lat="12.9833380" lon="77.6912480">
    <ele>890.2</ele>
    <time>2026-09-09T16:19:40Z</time>
    <extensions>
     <power>348</power>
     <gpxtpx:TrackPointExtension>
      <gpxtpx:hr>181</gpxtpx:hr>
      <gpxtpx:cad>83</gpxtpx:cad>
     </gpxtpx:TrackPointExtension>
    </extensions>
   </trkpt>
   <trkpt lat="12.9833660" lon="77.6912570">
    <ele>890.2</ele>
    <time>2026-09-09T16:19:41Z</time>
    <extensions>
     <power>335</power>
     <gpxtpx:TrackPointExtension>
      <gpxtpx:hr>181</gpxtpx:hr>
      <gpxtpx:cad>83</gpxtpx:cad>
     </gpxtpx:TrackPointExtension>
    </extensions>
   </trkpt>
   <trkpt lat="12.9833930" lon="77.6912670">
    <ele>890.2</ele>
    <time>2026-09-09T16:19:42Z</time>
    <extensions>
     <power>332</power>
     <gpxtpx:TrackPointExtension>
      <gpxtpx:hr>181</gpxtpx:hr>
      <gpxtpx:cad>83</gpxtpx:cad>
     </gpxtpx:TrackPointExtension>
    </extensions>
   </trkpt>
   <trkpt lat="12.9834200" lon="77.6912760">
    <ele>890.2</ele>
    <time>2026-09-09T16:19:43Z</time>
    <extensions>
     <power>332</power>
     <gpxtpx:TrackPointExtension>
      <gpxtpx:hr>181</gpxtpx:hr>
      <gpxtpx:cad>83</gpxtpx:cad>
     </gpxtpx:TrackPointExtension>
    </extensions>
   </trkpt>
   <trkpt lat="12.9834470" lon="77.6912850">
    <ele>890.2</ele>
    <time>2026-09-09T16:19:44Z</time>
    <extensions>
     <power>341</power>
     <gpxtpx:TrackPointExtension>
      <gpxtpx:hr>181</gpxtpx:hr>
      <gpxtpx:cad>83</gpxtpx:cad>
     </gpxtpx:TrackPointExtension>
    </extensions>
   </trkpt>
   <trkpt lat="12.9834740" lon="77.6912950">
    <ele>890.2</ele>
    <time>2026-09-09T16:19:45Z</time>
    <extensions>
     <power>346</power>
     <gpxtpx:TrackPointExtension>
      <gpxtpx:hr>182</gpxtpx:hr>
      <gpxtpx:cad>82</gpxtpx:cad>
     </gpxtpx:TrackPointExtension>
    </extensions>
   </trkpt>
   <trkpt lat="12.9835000" lon="77.6913060">
    <ele>890.2</ele>
    <time>2026-09-09T16:19:46Z</time>
    <extensions>
     <power>346</power>
     <gpxtpx:TrackPointExtension>
      <gpxtpx:hr>182</gpxtpx:hr>
      <gpxtpx:cad>82</gpxtpx:cad>
     </gpxtpx:TrackPointExtension>
    </extensions>
   </trkpt>
   <trkpt lat="12.9835250" lon="77.6913160">
    <ele>890.2</ele>
    <time>2026-09-09T16:19:47Z</time>
    <extensions>
     <power>340</power>
     <gpxtpx:TrackPointExtension>
      <gpxtpx:hr>183</gpxtpx:hr>
      <gpxtpx:cad>82</gpxtpx:cad>
     </gpxtpx:TrackPointExtension>
    </extensions>
   </trkpt>
   <trkpt lat="12.9835510" lon="77.6913280">
    <ele>890.2</ele>
    <time>2026-09-09T16:19:48Z</time>
    <extensions>
     <power>325</power>
     <gpxtpx:TrackPointExtension>
      <gpxtpx:hr>183</gpxtpx:hr>
      <gpxtpx:cad>81</gpxtpx:cad>
     </gpxtpx:TrackPointExtension>
    </extensions>
   </trkpt>
   <trkpt lat="12.9835750" lon="77.6913420">
    <ele>890.2</ele>
    <time>2026-09-09T16:19:49Z</time>
    <extensions>
     <power>317</power>
     <gpxtpx:TrackPointExtension>
      <gpxtpx:hr>183</gpxtpx:hr>
      <gpxtpx:cad>81</gpxtpx:cad>
     </gpxtpx:TrackPointExtension>
    </extensions>
   </trkpt>
   <trkpt lat="12.9835950" lon="77.6913600">
    <ele>890.2</ele>
    <time>2026-09-09T16:19:50Z</time>
    <extensions>
     <power>336</power>
     <gpxtpx:TrackPointExtension>
      <gpxtpx:hr>183</gpxtpx:hr>
      <gpxtpx:cad>81</gpxtpx:cad>
     </gpxtpx:TrackPointExtension>
    </extensions>
   </trkpt>
   <trkpt lat="12.9836110" lon="77.6913840">
    <ele>890.4</ele>
    <time>2026-09-09T16:19:51Z</time>
    <extensions>
     <power>348</power>
     <gpxtpx:TrackPointExtension>
      <gpxtpx:hr>184</gpxtpx:hr>
      <gpxtpx:cad>81</gpxtpx:cad>
     </gpxtpx:TrackPointExtension>
    </extensions>
   </trkpt>
   <trkpt lat="12.9836180" lon="77.6914090">
    <ele>890.4</ele>
    <time>2026-09-09T16:19:52Z</time>
    <extensions>
     <power>340</power>
     <gpxtpx:TrackPointExtension>
      <gpxtpx:hr>184</gpxtpx:hr>
      <gpxtpx:cad>81</gpxtpx:cad>
     </gpxtpx:TrackPointExtension>
    </extensions>
   </trkpt>
   <trkpt lat="12.9836200" lon="77.6914350">
    <ele>890.4</ele>
    <time>2026-09-09T16:19:53Z</time>
    <extensions>
     <power>340</power>
     <gpxtpx:TrackPointExtension>
      <gpxtpx:hr>185</gpxtpx:hr>
      <gpxtpx:cad>81</gpxtpx:cad>
     </gpxtpx:TrackPointExtension>
    </extensions>
   </trkpt>
   <trkpt lat="12.9836200" lon="77.6914600">
    <ele>890.4</ele>
    <time>2026-09-09T16:19:54Z</time>
    <extensions>
     <power>338</power>
     <gpxtpx:TrackPointExtension>
      <gpxtpx:hr>185</gpxtpx:hr>
      <gpxtpx:cad>81</gpxtpx:cad>
     </gpxtpx:TrackPointExtension>
    </extensions>
   </trkpt>
   <trkpt lat="12.9836180" lon="77.6914850">
    <ele>890.4</ele>
    <time>2026-09-09T16:19:55Z</time>
    <extensions>
     <power>342</power>
     <gpxtpx:TrackPointExtension>
      <gpxtpx:hr>185</gpxtpx:hr>
      <gpxtpx:cad>81</gpxtpx:cad>
     </gpxtpx:TrackPointExtension>
    </extensions>
   </trkpt>
   <trkpt lat="12.9836140" lon="77.6915080">
    <ele>890.4</ele>
    <time>2026-09-09T16:19:56Z</time>
    <extensions>
     <power>344</power>
     <gpxtpx:TrackPointExtension>
      <gpxtpx:hr>187</gpxtpx:hr>
      <gpxtpx:cad>82</gpxtpx:cad>
     </gpxtpx:TrackPointExtension>
    </extensions>
   </trkpt>
   <trkpt lat="12.9836100" lon="77.6915310">
    <ele>890.4</ele>
    <time>2026-09-09T16:19:57Z</time>
    <extensions>
     <power>344</power>
     <gpxtpx:TrackPointExtension>
      <gpxtpx:hr>187</gpxtpx:hr>
      <gpxtpx:cad>82</gpxtpx:cad>
     </gpxtpx:TrackPointExtension>
    </extensions>
   </trkpt>
   <trkpt lat="12.9836040" lon="77.6915540">
    <ele>890.4</ele>
    <time>2026-09-09T16:19:58Z</time>
    <extensions>
     <power>348</power>
     <gpxtpx:TrackPointExtension>
      <gpxtpx:hr>187</gpxtpx:hr>
      <gpxtpx:cad>82</gpxtpx:cad>
     </gpxtpx:TrackPointExtension>
    </extensions>
   </trkpt>
   <trkpt lat="12.9835980" lon="77.6915780">
    <ele>890.4</ele>
    <time>2026-09-09T16:19:59Z</time>
    <extensions>
     <power>340</power>
     <gpxtpx:TrackPointExtension>
      <gpxtpx:hr>187</gpxtpx:hr>
      <gpxtpx:cad>82</gpxtpx:cad>
     </gpxtpx:TrackPointExtension>
    </extensions>
   </trkpt>
   <trkpt lat="12.9835900" lon="77.6916030">
    <ele>890.4</ele>
    <time>2026-09-09T16:20:00Z</time>
    <extensions>
     <power>339</power>
     <gpxtpx:TrackPointExtension>
      <gpxtpx:hr>187</gpxtpx:hr>
      <gpxtpx:cad>83</gpxtpx:cad>
     </gpxtpx:TrackPointExtension>
    </extensions>
   </trkpt>
   <trkpt lat="12.9835820" lon="77.6916300">
    <ele>890.4</ele>
    <time>2026-09-09T16:20:01Z</time>
    <extensions>
     <power>340</power>
     <gpxtpx:TrackPointExtension>
      <gpxtpx:hr>187</gpxtpx:hr>
      <gpxtpx:cad>83</gpxtpx:cad>
     </gpxtpx:TrackPointExtension>
    </extensions>
   </trkpt>
   <trkpt lat="12.9835740" lon="77.6916550">
    <ele>890.4</ele>
    <time>2026-09-09T16:20:02Z</time>
    <extensions>
     <power>341</power>
     <gpxtpx:TrackPointExtension>
      <gpxtpx:hr>187</gpxtpx:hr>
      <gpxtpx:cad>83</gpxtpx:cad>
     </gpxtpx:TrackPointExtension>
    </extensions>
   </trkpt>
   <trkpt lat="12.9835640" lon="77.6916820">
    <ele>890.2</ele>
    <time>2026-09-09T16:20:03Z</time>
    <extensions>
     <power>341</power>
     <gpxtpx:TrackPointExtension>
      <gpxtpx:hr>186</gpxtpx:hr>
      <gpxtpx:cad>84</gpxtpx:cad>
     </gpxtpx:TrackPointExtension>
    </extensions>
   </trkpt>
   <trkpt lat="12.9835530" lon="77.6917100">
    <ele>890.2</ele>
    <time>2026-09-09T16:20:04Z</time>
    <extensions>
     <power>341</power>
     <gpxtpx:TrackPointExtension>
      <gpxtpx:hr>186</gpxtpx:hr>
      <gpxtpx:cad>84</gpxtpx:cad>
     </gpxtpx:TrackPointExtension>
    </extensions>
   </trkpt>
   <trkpt lat="12.9835410" lon="77.6917380">
    <ele>890.2</ele>
    <time>2026-09-09T16:20:05Z</time>
    <extensions>
     <power>341</power>
     <gpxtpx:TrackPointExtension>
      <gpxtpx:hr>185</gpxtpx:hr>
      <gpxtpx:cad>84</gpxtpx:cad>
     </gpxtpx:TrackPointExtension>
    </extensions>
   </trkpt>
   <trkpt lat="12.9835260" lon="77.6917640">
    <ele>890.2</ele>
    <time>2026-09-09T16:20:06Z</time>
    <extensions>
     <power>340</power>
     <gpxtpx:TrackPointExtension>
      <gpxtpx:hr>185</gpxtpx:hr>
      <gpxtpx:cad>85</gpxtpx:cad>
     </gpxtpx:TrackPointExtension>
    </extensions>
   </trkpt>
   <trkpt lat="12.9835060" lon="77.6917890">
    <ele>890.2</ele>
    <time>2026-09-09T16:20:07Z</time>
    <extensions>
     <power>340</power>
     <gpxtpx:TrackPointExtension>
      <gpxtpx:hr>185</gpxtpx:hr>
      <gpxtpx:cad>85</gpxtpx:cad>
     </gpxtpx:TrackPointExtension>
    </extensions>
   </trkpt>
   <trkpt lat="12.9834860" lon="77.6918090">
    <ele>890.2</ele>
    <time>2026-09-09T16:20:08Z</time>
    <extensions>
     <power>345</power>
     <gpxtpx:TrackPointExtension>
      <gpxtpx:hr>185</gpxtpx:hr>
      <gpxtpx:cad>85</gpxtpx:cad>
     </gpxtpx:TrackPointExtension>
    </extensions>
   </trkpt>
   <trkpt lat="12.9834630" lon="77.6918270">
    <ele>890.2</ele>
    <time>2026-09-09T16:20:09Z</time>
    <extensions>
     <power>346</power>
     <gpxtpx:TrackPointExtension>
      <gpxtpx:hr>184</gpxtpx:hr>
      <gpxtpx:cad>85</gpxtpx:cad>
     </gpxtpx:TrackPointExtension>
    </extensions>
   </trkpt>
   <trkpt lat="12.9834400" lon="77.6918400">
    <ele>890.2</ele>
    <time>2026-09-09T16:20:10Z</time>
    <extensions>
     <power>350</power>
     <gpxtpx:TrackPointExtension>
      <gpxtpx:hr>184</gpxtpx:hr>
      <gpxtpx:cad>84</gpxtpx:cad>
     </gpxtpx:TrackPointExtension>
    </extensions>
   </trkpt>
   <trkpt lat="12.9834170" lon="77.6918500">
    <ele>890.2</ele>
    <time>2026-09-09T16:20:11Z</time>
    <extensions>
     <power>351</power>
     <gpxtpx:TrackPointExtension>
      <gpxtpx:hr>183</gpxtpx:hr>
      <gpxtpx:cad>83</gpxtpx:cad>
     </gpxtpx:TrackPointExtension>
    </extensions>
   </trkpt>
   <trkpt lat="12.9833940" lon="77.6918560">
    <ele>890.0</ele>
    <time>2026-09-09T16:20:12Z</time>
    <extensions>
     <power>351</power>
     <gpxtpx:TrackPointExtension>
      <gpxtpx:hr>183</gpxtpx:hr>
      <gpxtpx:cad>82</gpxtpx:cad>
     </gpxtpx:TrackPointExtension>
    </extensions>
   </trkpt>
   <trkpt lat="12.9833700" lon="77.6918600">
    <ele>890.0</ele>
    <time>2026-09-09T16:20:13Z</time>
    <extensions>
     <power>351</power>
     <gpxtpx:TrackPointExtension>
      <gpxtpx:hr>182</gpxtpx:hr>
      <gpxtpx:cad>81</gpxtpx:cad>
     </gpxtpx:TrackPointExtension>
    </extensions>
   </trkpt>
   <trkpt lat="12.9833460" lon="77.6918630">
    <ele>890.0</ele>
    <time>2026-09-09T16:20:14Z</time>
    <extensions>
     <power>348</power>
     <gpxtpx:TrackPointExtension>
      <gpxtpx:hr>182</gpxtpx:hr>
      <gpxtpx:cad>80</gpxtpx:cad>
     </gpxtpx:TrackPointExtension>
    </extensions>
   </trkpt>
   <trkpt lat="12.9833210" lon="77.6918660">
    <ele>890.0</ele>
    <time>2026-09-09T16:20:15Z</time>
    <extensions>
     <power>349</power>
     <gpxtpx:TrackPointExtension>
      <gpxtpx:hr>180</gpxtpx:hr>
      <gpxtpx:cad>80</gpxtpx:cad>
     </gpxtpx:TrackPointExtension>
    </extensions>
   </trkpt>
   <trkpt lat="12.9832950" lon="77.6918700">
    <ele>890.0</ele>
    <time>2026-09-09T16:20:16Z</time>
    <extensions>
     <power>341</power>
     <gpxtpx:TrackPointExtension>
      <gpxtpx:hr>180</gpxtpx:hr>
      <gpxtpx:cad>80</gpxtpx:cad>
     </gpxtpx:TrackPointExtension>
    </extensions>
   </trkpt>
   <trkpt lat="12.9832700" lon="77.6918770">
    <ele>890.0</ele>
    <time>2026-09-09T16:20:17Z</time>
    <extensions>
     <power>340</power>
     <gpxtpx:TrackPointExtension>
      <gpxtpx:hr>179</gpxtpx:hr>
      <gpxtpx:cad>80</gpxtpx:cad>
     </gpxtpx:TrackPointExtension>
    </extensions>
   </trkpt>
   <trkpt lat="12.9832460" lon="77.6918870">
    <ele>890.0</ele>
    <time>2026-09-09T16:20:18Z</time>
    <extensions>
     <power>346</power>
     <gpxtpx:TrackPointExtension>
      <gpxtpx:hr>179</gpxtpx:hr>
      <gpxtpx:cad>80</gpxtpx:cad>
     </gpxtpx:TrackPointExtension>
    </extensions>
   </trkpt>
   <trkpt lat="12.9832240" lon="77.6919000">
    <ele>890.0</ele>
    <time>2026-09-09T16:20:19Z</time>
    <extensions>
     <power>338</power>
     <gpxtpx:TrackPointExtension>
      <gpxtpx:hr>179</gpxtpx:hr>
      <gpxtpx:cad>80</gpxtpx:cad>
     </gpxtpx:TrackPointExtension>
    </extensions>
   </trkpt>
   <trkpt lat="12.9832020" lon="77.6919160">
    <ele>890.2</ele>
    <time>2026-09-09T16:20:20Z</time>
    <extensions>
     <power>336</power>
     <gpxtpx:TrackPointExtension>
      <gpxtpx:hr>180</gpxtpx:hr>
      <gpxtpx:cad>81</gpxtpx:cad>
     </gpxtpx:TrackPointExtension>
    </extensions>
   </trkpt>
   <trkpt lat="12.9831830" lon="77.6919340">
    <ele>890.2</ele>
    <time>2026-09-09T16:20:21Z</time>
    <extensions>
     <power>335</power>
     <gpxtpx:TrackPointExtension>
      <gpxtpx:hr>180</gpxtpx:hr>
      <gpxtpx:cad>82</gpxtpx:cad>
     </gpxtpx:TrackPointExtension>
    </extensions>
   </trkpt>
   <trkpt lat="12.9831650" lon="77.6919530">
    <ele>890.2</ele>
    <time>2026-09-09T16:20:22Z</time>
    <extensions>
     <power>338</power>
     <gpxtpx:TrackPointExtension>
      <gpxtpx:hr>180</gpxtpx:hr>
      <gpxtpx:cad>82</gpxtpx:cad>
     </gpxtpx:TrackPointExtension>
    </extensions>
   </trkpt>
   <trkpt lat="12.9831480" lon="77.6919730">
    <ele>890.0</ele>
    <time>2026-09-09T16:20:23Z</time>
    <extensions>
     <power>338</power>
     <gpxtpx:TrackPointExtension>
      <gpxtpx:hr>180</gpxtpx:hr>
      <gpxtpx:cad>82</gpxtpx:cad>
     </gpxtpx:TrackPointExtension>
    </extensions>
   </trkpt>
   <trkpt lat="12.9831310" lon="77.6919940">
    <ele>890.0</ele>
    <time>2026-09-09T16:20:24Z</time>
    <extensions>
     <power>330</power>
     <gpxtpx:TrackPointExtension>
      <gpxtpx:hr>180</gpxtpx:hr>
      <gpxtpx:cad>82</gpxtpx:cad>
     </gpxtpx:TrackPointExtension>
    </extensions>
   </trkpt>
   <trkpt lat="12.9831130" lon="77.6920140">
    <ele>890.0</ele>
    <time>2026-09-09T16:20:25Z</time>
    <extensions>
     <power>328</power>
     <gpxtpx:TrackPointExtension>
      <gpxtpx:hr>180</gpxtpx:hr>
      <gpxtpx:cad>82</gpxtpx:cad>
     </gpxtpx:TrackPointExtension>
    </extensions>
   </trkpt>
   <trkpt lat="12.9830940" lon="77.6920340">
    <ele>890.0</ele>
    <time>2026-09-09T16:20:26Z</time>
    <extensions>
     <power>318</power>
     <gpxtpx:TrackPointExtension>
      <gpxtpx:hr>178</gpxtpx:hr>
      <gpxtpx:cad>81</gpxtpx:cad>
     </gpxtpx:TrackPointExtension>
    </extensions>
   </trkpt>
   <trkpt lat="12.9830730" lon="77.6920520">
    <ele>890.0</ele>
    <time>2026-09-09T16:20:27Z</time>
    <extensions>
     <power>319</power>
     <gpxtpx:TrackPointExtension>
      <gpxtpx:hr>178</gpxtpx:hr>
      <gpxtpx:cad>82</gpxtpx:cad>
     </gpxtpx:TrackPointExtension>
    </extensions>
   </trkpt>
   <trkpt lat="12.9830490" lon="77.6920690">
    <ele>890.0</ele>
    <time>2026-09-09T16:20:28Z</time>
    <extensions>
     <power>320</power>
     <gpxtpx:TrackPointExtension>
      <gpxtpx:hr>176</gpxtpx:hr>
      <gpxtpx:cad>82</gpxtpx:cad>
     </gpxtpx:TrackPointExtension>
    </extensions>
   </trkpt>
   <trkpt lat="12.9830280" lon="77.6920830">
    <ele>890.0</ele>
    <time>2026-09-09T16:20:29Z</time>
    <extensions>
     <power>320</power>
     <gpxtpx:TrackPointExtension>
      <gpxtpx:hr>176</gpxtpx:hr>
      <gpxtpx:cad>82</gpxtpx:cad>
     </gpxtpx:TrackPointExtension>
    </extensions>
   </trkpt>
   <trkpt lat="12.9830000" lon="77.6920990">
    <ele>890.0</ele>
    <time>2026-09-09T16:20:30Z</time>
    <extensions>
     <power>328</power>
     <gpxtpx:TrackPointExtension>
      <gpxtpx:hr>175</gpxtpx:hr>
      <gpxtpx:cad>83</gpxtpx:cad>
     </gpxtpx:TrackPointExtension>
    </extensions>
   </trkpt>
   <trkpt lat="12.9829800" lon="77.6921090">
    <ele>890.0</ele>
    <time>2026-09-09T16:20:31Z</time>
    <extensions>
     <power>324</power>
     <gpxtpx:TrackPointExtension>
      <gpxtpx:hr>175</gpxtpx:hr>
      <gpxtpx:cad>83</gpxtpx:cad>
     </gpxtpx:TrackPointExtension>
    </extensions>
   </trkpt>
   <trkpt lat="12.9829570" lon="77.6921220">
    <ele>890.0</ele>
    <time>2026-09-09T16:20:32Z</time>
    <extensions>
     <power>323</power>
     <gpxtpx:TrackPointExtension>
      <gpxtpx:hr>174</gpxtpx:hr>
      <gpxtpx:cad>84</gpxtpx:cad>
     </gpxtpx:TrackPointExtension>
    </extensions>
   </trkpt>
   <trkpt lat="12.9829340" lon="77.6921360">
    <ele>890.0</ele>
    <time>2026-09-09T16:20:33Z</time>
    <extensions>
     <power>323</power>
     <gpxtpx:TrackPointExtension>
      <gpxtpx:hr>174</gpxtpx:hr>
      <gpxtpx:cad>84</gpxtpx:cad>
     </gpxtpx:TrackPointExtension>
    </extensions>
   </trkpt>
   <trkpt lat="12.9829130" lon="77.6921510">
    <ele>890.0</ele>
    <time>2026-09-09T16:20:34Z</time>
    <extensions>
     <power>329</power>
     <gpxtpx:TrackPointExtension>
      <gpxtpx:hr>174</gpxtpx:hr>
      <gpxtpx:cad>84</gpxtpx:cad>
     </gpxtpx:TrackPointExtension>
    </extensions>
   </trkpt>
   <trkpt lat="12.9828900" lon="77.6921660">
    <ele>890.0</ele>
    <time>2026-09-09T16:20:35Z</time>
    <extensions>
     <power>331</power>
     <gpxtpx:TrackPointExtension>
      <gpxtpx:hr>174</gpxtpx:hr>
      <gpxtpx:cad>84</gpxtpx:cad>
     </gpxtpx:TrackPointExtension>
    </extensions>
   </trkpt>
   <trkpt lat="12.9828680" lon="77.6921820">
    <ele>890.0</ele>
    <time>2026-09-09T16:20:36Z</time>
    <extensions>
     <power>323</power>
     <gpxtpx:TrackPointExtension>
      <gpxtpx:hr>174</gpxtpx:hr>
      <gpxtpx:cad>84</gpxtpx:cad>
     </gpxtpx:TrackPointExtension>
    </extensions>
   </trkpt>
   <trkpt lat="12.9828460" lon="77.6921990">
    <ele>890.0</ele>
    <time>2026-09-09T16:20:37Z</time>
    <extensions>
     <power>330</power>
     <gpxtpx:TrackPointExtension>
      <gpxtpx:hr>174</gpxtpx:hr>
      <gpxtpx:cad>84</gpxtpx:cad>
     </gpxtpx:TrackPointExtension>
    </extensions>
   </trkpt>
   <trkpt lat="12.9828260" lon="77.6922150">
    <ele>890.0</ele>
    <time>2026-09-09T16:20:38Z</time>
    <extensions>
     <power>331</power>
     <gpxtpx:TrackPointExtension>
      <gpxtpx:hr>174</gpxtpx:hr>
      <gpxtpx:cad>84</gpxtpx:cad>
     </gpxtpx:TrackPointExtension>
    </extensions>
   </trkpt>
   <trkpt lat="12.9828080" lon="77.6922340">
    <ele>890.0</ele>
    <time>2026-09-09T16:20:39Z</time>
    <extensions>
     <power>331</power>
     <gpxtpx:TrackPointExtension>
      <gpxtpx:hr>174</gpxtpx:hr>
      <gpxtpx:cad>83</gpxtpx:cad>
     </gpxtpx:TrackPointExtension>
    </extensions>
   </trkpt>
   <trkpt lat="12.9827910" lon="77.6922530">
    <ele>890.2</ele>
    <time>2026-09-09T16:20:40Z</time>
    <extensions>
     <power>331</power>
     <gpxtpx:TrackPointExtension>
      <gpxtpx:hr>174</gpxtpx:hr>
      <gpxtpx:cad>83</gpxtpx:cad>
     </gpxtpx:TrackPointExtension>
    </extensions>
   </trkpt>
   <trkpt lat="12.9827750" lon="77.6922760">
    <ele>890.2</ele>
    <time>2026-09-09T16:20:41Z</time>
    <extensions>
     <power>331</power>
     <gpxtpx:TrackPointExtension>
      <gpxtpx:hr>174</gpxtpx:hr>
      <gpxtpx:cad>83</gpxtpx:cad>
     </gpxtpx:TrackPointExtension>
    </extensions>
   </trkpt>
   <trkpt lat="12.9827620" lon="77.6922960">
    <ele>890.2</ele>
    <time>2026-09-09T16:20:42Z</time>
    <extensions>
     <power>331</power>
     <gpxtpx:TrackPointExtension>
      <gpxtpx:hr>172</gpxtpx:hr>
      <gpxtpx:cad>82</gpxtpx:cad>
     </gpxtpx:TrackPointExtension>
    </extensions>
   </trkpt>
   <trkpt lat="12.9827490" lon="77.6923180">
    <ele>890.2</ele>
    <time>2026-09-09T16:20:43Z</time>
    <extensions>
     <power>325</power>
     <gpxtpx:TrackPointExtension>
      <gpxtpx:hr>172</gpxtpx:hr>
      <gpxtpx:cad>82</gpxtpx:cad>
     </gpxtpx:TrackPointExtension>
    </extensions>
   </trkpt>
   <trkpt lat="12.9827350" lon="77.6923390">
    <ele>890.2</ele>
    <time>2026-09-09T16:20:44Z</time>
    <extensions>
     <power>320</power>
     <gpxtpx:TrackPointExtension>
      <gpxtpx:hr>172</gpxtpx:hr>
      <gpxtpx:cad>81</gpxtpx:cad>
     </gpxtpx:TrackPointExtension>
    </extensions>
   </trkpt>
   <trkpt lat="12.9827190" lon="77.6923590">
    <ele>890.2</ele>
    <time>2026-09-09T16:20:45Z</time>
    <extensions>
     <power>319</power>
     <gpxtpx:TrackPointExtension>
      <gpxtpx:hr>171</gpxtpx:hr>
      <gpxtpx:cad>81</gpxtpx:cad>
     </gpxtpx:TrackPointExtension>
    </extensions>
   </trkpt>
   <trkpt lat="12.9827010" lon="77.6923760">
    <ele>890.2</ele>
    <time>2026-09-09T16:20:46Z</time>
    <extensions>
     <power>330</power>
     <gpxtpx:TrackPointExtension>
      <gpxtpx:hr>171</gpxtpx:hr>
      <gpxtpx:cad>81</gpxtpx:cad>
     </gpxtpx:TrackPointExtension>
    </extensions>
   </trkpt>
   <trkpt lat="12.9826800" lon="77.6923890">
    <ele>890.2</ele>
    <time>2026-09-09T16:20:47Z</time>
    <extensions>
     <power>326</power>
     <gpxtpx:TrackPointExtension>
      <gpxtpx:hr>171</gpxtpx:hr>
      <gpxtpx:cad>81</gpxtpx:cad>
     </gpxtpx:TrackPointExtension>
    </extensions>
   </trkpt>
   <trkpt lat="12.9826590" lon="77.6923980">
    <ele>890.2</ele>
    <time>2026-09-09T16:20:48Z</time>
    <extensions>
     <power>325</power>
     <gpxtpx:TrackPointExtension>
      <gpxtpx:hr>171</gpxtpx:hr>
      <gpxtpx:cad>81</gpxtpx:cad>
     </gpxtpx:TrackPointExtension>
    </extensions>
   </trkpt>
   <trkpt lat="12.9826370" lon="77.6924050">
    <ele>890.2</ele>
    <time>2026-09-09T16:20:49Z</time>
    <extensions>
     <power>320</power>
     <gpxtpx:TrackPointExtension>
      <gpxtpx:hr>171</gpxtpx:hr>
      <gpxtpx:cad>81</gpxtpx:cad>
     </gpxtpx:TrackPointExtension>
    </extensions>
   </trkpt>
   <trkpt lat="12.9826140" lon="77.6924090">
    <ele>890.2</ele>
    <time>2026-09-09T16:20:50Z</time>
    <extensions>
     <power>315</power>
     <gpxtpx:TrackPointExtension>
      <gpxtpx:hr>171</gpxtpx:hr>
      <gpxtpx:cad>81</gpxtpx:cad>
     </gpxtpx:TrackPointExtension>
    </extensions>
   </trkpt>
   <trkpt lat="12.9825910" lon="77.6924120">
    <ele>890.2</ele>
    <time>2026-09-09T16:20:51Z</time>
    <extensions>
     <power>321</power>
     <gpxtpx:TrackPointExtension>
      <gpxtpx:hr>171</gpxtpx:hr>
      <gpxtpx:cad>81</gpxtpx:cad>
     </gpxtpx:TrackPointExtension>
    </extensions>
   </trkpt>
   <trkpt lat="12.9825670" lon="77.6924150">
    <ele>890.4</ele>
    <time>2026-09-09T16:20:52Z</time>
    <extensions>
     <power>309</power>
     <gpxtpx:TrackPointExtension>
      <gpxtpx:hr>171</gpxtpx:hr>
      <gpxtpx:cad>81</gpxtpx:cad>
     </gpxtpx:TrackPointExtension>
    </extensions>
   </trkpt>
   <trkpt lat="12.9825440" lon="77.6924190">
    <ele>890.4</ele>
    <time>2026-09-09T16:20:53Z</time>
    <extensions>
     <power>305</power>
     <gpxtpx:TrackPointExtension>
      <gpxtpx:hr>171</gpxtpx:hr>
      <gpxtpx:cad>80</gpxtpx:cad>
     </gpxtpx:TrackPointExtension>
    </extensions>
   </trkpt>
   <trkpt lat="12.9825200" lon="77.6924230">
    <ele>890.4</ele>
    <time>2026-09-09T16:20:54Z</time>
    <extensions>
     <power>314</power>
     <gpxtpx:TrackPointExtension>
      <gpxtpx:hr>171</gpxtpx:hr>
      <gpxtpx:cad>80</gpxtpx:cad>
     </gpxtpx:TrackPointExtension>
    </extensions>
   </trkpt>
   <trkpt lat="12.9824970" lon="77.6924250">
    <ele>890.4</ele>
    <time>2026-09-09T16:20:55Z</time>
    <extensions>
     <power>313</power>
     <gpxtpx:TrackPointExtension>
      <gpxtpx:hr>172</gpxtpx:hr>
      <gpxtpx:cad>80</gpxtpx:cad>
     </gpxtpx:TrackPointExtension>
    </extensions>
   </trkpt>
   <trkpt lat="12.9824730" lon="77.6924250">
    <ele>890.4</ele>
    <time>2026-09-09T16:20:56Z</time>
    <extensions>
     <power>314</power>
     <gpxtpx:TrackPointExtension>
      <gpxtpx:hr>172</gpxtpx:hr>
      <gpxtpx:cad>80</gpxtpx:cad>
     </gpxtpx:TrackPointExtension>
    </extensions>
   </trkpt>
   <trkpt lat="12.9824500" lon="77.6924230">
    <ele>890.4</ele>
    <time>2026-09-09T16:20:57Z</time>
    <extensions>
     <power>321</power>
     <gpxtpx:TrackPointExtension>
      <gpxtpx:hr>176</gpxtpx:hr>
      <gpxtpx:cad>81</gpxtpx:cad>
     </gpxtpx:TrackPointExtension>
    </extensions>
   </trkpt>
   <trkpt lat="12.9824260" lon="77.6924170">
    <ele>890.4</ele>
    <time>2026-09-09T16:20:58Z</time>
    <extensions>
     <power>323</power>
     <gpxtpx:TrackPointExtension>
      <gpxtpx:hr>176</gpxtpx:hr>
      <gpxtpx:cad>81</gpxtpx:cad>
     </gpxtpx:TrackPointExtension>
    </extensions>
   </trkpt>
   <trkpt lat="12.9824030" lon="77.6924080">
    <ele>890.4</ele>
    <time>2026-09-09T16:20:59Z</time>
    <extensions>
     <power>322</power>
     <gpxtpx:TrackPointExtension>
      <gpxtpx:hr>180</gpxtpx:hr>
      <gpxtpx:cad>82</gpxtpx:cad>
     </gpxtpx:TrackPointExtension>
    </extensions>
   </trkpt>
   <trkpt lat="12.9823820" lon="77.6923970">
    <ele>890.4</ele>
    <time>2026-09-09T16:21:00Z</time>
    <extensions>
     <power>312</power>
     <gpxtpx:TrackPointExtension>
      <gpxtpx:hr>180</gpxtpx:hr>
      <gpxtpx:cad>82</gpxtpx:cad>
     </gpxtpx:TrackPointExtension>
    </extensions>
   </trkpt>
   <trkpt lat="12.9823610" lon="77.6923820">
    <ele>890.4</ele>
    <time>2026-09-09T16:21:01Z</time>
    <extensions>
     <power>317</power>
     <gpxtpx:TrackPointExtension>
      <gpxtpx:hr>180</gpxtpx:hr>
      <gpxtpx:cad>82</gpxtpx:cad>
     </gpxtpx:TrackPointExtension>
    </extensions>
   </trkpt>
   <trkpt lat="12.9823430" lon="77.6923660">
    <ele>890.4</ele>
    <time>2026-09-09T16:21:02Z</time>
    <extensions>
     <power>319</power>
     <gpxtpx:TrackPointExtension>
      <gpxtpx:hr>180</gpxtpx:hr>
      <gpxtpx:cad>82</gpxtpx:cad>
     </gpxtpx:TrackPointExtension>
    </extensions>
   </trkpt>
   <trkpt lat="12.9823270" lon="77.6923480">
    <ele>890.4</ele>
    <time>2026-09-09T16:21:03Z</time>
    <extensions>
     <power>301</power>
     <gpxtpx:TrackPointExtension>
      <gpxtpx:hr>180</gpxtpx:hr>
      <gpxtpx:cad>82</gpxtpx:cad>
     </gpxtpx:TrackPointExtension>
    </extensions>
   </trkpt>
   <trkpt lat="12.9823110" lon="77.6923300">
    <ele>890.4</ele>
    <time>2026-09-09T16:21:04Z</time>
    <extensions>
     <power>303</power>
     <gpxtpx:TrackPointExtension>
      <gpxtpx:hr>180</gpxtpx:hr>
      <gpxtpx:cad>82</gpxtpx:cad>
     </gpxtpx:TrackPointExtension>
    </extensions>
   </trkpt>
   <trkpt lat="12.9822950" lon="77.6923100">
    <ele>890.4</ele>
    <time>2026-09-09T16:21:05Z</time>
    <extensions>
     <power>302</power>
     <gpxtpx:TrackPointExtension>
      <gpxtpx:hr>180</gpxtpx:hr>
      <gpxtpx:cad>82</gpxtpx:cad>
     </gpxtpx:TrackPointExtension>
    </extensions>
   </trkpt>
   <trkpt lat="12.9822800" lon="77.6922890">
    <ele>890.6</ele>
    <time>2026-09-09T16:21:06Z</time>
    <extensions>
     <power>303</power>
     <gpxtpx:TrackPointExtension>
      <gpxtpx:hr>179</gpxtpx:hr>
      <gpxtpx:cad>83</gpxtpx:cad>
     </gpxtpx:TrackPointExtension>
    </extensions>
   </trkpt>
   <trkpt lat="12.9822640" lon="77.6922680">
    <ele>890.6</ele>
    <time>2026-09-09T16:21:07Z</time>
    <extensions>
     <power>292</power>
     <gpxtpx:TrackPointExtension>
      <gpxtpx:hr>179</gpxtpx:hr>
      <gpxtpx:cad>83</gpxtpx:cad>
     </gpxtpx:TrackPointExtension>
    </extensions>
   </trkpt>
   <trkpt lat="12.9822480" lon="77.6922470">
    <ele>890.6</ele>
    <time>2026-09-09T16:21:08Z</time>
    <extensions>
     <power>292</power>
     <gpxtpx:TrackPointExtension>
      <gpxtpx:hr>176</gpxtpx:hr>
      <gpxtpx:cad>83</gpxtpx:cad>
     </gpxtpx:TrackPointExtension>
    </extensions>
   </trkpt>
   <trkpt lat="12.9822330" lon="77.6922240">
    <ele>890.6</ele>
    <time>2026-09-09T16:21:09Z</time>
    <extensions>
     <power>292</power>
     <gpxtpx:TrackPointExtension>
      <gpxtpx:hr>176</gpxtpx:hr>
      <gpxtpx:cad>84</gpxtpx:cad>
     </gpxtpx:TrackPointExtension>
    </extensions>
   </trkpt>
   <trkpt lat="12.9822190" lon="77.6922020">
    <ele>890.6</ele>
    <time>2026-09-09T16:21:10Z</time>
    <extensions>
     <power>292</power>
     <gpxtpx:TrackPointExtension>
      <gpxtpx:hr>176</gpxtpx:hr>
      <gpxtpx:cad>84</gpxtpx:cad>
     </gpxtpx:TrackPointExtension>
    </extensions>
   </trkpt>
   <trkpt lat="12.9822040" lon="77.6921780">
    <ele>890.6</ele>
    <time>2026-09-09T16:21:11Z</time>
    <extensions>
     <power>299</power>
     <gpxtpx:TrackPointExtension>
      <gpxtpx:hr>176</gpxtpx:hr>
      <gpxtpx:cad>84</gpxtpx:cad>
     </gpxtpx:TrackPointExtension>
    </extensions>
   </trkpt>
   <trkpt lat="12.9821880" lon="77.6921550">
    <ele>890.4</ele>
    <time>2026-09-09T16:21:12Z</time>
    <extensions>
     <power>300</power>
     <gpxtpx:TrackPointExtension>
      <gpxtpx:hr>175</gpxtpx:hr>
      <gpxtpx:cad>84</gpxtpx:cad>
     </gpxtpx:TrackPointExtension>
    </extensions>
   </trkpt>
   <trkpt lat="12.9821710" lon="77.6921310">
    <ele>890.4</ele>
    <time>2026-09-09T16:21:13Z</time>
    <extensions>
     <power>301</power>
     <gpxtpx:TrackPointExtension>
      <gpxtpx:hr>175</gpxtpx:hr>
      <gpxtpx:cad>84</gpxtpx:cad>
     </gpxtpx:TrackPointExtension>
    </extensions>
   </trkpt>
   <trkpt lat="12.9821520" lon="77.6921090">
    <ele>890.4</ele>
    <time>2026-09-09T16:21:14Z</time>
    <extensions>
     <power>328</power>
     <gpxtpx:TrackPointExtension>
      <gpxtpx:hr>175</gpxtpx:hr>
      <gpxtpx:cad>83</gpxtpx:cad>
     </gpxtpx:TrackPointExtension>
    </extensions>
   </trkpt>
   <trkpt lat="12.9821330" lon="77.6920870">
    <ele>890.4</ele>
    <time>2026-09-09T16:21:15Z</time>
    <extensions>
     <power>333</power>
     <gpxtpx:TrackPointExtension>
      <gpxtpx:hr>175</gpxtpx:hr>
      <gpxtpx:cad>83</gpxtpx:cad>
     </gpxtpx:TrackPointExtension>
    </extensions>
   </trkpt>
   <trkpt lat="12.9821130" lon="77.6920650">
    <ele>890.4</ele>
    <time>2026-09-09T16:21:16Z</time>
    <extensions>
     <power>332</power>
     <gpxtpx:TrackPointExtension>
      <gpxtpx:hr>175</gpxtpx:hr>
      <gpxtpx:cad>83</gpxtpx:cad>
     </gpxtpx:TrackPointExtension>
    </extensions>
   </trkpt>
   <trkpt lat="12.9820980" lon="77.6920420">
    <ele>890.4</ele>
    <time>2026-09-09T16:21:17Z</time>
    <extensions>
     <power>336</power>
     <gpxtpx:TrackPointExtension>
      <gpxtpx:hr>175</gpxtpx:hr>
      <gpxtpx:cad>83</gpxtpx:cad>
     </gpxtpx:TrackPointExtension>
    </extensions>
   </trkpt>
   <trkpt lat="12.9820860" lon="77.6920160">
    <ele>890.4</ele>
    <time>2026-09-09T16:21:18Z</time>
    <extensions>
     <power>336</power>
     <gpxtpx:TrackPointExtension>
      <gpxtpx:hr>175</gpxtpx:hr>
      <gpxtpx:cad>83</gpxtpx:cad>
     </gpxtpx:TrackPointExtension>
    </extensions>
   </trkpt>
   <trkpt lat="12.9820780" lon="77.6919890">
    <ele>890.4</ele>
    <time>2026-09-09T16:21:19Z</time>
    <extensions>
     <power>310</power>
     <gpxtpx:TrackPointExtension>
      <gpxtpx:hr>175</gpxtpx:hr>
      <gpxtpx:cad>83</gpxtpx:cad>
     </gpxtpx:TrackPointExtension>
    </extensions>
   </trkpt>
   <trkpt lat="12.9820720" lon="77.6919610">
    <ele>890.4</ele>
    <time>2026-09-09T16:21:20Z</time>
    <extensions>
     <power>305</power>
     <gpxtpx:TrackPointExtension>
      <gpxtpx:hr>175</gpxtpx:hr>
      <gpxtpx:cad>83</gpxtpx:cad>
     </gpxtpx:TrackPointExtension>
    </extensions>
   </trkpt>
   <trkpt lat="12.9820680" lon="77.6919330">
    <ele>890.4</ele>
    <time>2026-09-09T16:21:21Z</time>
    <extensions>
     <power>304</power>
     <gpxtpx:TrackPointExtension>
      <gpxtpx:hr>175</gpxtpx:hr>
      <gpxtpx:cad>83</gpxtpx:cad>
     </gpxtpx:TrackPointExtension>
    </extensions>
   </trkpt>
   <trkpt lat="12.9820660" lon="77.6919050">
    <ele>890.4</ele>
    <time>2026-09-09T16:21:22Z</time>
    <extensions>
     <power>304</power>
     <gpxtpx:TrackPointExtension>
      <gpxtpx:hr>176</gpxtpx:hr>
      <gpxtpx:cad>83</gpxtpx:cad>
     </gpxtpx:TrackPointExtension>
    </extensions>
   </trkpt>
   <trkpt lat="12.9820660" lon="77.6918780">
    <ele>890.4</ele>
    <time>2026-09-09T16:21:23Z</time>
    <extensions>
     <power>303</power>
     <gpxtpx:TrackPointExtension>
      <gpxtpx:hr>176</gpxtpx:hr>
      <gpxtpx:cad>84</gpxtpx:cad>
     </gpxtpx:TrackPointExtension>
    </extensions>
   </trkpt>
   <trkpt lat="12.9820680" lon="77.6918520">
    <ele>890.4</ele>
    <time>2026-09-09T16:21:24Z</time>
    <extensions>
     <power>303</power>
     <gpxtpx:TrackPointExtension>
      <gpxtpx:hr>176</gpxtpx:hr>
      <gpxtpx:cad>84</gpxtpx:cad>
     </gpxtpx:TrackPointExtension>
    </extensions>
   </trkpt>
   <trkpt lat="12.9820710" lon="77.6918250">
    <ele>890.4</ele>
    <time>2026-09-09T16:21:25Z</time>
    <extensions>
     <power>314</power>
     <gpxtpx:TrackPointExtension>
      <gpxtpx:hr>177</gpxtpx:hr>
      <gpxtpx:cad>84</gpxtpx:cad>
     </gpxtpx:TrackPointExtension>
    </extensions>
   </trkpt>
   <trkpt lat="12.9820750" lon="77.6917990">
    <ele>890.4</ele>
    <time>2026-09-09T16:21:26Z</time>
    <extensions>
     <power>316</power>
     <gpxtpx:TrackPointExtension>
      <gpxtpx:hr>177</gpxtpx:hr>
      <gpxtpx:cad>83</gpxtpx:cad>
     </gpxtpx:TrackPointExtension>
    </extensions>
   </trkpt>
   <trkpt lat="12.9820800" lon="77.6917720">
    <ele>890.4</ele>
    <time>2026-09-09T16:21:27Z</time>
    <extensions>
     <power>323</power>
     <gpxtpx:TrackPointExtension>
      <gpxtpx:hr>181</gpxtpx:hr>
      <gpxtpx:cad>83</gpxtpx:cad>
     </gpxtpx:TrackPointExtension>
    </extensions>
   </trkpt>
   <trkpt lat="12.9820870" lon="77.6917460">
    <ele>890.4</ele>
    <time>2026-09-09T16:21:28Z</time>
    <extensions>
     <power>324</power>
     <gpxtpx:TrackPointExtension>
      <gpxtpx:hr>186</gpxtpx:hr>
      <gpxtpx:cad>83</gpxtpx:cad>
     </gpxtpx:TrackPointExtension>
    </extensions>
   </trkpt>
   <trkpt lat="12.9820940" lon="77.6917200">
    <ele>890.4</ele>
    <time>2026-09-09T16:21:29Z</time>
    <extensions>
     <power>324</power>
     <gpxtpx:TrackPointExtension>
      <gpxtpx:hr>186</gpxtpx:hr>
      <gpxtpx:cad>83</gpxtpx:cad>
     </gpxtpx:TrackPointExtension>
    </extensions>
   </trkpt>
   <trkpt lat="12.9821020" lon="77.6916940">
    <ele>890.4</ele>
    <time>2026-09-09T16:21:30Z</time>
    <extensions>
     <power>328</power>
     <gpxtpx:TrackPointExtension>
      <gpxtpx:hr>187</gpxtpx:hr>
      <gpxtpx:cad>83</gpxtpx:cad>
     </gpxtpx:TrackPointExtension>
    </extensions>
   </trkpt>
   <trkpt lat="12.9821110" lon="77.6916680">
    <ele>890.4</ele>
    <time>2026-09-09T16:21:31Z</time>
    <extensions>
     <power>329</power>
     <gpxtpx:TrackPointExtension>
      <gpxtpx:hr>187</gpxtpx:hr>
      <gpxtpx:cad>84</gpxtpx:cad>
     </gpxtpx:TrackPointExtension>
    </extensions>
   </trkpt>
   <trkpt lat="12.9821200" lon="77.6916430">
    <ele>890.4</ele>
    <time>2026-09-09T16:21:32Z</time>
    <extensions>
     <power>329</power>
     <gpxtpx:TrackPointExtension>
      <gpxtpx:hr>187</gpxtpx:hr>
      <gpxtpx:cad>84</gpxtpx:cad>
     </gpxtpx:TrackPointExtension>
    </extensions>
   </trkpt>
   <trkpt lat="12.9821290" lon="77.6916180">
    <ele>890.4</ele>
    <time>2026-09-09T16:21:33Z</time>
    <extensions>
     <power>327</power>
     <gpxtpx:TrackPointExtension>
      <gpxtpx:hr>187</gpxtpx:hr>
      <gpxtpx:cad>84</gpxtpx:cad>
     </gpxtpx:TrackPointExtension>
    </extensions>
   </trkpt>
   <trkpt lat="12.9821370" lon="77.6915910">
    <ele>890.4</ele>
    <time>2026-09-09T16:21:34Z</time>
    <extensions>
     <power>327</power>
     <gpxtpx:TrackPointExtension>
      <gpxtpx:hr>187</gpxtpx:hr>
      <gpxtpx:cad>84</gpxtpx:cad>
     </gpxtpx:TrackPointExtension>
    </extensions>
   </trkpt>
   <trkpt lat="12.9821430" lon="77.6915630">
    <ele>890.4</ele>
    <time>2026-09-09T16:21:35Z</time>
    <extensions>
     <power>326</power>
     <gpxtpx:TrackPointExtension>
      <gpxtpx:hr>187</gpxtpx:hr>
      <gpxtpx:cad>84</gpxtpx:cad>
     </gpxtpx:TrackPointExtension>
    </extensions>
   </trkpt>
   <trkpt lat="12.9821450" lon="77.6915340">
    <ele>890.4</ele>
    <time>2026-09-09T16:21:36Z</time>
    <extensions>
     <power>331</power>
     <gpxtpx:TrackPointExtension>
      <gpxtpx:hr>187</gpxtpx:hr>
      <gpxtpx:cad>84</gpxtpx:cad>
     </gpxtpx:TrackPointExtension>
    </extensions>
   </trkpt>
   <trkpt lat="12.9821420" lon="77.6915050">
    <ele>890.4</ele>
    <time>2026-09-09T16:21:37Z</time>
    <extensions>
     <power>331</power>
     <gpxtpx:TrackPointExtension>
      <gpxtpx:hr>186</gpxtpx:hr>
      <gpxtpx:cad>84</gpxtpx:cad>
     </gpxtpx:TrackPointExtension>
    </extensions>
   </trkpt>
   <trkpt lat="12.9821330" lon="77.6914780">
    <ele>890.4</ele>
    <time>2026-09-09T16:21:38Z</time>
    <extensions>
     <power>331</power>
     <gpxtpx:TrackPointExtension>
      <gpxtpx:hr>186</gpxtpx:hr>
      <gpxtpx:cad>84</gpxtpx:cad>
     </gpxtpx:TrackPointExtension>
    </extensions>
   </trkpt>
   <trkpt lat="12.9821190" lon="77.6914540">
    <ele>890.4</ele>
    <time>2026-09-09T16:21:39Z</time>
    <extensions>
     <power>331</power>
     <gpxtpx:TrackPointExtension>
      <gpxtpx:hr>186</gpxtpx:hr>
      <gpxtpx:cad>84</gpxtpx:cad>
     </gpxtpx:TrackPointExtension>
    </extensions>
   </trkpt>
   <trkpt lat="12.9821000" lon="77.6914330">
    <ele>890.4</ele>
    <time>2026-09-09T16:21:40Z</time>
    <extensions>
     <power>331</power>
     <gpxtpx:TrackPointExtension>
      <gpxtpx:hr>186</gpxtpx:hr>
      <gpxtpx:cad>84</gpxtpx:cad>
     </gpxtpx:TrackPointExtension>
    </extensions>
   </trkpt>
   <trkpt lat="12.9820780" lon="77.6914150">
    <ele>890.4</ele>
    <time>2026-09-09T16:21:41Z</time>
    <extensions>
     <power>354</power>
     <gpxtpx:TrackPointExtension>
      <gpxtpx:hr>186</gpxtpx:hr>
      <gpxtpx:cad>84</gpxtpx:cad>
     </gpxtpx:TrackPointExtension>
    </extensions>
   </trkpt>
   <trkpt lat="12.9820550" lon="77.6913990">
    <ele>890.4</ele>
    <time>2026-09-09T16:21:42Z</time>
    <extensions>
     <power>359</power>
     <gpxtpx:TrackPointExtension>
      <gpxtpx:hr>186</gpxtpx:hr>
      <gpxtpx:cad>84</gpxtpx:cad>
     </gpxtpx:TrackPointExtension>
    </extensions>
   </trkpt>
   <trkpt lat="12.9820320" lon="77.6913830">
    <ele>890.4</ele>
    <time>2026-09-09T16:21:43Z</time>
    <extensions>
     <power>361</power>
     <gpxtpx:TrackPointExtension>
      <gpxtpx:hr>186</gpxtpx:hr>
      <gpxtpx:cad>83</gpxtpx:cad>
     </gpxtpx:TrackPointExtension>
    </extensions>
   </trkpt>
   <trkpt lat="12.9820090" lon="77.6913670">
    <ele>890.4</ele>
    <time>2026-09-09T16:21:44Z</time>
    <extensions>
     <power>362</power>
     <gpxtpx:TrackPointExtension>
      <gpxtpx:hr>187</gpxtpx:hr>
      <gpxtpx:cad>83</gpxtpx:cad>
     </gpxtpx:TrackPointExtension>
    </extensions>
   </trkpt>
   <trkpt lat="12.9819880" lon="77.6913480">
    <ele>890.4</ele>
    <time>2026-09-09T16:21:45Z</time>
    <extensions>
     <power>363</power>
     <gpxtpx:TrackPointExtension>
      <gpxtpx:hr>187</gpxtpx:hr>
      <gpxtpx:cad>83</gpxtpx:cad>
     </gpxtpx:TrackPointExtension>
    </extensions>
   </trkpt>
   <trkpt lat="12.9819700" lon="77.6913260">
    <ele>890.4</ele>
    <time>2026-09-09T16:21:46Z</time>
    <extensions>
     <power>363</power>
     <gpxtpx:TrackPointExtension>
      <gpxtpx:hr>188</gpxtpx:hr>
      <gpxtpx:cad>83</gpxtpx:cad>
     </gpxtpx:TrackPointExtension>
    </extensions>
   </trkpt>
   <trkpt lat="12.9819570" lon="77.6913020">
    <ele>890.4</ele>
    <time>2026-09-09T16:21:47Z</time>
    <extensions>
     <power>364</power>
     <gpxtpx:TrackPointExtension>
      <gpxtpx:hr>188</gpxtpx:hr>
      <gpxtpx:cad>83</gpxtpx:cad>
     </gpxtpx:TrackPointExtension>
    </extensions>
   </trkpt>
   <trkpt lat="12.9819480" lon="77.6912770">
    <ele>890.4</ele>
    <time>2026-09-09T16:21:48Z</time>
    <extensions>
     <power>332</power>
     <gpxtpx:TrackPointExtension>
      <gpxtpx:hr>188</gpxtpx:hr>
      <gpxtpx:cad>83</gpxtpx:cad>
     </gpxtpx:TrackPointExtension>
    </extensions>
   </trkpt>
   <trkpt lat="12.9819430" lon="77.6912500">
    <ele>890.4</ele>
    <time>2026-09-09T16:21:49Z</time>
    <extensions>
     <power>327</power>
     <gpxtpx:TrackPointExtension>
      <gpxtpx:hr>188</gpxtpx:hr>
      <gpxtpx:cad>83</gpxtpx:cad>
     </gpxtpx:TrackPointExtension>
    </extensions>
   </trkpt>
   <trkpt lat="12.9819420" lon="77.6912240">
    <ele>890.4</ele>
    <time>2026-09-09T16:21:50Z</time>
    <extensions>
     <power>327</power>
     <gpxtpx:TrackPointExtension>
      <gpxtpx:hr>188</gpxtpx:hr>
      <gpxtpx:cad>83</gpxtpx:cad>
     </gpxtpx:TrackPointExtension>
    </extensions>
   </trkpt>
   <trkpt lat="12.9819430" lon="77.6911990">
    <ele>890.4</ele>
    <time>2026-09-09T16:21:51Z</time>
    <extensions>
     <power>319</power>
     <gpxtpx:TrackPointExtension>
      <gpxtpx:hr>187</gpxtpx:hr>
      <gpxtpx:cad>82</gpxtpx:cad>
     </gpxtpx:TrackPointExtension>
    </extensions>
   </trkpt>
   <trkpt lat="12.9819460" lon="77.6911750">
    <ele>890.4</ele>
    <time>2026-09-09T16:21:52Z</time>
    <extensions>
     <power>318</power>
     <gpxtpx:TrackPointExtension>
      <gpxtpx:hr>187</gpxtpx:hr>
      <gpxtpx:cad>82</gpxtpx:cad>
     </gpxtpx:TrackPointExtension>
    </extensions>
   </trkpt>
   <trkpt lat="12.9819500" lon="77.6911520">
    <ele>890.4</ele>
    <time>2026-09-09T16:21:53Z</time>
    <extensions>
     <power>317</power>
     <gpxtpx:TrackPointExtension>
      <gpxtpx:hr>187</gpxtpx:hr>
      <gpxtpx:cad>82</gpxtpx:cad>
     </gpxtpx:TrackPointExtension>
    </extensions>
   </trkpt>
   <trkpt lat="12.9819560" lon="77.6911290">
    <ele>890.4</ele>
    <time>2026-09-09T16:21:54Z</time>
    <extensions>
     <power>317</power>
     <gpxtpx:TrackPointExtension>
      <gpxtpx:hr>187</gpxtpx:hr>
      <gpxtpx:cad>82</gpxtpx:cad>
     </gpxtpx:TrackPointExtension>
    </extensions>
   </trkpt>
   <trkpt lat="12.9819620" lon="77.6911050">
    <ele>890.4</ele>
    <time>2026-09-09T16:21:55Z</time>
    <extensions>
     <power>325</power>
     <gpxtpx:TrackPointExtension>
      <gpxtpx:hr>186</gpxtpx:hr>
      <gpxtpx:cad>81</gpxtpx:cad>
     </gpxtpx:TrackPointExtension>
    </extensions>
   </trkpt>
   <trkpt lat="12.9819690" lon="77.6910800">
    <ele>890.4</ele>
    <time>2026-09-09T16:21:56Z</time>
    <extensions>
     <power>328</power>
     <gpxtpx:TrackPointExtension>
      <gpxtpx:hr>186</gpxtpx:hr>
      <gpxtpx:cad>81</gpxtpx:cad>
     </gpxtpx:TrackPointExtension>
    </extensions>
   </trkpt>
   <trkpt lat="12.9819750" lon="77.6910590">
    <ele>890.4</ele>
    <time>2026-09-09T16:21:57Z</time>
    <extensions>
     <power>328</power>
     <gpxtpx:TrackPointExtension>
      <gpxtpx:hr>185</gpxtpx:hr>
      <gpxtpx:cad>81</gpxtpx:cad>
     </gpxtpx:TrackPointExtension>
    </extensions>
   </trkpt>
   <trkpt lat="12.9819820" lon="77.6910360">
    <ele>890.4</ele>
    <time>2026-09-09T16:21:58Z</time>
    <extensions>
     <power>321</power>
     <gpxtpx:TrackPointExtension>
      <gpxtpx:hr>185</gpxtpx:hr>
      <gpxtpx:cad>81</gpxtpx:cad>
     </gpxtpx:TrackPointExtension>
    </extensions>
   </trkpt>
   <trkpt lat="12.9819930" lon="77.6910090">
    <ele>890.4</ele>
    <time>2026-09-09T16:21:59Z</time>
    <extensions>
     <power>334</power>
     <gpxtpx:TrackPointExtension>
      <gpxtpx:hr>182</gpxtpx:hr>
      <gpxtpx:cad>81</gpxtpx:cad>
     </gpxtpx:TrackPointExtension>
    </extensions>
   </trkpt>
   <trkpt lat="12.9820010" lon="77.6909910">
    <ele>890.4</ele>
    <time>2026-09-09T16:22:00Z</time>
    <extensions>
     <power>324</power>
     <gpxtpx:TrackPointExtension>
      <gpxtpx:hr>182</gpxtpx:hr>
      <gpxtpx:cad>81</gpxtpx:cad>
     </gpxtpx:TrackPointExtension>
    </extensions>
   </trkpt>
   <trkpt lat="12.9820110" lon="77.6909670">
    <ele>890.4</ele>
    <time>2026-09-09T16:22:01Z</time>
    <extensions>
     <power>321</power>
     <gpxtpx:TrackPointExtension>
      <gpxtpx:hr>182</gpxtpx:hr>
      <gpxtpx:cad>82</gpxtpx:cad>
     </gpxtpx:TrackPointExtension>
    </extensions>
   </trkpt>
   <trkpt lat="12.9820200" lon="77.6909450">
    <ele>890.4</ele>
    <time>2026-09-09T16:22:02Z</time>
    <extensions>
     <power>321</power>
     <gpxtpx:TrackPointExtension>
      <gpxtpx:hr>182</gpxtpx:hr>
      <gpxtpx:cad>82</gpxtpx:cad>
     </gpxtpx:TrackPointExtension>
    </extensions>
   </trkpt>
   <trkpt lat="12.9820280" lon="77.6909230">
    <ele>890.4</ele>
    <time>2026-09-09T16:22:03Z</time>
    <extensions>
     <power>322</power>
     <gpxtpx:TrackPointExtension>
      <gpxtpx:hr>184</gpxtpx:hr>
      <gpxtpx:cad>82</gpxtpx:cad>
     </gpxtpx:TrackPointExtension>
    </extensions>
   </trkpt>
   <trkpt lat="12.9820350" lon="77.6908990">
    <ele>890.4</ele>
    <time>2026-09-09T16:22:04Z</time>
    <extensions>
     <power>313</power>
     <gpxtpx:TrackPointExtension>
      <gpxtpx:hr>185</gpxtpx:hr>
      <gpxtpx:cad>83</gpxtpx:cad>
     </gpxtpx:TrackPointExtension>
    </extensions>
   </trkpt>
   <trkpt lat="12.9820430" lon="77.6908740">
    <ele>890.4</ele>
    <time>2026-09-09T16:22:05Z</time>
    <extensions>
     <power>318</power>
     <gpxtpx:TrackPointExtension>
      <gpxtpx:hr>185</gpxtpx:hr>
      <gpxtpx:cad>83</gpxtpx:cad>
     </gpxtpx:TrackPointExtension>
    </extensions>
   </trkpt>
   <trkpt lat="12.9820500" lon="77.6908510">
    <ele>890.4</ele>
    <time>2026-09-09T16:22:06Z</time>
    <extensions>
     <power>319</power>
     <gpxtpx:TrackPointExtension>
      <gpxtpx:hr>186</gpxtpx:hr>
      <gpxtpx:cad>83</gpxtpx:cad>
     </gpxtpx:TrackPointExtension>
    </extensions>
   </trkpt>
   <trkpt lat="12.9820590" lon="77.6908260">
    <ele>890.4</ele>
    <time>2026-09-09T16:22:07Z</time>
    <extensions>
     <power>316</power>
     <gpxtpx:TrackPointExtension>
      <gpxtpx:hr>186</gpxtpx:hr>
      <gpxtpx:cad>83</gpxtpx:cad>
     </gpxtpx:TrackPointExtension>
    </extensions>
   </trkpt>
   <trkpt lat="12.9820680" lon="77.6908010">
    <ele>890.4</ele>
    <time>2026-09-09T16:22:08Z</time>
    <extensions>
     <power>316</power>
     <gpxtpx:TrackPointExtension>
      <gpxtpx:hr>187</gpxtpx:hr>
      <gpxtpx:cad>83</gpxtpx:cad>
     </gpxtpx:TrackPointExtension>
    </extensions>
   </trkpt>
   <trkpt lat="12.9820770" lon="77.6907750">
    <ele>890.4</ele>
    <time>2026-09-09T16:22:09Z</time>
    <extensions>
     <power>316</power>
     <gpxtpx:TrackPointExtension>
      <gpxtpx:hr>187</gpxtpx:hr>
      <gpxtpx:cad>82</gpxtpx:cad>
     </gpxtpx:TrackPointExtension>
    </extensions>
   </trkpt>
   <trkpt lat="12.9820860" lon="77.6907490">
    <ele>890.6</ele>
    <time>2026-09-09T16:22:10Z</time>
    <extensions>
     <power>321</power>
     <gpxtpx:TrackPointExtension>
      <gpxtpx:hr>187</gpxtpx:hr>
      <gpxtpx:cad>82</gpxtpx:cad>
     </gpxtpx:TrackPointExtension>
    </extensions>
   </trkpt>
   <trkpt lat="12.9820950" lon="77.6907220">
    <ele>890.6</ele>
    <time>2026-09-09T16:22:11Z</time>
    <extensions>
     <power>322</power>
     <gpxtpx:TrackPointExtension>
      <gpxtpx:hr>187</gpxtpx:hr>
      <gpxtpx:cad>82</gpxtpx:cad>
     </gpxtpx:TrackPointExtension>
    </extensions>
   </trkpt>
   <trkpt lat="12.9821030" lon="77.6906950">
    <ele>890.6</ele>
    <time>2026-09-09T16:22:12Z</time>
    <extensions>
     <power>336</power>
     <gpxtpx:TrackPointExtension>
      <gpxtpx:hr>187</gpxtpx:hr>
      <gpxtpx:cad>82</gpxtpx:cad>
     </gpxtpx:TrackPointExtension>
    </extensions>
   </trkpt>
   <trkpt lat="12.9821110" lon="77.6906690">
    <ele>890.6</ele>
    <time>2026-09-09T16:22:13Z</time>
    <extensions>
     <power>339</power>
     <gpxtpx:TrackPointExtension>
      <gpxtpx:hr>187</gpxtpx:hr>
      <gpxtpx:cad>82</gpxtpx:cad>
     </gpxtpx:TrackPointExtension>
    </extensions>
   </trkpt>
   <trkpt lat="12.9821180" lon="77.6906410">
    <ele>890.6</ele>
    <time>2026-09-09T16:22:14Z</time>
    <extensions>
     <power>339</power>
     <gpxtpx:TrackPointExtension>
      <gpxtpx:hr>187</gpxtpx:hr>
      <gpxtpx:cad>82</gpxtpx:cad>
     </gpxtpx:TrackPointExtension>
    </extensions>
   </trkpt>
   <trkpt lat="12.9821250" lon="77.6906150">
    <ele>890.6</ele>
    <time>2026-09-09T16:22:15Z</time>
    <extensions>
     <power>331</power>
     <gpxtpx:TrackPointExtension>
      <gpxtpx:hr>187</gpxtpx:hr>
      <gpxtpx:cad>82</gpxtpx:cad>
     </gpxtpx:TrackPointExtension>
    </extensions>
   </trkpt>
   <trkpt lat="12.9821320" lon="77.6905880">
    <ele>890.6</ele>
    <time>2026-09-09T16:22:16Z</time>
    <extensions>
     <power>331</power>
     <gpxtpx:TrackPointExtension>
      <gpxtpx:hr>187</gpxtpx:hr>
      <gpxtpx:cad>82</gpxtpx:cad>
     </gpxtpx:TrackPointExtension>
    </extensions>
   </trkpt>
   <trkpt lat="12.9821390" lon="77.6905600">
    <ele>890.6</ele>
    <time>2026-09-09T16:22:17Z</time>
    <extensions>
     <power>330</power>
     <gpxtpx:TrackPointExtension>
      <gpxtpx:hr>186</gpxtpx:hr>
      <gpxtpx:cad>82</gpxtpx:cad>
     </gpxtpx:TrackPointExtension>
    </extensions>
   </trkpt>
   <trkpt lat="12.9821470" lon="77.6905320">
    <ele>890.6</ele>
    <time>2026-09-09T16:22:18Z</time>
    <extensions>
     <power>339</power>
     <gpxtpx:TrackPointExtension>
      <gpxtpx:hr>186</gpxtpx:hr>
      <gpxtpx:cad>82</gpxtpx:cad>
     </gpxtpx:TrackPointExtension>
    </extensions>
   </trkpt>
   <trkpt lat="12.9821570" lon="77.6905040">
    <ele>890.6</ele>
    <time>2026-09-09T16:22:19Z</time>
    <extensions>
     <power>339</power>
     <gpxtpx:TrackPointExtension>
      <gpxtpx:hr>185</gpxtpx:hr>
      <gpxtpx:cad>82</gpxtpx:cad>
     </gpxtpx:TrackPointExtension>
    </extensions>
   </trkpt>
   <trkpt lat="12.9821670" lon="77.6904770">
    <ele>890.6</ele>
    <time>2026-09-09T16:22:20Z</time>
    <extensions>
     <power>339</power>
     <gpxtpx:TrackPointExtension>
      <gpxtpx:hr>185</gpxtpx:hr>
      <gpxtpx:cad>82</gpxtpx:cad>
     </gpxtpx:TrackPointExtension>
    </extensions>
   </trkpt>
   <trkpt lat="12.9821810" lon="77.6904520">
    <ele>890.6</ele>
    <time>2026-09-09T16:22:21Z</time>
    <extensions>
     <power>339</power>
     <gpxtpx:TrackPointExtension>
      <gpxtpx:hr>184</gpxtpx:hr>
      <gpxtpx:cad>82</gpxtpx:cad>
     </gpxtpx:TrackPointExtension>
    </extensions>
   </trkpt>
   <trkpt lat="12.9821980" lon="77.6904300">
    <ele>890.6</ele>
    <time>2026-09-09T16:22:22Z</time>
    <extensions>
     <power>324</power>
     <gpxtpx:TrackPointExtension>
      <gpxtpx:hr>184</gpxtpx:hr>
      <gpxtpx:cad>82</gpxtpx:cad>
     </gpxtpx:TrackPointExtension>
    </extensions>
   </trkpt>
   <trkpt lat="12.9822180" lon="77.6904120">
    <ele>890.6</ele>
    <time>2026-09-09T16:22:23Z</time>
    <extensions>
     <power>319</power>
     <gpxtpx:TrackPointExtension>
      <gpxtpx:hr>183</gpxtpx:hr>
      <gpxtpx:cad>82</gpxtpx:cad>
     </gpxtpx:TrackPointExtension>
    </extensions>
   </trkpt>
   <trkpt lat="12.9822410" lon="77.6904000">
    <ele>890.6</ele>
    <time>2026-09-09T16:22:24Z</time>
    <extensions>
     <power>318</power>
     <gpxtpx:TrackPointExtension>
      <gpxtpx:hr>183</gpxtpx:hr>
      <gpxtpx:cad>82</gpxtpx:cad>
     </gpxtpx:TrackPointExtension>
    </extensions>
   </trkpt>
   <trkpt lat="12.9822660" lon="77.6903940">
    <ele>890.6</ele>
    <time>2026-09-09T16:22:25Z</time>
    <extensions>
     <power>317</power>
     <gpxtpx:TrackPointExtension>
      <gpxtpx:hr>182</gpxtpx:hr>
      <gpxtpx:cad>83</gpxtpx:cad>
     </gpxtpx:TrackPointExtension>
    </extensions>
   </trkpt>
   <trkpt lat="12.9822910" lon="77.6903930">
    <ele>890.6</ele>
    <time>2026-09-09T16:22:26Z</time>
    <extensions>
     <power>317</power>
     <gpxtpx:TrackPointExtension>
      <gpxtpx:hr>182</gpxtpx:hr>
      <gpxtpx:cad>83</gpxtpx:cad>
     </gpxtpx:TrackPointExtension>
    </extensions>
   </trkpt>
   <trkpt lat="12.9823160" lon="77.6903950">
    <ele>890.6</ele>
    <time>2026-09-09T16:22:27Z</time>
    <extensions>
     <power>323</power>
     <gpxtpx:TrackPointExtension>
      <gpxtpx:hr>182</gpxtpx:hr>
      <gpxtpx:cad>83</gpxtpx:cad>
     </gpxtpx:TrackPointExtension>
    </extensions>
   </trkpt>
   <trkpt lat="12.9823410" lon="77.6904010">
    <ele>890.6</ele>
    <time>2026-09-09T16:22:28Z</time>
    <extensions>
     <power>324</power>
     <gpxtpx:TrackPointExtension>
      <gpxtpx:hr>182</gpxtpx:hr>
      <gpxtpx:cad>83</gpxtpx:cad>
     </gpxtpx:TrackPointExtension>
    </extensions>
   </trkpt>
   <trkpt lat="12.9823650" lon="77.6904100">
    <ele>890.6</ele>
    <time>2026-09-09T16:22:29Z</time>
    <extensions>
     <power>324</power>
     <gpxtpx:TrackPointExtension>
      <gpxtpx:hr>182</gpxtpx:hr>
      <gpxtpx:cad>83</gpxtpx:cad>
     </gpxtpx:TrackPointExtension>
    </extensions>
   </trkpt>
   <trkpt lat="12.9823870" lon="77.6904240">
    <ele>890.6</ele>
    <time>2026-09-09T16:22:30Z</time>
    <extensions>
     <power>328</power>
     <gpxtpx:TrackPointExtension>
      <gpxtpx:hr>182</gpxtpx:hr>
      <gpxtpx:cad>84</gpxtpx:cad>
     </gpxtpx:TrackPointExtension>
    </extensions>
   </trkpt>
   <trkpt lat="12.9824060" lon="77.6904410">
    <ele>890.6</ele>
    <time>2026-09-09T16:22:31Z</time>
    <extensions>
     <power>329</power>
     <gpxtpx:TrackPointExtension>
      <gpxtpx:hr>181</gpxtpx:hr>
      <gpxtpx:cad>84</gpxtpx:cad>
     </gpxtpx:TrackPointExtension>
    </extensions>
   </trkpt>
   <trkpt lat="12.9824210" lon="77.6904620">
    <ele>890.6</ele>
    <time>2026-09-09T16:22:32Z</time>
    <extensions>
     <power>329</power>
     <gpxtpx:TrackPointExtension>
      <gpxtpx:hr>181</gpxtpx:hr>
      <gpxtpx:cad>84</gpxtpx:cad>
     </gpxtpx:TrackPointExtension>
    </extensions>
   </trkpt>
   <trkpt lat="12.9824300" lon="77.6904840">
    <ele>890.4</ele>
    <time>2026-09-09T16:22:33Z</time>
    <extensions>
     <power>329</power>
     <gpxtpx:TrackPointExtension>
      <gpxtpx:hr>181</gpxtpx:hr>
      <gpxtpx:cad>83</gpxtpx:cad>
     </gpxtpx:TrackPointExtension>
    </extensions>
   </trkpt>
   <trkpt lat="12.9824330" lon="77.6905070">
    <ele>890.4</ele>
    <time>2026-09-09T16:22:34Z</time>
    <extensions>
     <power>328</power>
     <gpxtpx:TrackPointExtension>
      <gpxtpx:hr>181</gpxtpx:hr>
      <gpxtpx:cad>83</gpxtpx:cad>
     </gpxtpx:TrackPointExtension>
    </extensions>
   </trkpt>
   <trkpt lat="12.9824310" lon="77.6905310">
    <ele>890.4</ele>
    <time>2026-09-09T16:22:35Z</time>
    <extensions>
     <power>326</power>
     <gpxtpx:TrackPointExtension>
      <gpxtpx:hr>180</gpxtpx:hr>
      <gpxtpx:cad>83</gpxtpx:cad>
     </gpxtpx:TrackPointExtension>
    </extensions>
   </trkpt>
   <trkpt lat="12.9824270" lon="77.6905540">
    <ele>890.4</ele>
    <time>2026-09-09T16:22:36Z</time>
    <extensions>
     <power>334</power>
     <gpxtpx:TrackPointExtension>
      <gpxtpx:hr>180</gpxtpx:hr>
      <gpxtpx:cad>83</gpxtpx:cad>
     </gpxtpx:TrackPointExtension>
    </extensions>
   </trkpt>
   <trkpt lat="12.9824220" lon="77.6905770">
    <ele>890.4</ele>
    <time>2026-09-09T16:22:37Z</time>
    <extensions>
     <power>333</power>
     <gpxtpx:TrackPointExtension>
      <gpxtpx:hr>179</gpxtpx:hr>
      <gpxtpx:cad>83</gpxtpx:cad>
     </gpxtpx:TrackPointExtension>
    </extensions>
   </trkpt>
   <trkpt lat="12.9824170" lon="77.6906010">
    <ele>890.4</ele>
    <time>2026-09-09T16:22:38Z</time>
    <extensions>
     <power>333</power>
     <gpxtpx:TrackPointExtension>
      <gpxtpx:hr>179</gpxtpx:hr>
      <gpxtpx:cad>83</gpxtpx:cad>
     </gpxtpx:TrackPointExtension>
    </extensions>
   </trkpt>
   <trkpt lat="12.9824100" lon="77.6906240">
    <ele>890.4</ele>
    <time>2026-09-09T16:22:39Z</time>
    <extensions>
     <power>332</power>
     <gpxtpx:TrackPointExtension>
      <gpxtpx:hr>179</gpxtpx:hr>
      <gpxtpx:cad>83</gpxtpx:cad>
     </gpxtpx:TrackPointExtension>
    </extensions>
   </trkpt>
   <trkpt lat="12.9824030" lon="77.6906480">
    <ele>890.4</ele>
    <time>2026-09-09T16:22:40Z</time>
    <extensions>
     <power>331</power>
     <gpxtpx:TrackPointExtension>
      <gpxtpx:hr>178</gpxtpx:hr>
      <gpxtpx:cad>83</gpxtpx:cad>
     </gpxtpx:TrackPointExtension>
    </extensions>
   </trkpt>
   <trkpt lat="12.9823950" lon="77.6906700">
    <ele>890.4</ele>
    <time>2026-09-09T16:22:41Z</time>
    <extensions>
     <power>331</power>
     <gpxtpx:TrackPointExtension>
      <gpxtpx:hr>178</gpxtpx:hr>
      <gpxtpx:cad>83</gpxtpx:cad>
     </gpxtpx:TrackPointExtension>
    </extensions>
   </trkpt>
   <trkpt lat="12.9823860" lon="77.6906950">
    <ele>890.4</ele>
    <time>2026-09-09T16:22:42Z</time>
    <extensions>
     <power>325</power>
     <gpxtpx:TrackPointExtension>
      <gpxtpx:hr>178</gpxtpx:hr>
      <gpxtpx:cad>82</gpxtpx:cad>
     </gpxtpx:TrackPointExtension>
    </extensions>
   </trkpt>
   <trkpt lat="12.9823780" lon="77.6907190">
    <ele>890.4</ele>
    <time>2026-09-09T16:22:43Z</time>
    <extensions>
     <power>330</power>
     <gpxtpx:TrackPointExtension>
      <gpxtpx:hr>178</gpxtpx:hr>
      <gpxtpx:cad>82</gpxtpx:cad>
     </gpxtpx:TrackPointExtension>
    </extensions>
   </trkpt>
   <trkpt lat="12.9823680" lon="77.6907450">
    <ele>890.4</ele>
    <time>2026-09-09T16:22:44Z</time>
    <extensions>
     <power>331</power>
     <gpxtpx:TrackPointExtension>
      <gpxtpx:hr>177</gpxtpx:hr>
      <gpxtpx:cad>82</gpxtpx:cad>
     </gpxtpx:TrackPointExtension>
    </extensions>
   </trkpt>
   <trkpt lat="12.9823580" lon="77.6907720">
    <ele>890.4</ele>
    <time>2026-09-09T16:22:45Z</time>
    <extensions>
     <power>330</power>
     <gpxtpx:TrackPointExtension>
      <gpxtpx:hr>177</gpxtpx:hr>
      <gpxtpx:cad>83</gpxtpx:cad>
     </gpxtpx:TrackPointExtension>
    </extensions>
   </trkpt>
   <trkpt lat="12.9823500" lon="77.6907980">
    <ele>890.4</ele>
    <time>2026-09-09T16:22:46Z</time>
    <extensions>
     <power>330</power>
     <gpxtpx:TrackPointExtension>
      <gpxtpx:hr>178</gpxtpx:hr>
      <gpxtpx:cad>83</gpxtpx:cad>
     </gpxtpx:TrackPointExtension>
    </extensions>
   </trkpt>
   <trkpt lat="12.9823460" lon="77.6908240">
    <ele>890.4</ele>
    <time>2026-09-09T16:22:47Z</time>
    <extensions>
     <power>330</power>
     <gpxtpx:TrackPointExtension>
      <gpxtpx:hr>178</gpxtpx:hr>
      <gpxtpx:cad>83</gpxtpx:cad>
     </gpxtpx:TrackPointExtension>
    </extensions>
   </trkpt>
   <trkpt lat="12.9823480" lon="77.6908490">
    <ele>890.4</ele>
    <time>2026-09-09T16:22:48Z</time>
    <extensions>
     <power>322</power>
     <gpxtpx:TrackPointExtension>
      <gpxtpx:hr>180</gpxtpx:hr>
      <gpxtpx:cad>83</gpxtpx:cad>
     </gpxtpx:TrackPointExtension>
    </extensions>
   </trkpt>
   <trkpt lat="12.9823580" lon="77.6908710">
    <ele>890.4</ele>
    <time>2026-09-09T16:22:49Z</time>
    <extensions>
     <power>328</power>
     <gpxtpx:TrackPointExtension>
      <gpxtpx:hr>180</gpxtpx:hr>
      <gpxtpx:cad>83</gpxtpx:cad>
     </gpxtpx:TrackPointExtension>
    </extensions>
   </trkpt>
   <trkpt lat="12.9823740" lon="77.6908900">
    <ele>890.4</ele>
    <time>2026-09-09T16:22:50Z</time>
    <extensions>
     <power>331</power>
     <gpxtpx:TrackPointExtension>
      <gpxtpx:hr>181</gpxtpx:hr>
      <gpxtpx:cad>83</gpxtpx:cad>
     </gpxtpx:TrackPointExtension>
    </extensions>
   </trkpt>
   <trkpt lat="12.9823930" lon="77.6909050">
    <ele>890.4</ele>
    <time>2026-09-09T16:22:51Z</time>
    <extensions>
     <power>334</power>
     <gpxtpx:TrackPointExtension>
      <gpxtpx:hr>181</gpxtpx:hr>
      <gpxtpx:cad>83</gpxtpx:cad>
     </gpxtpx:TrackPointExtension>
    </extensions>
   </trkpt>
   <trkpt lat="12.9824130" lon="77.6909180">
    <ele>890.4</ele>
    <time>2026-09-09T16:22:52Z</time>
    <extensions>
     <power>335</power>
     <gpxtpx:TrackPointExtension>
      <gpxtpx:hr>183</gpxtpx:hr>
      <gpxtpx:cad>82</gpxtpx:cad>
     </gpxtpx:TrackPointExtension>
    </extensions>
   </trkpt>
   <trkpt lat="12.9824360" lon="77.6909290">
    <ele>890.4</ele>
    <time>2026-09-09T16:22:53Z</time>
    <extensions>
     <power>327</power>
     <gpxtpx:TrackPointExtension>
      <gpxtpx:hr>185</gpxtpx:hr>
      <gpxtpx:cad>82</gpxtpx:cad>
     </gpxtpx:TrackPointExtension>
    </extensions>
   </trkpt>
   <trkpt lat="12.9824580" lon="77.6909400">
    <ele>890.4</ele>
    <time>2026-09-09T16:22:54Z</time>
    <extensions>
     <power>319</power>
     <gpxtpx:TrackPointExtension>
      <gpxtpx:hr>185</gpxtpx:hr>
      <gpxtpx:cad>82</gpxtpx:cad>
     </gpxtpx:TrackPointExtension>
    </extensions>
   </trkpt>
   <trkpt lat="12.9824810" lon="77.6909500">
    <ele>890.4</ele>
    <time>2026-09-09T16:22:55Z</time>
    <extensions>
     <power>317</power>
     <gpxtpx:TrackPointExtension>
      <gpxtpx:hr>185</gpxtpx:hr>
      <gpxtpx:cad>82</gpxtpx:cad>
     </gpxtpx:TrackPointExtension>
    </extensions>
   </trkpt>
   <trkpt lat="12.9825040" lon="77.6909600">
    <ele>890.4</ele>
    <time>2026-09-09T16:22:56Z</time>
    <extensions>
     <power>308</power>
     <gpxtpx:TrackPointExtension>
      <gpxtpx:hr>185</gpxtpx:hr>
      <gpxtpx:cad>83</gpxtpx:cad>
     </gpxtpx:TrackPointExtension>
    </extensions>
   </trkpt>
   <trkpt lat="12.9825280" lon="77.6909700">
    <ele>890.4</ele>
    <time>2026-09-09T16:22:57Z</time>
    <extensions>
     <power>303</power>
     <gpxtpx:TrackPointExtension>
      <gpxtpx:hr>186</gpxtpx:hr>
      <gpxtpx:cad>83</gpxtpx:cad>
     </gpxtpx:TrackPointExtension>
    </extensions>
   </trkpt>
   <trkpt lat="12.9825520" lon="77.6909790">
    <ele>890.4</ele>
    <time>2026-09-09T16:22:58Z</time>
    <extensions>
     <power>302</power>
     <gpxtpx:TrackPointExtension>
      <gpxtpx:hr>186</gpxtpx:hr>
      <gpxtpx:cad>83</gpxtpx:cad>
     </gpxtpx:TrackPointExtension>
    </extensions>
   </trkpt>
   <trkpt lat="12.9825770" lon="77.6909890">
    <ele>890.4</ele>
    <time>2026-09-09T16:22:59Z</time>
    <extensions>
     <power>302</power>
     <gpxtpx:TrackPointExtension>
      <gpxtpx:hr>186</gpxtpx:hr>
      <gpxtpx:cad>83</gpxtpx:cad>
     </gpxtpx:TrackPointExtension>
    </extensions>
   </trkpt>
   <trkpt lat="12.9826020" lon="77.6909980">
    <ele>890.4</ele>
    <time>2026-09-09T16:23:00Z</time>
    <extensions>
     <power>302</power>
     <gpxtpx:TrackPointExtension>
      <gpxtpx:hr>186</gpxtpx:hr>
      <gpxtpx:cad>83</gpxtpx:cad>
     </gpxtpx:TrackPointExtension>
    </extensions>
   </trkpt>
   <trkpt lat="12.9826270" lon="77.6910070">
    <ele>890.4</ele>
    <time>2026-09-09T16:23:01Z</time>
    <extensions>
     <power>295</power>
     <gpxtpx:TrackPointExtension>
      <gpxtpx:hr>187</gpxtpx:hr>
      <gpxtpx:cad>83</gpxtpx:cad>
     </gpxtpx:TrackPointExtension>
    </extensions>
   </trkpt>
   <trkpt lat="12.9826510" lon="77.6910160">
    <ele>890.4</ele>
    <time>2026-09-09T16:23:02Z</time>
    <extensions>
     <power>295</power>
     <gpxtpx:TrackPointExtension>
      <gpxtpx:hr>187</gpxtpx:hr>
      <gpxtpx:cad>83</gpxtpx:cad>
     </gpxtpx:TrackPointExtension>
    </extensions>
   </trkpt>
   <trkpt lat="12.9826780" lon="77.6910260">
    <ele>890.4</ele>
    <time>2026-09-09T16:23:03Z</time>
    <extensions>
     <power>301</power>
     <gpxtpx:TrackPointExtension>
      <gpxtpx:hr>187</gpxtpx:hr>
      <gpxtpx:cad>83</gpxtpx:cad>
     </gpxtpx:TrackPointExtension>
    </extensions>
   </trkpt>
   <trkpt lat="12.9827040" lon="77.6910350">
    <ele>890.4</ele>
    <time>2026-09-09T16:23:04Z</time>
    <extensions>
     <power>303</power>
     <gpxtpx:TrackPointExtension>
      <gpxtpx:hr>187</gpxtpx:hr>
      <gpxtpx:cad>83</gpxtpx:cad>
     </gpxtpx:TrackPointExtension>
    </extensions>
   </trkpt>
   <trkpt lat="12.9827300" lon="77.6910450">
    <ele>890.4</ele>
    <time>2026-09-09T16:23:05Z</time>
    <extensions>
     <power>312</power>
     <gpxtpx:TrackPointExtension>
      <gpxtpx:hr>187</gpxtpx:hr>
      <gpxtpx:cad>84</gpxtpx:cad>
     </gpxtpx:TrackPointExtension>
    </extensions>
   </trkpt>
   <trkpt lat="12.9827550" lon="77.6910540">
    <ele>890.4</ele>
    <time>2026-09-09T16:23:06Z</time>
    <extensions>
     <power>313</power>
     <gpxtpx:TrackPointExtension>
      <gpxtpx:hr>187</gpxtpx:hr>
      <gpxtpx:cad>84</gpxtpx:cad>
     </gpxtpx:TrackPointExtension>
    </extensions>
   </trkpt>
   <trkpt lat="12.9827810" lon="77.6910640">
    <ele>890.4</ele>
    <time>2026-09-09T16:23:07Z</time>
    <extensions>
     <power>313</power>
     <gpxtpx:TrackPointExtension>
      <gpxtpx:hr>187</gpxtpx:hr>
      <gpxtpx:cad>85</gpxtpx:cad>
     </gpxtpx:TrackPointExtension>
    </extensions>
   </trkpt>
   <trkpt lat="12.9828070" lon="77.6910740">
    <ele>890.4</ele>
    <time>2026-09-09T16:23:08Z</time>
    <extensions>
     <power>313</power>
     <gpxtpx:TrackPointExtension>
      <gpxtpx:hr>187</gpxtpx:hr>
      <gpxtpx:cad>85</gpxtpx:cad>
     </gpxtpx:TrackPointExtension>
    </extensions>
   </trkpt>
   <trkpt lat="12.9828330" lon="77.6910830">
    <ele>890.4</ele>
    <time>2026-09-09T16:23:09Z</time>
    <extensions>
     <power>313</power>
     <gpxtpx:TrackPointExtension>
      <gpxtpx:hr>187</gpxtpx:hr>
      <gpxtpx:cad>84</gpxtpx:cad>
     </gpxtpx:TrackPointExtension>
    </extensions>
   </trkpt>
   <trkpt lat="12.9828580" lon="77.6910920">
    <ele>890.4</ele>
    <time>2026-09-09T16:23:10Z</time>
    <extensions>
     <power>323</power>
     <gpxtpx:TrackPointExtension>
      <gpxtpx:hr>187</gpxtpx:hr>
      <gpxtpx:cad>84</gpxtpx:cad>
     </gpxtpx:TrackPointExtension>
    </extensions>
   </trkpt>
   <trkpt lat="12.9828840" lon="77.6911000">
    <ele>890.2</ele>
    <time>2026-09-09T16:23:11Z</time>
    <extensions>
     <power>324</power>
     <gpxtpx:TrackPointExtension>
      <gpxtpx:hr>186</gpxtpx:hr>
      <gpxtpx:cad>83</gpxtpx:cad>
     </gpxtpx:TrackPointExtension>
    </extensions>
   </trkpt>
   <trkpt lat="12.9829100" lon="77.6911090">
    <ele>890.2</ele>
    <time>2026-09-09T16:23:12Z</time>
    <extensions>
     <power>331</power>
     <gpxtpx:TrackPointExtension>
      <gpxtpx:hr>186</gpxtpx:hr>
      <gpxtpx:cad>82</gpxtpx:cad>
     </gpxtpx:TrackPointExtension>
    </extensions>
   </trkpt>
   <trkpt lat="12.9829370" lon="77.6911180">
    <ele>890.2</ele>
    <time>2026-09-09T16:23:13Z</time>
    <extensions>
     <power>332</power>
     <gpxtpx:TrackPointExtension>
      <gpxtpx:hr>186</gpxtpx:hr>
      <gpxtpx:cad>82</gpxtpx:cad>
     </gpxtpx:TrackPointExtension>
    </extensions>
   </trkpt>
   <trkpt lat="12.9829650" lon="77.6911270">
    <ele>890.2</ele>
    <time>2026-09-09T16:23:14Z</time>
    <extensions>
     <power>333</power>
     <gpxtpx:TrackPointExtension>
      <gpxtpx:hr>186</gpxtpx:hr>
      <gpxtpx:cad>82</gpxtpx:cad>
     </gpxtpx:TrackPointExtension>
    </extensions>
   </trkpt>
   <trkpt lat="12.9829920" lon="77.6911370">
    <ele>890.2</ele>
    <time>2026-09-09T16:23:15Z</time>
    <extensions>
     <power>326</power>
     <gpxtpx:TrackPointExtension>
      <gpxtpx:hr>186</gpxtpx:hr>
      <gpxtpx:cad>82</gpxtpx:cad>
     </gpxtpx:TrackPointExtension>
    </extensions>
   </trkpt>
   <trkpt lat="12.9830150" lon="77.6911440">
    <ele>890.2</ele>
    <time>2026-09-09T16:23:16Z</time>
    <extensions>
     <power>315</power>
     <gpxtpx:TrackPointExtension>
      <gpxtpx:hr>186</gpxtpx:hr>
      <gpxtpx:cad>82</gpxtpx:cad>
     </gpxtpx:TrackPointExtension>
    </extensions>
   </trkpt>
   <trkpt lat="12.9830420" lon="77.6911520">
    <ele>890.2</ele>
    <time>2026-09-09T16:23:17Z</time>
    <extensions>
     <power>320</power>
     <gpxtpx:TrackPointExtension>
      <gpxtpx:hr>186</gpxtpx:hr>
      <gpxtpx:cad>82</gpxtpx:cad>
     </gpxtpx:TrackPointExtension>
    </extensions>
   </trkpt>
   <trkpt lat="12.9830670" lon="77.6911600">
    <ele>890.2</ele>
    <time>2026-09-09T16:23:18Z</time>
    <extensions>
     <power>322</power>
     <gpxtpx:TrackPointExtension>
      <gpxtpx:hr>185</gpxtpx:hr>
      <gpxtpx:cad>82</gpxtpx:cad>
     </gpxtpx:TrackPointExtension>
    </extensions>
   </trkpt>
   <trkpt lat="12.9830930" lon="77.6911690">
    <ele>890.2</ele>
    <time>2026-09-09T16:23:19Z</time>
    <extensions>
     <power>322</power>
     <gpxtpx:TrackPointExtension>
      <gpxtpx:hr>185</gpxtpx:hr>
      <gpxtpx:cad>82</gpxtpx:cad>
     </gpxtpx:TrackPointExtension>
    </extensions>
   </trkpt>
   <trkpt lat="12.9831210" lon="77.6911800">
    <ele>890.2</ele>
    <time>2026-09-09T16:23:20Z</time>
    <extensions>
     <power>322</power>
     <gpxtpx:TrackPointExtension>
      <gpxtpx:hr>185</gpxtpx:hr>
      <gpxtpx:cad>82</gpxtpx:cad>
     </gpxtpx:TrackPointExtension>
    </extensions>
   </trkpt>
   <trkpt lat="12.9831470" lon="77.6911890">
    <ele>890.2</ele>
    <time>2026-09-09T16:23:21Z</time>
    <extensions>
     <power>322</power>
     <gpxtpx:TrackPointExtension>
      <gpxtpx:hr>185</gpxtpx:hr>
      <gpxtpx:cad>83</gpxtpx:cad>
     </gpxtpx:TrackPointExtension>
    </extensions>
   </trkpt>
   <trkpt lat="12.9831730" lon="77.6911980">
    <ele>890.2</ele>
    <time>2026-09-09T16:23:22Z</time>
    <extensions>
     <power>322</power>
     <gpxtpx:TrackPointExtension>
      <gpxtpx:hr>184</gpxtpx:hr>
      <gpxtpx:cad>84</gpxtpx:cad>
     </gpxtpx:TrackPointExtension>
    </extensions>
   </trkpt>
   <trkpt lat="12.9831990" lon="77.6912070">
    <ele>890.2</ele>
    <time>2026-09-09T16:23:23Z</time>
    <extensions>
     <power>322</power>
     <gpxtpx:TrackPointExtension>
      <gpxtpx:hr>184</gpxtpx:hr>
      <gpxtpx:cad>84</gpxtpx:cad>
     </gpxtpx:TrackPointExtension>
    </extensions>
   </trkpt>
   <trkpt lat="12.9832260" lon="77.6912160">
    <ele>890.2</ele>
    <time>2026-09-09T16:23:24Z</time>
    <extensions>
     <power>321</power>
     <gpxtpx:TrackPointExtension>
      <gpxtpx:hr>182</gpxtpx:hr>
      <gpxtpx:cad>85</gpxtpx:cad>
     </gpxtpx:TrackPointExtension>
    </extensions>
   </trkpt>
   <trkpt lat="12.9832510" lon="77.6912240">
    <ele>890.2</ele>
    <time>2026-09-09T16:23:25Z</time>
    <extensions>
     <power>325</power>
     <gpxtpx:TrackPointExtension>
      <gpxtpx:hr>182</gpxtpx:hr>
      <gpxtpx:cad>85</gpxtpx:cad>
     </gpxtpx:TrackPointExtension>
    </extensions>
   </trkpt>
   <trkpt lat="12.9832770" lon="77.6912330">
    <ele>890.2</ele>
    <time>2026-09-09T16:23:26Z</time>
    <extensions>
     <power>326</power>
     <gpxtpx:TrackPointExtension>
      <gpxtpx:hr>182</gpxtpx:hr>
      <gpxtpx:cad>85</gpxtpx:cad>
     </gpxtpx:TrackPointExtension>
    </extensions>
   </trkpt>
   <trkpt lat="12.9833030" lon="77.6912420">
    <ele>890.2</ele>
    <time>2026-09-09T16:23:27Z</time>
    <extensions>
     <power>334</power>
     <gpxtpx:TrackPointExtension>
      <gpxtpx:hr>182</gpxtpx:hr>
      <gpxtpx:cad>84</gpxtpx:cad>
     </gpxtpx:TrackPointExtension>
    </extensions>
   </trkpt>
   <trkpt lat="12.9833260" lon="77.6912490">
    <ele>890.2</ele>
    <time>2026-09-09T16:23:28Z</time>
    <extensions>
     <power>336</power>
     <gpxtpx:TrackPointExtension>
      <gpxtpx:hr>181</gpxtpx:hr>
      <gpxtpx:cad>83</gpxtpx:cad>
     </gpxtpx:TrackPointExtension>
    </extensions>
   </trkpt>
   <trkpt lat="12.9833520" lon="77.6912580">
    <ele>890.2</ele>
    <time>2026-09-09T16:23:29Z</time>
    <extensions>
     <power>342</power>
     <gpxtpx:TrackPointExtension>
      <gpxtpx:hr>181</gpxtpx:hr>
      <gpxtpx:cad>83</gpxtpx:cad>
     </gpxtpx:TrackPointExtension>
    </extensions>
   </trkpt>
   <trkpt lat="12.9833770" lon="77.6912670">
    <ele>890.2</ele>
    <time>2026-09-09T16:23:30Z</time>
    <extensions>
     <power>343</power>
     <gpxtpx:TrackPointExtension>
      <gpxtpx:hr>180</gpxtpx:hr>
      <gpxtpx:cad>82</gpxtpx:cad>
     </gpxtpx:TrackPointExtension>
    </extensions>
   </trkpt>
   <trkpt lat="12.9834010" lon="77.6912750">
    <ele>890.2</ele>
    <time>2026-09-09T16:23:31Z</time>
    <extensions>
     <power>340</power>
     <gpxtpx:TrackPointExtension>
      <gpxtpx:hr>180</gpxtpx:hr>
      <gpxtpx:cad>82</gpxtpx:cad>
     </gpxtpx:TrackPointExtension>
    </extensions>
   </trkpt>
   <trkpt lat="12.9834260" lon="77.6912840">
    <ele>890.2</ele>
    <time>2026-09-09T16:23:32Z</time>
    <extensions>
     <power>340</power>
     <gpxtpx:TrackPointExtension>
      <gpxtpx:hr>181</gpxtpx:hr>
      <gpxtpx:cad>83</gpxtpx:cad>
     </gpxtpx:TrackPointExtension>
    </extensions>
   </trkpt>
   <trkpt lat="12.9834520" lon="77.6912920">
    <ele>890.2</ele>
    <time>2026-09-09T16:23:33Z</time>
    <extensions>
     <power>330</power>
     <gpxtpx:TrackPointExtension>
      <gpxtpx:hr>181</gpxtpx:hr>
      <gpxtpx:cad>83</gpxtpx:cad>
     </gpxtpx:TrackPointExtension>
    </extensions>
   </trkpt>
   <trkpt lat="12.9834770" lon="77.6913010">
    <ele>890.2</ele>
    <time>2026-09-09T16:23:34Z</time>
    <extensions>
     <power>321</power>
     <gpxtpx:TrackPointExtension>
      <gpxtpx:hr>181</gpxtpx:hr>
      <gpxtpx:cad>82</gpxtpx:cad>
     </gpxtpx:TrackPointExtension>
    </extensions>
   </trkpt>
   <trkpt lat="12.9835040" lon="77.6913120">
    <ele>890.2</ele>
    <time>2026-09-09T16:23:35Z</time>
    <extensions>
     <power>319</power>
     <gpxtpx:TrackPointExtension>
      <gpxtpx:hr>181</gpxtpx:hr>
      <gpxtpx:cad>82</gpxtpx:cad>
     </gpxtpx:TrackPointExtension>
    </extensions>
   </trkpt>
   <trkpt lat="12.9835300" lon="77.6913230">
    <ele>890.2</ele>
    <time>2026-09-09T16:23:36Z</time>
    <extensions>
     <power>318</power>
     <gpxtpx:TrackPointExtension>
      <gpxtpx:hr>181</gpxtpx:hr>
      <gpxtpx:cad>81</gpxtpx:cad>
     </gpxtpx:TrackPointExtension>
    </extensions>
   </trkpt>
   <trkpt lat="12.9835540" lon="77.6913380">
    <ele>890.2</ele>
    <time>2026-09-09T16:23:37Z</time>
    <extensions>
     <power>311</power>
     <gpxtpx:TrackPointExtension>
      <gpxtpx:hr>181</gpxtpx:hr>
      <gpxtpx:cad>81</gpxtpx:cad>
     </gpxtpx:TrackPointExtension>
    </extensions>
   </trkpt>
   <trkpt lat="12.9835770" lon="77.6913560">
    <ele>890.2</ele>
    <time>2026-09-09T16:23:38Z</time>
    <extensions>
     <power>304</power>
     <gpxtpx:TrackPointExtension>
      <gpxtpx:hr>181</gpxtpx:hr>
      <gpxtpx:cad>81</gpxtpx:cad>
     </gpxtpx:TrackPointExtension>
    </extensions>
   </trkpt>
   <trkpt lat="12.9835960" lon="77.6913770">
    <ele>890.2</ele>
    <time>2026-09-09T16:23:39Z</time>
    <extensions>
     <power>303</power>
     <gpxtpx:TrackPointExtension>
      <gpxtpx:hr>181</gpxtpx:hr>
      <gpxtpx:cad>81</gpxtpx:cad>
     </gpxtpx:TrackPointExtension>
    </extensions>
   </trkpt>
   <trkpt lat="12.9836090" lon="77.6914010">
    <ele>890.2</ele>
    <time>2026-09-09T16:23:40Z</time>
    <extensions>
     <power>303</power>
     <gpxtpx:TrackPointExtension>
      <gpxtpx:hr>181</gpxtpx:hr>
      <gpxtpx:cad>81</gpxtpx:cad>
     </gpxtpx:TrackPointExtension>
    </extensions>
   </trkpt>
   <trkpt lat="12.9836150" lon="77.6914260">
    <ele>890.2</ele>
    <time>2026-09-09T16:23:41Z</time>
    <extensions>
     <power>303</power>
     <gpxtpx:TrackPointExtension>
      <gpxtpx:hr>179</gpxtpx:hr>
      <gpxtpx:cad>81</gpxtpx:cad>
     </gpxtpx:TrackPointExtension>
    </extensions>
   </trkpt>
   <trkpt lat="12.9836170" lon="77.6914510">
    <ele>890.2</ele>
    <time>2026-09-09T16:23:42Z</time>
    <extensions>
     <power>304</power>
     <gpxtpx:TrackPointExtension>
      <gpxtpx:hr>179</gpxtpx:hr>
      <gpxtpx:cad>82</gpxtpx:cad>
     </gpxtpx:TrackPointExtension>
    </extensions>
   </trkpt>
   <trkpt lat="12.9836160" lon="77.6914740">
    <ele>890.4</ele>
    <time>2026-09-09T16:23:43Z</time>
    <extensions>
     <power>300</power>
     <gpxtpx:TrackPointExtension>
      <gpxtpx:hr>178</gpxtpx:hr>
      <gpxtpx:cad>82</gpxtpx:cad>
     </gpxtpx:TrackPointExtension>
    </extensions>
   </trkpt>
   <trkpt lat="12.9836130" lon="77.6914980">
    <ele>890.4</ele>
    <time>2026-09-09T16:23:44Z</time>
    <extensions>
     <power>300</power>
     <gpxtpx:TrackPointExtension>
      <gpxtpx:hr>178</gpxtpx:hr>
      <gpxtpx:cad>82</gpxtpx:cad>
     </gpxtpx:TrackPointExtension>
    </extensions>
   </trkpt>
   <trkpt lat="12.9836100" lon="77.6915170">
    <ele>890.4</ele>
    <time>2026-09-09T16:23:45Z</time>
    <extensions>
     <power>304</power>
     <gpxtpx:TrackPointExtension>
      <gpxtpx:hr>177</gpxtpx:hr>
      <gpxtpx:cad>82</gpxtpx:cad>
     </gpxtpx:TrackPointExtension>
    </extensions>
   </trkpt>
   <trkpt lat="12.9836060" lon="77.6915360">
    <ele>890.4</ele>
    <time>2026-09-09T16:23:46Z</time>
    <extensions>
     <power>316</power>
     <gpxtpx:TrackPointExtension>
      <gpxtpx:hr>177</gpxtpx:hr>
      <gpxtpx:cad>82</gpxtpx:cad>
     </gpxtpx:TrackPointExtension>
    </extensions>
   </trkpt>
   <trkpt lat="12.9836010" lon="77.6915550">
    <ele>890.4</ele>
    <time>2026-09-09T16:23:47Z</time>
    <extensions>
     <power>311</power>
     <gpxtpx:TrackPointExtension>
      <gpxtpx:hr>176</gpxtpx:hr>
      <gpxtpx:cad>81</gpxtpx:cad>
     </gpxtpx:TrackPointExtension>
    </extensions>
   </trkpt>
   <trkpt lat="12.9835960" lon="77.6915750">
    <ele>890.4</ele>
    <time>2026-09-09T16:23:48Z</time>
    <extensions>
     <power>317</power>
     <gpxtpx:TrackPointExtension>
      <gpxtpx:hr>176</gpxtpx:hr>
      <gpxtpx:cad>81</gpxtpx:cad>
     </gpxtpx:TrackPointExtension>
    </extensions>
   </trkpt>
   <trkpt lat="12.9835900" lon="77.6915950">
    <ele>890.4</ele>
    <time>2026-09-09T16:23:49Z</time>
    <extensions>
     <power>326</power>
     <gpxtpx:TrackPointExtension>
      <gpxtpx:hr>178</gpxtpx:hr>
      <gpxtpx:cad>80</gpxtpx:cad>
     </gpxtpx:TrackPointExtension>
    </extensions>
   </trkpt>
   <trkpt lat="12.9835850" lon="77.6916150">
    <ele>890.4</ele>
    <time>2026-09-09T16:23:50Z</time>
    <extensions>
     <power>332</power>
     <gpxtpx:TrackPointExtension>
      <gpxtpx:hr>178</gpxtpx:hr>
      <gpxtpx:cad>79</gpxtpx:cad>
     </gpxtpx:TrackPointExtension>
    </extensions>
   </trkpt>
   <trkpt lat="12.9835790" lon="77.6916370">
    <ele>890.2</ele>
    <time>2026-09-09T16:23:51Z</time>
    <extensions>
     <power>333</power>
     <gpxtpx:TrackPointExtension>
      <gpxtpx:hr>179</gpxtpx:hr>
      <gpxtpx:cad>79</gpxtpx:cad>
     </gpxtpx:TrackPointExtension>
    </extensions>
   </trkpt>
   <trkpt lat="12.9835730" lon="77.6916590">
    <ele>890.2</ele>
    <time>2026-09-09T16:23:52Z</time>
    <extensions>
     <power>340</power>
     <gpxtpx:TrackPointExtension>
      <gpxtpx:hr>179</gpxtpx:hr>
      <gpxtpx:cad>79</gpxtpx:cad>
     </gpxtpx:TrackPointExtension>
    </extensions>
   </trkpt>
   <trkpt lat="12.9835650" lon="77.6916830">
    <ele>890.2</ele>
    <time>2026-09-09T16:23:53Z</time>
    <extensions>
     <power>335</power>
     <gpxtpx:TrackPointExtension>
      <gpxtpx:hr>178</gpxtpx:hr>
      <gpxtpx:cad>79</gpxtpx:cad>
     </gpxtpx:TrackPointExtension>
    </extensions>
   </trkpt>
   <trkpt lat="12.9835570" lon="77.6917080">
    <ele>890.2</ele>
    <time>2026-09-09T16:23:54Z</time>
    <extensions>
     <power>332</power>
     <gpxtpx:TrackPointExtension>
      <gpxtpx:hr>178</gpxtpx:hr>
      <gpxtpx:cad>79</gpxtpx:cad>
     </gpxtpx:TrackPointExtension>
    </extensions>
   </trkpt>
   <trkpt lat="12.9835470" lon="77.6917320">
    <ele>890.2</ele>
    <time>2026-09-09T16:23:55Z</time>
    <extensions>
     <power>338</power>
     <gpxtpx:TrackPointExtension>
      <gpxtpx:hr>179</gpxtpx:hr>
      <gpxtpx:cad>80</gpxtpx:cad>
     </gpxtpx:TrackPointExtension>
    </extensions>
   </trkpt>
   <trkpt lat="12.9835350" lon="77.6917560">
    <ele>890.2</ele>
    <time>2026-09-09T16:23:56Z</time>
    <extensions>
     <power>339</power>
     <gpxtpx:TrackPointExtension>
      <gpxtpx:hr>179</gpxtpx:hr>
      <gpxtpx:cad>80</gpxtpx:cad>
     </gpxtpx:TrackPointExtension>
    </extensions>
   </trkpt>
   <trkpt lat="12.9835200" lon="77.6917780">
    <ele>890.2</ele>
    <time>2026-09-09T16:23:57Z</time>
    <extensions>
     <power>334</power>
     <gpxtpx:TrackPointExtension>
      <gpxtpx:hr>179</gpxtpx:hr>
      <gpxtpx:cad>80</gpxtpx:cad>
     </gpxtpx:TrackPointExtension>
    </extensions>
   </trkpt>
   <trkpt lat="12.9835010" lon="77.6917980">
    <ele>890.2</ele>
    <time>2026-09-09T16:23:58Z</time>
    <extensions>
     <power>319</power>
     <gpxtpx:TrackPointExtension>
      <gpxtpx:hr>178</gpxtpx:hr>
      <gpxtpx:cad>80</gpxtpx:cad>
     </gpxtpx:TrackPointExtension>
    </extensions>
   </trkpt>
   <trkpt lat="12.9834800" lon="77.6918150">
    <ele>890.0</ele>
    <time>2026-09-09T16:23:59Z</time>
    <extensions>
     <power>316</power>
     <gpxtpx:TrackPointExtension>
      <gpxtpx:hr>178</gpxtpx:hr>
      <gpxtpx:cad>80</gpxtpx:cad>
     </gpxtpx:TrackPointExtension>
    </extensions>
   </trkpt>
   <trkpt lat="12.9834580" lon="77.6918310">
    <ele>890.0</ele>
    <time>2026-09-09T16:24:00Z</time>
    <extensions>
     <power>316</power>
     <gpxtpx:TrackPointExtension>
      <gpxtpx:hr>178</gpxtpx:hr>
      <gpxtpx:cad>80</gpxtpx:cad>
     </gpxtpx:TrackPointExtension>
    </extensions>
   </trkpt>
   <trkpt lat="12.9834350" lon="77.6918440">
    <ele>890.0</ele>
    <time>2026-09-09T16:24:01Z</time>
    <extensions>
     <power>316</power>
     <gpxtpx:TrackPointExtension>
      <gpxtpx:hr>178</gpxtpx:hr>
      <gpxtpx:cad>81</gpxtpx:cad>
     </gpxtpx:TrackPointExtension>
    </extensions>
   </trkpt>
   <trkpt lat="12.9834120" lon="77.6918530">
    <ele>890.0</ele>
    <time>2026-09-09T16:24:02Z</time>
    <extensions>
     <power>316</power>
     <gpxtpx:TrackPointExtension>
      <gpxtpx:hr>178</gpxtpx:hr>
      <gpxtpx:cad>81</gpxtpx:cad>
     </gpxtpx:TrackPointExtension>
    </extensions>
   </trkpt>
   <trkpt lat="12.9833910" lon="77.6918590">
    <ele>890.0</ele>
    <time>2026-09-09T16:24:03Z</time>
    <extensions>
     <power>316</power>
     <gpxtpx:TrackPointExtension>
      <gpxtpx:hr>178</gpxtpx:hr>
      <gpxtpx:cad>81</gpxtpx:cad>
     </gpxtpx:TrackPointExtension>
    </extensions>
   </trkpt>
   <trkpt lat="12.9833700" lon="77.6918640">
    <ele>890.0</ele>
    <time>2026-09-09T16:24:04Z</time>
    <extensions>
     <power>316</power>
     <gpxtpx:TrackPointExtension>
      <gpxtpx:hr>180</gpxtpx:hr>
      <gpxtpx:cad>81</gpxtpx:cad>
     </gpxtpx:TrackPointExtension>
    </extensions>
   </trkpt>
   <trkpt lat="12.9833480" lon="77.6918680">
    <ele>890.0</ele>
    <time>2026-09-09T16:24:05Z</time>
    <extensions>
     <power>316</power>
     <gpxtpx:TrackPointExtension>
      <gpxtpx:hr>180</gpxtpx:hr>
      <gpxtpx:cad>82</gpxtpx:cad>
     </gpxtpx:TrackPointExtension>
    </extensions>
   </trkpt>
   <trkpt lat="12.9833260" lon="77.6918710">
    <ele>890.0</ele>
    <time>2026-09-09T16:24:06Z</time>
    <extensions>
     <power>316</power>
     <gpxtpx:TrackPointExtension>
      <gpxtpx:hr>180</gpxtpx:hr>
      <gpxtpx:cad>82</gpxtpx:cad>
     </gpxtpx:TrackPointExtension>
    </extensions>
   </trkpt>
   <trkpt lat="12.9833030" lon="77.6918740">
    <ele>890.0</ele>
    <time>2026-09-09T16:24:07Z</time>
    <extensions>
     <power>307</power>
     <gpxtpx:TrackPointExtension>
      <gpxtpx:hr>182</gpxtpx:hr>
      <gpxtpx:cad>82</gpxtpx:cad>
     </gpxtpx:TrackPointExtension>
    </extensions>
   </trkpt>
   <trkpt lat="12.9832800" lon="77.6918780">
    <ele>890.0</ele>
    <time>2026-09-09T16:24:08Z</time>
    <extensions>
     <power>308</power>
     <gpxtpx:TrackPointExtension>
      <gpxtpx:hr>182</gpxtpx:hr>
      <gpxtpx:cad>81</gpxtpx:cad>
     </gpxtpx:TrackPointExtension>
    </extensions>
   </trkpt>
   <trkpt lat="12.9832560" lon="77.6918840">
    <ele>890.0</ele>
    <time>2026-09-09T16:24:09Z</time>
    <extensions>
     <power>308</power>
     <gpxtpx:TrackPointExtension>
      <gpxtpx:hr>183</gpxtpx:hr>
      <gpxtpx:cad>81</gpxtpx:cad>
     </gpxtpx:TrackPointExtension>
    </extensions>
   </trkpt>
   <trkpt lat="12.9832360" lon="77.6918940">
    <ele>890.0</ele>
    <time>2026-09-09T16:24:10Z</time>
    <extensions>
     <power>303</power>
     <gpxtpx:TrackPointExtension>
      <gpxtpx:hr>183</gpxtpx:hr>
      <gpxtpx:cad>81</gpxtpx:cad>
     </gpxtpx:TrackPointExtension>
    </extensions>
   </trkpt>
   <trkpt lat="12.9832170" lon="77.6919080">
    <ele>890.0</ele>
    <time>2026-09-09T16:24:11Z</time>
    <extensions>
     <power>308</power>
     <gpxtpx:TrackPointExtension>
      <gpxtpx:hr>184</gpxtpx:hr>
      <gpxtpx:cad>81</gpxtpx:cad>
     </gpxtpx:TrackPointExtension>
    </extensions>
   </trkpt>
   <trkpt lat="12.9832020" lon="77.6919250">
    <ele>890.2</ele>
    <time>2026-09-09T16:24:12Z</time>
    <extensions>
     <power>310</power>
     <gpxtpx:TrackPointExtension>
      <gpxtpx:hr>184</gpxtpx:hr>
      <gpxtpx:cad>81</gpxtpx:cad>
     </gpxtpx:TrackPointExtension>
    </extensions>
   </trkpt>
   <trkpt lat="12.9831890" lon="77.6919430">
    <ele>890.0</ele>
    <time>2026-09-09T16:24:13Z</time>
    <extensions>
     <power>310</power>
     <gpxtpx:TrackPointExtension>
      <gpxtpx:hr>185</gpxtpx:hr>
      <gpxtpx:cad>81</gpxtpx:cad>
     </gpxtpx:TrackPointExtension>
    </extensions>
   </trkpt>
   <trkpt lat="12.9831770" lon="77.6919620">
    <ele>890.0</ele>
    <time>2026-09-09T16:24:14Z</time>
    <extensions>
     <power>310</power>
     <gpxtpx:TrackPointExtension>
      <gpxtpx:hr>185</gpxtpx:hr>
      <gpxtpx:cad>81</gpxtpx:cad>
     </gpxtpx:TrackPointExtension>
    </extensions>
   </trkpt>
   <trkpt lat="12.9831640" lon="77.6919810">
    <ele>890.0</ele>
    <time>2026-09-09T16:24:15Z</time>
    <extensions>
     <power>319</power>
     <gpxtpx:TrackPointExtension>
      <gpxtpx:hr>185</gpxtpx:hr>
      <gpxtpx:cad>81</gpxtpx:cad>
     </gpxtpx:TrackPointExtension>
    </extensions>
   </trkpt>
   <trkpt lat="12.9831500" lon="77.6919980">
    <ele>890.0</ele>
    <time>2026-09-09T16:24:16Z</time>
    <extensions>
     <power>320</power>
     <gpxtpx:TrackPointExtension>
      <gpxtpx:hr>185</gpxtpx:hr>
      <gpxtpx:cad>81</gpxtpx:cad>
     </gpxtpx:TrackPointExtension>
    </extensions>
   </trkpt>
   <trkpt lat="12.9831330" lon="77.6920140">
    <ele>890.0</ele>
    <time>2026-09-09T16:24:17Z</time>
    <extensions>
     <power>321</power>
     <gpxtpx:TrackPointExtension>
      <gpxtpx:hr>185</gpxtpx:hr>
      <gpxtpx:cad>81</gpxtpx:cad>
     </gpxtpx:TrackPointExtension>
    </extensions>
   </trkpt>
   <trkpt lat="12.9831150" lon="77.6920290">
    <ele>890.0</ele>
    <time>2026-09-09T16:24:18Z</time>
    <extensions>
     <power>320</power>
     <gpxtpx:TrackPointExtension>
      <gpxtpx:hr>185</gpxtpx:hr>
      <gpxtpx:cad>81</gpxtpx:cad>
     </gpxtpx:TrackPointExtension>
    </extensions>
   </trkpt>
   <trkpt lat="12.9830970" lon="77.6920430">
    <ele>890.0</ele>
    <time>2026-09-09T16:24:19Z</time>
    <extensions>
     <power>315</power>
     <gpxtpx:TrackPointExtension>
      <gpxtpx:hr>185</gpxtpx:hr>
      <gpxtpx:cad>80</gpxtpx:cad>
     </gpxtpx:TrackPointExtension>
    </extensions>
   </trkpt>
   <trkpt lat="12.9830770" lon="77.6920560">
    <ele>890.0</ele>
    <time>2026-09-09T16:24:20Z</time>
    <extensions>
     <power>314</power>
     <gpxtpx:TrackPointExtension>
      <gpxtpx:hr>185</gpxtpx:hr>
      <gpxtpx:cad>80</gpxtpx:cad>
     </gpxtpx:TrackPointExtension>
    </extensions>
   </trkpt>
   <trkpt lat="12.9830570" lon="77.6920690">
    <ele>890.0</ele>
    <time>2026-09-09T16:24:21Z</time>
    <extensions>
     <power>313</power>
     <gpxtpx:TrackPointExtension>
      <gpxtpx:hr>185</gpxtpx:hr>
      <gpxtpx:cad>80</gpxtpx:cad>
     </gpxtpx:TrackPointExtension>
    </extensions>
   </trkpt>
   <trkpt lat="12.9830360" lon="77.6920820">
    <ele>890.0</ele>
    <time>2026-09-09T16:24:22Z</time>
    <extensions>
     <power>313</power>
     <gpxtpx:TrackPointExtension>
      <gpxtpx:hr>185</gpxtpx:hr>
      <gpxtpx:cad>81</gpxtpx:cad>
     </gpxtpx:TrackPointExtension>
    </extensions>
   </trkpt>
   <trkpt lat="12.9830140" lon="77.6920930">
    <ele>890.0</ele>
    <time>2026-09-09T16:24:23Z</time>
    <extensions>
     <power>313</power>
     <gpxtpx:TrackPointExtension>
      <gpxtpx:hr>185</gpxtpx:hr>
      <gpxtpx:cad>81</gpxtpx:cad>
     </gpxtpx:TrackPointExtension>
    </extensions>
   </trkpt>
   <trkpt lat="12.9829920" lon="77.6921050">
    <ele>890.0</ele>
    <time>2026-09-09T16:24:24Z</time>
    <extensions>
     <power>305</power>
     <gpxtpx:TrackPointExtension>
      <gpxtpx:hr>186</gpxtpx:hr>
      <gpxtpx:cad>82</gpxtpx:cad>
     </gpxtpx:TrackPointExtension>
    </extensions>
   </trkpt>
   <trkpt lat="12.9829700" lon="77.6921180">
    <ele>890.0</ele>
    <time>2026-09-09T16:24:25Z</time>
    <extensions>
     <power>304</power>
     <gpxtpx:TrackPointExtension>
      <gpxtpx:hr>186</gpxtpx:hr>
      <gpxtpx:cad>83</gpxtpx:cad>
     </gpxtpx:TrackPointExtension>
    </extensions>
   </trkpt>
   <trkpt lat="12.9829470" lon="77.6921310">
    <ele>890.0</ele>
    <time>2026-09-09T16:24:26Z</time>
    <extensions>
     <power>308</power>
     <gpxtpx:TrackPointExtension>
      <gpxtpx:hr>186</gpxtpx:hr>
      <gpxtpx:cad>83</gpxtpx:cad>
     </gpxtpx:TrackPointExtension>
    </extensions>
   </trkpt>
   <trkpt lat="12.9829250" lon="77.6921450">
    <ele>890.0</ele>
    <time>2026-09-09T16:24:27Z</time>
    <extensions>
     <power>308</power>
     <gpxtpx:TrackPointExtension>
      <gpxtpx:hr>186</gpxtpx:hr>
      <gpxtpx:cad>83</gpxtpx:cad>
     </gpxtpx:TrackPointExtension>
    </extensions>
   </trkpt>
   <trkpt lat="12.9829020" lon="77.6921590">
    <ele>890.0</ele>
    <time>2026-09-09T16:24:28Z</time>
    <extensions>
     <power>304</power>
     <gpxtpx:TrackPointExtension>
      <gpxtpx:hr>185</gpxtpx:hr>
      <gpxtpx:cad>84</gpxtpx:cad>
     </gpxtpx:TrackPointExtension>
    </extensions>
   </trkpt>
   <trkpt lat="12.9828800" lon="77.6921750">
    <ele>890.0</ele>
    <time>2026-09-09T16:24:29Z</time>
    <extensions>
     <power>305</power>
     <gpxtpx:TrackPointExtension>
      <gpxtpx:hr>185</gpxtpx:hr>
      <gpxtpx:cad>84</gpxtpx:cad>
     </gpxtpx:TrackPointExtension>
    </extensions>
   </trkpt>
   <trkpt lat="12.9828590" lon="77.6921910">
    <ele>890.0</ele>
    <time>2026-09-09T16:24:30Z</time>
    <extensions>
     <power>305</power>
     <gpxtpx:TrackPointExtension>
      <gpxtpx:hr>185</gpxtpx:hr>
      <gpxtpx:cad>84</gpxtpx:cad>
     </gpxtpx:TrackPointExtension>
    </extensions>
   </trkpt>
   <trkpt lat="12.9828380" lon="77.6922080">
    <ele>890.0</ele>
    <time>2026-09-09T16:24:31Z</time>
    <extensions>
     <power>305</power>
     <gpxtpx:TrackPointExtension>
      <gpxtpx:hr>185</gpxtpx:hr>
      <gpxtpx:cad>84</gpxtpx:cad>
     </gpxtpx:TrackPointExtension>
    </extensions>
   </trkpt>
   <trkpt lat="12.9828190" lon="77.6922250">
    <ele>890.0</ele>
    <time>2026-09-09T16:24:32Z</time>
    <extensions>
     <power>311</power>
     <gpxtpx:TrackPointExtension>
      <gpxtpx:hr>185</gpxtpx:hr>
      <gpxtpx:cad>83</gpxtpx:cad>
     </gpxtpx:TrackPointExtension>
    </extensions>
   </trkpt>
   <trkpt lat="12.9828010" lon="77.6922440">
    <ele>890.0</ele>
    <time>2026-09-09T16:24:33Z</time>
    <extensions>
     <power>313</power>
     <gpxtpx:TrackPointExtension>
      <gpxtpx:hr>185</gpxtpx:hr>
      <gpxtpx:cad>83</gpxtpx:cad>
     </gpxtpx:TrackPointExtension>
    </extensions>
   </trkpt>
   <trkpt lat="12.9827850" lon="77.6922640">
    <ele>890.2</ele>
    <time>2026-09-09T16:24:34Z</time>
    <extensions>
     <power>311</power>
     <gpxtpx:TrackPointExtension>
      <gpxtpx:hr>185</gpxtpx:hr>
      <gpxtpx:cad>82</gpxtpx:cad>
     </gpxtpx:TrackPointExtension>
    </extensions>
   </trkpt>
   <trkpt lat="12.9827700" lon="77.6922850">
    <ele>890.2</ele>
    <time>2026-09-09T16:24:35Z</time>
    <extensions>
     <power>311</power>
     <gpxtpx:TrackPointExtension>
      <gpxtpx:hr>185</gpxtpx:hr>
      <gpxtpx:cad>82</gpxtpx:cad>
     </gpxtpx:TrackPointExtension>
    </extensions>
   </trkpt>
   <trkpt lat="12.9827570" lon="77.6923060">
    <ele>890.2</ele>
    <time>2026-09-09T16:24:36Z</time>
    <extensions>
     <power>311</power>
     <gpxtpx:TrackPointExtension>
      <gpxtpx:hr>184</gpxtpx:hr>
      <gpxtpx:cad>82</gpxtpx:cad>
     </gpxtpx:TrackPointExtension>
    </extensions>
   </trkpt>
   <trkpt lat="12.9827420" lon="77.6923270">
    <ele>890.2</ele>
    <time>2026-09-09T16:24:37Z</time>
    <extensions>
     <power>311</power>
     <gpxtpx:TrackPointExtension>
      <gpxtpx:hr>184</gpxtpx:hr>
      <gpxtpx:cad>82</gpxtpx:cad>
     </gpxtpx:TrackPointExtension>
    </extensions>
   </trkpt>
   <trkpt lat="12.9827260" lon="77.6923450">
    <ele>890.2</ele>
    <time>2026-09-09T16:24:38Z</time>
    <extensions>
     <power>311</power>
     <gpxtpx:TrackPointExtension>
      <gpxtpx:hr>185</gpxtpx:hr>
      <gpxtpx:cad>82</gpxtpx:cad>
     </gpxtpx:TrackPointExtension>
    </extensions>
   </trkpt>
   <trkpt lat="12.9827070" lon="77.6923600">
    <ele>890.2</ele>
    <time>2026-09-09T16:24:39Z</time>
    <extensions>
     <power>309</power>
     <gpxtpx:TrackPointExtension>
      <gpxtpx:hr>185</gpxtpx:hr>
      <gpxtpx:cad>82</gpxtpx:cad>
     </gpxtpx:TrackPointExtension>
    </extensions>
   </trkpt>
   <trkpt lat="12.9826870" lon="77.6923710">
    <ele>890.2</ele>
    <time>2026-09-09T16:24:40Z</time>
    <extensions>
     <power>309</power>
     <gpxtpx:TrackPointExtension>
      <gpxtpx:hr>185</gpxtpx:hr>
      <gpxtpx:cad>81</gpxtpx:cad>
     </gpxtpx:TrackPointExtension>
    </extensions>
   </trkpt>
   <trkpt lat="12.9826660" lon="77.6923760">
    <ele>890.2</ele>
    <time>2026-09-09T16:24:41Z</time>
    <extensions>
     <power>309</power>
     <gpxtpx:TrackPointExtension>
      <gpxtpx:hr>185</gpxtpx:hr>
      <gpxtpx:cad>81</gpxtpx:cad>
     </gpxtpx:TrackPointExtension>
    </extensions>
   </trkpt>
   <trkpt lat="12.9826400" lon="77.6923800">
    <ele>890.2</ele>
    <time>2026-09-09T16:24:42Z</time>
    <extensions>
     <power>310</power>
     <gpxtpx:TrackPointExtension>
      <gpxtpx:hr>185</gpxtpx:hr>
      <gpxtpx:cad>82</gpxtpx:cad>
     </gpxtpx:TrackPointExtension>
    </extensions>
   </trkpt>
   <trkpt lat="12.9826200" lon="77.6923810">
    <ele>890.2</ele>
    <time>2026-09-09T16:24:43Z</time>
    <extensions>
     <power>310</power>
     <gpxtpx:TrackPointExtension>
      <gpxtpx:hr>186</gpxtpx:hr>
      <gpxtpx:cad>82</gpxtpx:cad>
     </gpxtpx:TrackPointExtension>
    </extensions>
   </trkpt>
   <trkpt lat="12.9825970" lon="77.6923810">
    <ele>890.2</ele>
    <time>2026-09-09T16:24:44Z</time>
    <extensions>
     <power>315</power>
     <gpxtpx:TrackPointExtension>
      <gpxtpx:hr>186</gpxtpx:hr>
      <gpxtpx:cad>82</gpxtpx:cad>
     </gpxtpx:TrackPointExtension>
    </extensions>
   </trkpt>
   <trkpt lat="12.9825730" lon="77.6923830">
    <ele>890.2</ele>
    <time>2026-09-09T16:24:45Z</time>
    <extensions>
     <power>316</power>
     <gpxtpx:TrackPointExtension>
      <gpxtpx:hr>185</gpxtpx:hr>
      <gpxtpx:cad>83</gpxtpx:cad>
     </gpxtpx:TrackPointExtension>
    </extensions>
   </trkpt>
   <trkpt lat="12.9825500" lon="77.6923850">
    <ele>890.4</ele>
    <time>2026-09-09T16:24:46Z</time>
    <extensions>
     <power>317</power>
     <gpxtpx:TrackPointExtension>
      <gpxtpx:hr>185</gpxtpx:hr>
      <gpxtpx:cad>83</gpxtpx:cad>
     </gpxtpx:TrackPointExtension>
    </extensions>
   </trkpt>
   <trkpt lat="12.9825260" lon="77.6923860">
    <ele>890.4</ele>
    <time>2026-09-09T16:24:47Z</time>
    <extensions>
     <power>317</power>
     <gpxtpx:TrackPointExtension>
      <gpxtpx:hr>185</gpxtpx:hr>
      <gpxtpx:cad>83</gpxtpx:cad>
     </gpxtpx:TrackPointExtension>
    </extensions>
   </trkpt>
   <trkpt lat="12.9825010" lon="77.6923860">
    <ele>890.4</ele>
    <time>2026-09-09T16:24:48Z</time>
    <extensions>
     <power>317</power>
     <gpxtpx:TrackPointExtension>
      <gpxtpx:hr>185</gpxtpx:hr>
      <gpxtpx:cad>83</gpxtpx:cad>
     </gpxtpx:TrackPointExtension>
    </extensions>
   </trkpt>
   <trkpt lat="12.9824770" lon="77.6923840">
    <ele>890.4</ele>
    <time>2026-09-09T16:24:49Z</time>
    <extensions>
     <power>319</power>
     <gpxtpx:TrackPointExtension>
      <gpxtpx:hr>186</gpxtpx:hr>
      <gpxtpx:cad>83</gpxtpx:cad>
     </gpxtpx:TrackPointExtension>
    </extensions>
   </trkpt>
   <trkpt lat="12.9824530" lon="77.6923780">
    <ele>890.4</ele>
    <time>2026-09-09T16:24:50Z</time>
    <extensions>
     <power>328</power>
     <gpxtpx:TrackPointExtension>
      <gpxtpx:hr>186</gpxtpx:hr>
      <gpxtpx:cad>83</gpxtpx:cad>
     </gpxtpx:TrackPointExtension>
    </extensions>
   </trkpt>
   <trkpt lat="12.9824300" lon="77.6923700">
    <ele>890.4</ele>
    <time>2026-09-09T16:24:51Z</time>
    <extensions>
     <power>330</power>
     <gpxtpx:TrackPointExtension>
      <gpxtpx:hr>186</gpxtpx:hr>
      <gpxtpx:cad>83</gpxtpx:cad>
     </gpxtpx:TrackPointExtension>
    </extensions>
   </trkpt>
   <trkpt lat="12.9824080" lon="77.6923590">
    <ele>890.4</ele>
    <time>2026-09-09T16:24:52Z</time>
    <extensions>
     <power>331</power>
     <gpxtpx:TrackPointExtension>
      <gpxtpx:hr>186</gpxtpx:hr>
      <gpxtpx:cad>83</gpxtpx:cad>
     </gpxtpx:TrackPointExtension>
    </extensions>
   </trkpt>
   <trkpt lat="12.9823860" lon="77.6923450">
    <ele>890.4</ele>
    <time>2026-09-09T16:24:53Z</time>
    <extensions>
     <power>329</power>
     <gpxtpx:TrackPointExtension>
      <gpxtpx:hr>185</gpxtpx:hr>
      <gpxtpx:cad>83</gpxtpx:cad>
     </gpxtpx:TrackPointExtension>
    </extensions>
   </trkpt>
   <trkpt lat="12.9823670" lon="77.6923310">
    <ele>890.4</ele>
    <time>2026-09-09T16:24:54Z</time>
    <extensions>
     <power>329</power>
     <gpxtpx:TrackPointExtension>
      <gpxtpx:hr>185</gpxtpx:hr>
      <gpxtpx:cad>83</gpxtpx:cad>
     </gpxtpx:TrackPointExtension>
    </extensions>
   </trkpt>
   <trkpt lat="12.9823470" lon="77.6923150">
    <ele>890.4</ele>
    <time>2026-09-09T16:24:55Z</time>
    <extensions>
     <power>315</power>
     <gpxtpx:TrackPointExtension>
      <gpxtpx:hr>185</gpxtpx:hr>
      <gpxtpx:cad>83</gpxtpx:cad>
     </gpxtpx:TrackPointExtension>
    </extensions>
   </trkpt>
   <trkpt lat="12.9823290" lon="77.6922980">
    <ele>890.4</ele>
    <time>2026-09-09T16:24:56Z</time>
    <extensions>
     <power>312</power>
     <gpxtpx:TrackPointExtension>
      <gpxtpx:hr>185</gpxtpx:hr>
      <gpxtpx:cad>83</gpxtpx:cad>
     </gpxtpx:TrackPointExtension>
    </extensions>
   </trkpt>
   <trkpt lat="12.9823110" lon="77.6922800">
    <ele>890.4</ele>
    <time>2026-09-09T16:24:57Z</time>
    <extensions>
     <power>312</power>
     <gpxtpx:TrackPointExtension>
      <gpxtpx:hr>185</gpxtpx:hr>
      <gpxtpx:cad>83</gpxtpx:cad>
     </gpxtpx:TrackPointExtension>
    </extensions>
   </trkpt>
   <trkpt lat="12.9822950" lon="77.6922610">
    <ele>890.6</ele>
    <time>2026-09-09T16:24:58Z</time>
    <extensions>
     <power>312</power>
     <gpxtpx:TrackPointExtension>
      <gpxtpx:hr>185</gpxtpx:hr>
      <gpxtpx:cad>83</gpxtpx:cad>
     </gpxtpx:TrackPointExtension>
    </extensions>
   </trkpt>
   <trkpt lat="12.9822800" lon="77.6922410">
    <ele>890.6</ele>
    <time>2026-09-09T16:24:59Z</time>
    <extensions>
     <power>312</power>
     <gpxtpx:TrackPointExtension>
      <gpxtpx:hr>184</gpxtpx:hr>
      <gpxtpx:cad>83</gpxtpx:cad>
     </gpxtpx:TrackPointExtension>
    </extensions>
   </trkpt>
   <trkpt lat="12.9822640" lon="77.6922210">
    <ele>890.6</ele>
    <time>2026-09-09T16:25:00Z</time>
    <extensions>
     <power>312</power>
     <gpxtpx:TrackPointExtension>
      <gpxtpx:hr>184</gpxtpx:hr>
      <gpxtpx:cad>83</gpxtpx:cad>
     </gpxtpx:TrackPointExtension>
    </extensions>
   </trkpt>
   <trkpt lat="12.9822480" lon="77.6922000">
    <ele>890.4</ele>
    <time>2026-09-09T16:25:01Z</time>
    <extensions>
     <power>317</power>
     <gpxtpx:TrackPointExtension>
      <gpxtpx:hr>184</gpxtpx:hr>
      <gpxtpx:cad>83</gpxtpx:cad>
     </gpxtpx:TrackPointExtension>
    </extensions>
   </trkpt>
   <trkpt lat="12.9822310" lon="77.6921780">
    <ele>890.4</ele>
    <time>2026-09-09T16:25:02Z</time>
    <extensions>
     <power>318</power>
     <gpxtpx:TrackPointExtension>
      <gpxtpx:hr>184</gpxtpx:hr>
      <gpxtpx:cad>84</gpxtpx:cad>
     </gpxtpx:TrackPointExtension>
    </extensions>
   </trkpt>
   <trkpt lat="12.9822150" lon="77.6921560">
    <ele>890.4</ele>
    <time>2026-09-09T16:25:03Z</time>
    <extensions>
     <power>318</power>
     <gpxtpx:TrackPointExtension>
      <gpxtpx:hr>184</gpxtpx:hr>
      <gpxtpx:cad>84</gpxtpx:cad>
     </gpxtpx:TrackPointExtension>
    </extensions>
   </trkpt>
   <trkpt lat="12.9821980" lon="77.6921340">
    <ele>890.4</ele>
    <time>2026-09-09T16:25:04Z</time>
    <extensions>
     <power>318</power>
     <gpxtpx:TrackPointExtension>
      <gpxtpx:hr>186</gpxtpx:hr>
      <gpxtpx:cad>85</gpxtpx:cad>
     </gpxtpx:TrackPointExtension>
    </extensions>
   </trkpt>
   <trkpt lat="12.9821810" lon="77.6921120">
    <ele>890.4</ele>
    <time>2026-09-09T16:25:05Z</time>
    <extensions>
     <power>318</power>
     <gpxtpx:TrackPointExtension>
      <gpxtpx:hr>186</gpxtpx:hr>
      <gpxtpx:cad>85</gpxtpx:cad>
     </gpxtpx:TrackPointExtension>
    </extensions>
   </trkpt>
   <trkpt lat="12.9821620" lon="77.6920920">
    <ele>890.4</ele>
    <time>2026-09-09T16:25:06Z</time>
    <extensions>
     <power>325</power>
     <gpxtpx:TrackPointExtension>
      <gpxtpx:hr>186</gpxtpx:hr>
      <gpxtpx:cad>85</gpxtpx:cad>
     </gpxtpx:TrackPointExtension>
    </extensions>
   </trkpt>
   <trkpt lat="12.9821420" lon="77.6920720">
    <ele>890.4</ele>
    <time>2026-09-09T16:25:07Z</time>
    <extensions>
     <power>360</power>
     <gpxtpx:TrackPointExtension>
      <gpxtpx:hr>186</gpxtpx:hr>
      <gpxtpx:cad>85</gpxtpx:cad>
     </gpxtpx:TrackPointExtension>
    </extensions>
   </trkpt>
   <trkpt lat="12.9821220" lon="77.6920510">
    <ele>890.4</ele>
    <time>2026-09-09T16:25:08Z</time>
    <extensions>
     <power>367</power>
     <gpxtpx:TrackPointExtension>
      <gpxtpx:hr>186</gpxtpx:hr>
      <gpxtpx:cad>85</gpxtpx:cad>
     </gpxtpx:TrackPointExtension>
    </extensions>
   </trkpt>
   <trkpt lat="12.9821040" lon="77.6920280">
    <ele>890.4</ele>
    <time>2026-09-09T16:25:09Z</time>
    <extensions>
     <power>371</power>
     <gpxtpx:TrackPointExtension>
      <gpxtpx:hr>186</gpxtpx:hr>
      <gpxtpx:cad>85</gpxtpx:cad>
     </gpxtpx:TrackPointExtension>
    </extensions>
   </trkpt>
   <trkpt lat="12.9820900" lon="77.6920030">
    <ele>890.4</ele>
    <time>2026-09-09T16:25:10Z</time>
    <extensions>
     <power>372</power>
     <gpxtpx:TrackPointExtension>
      <gpxtpx:hr>186</gpxtpx:hr>
      <gpxtpx:cad>85</gpxtpx:cad>
     </gpxtpx:TrackPointExtension>
    </extensions>
   </trkpt>
   <trkpt lat="12.9820790" lon="77.6919750">
    <ele>890.4</ele>
    <time>2026-09-09T16:25:11Z</time>
    <extensions>
     <power>372</power>
     <gpxtpx:TrackPointExtension>
      <gpxtpx:hr>186</gpxtpx:hr>
      <gpxtpx:cad>84</gpxtpx:cad>
     </gpxtpx:TrackPointExtension>
    </extensions>
   </trkpt>
   <trkpt lat="12.9820720" lon="77.6919470">
    <ele>890.4</ele>
    <time>2026-09-09T16:25:12Z</time>
    <extensions>
     <power>372</power>
     <gpxtpx:TrackPointExtension>
      <gpxtpx:hr>186</gpxtpx:hr>
      <gpxtpx:cad>83</gpxtpx:cad>
     </gpxtpx:TrackPointExtension>
    </extensions>
   </trkpt>
   <trkpt lat="12.9820690" lon="77.6919190">
    <ele>890.4</ele>
    <time>2026-09-09T16:25:13Z</time>
    <extensions>
     <power>373</power>
     <gpxtpx:TrackPointExtension>
      <gpxtpx:hr>186</gpxtpx:hr>
      <gpxtpx:cad>83</gpxtpx:cad>
     </gpxtpx:TrackPointExtension>
    </extensions>
   </trkpt>
   <trkpt lat="12.9820680" lon="77.6918910">
    <ele>890.4</ele>
    <time>2026-09-09T16:25:14Z</time>
    <extensions>
     <power>370</power>
     <gpxtpx:TrackPointExtension>
      <gpxtpx:hr>186</gpxtpx:hr>
      <gpxtpx:cad>82</gpxtpx:cad>
     </gpxtpx:TrackPointExtension>
    </extensions>
   </trkpt>
   <trkpt lat="12.9820690" lon="77.6918650">
    <ele>890.4</ele>
    <time>2026-09-09T16:25:15Z</time>
    <extensions>
     <power>360</power>
     <gpxtpx:TrackPointExtension>
      <gpxtpx:hr>186</gpxtpx:hr>
      <gpxtpx:cad>82</gpxtpx:cad>
     </gpxtpx:TrackPointExtension>
    </extensions>
   </trkpt>
   <trkpt lat="12.9820720" lon="77.6918390">
    <ele>890.4</ele>
    <time>2026-09-09T16:25:16Z</time>
    <extensions>
     <power>368</power>
     <gpxtpx:TrackPointExtension>
      <gpxtpx:hr>186</gpxtpx:hr>
      <gpxtpx:cad>82</gpxtpx:cad>
     </gpxtpx:TrackPointExtension>
    </extensions>
   </trkpt>
   <trkpt lat="12.9820760" lon="77.6918150">
    <ele>890.4</ele>
    <time>2026-09-09T16:25:17Z</time>
    <extensions>
     <power>339</power>
     <gpxtpx:TrackPointExtension>
      <gpxtpx:hr>186</gpxtpx:hr>
      <gpxtpx:cad>82</gpxtpx:cad>
     </gpxtpx:TrackPointExtension>
    </extensions>
   </trkpt>
   <trkpt lat="12.9820810" lon="77.6917900">
    <ele>890.4</ele>
    <time>2026-09-09T16:25:18Z</time>
    <extensions>
     <power>331</power>
     <gpxtpx:TrackPointExtension>
      <gpxtpx:hr>186</gpxtpx:hr>
      <gpxtpx:cad>82</gpxtpx:cad>
     </gpxtpx:TrackPointExtension>
    </extensions>
   </trkpt>
   <trkpt lat="12.9820880" lon="77.6917650">
    <ele>890.4</ele>
    <time>2026-09-09T16:25:19Z</time>
    <extensions>
     <power>330</power>
     <gpxtpx:TrackPointExtension>
      <gpxtpx:hr>186</gpxtpx:hr>
      <gpxtpx:cad>82</gpxtpx:cad>
     </gpxtpx:TrackPointExtension>
    </extensions>
   </trkpt>
   <trkpt lat="12.9820940" lon="77.6917390">
    <ele>890.4</ele>
    <time>2026-09-09T16:25:20Z</time>
    <extensions>
     <power>326</power>
     <gpxtpx:TrackPointExtension>
      <gpxtpx:hr>186</gpxtpx:hr>
      <gpxtpx:cad>82</gpxtpx:cad>
     </gpxtpx:TrackPointExtension>
    </extensions>
   </trkpt>
   <trkpt lat="12.9821000" lon="77.6917130">
    <ele>890.4</ele>
    <time>2026-09-09T16:25:21Z</time>
    <extensions>
     <power>326</power>
     <gpxtpx:TrackPointExtension>
      <gpxtpx:hr>186</gpxtpx:hr>
      <gpxtpx:cad>82</gpxtpx:cad>
     </gpxtpx:TrackPointExtension>
    </extensions>
   </trkpt>
   <trkpt lat="12.9821050" lon="77.6916870">
    <ele>890.4</ele>
    <time>2026-09-09T16:25:22Z</time>
    <extensions>
     <power>325</power>
     <gpxtpx:TrackPointExtension>
      <gpxtpx:hr>186</gpxtpx:hr>
      <gpxtpx:cad>82</gpxtpx:cad>
     </gpxtpx:TrackPointExtension>
    </extensions>
   </trkpt>
   <trkpt lat="12.9821100" lon="77.6916610">
    <ele>890.4</ele>
    <time>2026-09-09T16:25:23Z</time>
    <extensions>
     <power>325</power>
     <gpxtpx:TrackPointExtension>
      <gpxtpx:hr>185</gpxtpx:hr>
      <gpxtpx:cad>82</gpxtpx:cad>
     </gpxtpx:TrackPointExtension>
    </extensions>
   </trkpt>
   <trkpt lat="12.9821180" lon="77.6916340">
    <ele>890.4</ele>
    <time>2026-09-09T16:25:24Z</time>
    <extensions>
     <power>325</power>
     <gpxtpx:TrackPointExtension>
      <gpxtpx:hr>185</gpxtpx:hr>
      <gpxtpx:cad>83</gpxtpx:cad>
     </gpxtpx:TrackPointExtension>
    </extensions>
   </trkpt>
   <trkpt lat="12.9821250" lon="77.6916100">
    <ele>890.4</ele>
    <time>2026-09-09T16:25:25Z</time>
    <extensions>
     <power>325</power>
     <gpxtpx:TrackPointExtension>
      <gpxtpx:hr>184</gpxtpx:hr>
      <gpxtpx:cad>83</gpxtpx:cad>
     </gpxtpx:TrackPointExtension>
    </extensions>
   </trkpt>
   <trkpt lat="12.9821320" lon="77.6915840">
    <ele>890.4</ele>
    <time>2026-09-09T16:25:26Z</time>
    <extensions>
     <power>325</power>
     <gpxtpx:TrackPointExtension>
      <gpxtpx:hr>182</gpxtpx:hr>
      <gpxtpx:cad>83</gpxtpx:cad>
     </gpxtpx:TrackPointExtension>
    </extensions>
   </trkpt>
   <trkpt lat="12.9821350" lon="77.6915570">
    <ele>890.4</ele>
    <time>2026-09-09T16:25:27Z</time>
    <extensions>
     <power>325</power>
     <gpxtpx:TrackPointExtension>
      <gpxtpx:hr>182</gpxtpx:hr>
      <gpxtpx:cad>83</gpxtpx:cad>
     </gpxtpx:TrackPointExtension>
    </extensions>
   </trkpt>
   <trkpt lat="12.9821330" lon="77.6915310">
    <ele>890.4</ele>
    <time>2026-09-09T16:25:28Z</time>
    <extensions>
     <power>325</power>
     <gpxtpx:TrackPointExtension>
      <gpxtpx:hr>182</gpxtpx:hr>
      <gpxtpx:cad>82</gpxtpx:cad>
     </gpxtpx:TrackPointExtension>
    </extensions>
   </trkpt>
   <trkpt lat="12.9821260" lon="77.6915060">
    <ele>890.4</ele>
    <time>2026-09-09T16:25:29Z</time>
    <extensions>
     <power>325</power>
     <gpxtpx:TrackPointExtension>
      <gpxtpx:hr>182</gpxtpx:hr>
      <gpxtpx:cad>82</gpxtpx:cad>
     </gpxtpx:TrackPointExtension>
    </extensions>
   </trkpt>
   <trkpt lat="12.9821150" lon="77.6914830">
    <ele>890.4</ele>
    <time>2026-09-09T16:25:30Z</time>
    <extensions>
     <power>325</power>
     <gpxtpx:TrackPointExtension>
      <gpxtpx:hr>181</gpxtpx:hr>
      <gpxtpx:cad>82</gpxtpx:cad>
     </gpxtpx:TrackPointExtension>
    </extensions>
   </trkpt>
   <trkpt lat="12.9821000" lon="77.6914630">
    <ele>890.4</ele>
    <time>2026-09-09T16:25:31Z</time>
    <extensions>
     <power>325</power>
     <gpxtpx:TrackPointExtension>
      <gpxtpx:hr>181</gpxtpx:hr>
      <gpxtpx:cad>82</gpxtpx:cad>
     </gpxtpx:TrackPointExtension>
    </extensions>
   </trkpt>
   <trkpt lat="12.9820840" lon="77.6914460">
    <ele>890.4</ele>
    <time>2026-09-09T16:25:32Z</time>
    <extensions>
     <power>324</power>
     <gpxtpx:TrackPointExtension>
      <gpxtpx:hr>180</gpxtpx:hr>
      <gpxtpx:cad>82</gpxtpx:cad>
     </gpxtpx:TrackPointExtension>
    </extensions>
   </trkpt>
   <trkpt lat="12.9820640" lon="77.6914300">
    <ele>890.4</ele>
    <time>2026-09-09T16:25:33Z</time>
    <extensions>
     <power>324</power>
     <gpxtpx:TrackPointExtension>
      <gpxtpx:hr>180</gpxtpx:hr>
      <gpxtpx:cad>82</gpxtpx:cad>
     </gpxtpx:TrackPointExtension>
    </extensions>
   </trkpt>
   <trkpt lat="12.9820440" lon="77.6914150">
    <ele>890.4</ele>
    <time>2026-09-09T16:25:34Z</time>
    <extensions>
     <power>324</power>
     <gpxtpx:TrackPointExtension>
      <gpxtpx:hr>179</gpxtpx:hr>
      <gpxtpx:cad>82</gpxtpx:cad>
     </gpxtpx:TrackPointExtension>
    </extensions>
   </trkpt>
   <trkpt lat="12.9820240" lon="77.6914000">
    <ele>890.4</ele>
    <time>2026-09-09T16:25:35Z</time>
    <extensions>
     <power>327</power>
     <gpxtpx:TrackPointExtension>
      <gpxtpx:hr>179</gpxtpx:hr>
      <gpxtpx:cad>83</gpxtpx:cad>
     </gpxtpx:TrackPointExtension>
    </extensions>
   </trkpt>
   <trkpt lat="12.9820040" lon="77.6913830">
    <ele>890.4</ele>
    <time>2026-09-09T16:25:36Z</time>
    <extensions>
     <power>331</power>
     <gpxtpx:TrackPointExtension>
      <gpxtpx:hr>178</gpxtpx:hr>
      <gpxtpx:cad>83</gpxtpx:cad>
     </gpxtpx:TrackPointExtension>
    </extensions>
   </trkpt>
   <trkpt lat="12.9819850" lon="77.6913640">
    <ele>890.4</ele>
    <time>2026-09-09T16:25:37Z</time>
    <extensions>
     <power>331</power>
     <gpxtpx:TrackPointExtension>
      <gpxtpx:hr>178</gpxtpx:hr>
      <gpxtpx:cad>83</gpxtpx:cad>
     </gpxtpx:TrackPointExtension>
    </extensions>
   </trkpt>
   <trkpt lat="12.9819680" lon="77.6913440">
    <ele>890.4</ele>
    <time>2026-09-09T16:25:38Z</time>
    <extensions>
     <power>332</power>
     <gpxtpx:TrackPointExtension>
      <gpxtpx:hr>178</gpxtpx:hr>
      <gpxtpx:cad>83</gpxtpx:cad>
     </gpxtpx:TrackPointExtension>
    </extensions>
   </trkpt>
   <trkpt lat="12.9819550" lon="77.6913210">
    <ele>890.4</ele>
    <time>2026-09-09T16:25:39Z</time>
    <extensions>
     <power>332</power>
     <gpxtpx:TrackPointExtension>
      <gpxtpx:hr>178</gpxtpx:hr>
      <gpxtpx:cad>84</gpxtpx:cad>
     </gpxtpx:TrackPointExtension>
    </extensions>
   </trkpt>
   <trkpt lat="12.9819460" lon="77.6912950">
    <ele>890.4</ele>
    <time>2026-09-09T16:25:40Z</time>
    <extensions>
     <power>332</power>
     <gpxtpx:TrackPointExtension>
      <gpxtpx:hr>178</gpxtpx:hr>
      <gpxtpx:cad>84</gpxtpx:cad>
     </gpxtpx:TrackPointExtension>
    </extensions>
   </trkpt>
   <trkpt lat="12.9819410" lon="77.6912670">
    <ele>890.4</ele>
    <time>2026-09-09T16:25:41Z</time>
    <extensions>
     <power>327</power>
     <gpxtpx:TrackPointExtension>
      <gpxtpx:hr>178</gpxtpx:hr>
      <gpxtpx:cad>84</gpxtpx:cad>
     </gpxtpx:TrackPointExtension>
    </extensions>
   </trkpt>
   <trkpt lat="12.9819390" lon="77.6912390">
    <ele>890.4</ele>
    <time>2026-09-09T16:25:42Z</time>
    <extensions>
     <power>325</power>
     <gpxtpx:TrackPointExtension>
      <gpxtpx:hr>178</gpxtpx:hr>
      <gpxtpx:cad>83</gpxtpx:cad>
     </gpxtpx:TrackPointExtension>
    </extensions>
   </trkpt>
   <trkpt lat="12.9819400" lon="77.6912120">
    <ele>890.4</ele>
    <time>2026-09-09T16:25:43Z</time>
    <extensions>
     <power>324</power>
     <gpxtpx:TrackPointExtension>
      <gpxtpx:hr>176</gpxtpx:hr>
      <gpxtpx:cad>83</gpxtpx:cad>
     </gpxtpx:TrackPointExtension>
    </extensions>
   </trkpt>
   <trkpt lat="12.9819430" lon="77.6911860">
    <ele>890.4</ele>
    <time>2026-09-09T16:25:44Z</time>
    <extensions>
     <power>325</power>
     <gpxtpx:TrackPointExtension>
      <gpxtpx:hr>176</gpxtpx:hr>
      <gpxtpx:cad>83</gpxtpx:cad>
     </gpxtpx:TrackPointExtension>
    </extensions>
   </trkpt>
   <trkpt lat="12.9819480" lon="77.6911600">
    <ele>890.4</ele>
    <time>2026-09-09T16:25:45Z</time>
    <extensions>
     <power>321</power>
     <gpxtpx:TrackPointExtension>
      <gpxtpx:hr>175</gpxtpx:hr>
      <gpxtpx:cad>83</gpxtpx:cad>
     </gpxtpx:TrackPointExtension>
    </extensions>
   </trkpt>
   <trkpt lat="12.9819540" lon="77.6911350">
    <ele>890.4</ele>
    <time>2026-09-09T16:25:46Z</time>
    <extensions>
     <power>328</power>
     <gpxtpx:TrackPointExtension>
      <gpxtpx:hr>175</gpxtpx:hr>
      <gpxtpx:cad>83</gpxtpx:cad>
     </gpxtpx:TrackPointExtension>
    </extensions>
   </trkpt>
   <trkpt lat="12.9819610" lon="77.6911110">
    <ele>890.4</ele>
    <time>2026-09-09T16:25:47Z</time>
    <extensions>
     <power>330</power>
     <gpxtpx:TrackPointExtension>
      <gpxtpx:hr>173</gpxtpx:hr>
      <gpxtpx:cad>83</gpxtpx:cad>
     </gpxtpx:TrackPointExtension>
    </extensions>
   </trkpt>
   <trkpt lat="12.9819690" lon="77.6910860">
    <ele>890.4</ele>
    <time>2026-09-09T16:25:48Z</time>
    <extensions>
     <power>330</power>
     <gpxtpx:TrackPointExtension>
      <gpxtpx:hr>172</gpxtpx:hr>
      <gpxtpx:cad>83</gpxtpx:cad>
     </gpxtpx:TrackPointExtension>
    </extensions>
   </trkpt>
   <trkpt lat="12.9819770" lon="77.6910610">
    <ele>890.4</ele>
    <time>2026-09-09T16:25:49Z</time>
    <extensions>
     <power>330</power>
     <gpxtpx:TrackPointExtension>
      <gpxtpx:hr>172</gpxtpx:hr>
      <gpxtpx:cad>83</gpxtpx:cad>
     </gpxtpx:TrackPointExtension>
    </extensions>
   </trkpt>
   <trkpt lat="12.9819850" lon="77.6910350">
    <ele>890.4</ele>
    <time>2026-09-09T16:25:50Z</time>
    <extensions>
     <power>330</power>
     <gpxtpx:TrackPointExtension>
      <gpxtpx:hr>172</gpxtpx:hr>
      <gpxtpx:cad>83</gpxtpx:cad>
     </gpxtpx:TrackPointExtension>
    </extensions>
   </trkpt>
   <trkpt lat="12.9819930" lon="77.6910080">
    <ele>890.4</ele>
    <time>2026-09-09T16:25:51Z</time>
    <extensions>
     <power>330</power>
     <gpxtpx:TrackPointExtension>
      <gpxtpx:hr>172</gpxtpx:hr>
      <gpxtpx:cad>84</gpxtpx:cad>
     </gpxtpx:TrackPointExtension>
    </extensions>
   </trkpt>
   <trkpt lat="12.9820030" lon="77.6909820">
    <ele>890.4</ele>
    <time>2026-09-09T16:25:52Z</time>
    <extensions>
     <power>329</power>
     <gpxtpx:TrackPointExtension>
      <gpxtpx:hr>170</gpxtpx:hr>
      <gpxtpx:cad>84</gpxtpx:cad>
     </gpxtpx:TrackPointExtension>
    </extensions>
   </trkpt>
   <trkpt lat="12.9820120" lon="77.6909560">
    <ele>890.4</ele>
    <time>2026-09-09T16:25:53Z</time>
    <extensions>
     <power>331</power>
     <gpxtpx:TrackPointExtension>
      <gpxtpx:hr>170</gpxtpx:hr>
      <gpxtpx:cad>84</gpxtpx:cad>
     </gpxtpx:TrackPointExtension>
    </extensions>
   </trkpt>
   <trkpt lat="12.9820210" lon="77.6909300">
    <ele>890.4</ele>
    <time>2026-09-09T16:25:54Z</time>
    <extensions>
     <power>339</power>
     <gpxtpx:TrackPointExtension>
      <gpxtpx:hr>169</gpxtpx:hr>
      <gpxtpx:cad>84</gpxtpx:cad>
     </gpxtpx:TrackPointExtension>
    </extensions>
   </trkpt>
   <trkpt lat="12.9820290" lon="77.6909040">
    <ele>890.4</ele>
    <time>2026-09-09T16:25:55Z</time>
    <extensions>
     <power>336</power>
     <gpxtpx:TrackPointExtension>
      <gpxtpx:hr>169</gpxtpx:hr>
      <gpxtpx:cad>84</gpxtpx:cad>
     </gpxtpx:TrackPointExtension>
    </extensions>
   </trkpt>
   <trkpt lat="12.9820370" lon="77.6908780">
    <ele>890.4</ele>
    <time>2026-09-09T16:25:56Z</time>
    <extensions>
     <power>368</power>
     <gpxtpx:TrackPointExtension>
      <gpxtpx:hr>169</gpxtpx:hr>
      <gpxtpx:cad>84</gpxtpx:cad>
     </gpxtpx:TrackPointExtension>
    </extensions>
   </trkpt>
   <trkpt lat="12.9820450" lon="77.6908510">
    <ele>890.4</ele>
    <time>2026-09-09T16:25:57Z</time>
    <extensions>
     <power>375</power>
     <gpxtpx:TrackPointExtension>
      <gpxtpx:hr>169</gpxtpx:hr>
      <gpxtpx:cad>83</gpxtpx:cad>
     </gpxtpx:TrackPointExtension>
    </extensions>
   </trkpt>
   <trkpt lat="12.9820540" lon="77.6908240">
    <ele>890.4</ele>
    <time>2026-09-09T16:25:58Z</time>
    <extensions>
     <power>376</power>
     <gpxtpx:TrackPointExtension>
      <gpxtpx:hr>169</gpxtpx:hr>
      <gpxtpx:cad>83</gpxtpx:cad>
     </gpxtpx:TrackPointExtension>
    </extensions>
   </trkpt>
   <trkpt lat="12.9820630" lon="77.6907980">
    <ele>890.4</ele>
    <time>2026-09-09T16:25:59Z</time>
    <extensions>
     <power>378</power>
     <gpxtpx:TrackPointExtension>
      <gpxtpx:hr>169</gpxtpx:hr>
      <gpxtpx:cad>83</gpxtpx:cad>
     </gpxtpx:TrackPointExtension>
    </extensions>
   </trkpt>
   <trkpt lat="12.9820710" lon="77.6907710">
    <ele>890.4</ele>
    <time>2026-09-09T16:26:00Z</time>
    <extensions>
     <power>378</power>
     <gpxtpx:TrackPointExtension>
      <gpxtpx:hr>169</gpxtpx:hr>
      <gpxtpx:cad>83</gpxtpx:cad>
     </gpxtpx:TrackPointExtension>
    </extensions>
   </trkpt>
   <trkpt lat="12.9820790" lon="77.6907450">
    <ele>890.6</ele>
    <time>2026-09-09T16:26:01Z</time>
    <extensions>
     <power>378</power>
     <gpxtpx:TrackPointExtension>
      <gpxtpx:hr>169</gpxtpx:hr>
      <gpxtpx:cad>83</gpxtpx:cad>
     </gpxtpx:TrackPointExtension>
    </extensions>
   </trkpt>
   <trkpt lat="12.9820870" lon="77.6907170">
    <ele>890.6</ele>
    <time>2026-09-09T16:26:02Z</time>
    <extensions>
     <power>349</power>
     <gpxtpx:TrackPointExtension>
      <gpxtpx:hr>171</gpxtpx:hr>
      <gpxtpx:cad>83</gpxtpx:cad>
     </gpxtpx:TrackPointExtension>
    </extensions>
   </trkpt>
   <trkpt lat="12.9820950" lon="77.6906890">
    <ele>890.6</ele>
    <time>2026-09-09T16:26:03Z</time>
    <extensions>
     <power>343</power>
     <gpxtpx:TrackPointExtension>
      <gpxtpx:hr>171</gpxtpx:hr>
      <gpxtpx:cad>83</gpxtpx:cad>
     </gpxtpx:TrackPointExtension>
    </extensions>
   </trkpt>
   <trkpt lat="12.9821040" lon="77.6906610">
    <ele>890.6</ele>
    <time>2026-09-09T16:26:04Z</time>
    <extensions>
     <power>327</power>
     <gpxtpx:TrackPointExtension>
      <gpxtpx:hr>171</gpxtpx:hr>
      <gpxtpx:cad>83</gpxtpx:cad>
     </gpxtpx:TrackPointExtension>
    </extensions>
   </trkpt>
   <trkpt lat="12.9821130" lon="77.6906330">
    <ele>890.6</ele>
    <time>2026-09-09T16:26:05Z</time>
    <extensions>
     <power>326</power>
     <gpxtpx:TrackPointExtension>
      <gpxtpx:hr>171</gpxtpx:hr>
      <gpxtpx:cad>83</gpxtpx:cad>
     </gpxtpx:TrackPointExtension>
    </extensions>
   </trkpt>
   <trkpt lat="12.9821210" lon="77.6906040">
    <ele>890.6</ele>
    <time>2026-09-09T16:26:06Z</time>
    <extensions>
     <power>326</power>
     <gpxtpx:TrackPointExtension>
      <gpxtpx:hr>172</gpxtpx:hr>
      <gpxtpx:cad>84</gpxtpx:cad>
     </gpxtpx:TrackPointExtension>
    </extensions>
   </trkpt>
   <trkpt lat="12.9821300" lon="77.6905740">
    <ele>890.6</ele>
    <time>2026-09-09T16:26:07Z</time>
    <extensions>
     <power>325</power>
     <gpxtpx:TrackPointExtension>
      <gpxtpx:hr>172</gpxtpx:hr>
      <gpxtpx:cad>85</gpxtpx:cad>
     </gpxtpx:TrackPointExtension>
    </extensions>
   </trkpt>
   <trkpt lat="12.9821380" lon="77.6905460">
    <ele>890.6</ele>
    <time>2026-09-09T16:26:08Z</time>
    <extensions>
     <power>324</power>
     <gpxtpx:TrackPointExtension>
      <gpxtpx:hr>176</gpxtpx:hr>
      <gpxtpx:cad>86</gpxtpx:cad>
     </gpxtpx:TrackPointExtension>
    </extensions>
   </trkpt>
   <trkpt lat="12.9821470" lon="77.6905180">
    <ele>890.6</ele>
    <time>2026-09-09T16:26:09Z</time>
    <extensions>
     <power>325</power>
     <gpxtpx:TrackPointExtension>
      <gpxtpx:hr>176</gpxtpx:hr>
      <gpxtpx:cad>87</gpxtpx:cad>
     </gpxtpx:TrackPointExtension>
    </extensions>
   </trkpt>
   <trkpt lat="12.9821560" lon="77.6904890">
    <ele>890.6</ele>
    <time>2026-09-09T16:26:10Z</time>
    <extensions>
     <power>327</power>
     <gpxtpx:TrackPointExtension>
      <gpxtpx:hr>186</gpxtpx:hr>
      <gpxtpx:cad>87</gpxtpx:cad>
     </gpxtpx:TrackPointExtension>
    </extensions>
   </trkpt>
   <trkpt lat="12.9821690" lon="77.6904590">
    <ele>890.6</ele>
    <time>2026-09-09T16:26:11Z</time>
    <extensions>
     <power>359</power>
     <gpxtpx:TrackPointExtension>
      <gpxtpx:hr>187</gpxtpx:hr>
      <gpxtpx:cad>87</gpxtpx:cad>
     </gpxtpx:TrackPointExtension>
    </extensions>
   </trkpt>
   <trkpt lat="12.9821820" lon="77.6904380">
    <ele>890.6</ele>
    <time>2026-09-09T16:26:12Z</time>
    <extensions>
     <power>367</power>
     <gpxtpx:TrackPointExtension>
      <gpxtpx:hr>187</gpxtpx:hr>
      <gpxtpx:cad>86</gpxtpx:cad>
     </gpxtpx:TrackPointExtension>
    </extensions>
   </trkpt>
   <trkpt lat="12.9822010" lon="77.6904170">
    <ele>890.6</ele>
    <time>2026-09-09T16:26:13Z</time>
    <extensions>
     <power>372</power>
     <gpxtpx:TrackPointExtension>
      <gpxtpx:hr>188</gpxtpx:hr>
      <gpxtpx:cad>86</gpxtpx:cad>
     </gpxtpx:TrackPointExtension>
    </extensions>
   </trkpt>
   <trkpt lat="12.9822240" lon="77.6904020">
    <ele>890.6</ele>
    <time>2026-09-09T16:26:14Z</time>
    <extensions>
     <power>373</power>
     <gpxtpx:TrackPointExtension>
      <gpxtpx:hr>188</gpxtpx:hr>
      <gpxtpx:cad>85</gpxtpx:cad>
     </gpxtpx:TrackPointExtension>
    </extensions>
   </trkpt>
   <trkpt lat="12.9822480" lon="77.6903920">
    <ele>890.6</ele>
    <time>2026-09-09T16:26:15Z</time>
    <extensions>
     <power>351</power>
     <gpxtpx:TrackPointExtension>
      <gpxtpx:hr>188</gpxtpx:hr>
      <gpxtpx:cad>84</gpxtpx:cad>
     </gpxtpx:TrackPointExtension>
    </extensions>
   </trkpt>
   <trkpt lat="12.9822740" lon="77.6903870">
    <ele>890.6</ele>
    <time>2026-09-09T16:26:16Z</time>
    <extensions>
     <power>360</power>
     <gpxtpx:TrackPointExtension>
      <gpxtpx:hr>188</gpxtpx:hr>
      <gpxtpx:cad>83</gpxtpx:cad>
     </gpxtpx:TrackPointExtension>
    </extensions>
   </trkpt>
   <trkpt lat="12.9822990" lon="77.6903870">
    <ele>890.6</ele>
    <time>2026-09-09T16:26:17Z</time>
    <extensions>
     <power>362</power>
     <gpxtpx:TrackPointExtension>
      <gpxtpx:hr>189</gpxtpx:hr>
      <gpxtpx:cad>83</gpxtpx:cad>
     </gpxtpx:TrackPointExtension>
    </extensions>
   </trkpt>
   <trkpt lat="12.9823250" lon="77.6903910">
    <ele>890.6</ele>
    <time>2026-09-09T16:26:18Z</time>
    <extensions>
     <power>363</power>
     <gpxtpx:TrackPointExtension>
      <gpxtpx:hr>189</gpxtpx:hr>
      <gpxtpx:cad>83</gpxtpx:cad>
     </gpxtpx:TrackPointExtension>
    </extensions>
   </trkpt>
   <trkpt lat="12.9823500" lon="77.6904000">
    <ele>890.6</ele>
    <time>2026-09-09T16:26:19Z</time>
    <extensions>
     <power>373</power>
     <gpxtpx:TrackPointExtension>
      <gpxtpx:hr>190</gpxtpx:hr>
      <gpxtpx:cad>83</gpxtpx:cad>
     </gpxtpx:TrackPointExtension>
    </extensions>
   </trkpt>
   <trkpt lat="12.9823730" lon="77.6904120">
    <ele>890.6</ele>
    <time>2026-09-09T16:26:20Z</time>
    <extensions>
     <power>373</power>
     <gpxtpx:TrackPointExtension>
      <gpxtpx:hr>190</gpxtpx:hr>
      <gpxtpx:cad>84</gpxtpx:cad>
     </gpxtpx:TrackPointExtension>
    </extensions>
   </trkpt>
   <trkpt lat="12.9823940" lon="77.6904280">
    <ele>890.6</ele>
    <time>2026-09-09T16:26:21Z</time>
    <extensions>
     <power>373</power>
     <gpxtpx:TrackPointExtension>
      <gpxtpx:hr>190</gpxtpx:hr>
      <gpxtpx:cad>84</gpxtpx:cad>
     </gpxtpx:TrackPointExtension>
    </extensions>
   </trkpt>
   <trkpt lat="12.9824120" lon="77.6904480">
    <ele>890.6</ele>
    <time>2026-09-09T16:26:22Z</time>
    <extensions>
     <power>369</power>
     <gpxtpx:TrackPointExtension>
      <gpxtpx:hr>190</gpxtpx:hr>
      <gpxtpx:cad>84</gpxtpx:cad>
     </gpxtpx:TrackPointExtension>
    </extensions>
   </trkpt>
   <trkpt lat="12.9824250" lon="77.6904710">
    <ele>890.4</ele>
    <time>2026-09-09T16:26:23Z</time>
    <extensions>
     <power>369</power>
     <gpxtpx:TrackPointExtension>
      <gpxtpx:hr>189</gpxtpx:hr>
      <gpxtpx:cad>83</gpxtpx:cad>
     </gpxtpx:TrackPointExtension>
    </extensions>
   </trkpt>
   <trkpt lat="12.9824320" lon="77.6904960">
    <ele>890.4</ele>
    <time>2026-09-09T16:26:24Z</time>
    <extensions>
     <power>351</power>
     <gpxtpx:TrackPointExtension>
      <gpxtpx:hr>189</gpxtpx:hr>
      <gpxtpx:cad>83</gpxtpx:cad>
     </gpxtpx:TrackPointExtension>
    </extensions>
   </trkpt>
   <trkpt lat="12.9824340" lon="77.6905210">
    <ele>890.4</ele>
    <time>2026-09-09T16:26:25Z</time>
    <extensions>
     <power>350</power>
     <gpxtpx:TrackPointExtension>
      <gpxtpx:hr>189</gpxtpx:hr>
      <gpxtpx:cad>83</gpxtpx:cad>
     </gpxtpx:TrackPointExtension>
    </extensions>
   </trkpt>
   <trkpt lat="12.9824330" lon="77.6905460">
    <ele>890.4</ele>
    <time>2026-09-09T16:26:26Z</time>
    <extensions>
     <power>339</power>
     <gpxtpx:TrackPointExtension>
      <gpxtpx:hr>189</gpxtpx:hr>
      <gpxtpx:cad>83</gpxtpx:cad>
     </gpxtpx:TrackPointExtension>
    </extensions>
   </trkpt>
   <trkpt lat="12.9824300" lon="77.6905690">
    <ele>890.4</ele>
    <time>2026-09-09T16:26:27Z</time>
    <extensions>
     <power>343</power>
     <gpxtpx:TrackPointExtension>
      <gpxtpx:hr>189</gpxtpx:hr>
      <gpxtpx:cad>83</gpxtpx:cad>
     </gpxtpx:TrackPointExtension>
    </extensions>
   </trkpt>
   <trkpt lat="12.9824250" lon="77.6905910">
    <ele>890.4</ele>
    <time>2026-09-09T16:26:28Z</time>
    <extensions>
     <power>343</power>
     <gpxtpx:TrackPointExtension>
      <gpxtpx:hr>189</gpxtpx:hr>
      <gpxtpx:cad>83</gpxtpx:cad>
     </gpxtpx:TrackPointExtension>
    </extensions>
   </trkpt>
   <trkpt lat="12.9824200" lon="77.6906140">
    <ele>890.4</ele>
    <time>2026-09-09T16:26:29Z</time>
    <extensions>
     <power>353</power>
     <gpxtpx:TrackPointExtension>
      <gpxtpx:hr>190</gpxtpx:hr>
      <gpxtpx:cad>83</gpxtpx:cad>
     </gpxtpx:TrackPointExtension>
    </extensions>
   </trkpt>
   <trkpt lat="12.9824140" lon="77.6906370">
    <ele>890.4</ele>
    <time>2026-09-09T16:26:30Z</time>
    <extensions>
     <power>337</power>
     <gpxtpx:TrackPointExtension>
      <gpxtpx:hr>190</gpxtpx:hr>
      <gpxtpx:cad>83</gpxtpx:cad>
     </gpxtpx:TrackPointExtension>
    </extensions>
   </trkpt>
   <trkpt lat="12.9824070" lon="77.6906610">
    <ele>890.4</ele>
    <time>2026-09-09T16:26:31Z</time>
    <extensions>
     <power>334</power>
     <gpxtpx:TrackPointExtension>
      <gpxtpx:hr>189</gpxtpx:hr>
      <gpxtpx:cad>83</gpxtpx:cad>
     </gpxtpx:TrackPointExtension>
    </extensions>
   </trkpt>
   <trkpt lat="12.9824000" lon="77.6906850">
    <ele>890.4</ele>
    <time>2026-09-09T16:26:32Z</time>
    <extensions>
     <power>333</power>
     <gpxtpx:TrackPointExtension>
      <gpxtpx:hr>190</gpxtpx:hr>
      <gpxtpx:cad>83</gpxtpx:cad>
     </gpxtpx:TrackPointExtension>
    </extensions>
   </trkpt>
   <trkpt lat="12.9823910" lon="77.6907110">
    <ele>890.4</ele>
    <time>2026-09-09T16:26:33Z</time>
    <extensions>
     <power>335</power>
     <gpxtpx:TrackPointExtension>
      <gpxtpx:hr>190</gpxtpx:hr>
      <gpxtpx:cad>83</gpxtpx:cad>
     </gpxtpx:TrackPointExtension>
    </extensions>
   </trkpt>
   <trkpt lat="12.9823830" lon="77.6907360">
    <ele>890.4</ele>
    <time>2026-09-09T16:26:34Z</time>
    <extensions>
     <power>330</power>
     <gpxtpx:TrackPointExtension>
      <gpxtpx:hr>191</gpxtpx:hr>
      <gpxtpx:cad>83</gpxtpx:cad>
     </gpxtpx:TrackPointExtension>
    </extensions>
   </trkpt>
   <trkpt lat="12.9823740" lon="77.6907620">
    <ele>890.4</ele>
    <time>2026-09-09T16:26:35Z</time>
    <extensions>
     <power>321</power>
     <gpxtpx:TrackPointExtension>
      <gpxtpx:hr>191</gpxtpx:hr>
      <gpxtpx:cad>83</gpxtpx:cad>
     </gpxtpx:TrackPointExtension>
    </extensions>
   </trkpt>
   <trkpt lat="12.9823640" lon="77.6907880">
    <ele>890.4</ele>
    <time>2026-09-09T16:26:36Z</time>
    <extensions>
     <power>309</power>
     <gpxtpx:TrackPointExtension>
      <gpxtpx:hr>192</gpxtpx:hr>
      <gpxtpx:cad>84</gpxtpx:cad>
     </gpxtpx:TrackPointExtension>
    </extensions>
   </trkpt>
   <trkpt lat="12.9823540" lon="77.6908150">
    <ele>890.4</ele>
    <time>2026-09-09T16:26:37Z</time>
    <extensions>
     <power>308</power>
     <gpxtpx:TrackPointExtension>
      <gpxtpx:hr>192</gpxtpx:hr>
      <gpxtpx:cad>85</gpxtpx:cad>
     </gpxtpx:TrackPointExtension>
    </extensions>
   </trkpt>
   <trkpt lat="12.9823490" lon="77.6908410">
    <ele>890.4</ele>
    <time>2026-09-09T16:26:38Z</time>
    <extensions>
     <power>308</power>
     <gpxtpx:TrackPointExtension>
      <gpxtpx:hr>191</gpxtpx:hr>
      <gpxtpx:cad>85</gpxtpx:cad>
     </gpxtpx:TrackPointExtension>
    </extensions>
   </trkpt>
   <trkpt lat="12.9823490" lon="77.6908670">
    <ele>890.4</ele>
    <time>2026-09-09T16:26:39Z</time>
    <extensions>
     <power>316</power>
     <gpxtpx:TrackPointExtension>
      <gpxtpx:hr>191</gpxtpx:hr>
      <gpxtpx:cad>86</gpxtpx:cad>
     </gpxtpx:TrackPointExtension>
    </extensions>
   </trkpt>
   <trkpt lat="12.9823590" lon="77.6908910">
    <ele>890.4</ele>
    <time>2026-09-09T16:26:40Z</time>
    <extensions>
     <power>318</power>
     <gpxtpx:TrackPointExtension>
      <gpxtpx:hr>191</gpxtpx:hr>
      <gpxtpx:cad>85</gpxtpx:cad>
     </gpxtpx:TrackPointExtension>
    </extensions>
   </trkpt>
   <trkpt lat="12.9823740" lon="77.6909090">
    <ele>890.4</ele>
    <time>2026-09-09T16:26:41Z</time>
    <extensions>
     <power>349</power>
     <gpxtpx:TrackPointExtension>
      <gpxtpx:hr>191</gpxtpx:hr>
      <gpxtpx:cad>84</gpxtpx:cad>
     </gpxtpx:TrackPointExtension>
    </extensions>
   </trkpt>
   <trkpt lat="12.9823940" lon="77.6909230">
    <ele>890.4</ele>
    <time>2026-09-09T16:26:42Z</time>
    <extensions>
     <power>358</power>
     <gpxtpx:TrackPointExtension>
      <gpxtpx:hr>191</gpxtpx:hr>
      <gpxtpx:cad>82</gpxtpx:cad>
     </gpxtpx:TrackPointExtension>
    </extensions>
   </trkpt>
   <trkpt lat="12.9824170" lon="77.6909340">
    <ele>890.4</ele>
    <time>2026-09-09T16:26:43Z</time>
    <extensions>
     <power>353</power>
     <gpxtpx:TrackPointExtension>
      <gpxtpx:hr>191</gpxtpx:hr>
      <gpxtpx:cad>81</gpxtpx:cad>
     </gpxtpx:TrackPointExtension>
    </extensions>
   </trkpt>
   <trkpt lat="12.9824410" lon="77.6909440">
    <ele>890.4</ele>
    <time>2026-09-09T16:26:44Z</time>
    <extensions>
     <power>356</power>
     <gpxtpx:TrackPointExtension>
      <gpxtpx:hr>191</gpxtpx:hr>
      <gpxtpx:cad>81</gpxtpx:cad>
     </gpxtpx:TrackPointExtension>
    </extensions>
   </trkpt>
   <trkpt lat="12.9824650" lon="77.6909530">
    <ele>890.4</ele>
    <time>2026-09-09T16:26:45Z</time>
    <extensions>
     <power>356</power>
     <gpxtpx:TrackPointExtension>
      <gpxtpx:hr>191</gpxtpx:hr>
      <gpxtpx:cad>81</gpxtpx:cad>
     </gpxtpx:TrackPointExtension>
    </extensions>
   </trkpt>
   <trkpt lat="12.9824880" lon="77.6909610">
    <ele>890.4</ele>
    <time>2026-09-09T16:26:46Z</time>
    <extensions>
     <power>356</power>
     <gpxtpx:TrackPointExtension>
      <gpxtpx:hr>190</gpxtpx:hr>
      <gpxtpx:cad>82</gpxtpx:cad>
     </gpxtpx:TrackPointExtension>
    </extensions>
   </trkpt>
   <trkpt lat="12.9825100" lon="77.6909700">
    <ele>890.4</ele>
    <time>2026-09-09T16:26:47Z</time>
    <extensions>
     <power>333</power>
     <gpxtpx:TrackPointExtension>
      <gpxtpx:hr>190</gpxtpx:hr>
      <gpxtpx:cad>82</gpxtpx:cad>
     </gpxtpx:TrackPointExtension>
    </extensions>
   </trkpt>
   <trkpt lat="12.9825330" lon="77.6909790">
    <ele>890.4</ele>
    <time>2026-09-09T16:26:48Z</time>
    <extensions>
     <power>321</power>
     <gpxtpx:TrackPointExtension>
      <gpxtpx:hr>190</gpxtpx:hr>
      <gpxtpx:cad>83</gpxtpx:cad>
     </gpxtpx:TrackPointExtension>
    </extensions>
   </trkpt>
   <trkpt lat="12.9825550" lon="77.6909880">
    <ele>890.4</ele>
    <time>2026-09-09T16:26:49Z</time>
    <extensions>
     <power>318</power>
     <gpxtpx:TrackPointExtension>
      <gpxtpx:hr>190</gpxtpx:hr>
      <gpxtpx:cad>84</gpxtpx:cad>
     </gpxtpx:TrackPointExtension>
    </extensions>
   </trkpt>
   <trkpt lat="12.9825780" lon="77.6909970">
    <ele>890.4</ele>
    <time>2026-09-09T16:26:50Z</time>
    <extensions>
     <power>318</power>
     <gpxtpx:TrackPointExtension>
      <gpxtpx:hr>189</gpxtpx:hr>
      <gpxtpx:cad>84</gpxtpx:cad>
     </gpxtpx:TrackPointExtension>
    </extensions>
   </trkpt>
   <trkpt lat="12.9826020" lon="77.6910060">
    <ele>890.4</ele>
    <time>2026-09-09T16:26:51Z</time>
    <extensions>
     <power>317</power>
     <gpxtpx:TrackPointExtension>
      <gpxtpx:hr>189</gpxtpx:hr>
      <gpxtpx:cad>84</gpxtpx:cad>
     </gpxtpx:TrackPointExtension>
    </extensions>
   </trkpt>
   <trkpt lat="12.9826260" lon="77.6910150">
    <ele>890.4</ele>
    <time>2026-09-09T16:26:52Z</time>
    <extensions>
     <power>317</power>
     <gpxtpx:TrackPointExtension>
      <gpxtpx:hr>190</gpxtpx:hr>
      <gpxtpx:cad>83</gpxtpx:cad>
     </gpxtpx:TrackPointExtension>
    </extensions>
   </trkpt>
   <trkpt lat="12.9826510" lon="77.6910250">
    <ele>890.4</ele>
    <time>2026-09-09T16:26:53Z</time>
    <extensions>
     <power>317</power>
     <gpxtpx:TrackPointExtension>
      <gpxtpx:hr>190</gpxtpx:hr>
      <gpxtpx:cad>83</gpxtpx:cad>
     </gpxtpx:TrackPointExtension>
    </extensions>
   </trkpt>
   <trkpt lat="12.9826760" lon="77.6910340">
    <ele>890.4</ele>
    <time>2026-09-09T16:26:54Z</time>
    <extensions>
     <power>317</power>
     <gpxtpx:TrackPointExtension>
      <gpxtpx:hr>190</gpxtpx:hr>
      <gpxtpx:cad>83</gpxtpx:cad>
     </gpxtpx:TrackPointExtension>
    </extensions>
   </trkpt>
   <trkpt lat="12.9827020" lon="77.6910440">
    <ele>890.4</ele>
    <time>2026-09-09T16:26:55Z</time>
    <extensions>
     <power>317</power>
     <gpxtpx:TrackPointExtension>
      <gpxtpx:hr>190</gpxtpx:hr>
      <gpxtpx:cad>83</gpxtpx:cad>
     </gpxtpx:TrackPointExtension>
    </extensions>
   </trkpt>
   <trkpt lat="12.9827280" lon="77.6910530">
    <ele>890.4</ele>
    <time>2026-09-09T16:26:56Z</time>
    <extensions>
     <power>317</power>
     <gpxtpx:TrackPointExtension>
      <gpxtpx:hr>190</gpxtpx:hr>
      <gpxtpx:cad>84</gpxtpx:cad>
     </gpxtpx:TrackPointExtension>
    </extensions>
   </trkpt>
   <trkpt lat="12.9827540" lon="77.6910610">
    <ele>890.2</ele>
    <time>2026-09-09T16:26:57Z</time>
    <extensions>
     <power>317</power>
     <gpxtpx:TrackPointExtension>
      <gpxtpx:hr>190</gpxtpx:hr>
      <gpxtpx:cad>84</gpxtpx:cad>
     </gpxtpx:TrackPointExtension>
    </extensions>
   </trkpt>
   <trkpt lat="12.9827810" lon="77.6910700">
    <ele>890.2</ele>
    <time>2026-09-09T16:26:58Z</time>
    <extensions>
     <power>349</power>
     <gpxtpx:TrackPointExtension>
      <gpxtpx:hr>190</gpxtpx:hr>
      <gpxtpx:cad>84</gpxtpx:cad>
     </gpxtpx:TrackPointExtension>
    </extensions>
   </trkpt>
   <trkpt lat="12.9828070" lon="77.6910780">
    <ele>890.2</ele>
    <time>2026-09-09T16:26:59Z</time>
    <extensions>
     <power>355</power>
     <gpxtpx:TrackPointExtension>
      <gpxtpx:hr>190</gpxtpx:hr>
      <gpxtpx:cad>84</gpxtpx:cad>
     </gpxtpx:TrackPointExtension>
    </extensions>
   </trkpt>
   <trkpt lat="12.9828330" lon="77.6910880">
    <ele>890.2</ele>
    <time>2026-09-09T16:27:00Z</time>
    <extensions>
     <power>354</power>
     <gpxtpx:TrackPointExtension>
      <gpxtpx:hr>190</gpxtpx:hr>
      <gpxtpx:cad>84</gpxtpx:cad>
     </gpxtpx:TrackPointExtension>
    </extensions>
   </trkpt>
   <trkpt lat="12.9828600" lon="77.6910970">
    <ele>890.2</ele>
    <time>2026-09-09T16:27:01Z</time>
    <extensions>
     <power>353</power>
     <gpxtpx:TrackPointExtension>
      <gpxtpx:hr>190</gpxtpx:hr>
      <gpxtpx:cad>83</gpxtpx:cad>
     </gpxtpx:TrackPointExtension>
    </extensions>
   </trkpt>
   <trkpt lat="12.9828860" lon="77.6911070">
    <ele>890.2</ele>
    <time>2026-09-09T16:27:02Z</time>
    <extensions>
     <power>353</power>
     <gpxtpx:TrackPointExtension>
      <gpxtpx:hr>190</gpxtpx:hr>
      <gpxtpx:cad>83</gpxtpx:cad>
     </gpxtpx:TrackPointExtension>
    </extensions>
   </trkpt>
   <trkpt lat="12.9829130" lon="77.6911170">
    <ele>890.2</ele>
    <time>2026-09-09T16:27:03Z</time>
    <extensions>
     <power>353</power>
     <gpxtpx:TrackPointExtension>
      <gpxtpx:hr>189</gpxtpx:hr>
      <gpxtpx:cad>83</gpxtpx:cad>
     </gpxtpx:TrackPointExtension>
    </extensions>
   </trkpt>
   <trkpt lat="12.9829390" lon="77.6911260">
    <ele>890.2</ele>
    <time>2026-09-09T16:27:04Z</time>
    <extensions>
     <power>353</power>
     <gpxtpx:TrackPointExtension>
      <gpxtpx:hr>189</gpxtpx:hr>
      <gpxtpx:cad>83</gpxtpx:cad>
     </gpxtpx:TrackPointExtension>
    </extensions>
   </trkpt>
   <trkpt lat="12.9829660" lon="77.6911350">
    <ele>890.2</ele>
    <time>2026-09-09T16:27:05Z</time>
    <extensions>
     <power>330</power>
     <gpxtpx:TrackPointExtension>
      <gpxtpx:hr>189</gpxtpx:hr>
      <gpxtpx:cad>83</gpxtpx:cad>
     </gpxtpx:TrackPointExtension>
    </extensions>
   </trkpt>
   <trkpt lat="12.9829920" lon="77.6911440">
    <ele>890.2</ele>
    <time>2026-09-09T16:27:06Z</time>
    <extensions>
     <power>326</power>
     <gpxtpx:TrackPointExtension>
      <gpxtpx:hr>190</gpxtpx:hr>
      <gpxtpx:cad>84</gpxtpx:cad>
     </gpxtpx:TrackPointExtension>
    </extensions>
   </trkpt>
   <trkpt lat="12.9830200" lon="77.6911520">
    <ele>890.2</ele>
    <time>2026-09-09T16:27:07Z</time>
    <extensions>
     <power>325</power>
     <gpxtpx:TrackPointExtension>
      <gpxtpx:hr>190</gpxtpx:hr>
      <gpxtpx:cad>83</gpxtpx:cad>
     </gpxtpx:TrackPointExtension>
    </extensions>
   </trkpt>
   <trkpt lat="12.9830470" lon="77.6911610">
    <ele>890.2</ele>
    <time>2026-09-09T16:27:08Z</time>
    <extensions>
     <power>316</power>
     <gpxtpx:TrackPointExtension>
      <gpxtpx:hr>190</gpxtpx:hr>
      <gpxtpx:cad>83</gpxtpx:cad>
     </gpxtpx:TrackPointExtension>
    </extensions>
   </trkpt>
   <trkpt lat="12.9830740" lon="77.6911700">
    <ele>890.2</ele>
    <time>2026-09-09T16:27:09Z</time>
    <extensions>
     <power>316</power>
     <gpxtpx:TrackPointExtension>
      <gpxtpx:hr>190</gpxtpx:hr>
      <gpxtpx:cad>83</gpxtpx:cad>
     </gpxtpx:TrackPointExtension>
    </extensions>
   </trkpt>
   <trkpt lat="12.9831010" lon="77.6911790">
    <ele>890.2</ele>
    <time>2026-09-09T16:27:10Z</time>
    <extensions>
     <power>317</power>
     <gpxtpx:TrackPointExtension>
      <gpxtpx:hr>190</gpxtpx:hr>
      <gpxtpx:cad>83</gpxtpx:cad>
     </gpxtpx:TrackPointExtension>
    </extensions>
   </trkpt>
   <trkpt lat="12.9831270" lon="77.6911880">
    <ele>890.2</ele>
    <time>2026-09-09T16:27:11Z</time>
    <extensions>
     <power>317</power>
     <gpxtpx:TrackPointExtension>
      <gpxtpx:hr>190</gpxtpx:hr>
      <gpxtpx:cad>83</gpxtpx:cad>
     </gpxtpx:TrackPointExtension>
    </extensions>
   </trkpt>
   <trkpt lat="12.9831540" lon="77.6911970">
    <ele>890.2</ele>
    <time>2026-09-09T16:27:12Z</time>
    <extensions>
     <power>317</power>
     <gpxtpx:TrackPointExtension>
      <gpxtpx:hr>190</gpxtpx:hr>
      <gpxtpx:cad>84</gpxtpx:cad>
     </gpxtpx:TrackPointExtension>
    </extensions>
   </trkpt>
   <trkpt lat="12.9831820" lon="77.6912050">
    <ele>890.2</ele>
    <time>2026-09-09T16:27:13Z</time>
    <extensions>
     <power>321</power>
     <gpxtpx:TrackPointExtension>
      <gpxtpx:hr>190</gpxtpx:hr>
      <gpxtpx:cad>84</gpxtpx:cad>
     </gpxtpx:TrackPointExtension>
    </extensions>
   </trkpt>
   <trkpt lat="12.9832080" lon="77.6912130">
    <ele>890.2</ele>
    <time>2026-09-09T16:27:14Z</time>
    <extensions>
     <power>321</power>
     <gpxtpx:TrackPointExtension>
      <gpxtpx:hr>190</gpxtpx:hr>
      <gpxtpx:cad>84</gpxtpx:cad>
     </gpxtpx:TrackPointExtension>
    </extensions>
   </trkpt>
   <trkpt lat="12.9832350" lon="77.6912200">
    <ele>890.2</ele>
    <time>2026-09-09T16:27:15Z</time>
    <extensions>
     <power>321</power>
     <gpxtpx:TrackPointExtension>
      <gpxtpx:hr>190</gpxtpx:hr>
      <gpxtpx:cad>84</gpxtpx:cad>
     </gpxtpx:TrackPointExtension>
    </extensions>
   </trkpt>
   <trkpt lat="12.9832610" lon="77.6912270">
    <ele>890.2</ele>
    <time>2026-09-09T16:27:16Z</time>
    <extensions>
     <power>320</power>
     <gpxtpx:TrackPointExtension>
      <gpxtpx:hr>190</gpxtpx:hr>
      <gpxtpx:cad>84</gpxtpx:cad>
     </gpxtpx:TrackPointExtension>
    </extensions>
   </trkpt>
   <trkpt lat="12.9832890" lon="77.6912340">
    <ele>890.2</ele>
    <time>2026-09-09T16:27:17Z</time>
    <extensions>
     <power>323</power>
     <gpxtpx:TrackPointExtension>
      <gpxtpx:hr>190</gpxtpx:hr>
      <gpxtpx:cad>83</gpxtpx:cad>
     </gpxtpx:TrackPointExtension>
    </extensions>
   </trkpt>
   <trkpt lat="12.9833160" lon="77.6912410">
    <ele>890.2</ele>
    <time>2026-09-09T16:27:18Z</time>
    <extensions>
     <power>324</power>
     <gpxtpx:TrackPointExtension>
      <gpxtpx:hr>190</gpxtpx:hr>
      <gpxtpx:cad>83</gpxtpx:cad>
     </gpxtpx:TrackPointExtension>
    </extensions>
   </trkpt>
   <trkpt lat="12.9833420" lon="77.6912490">
    <ele>890.2</ele>
    <time>2026-09-09T16:27:19Z</time>
    <extensions>
     <power>331</power>
     <gpxtpx:TrackPointExtension>
      <gpxtpx:hr>190</gpxtpx:hr>
      <gpxtpx:cad>83</gpxtpx:cad>
     </gpxtpx:TrackPointExtension>
    </extensions>
   </trkpt>
   <trkpt lat="12.9833670" lon="77.6912570">
    <ele>890.2</ele>
    <time>2026-09-09T16:27:20Z</time>
    <extensions>
     <power>332</power>
     <gpxtpx:TrackPointExtension>
      <gpxtpx:hr>190</gpxtpx:hr>
      <gpxtpx:cad>82</gpxtpx:cad>
     </gpxtpx:TrackPointExtension>
    </extensions>
   </trkpt>
   <trkpt lat="12.9833940" lon="77.6912650">
    <ele>890.2</ele>
    <time>2026-09-09T16:27:21Z</time>
    <extensions>
     <power>324</power>
     <gpxtpx:TrackPointExtension>
      <gpxtpx:hr>190</gpxtpx:hr>
      <gpxtpx:cad>82</gpxtpx:cad>
     </gpxtpx:TrackPointExtension>
    </extensions>
   </trkpt>
   <trkpt lat="12.9834190" lon="77.6912730">
    <ele>890.2</ele>
    <time>2026-09-09T16:27:22Z</time>
    <extensions>
     <power>307</power>
     <gpxtpx:TrackPointExtension>
      <gpxtpx:hr>190</gpxtpx:hr>
      <gpxtpx:cad>82</gpxtpx:cad>
     </gpxtpx:TrackPointExtension>
    </extensions>
   </trkpt>
   <trkpt lat="12.9834450" lon="77.6912810">
    <ele>890.2</ele>
    <time>2026-09-09T16:27:23Z</time>
    <extensions>
     <power>304</power>
     <gpxtpx:TrackPointExtension>
      <gpxtpx:hr>190</gpxtpx:hr>
      <gpxtpx:cad>82</gpxtpx:cad>
     </gpxtpx:TrackPointExtension>
    </extensions>
   </trkpt>
   <trkpt lat="12.9834710" lon="77.6912890">
    <ele>890.2</ele>
    <time>2026-09-09T16:27:24Z</time>
    <extensions>
     <power>303</power>
     <gpxtpx:TrackPointExtension>
      <gpxtpx:hr>190</gpxtpx:hr>
      <gpxtpx:cad>82</gpxtpx:cad>
     </gpxtpx:TrackPointExtension>
    </extensions>
   </trkpt>
   <trkpt lat="12.9834970" lon="77.6912980">
    <ele>890.2</ele>
    <time>2026-09-09T16:27:25Z</time>
    <extensions>
     <power>303</power>
     <gpxtpx:TrackPointExtension>
      <gpxtpx:hr>190</gpxtpx:hr>
      <gpxtpx:cad>83</gpxtpx:cad>
     </gpxtpx:TrackPointExtension>
    </extensions>
   </trkpt>
   <trkpt lat="12.9835230" lon="77.6913090">
    <ele>890.2</ele>
    <time>2026-09-09T16:27:26Z</time>
    <extensions>
     <power>311</power>
     <gpxtpx:TrackPointExtension>
      <gpxtpx:hr>190</gpxtpx:hr>
      <gpxtpx:cad>83</gpxtpx:cad>
     </gpxtpx:TrackPointExtension>
    </extensions>
   </trkpt>
   <trkpt lat="12.9835480" lon="77.6913220">
    <ele>890.2</ele>
    <time>2026-09-09T16:27:27Z</time>
    <extensions>
     <power>313</power>
     <gpxtpx:TrackPointExtension>
      <gpxtpx:hr>190</gpxtpx:hr>
      <gpxtpx:cad>84</gpxtpx:cad>
     </gpxtpx:TrackPointExtension>
    </extensions>
   </trkpt>
   <trkpt lat="12.9835700" lon="77.6913400">
    <ele>890.2</ele>
    <time>2026-09-09T16:27:28Z</time>
    <extensions>
     <power>313</power>
     <gpxtpx:TrackPointExtension>
      <gpxtpx:hr>190</gpxtpx:hr>
      <gpxtpx:cad>84</gpxtpx:cad>
     </gpxtpx:TrackPointExtension>
    </extensions>
   </trkpt>
   <trkpt lat="12.9835910" lon="77.6913660">
    <ele>890.2</ele>
    <time>2026-09-09T16:27:29Z</time>
    <extensions>
     <power>313</power>
     <gpxtpx:TrackPointExtension>
      <gpxtpx:hr>189</gpxtpx:hr>
      <gpxtpx:cad>83</gpxtpx:cad>
     </gpxtpx:TrackPointExtension>
    </extensions>
   </trkpt>
   <trkpt lat="12.9836000" lon="77.6913860">
    <ele>890.2</ele>
    <time>2026-09-09T16:27:30Z</time>
    <extensions>
     <power>312</power>
     <gpxtpx:TrackPointExtension>
      <gpxtpx:hr>189</gpxtpx:hr>
      <gpxtpx:cad>83</gpxtpx:cad>
     </gpxtpx:TrackPointExtension>
    </extensions>
   </trkpt>
   <trkpt lat="12.9836070" lon="77.6914120">
    <ele>890.2</ele>
    <time>2026-09-09T16:27:31Z</time>
    <extensions>
     <power>312</power>
     <gpxtpx:TrackPointExtension>
      <gpxtpx:hr>189</gpxtpx:hr>
      <gpxtpx:cad>83</gpxtpx:cad>
     </gpxtpx:TrackPointExtension>
    </extensions>
   </trkpt>
   <trkpt lat="12.9836100" lon="77.6914380">
    <ele>890.2</ele>
    <time>2026-09-09T16:27:32Z</time>
    <extensions>
     <power>312</power>
     <gpxtpx:TrackPointExtension>
      <gpxtpx:hr>189</gpxtpx:hr>
      <gpxtpx:cad>83</gpxtpx:cad>
     </gpxtpx:TrackPointExtension>
    </extensions>
   </trkpt>
   <trkpt lat="12.9836100" lon="77.6914630">
    <ele>890.2</ele>
    <time>2026-09-09T16:27:33Z</time>
    <extensions>
     <power>312</power>
     <gpxtpx:TrackPointExtension>
      <gpxtpx:hr>189</gpxtpx:hr>
      <gpxtpx:cad>83</gpxtpx:cad>
     </gpxtpx:TrackPointExtension>
    </extensions>
   </trkpt>
   <trkpt lat="12.9836090" lon="77.6914890">
    <ele>890.2</ele>
    <time>2026-09-09T16:27:34Z</time>
    <extensions>
     <power>312</power>
     <gpxtpx:TrackPointExtension>
      <gpxtpx:hr>189</gpxtpx:hr>
      <gpxtpx:cad>83</gpxtpx:cad>
     </gpxtpx:TrackPointExtension>
    </extensions>
   </trkpt>
   <trkpt lat="12.9836060" lon="77.6915120">
    <ele>890.2</ele>
    <time>2026-09-09T16:27:35Z</time>
    <extensions>
     <power>322</power>
     <gpxtpx:TrackPointExtension>
      <gpxtpx:hr>189</gpxtpx:hr>
      <gpxtpx:cad>83</gpxtpx:cad>
     </gpxtpx:TrackPointExtension>
    </extensions>
   </trkpt>
   <trkpt lat="12.9836010" lon="77.6915350">
    <ele>890.2</ele>
    <time>2026-09-09T16:27:36Z</time>
    <extensions>
     <power>324</power>
     <gpxtpx:TrackPointExtension>
      <gpxtpx:hr>189</gpxtpx:hr>
      <gpxtpx:cad>82</gpxtpx:cad>
     </gpxtpx:TrackPointExtension>
    </extensions>
   </trkpt>
   <trkpt lat="12.9835960" lon="77.6915590">
    <ele>890.2</ele>
    <time>2026-09-09T16:27:37Z</time>
    <extensions>
     <power>325</power>
     <gpxtpx:TrackPointExtension>
      <gpxtpx:hr>189</gpxtpx:hr>
      <gpxtpx:cad>82</gpxtpx:cad>
     </gpxtpx:TrackPointExtension>
    </extensions>
   </trkpt>
   <trkpt lat="12.9835900" lon="77.6915840">
    <ele>890.2</ele>
    <time>2026-09-09T16:27:38Z</time>
    <extensions>
     <power>326</power>
     <gpxtpx:TrackPointExtension>
      <gpxtpx:hr>190</gpxtpx:hr>
      <gpxtpx:cad>82</gpxtpx:cad>
     </gpxtpx:TrackPointExtension>
    </extensions>
   </trkpt>
   <trkpt lat="12.9835840" lon="77.6916110">
    <ele>890.2</ele>
    <time>2026-09-09T16:27:39Z</time>
    <extensions>
     <power>315</power>
     <gpxtpx:TrackPointExtension>
      <gpxtpx:hr>190</gpxtpx:hr>
      <gpxtpx:cad>82</gpxtpx:cad>
     </gpxtpx:TrackPointExtension>
    </extensions>
   </trkpt>
   <trkpt lat="12.9835770" lon="77.6916390">
    <ele>890.2</ele>
    <time>2026-09-09T16:27:40Z</time>
    <extensions>
     <power>313</power>
     <gpxtpx:TrackPointExtension>
      <gpxtpx:hr>190</gpxtpx:hr>
      <gpxtpx:cad>83</gpxtpx:cad>
     </gpxtpx:TrackPointExtension>
    </extensions>
   </trkpt>
   <trkpt lat="12.9835690" lon="77.6916660">
    <ele>890.2</ele>
    <time>2026-09-09T16:27:41Z</time>
    <extensions>
     <power>314</power>
     <gpxtpx:TrackPointExtension>
      <gpxtpx:hr>190</gpxtpx:hr>
      <gpxtpx:cad>83</gpxtpx:cad>
     </gpxtpx:TrackPointExtension>
    </extensions>
   </trkpt>
   <trkpt lat="12.9835590" lon="77.6916980">
    <ele>890.2</ele>
    <time>2026-09-09T16:27:42Z</time>
    <extensions>
     <power>314</power>
     <gpxtpx:TrackPointExtension>
      <gpxtpx:hr>190</gpxtpx:hr>
      <gpxtpx:cad>84</gpxtpx:cad>
     </gpxtpx:TrackPointExtension>
    </extensions>
   </trkpt>
   <trkpt lat="12.9835500" lon="77.6917220">
    <ele>890.2</ele>
    <time>2026-09-09T16:27:43Z</time>
    <extensions>
     <power>314</power>
     <gpxtpx:TrackPointExtension>
      <gpxtpx:hr>190</gpxtpx:hr>
      <gpxtpx:cad>84</gpxtpx:cad>
     </gpxtpx:TrackPointExtension>
    </extensions>
   </trkpt>
   <trkpt lat="12.9835380" lon="77.6917480">
    <ele>890.2</ele>
    <time>2026-09-09T16:27:44Z</time>
    <extensions>
     <power>313</power>
     <gpxtpx:TrackPointExtension>
      <gpxtpx:hr>190</gpxtpx:hr>
      <gpxtpx:cad>85</gpxtpx:cad>
     </gpxtpx:TrackPointExtension>
    </extensions>
   </trkpt>
   <trkpt lat="12.9835230" lon="77.6917740">
    <ele>890.2</ele>
    <time>2026-09-09T16:27:45Z</time>
    <extensions>
     <power>312</power>
     <gpxtpx:TrackPointExtension>
      <gpxtpx:hr>190</gpxtpx:hr>
      <gpxtpx:cad>86</gpxtpx:cad>
     </gpxtpx:TrackPointExtension>
    </extensions>
   </trkpt>
   <trkpt lat="12.9835050" lon="77.6917960">
    <ele>890.0</ele>
    <time>2026-09-09T16:27:46Z</time>
    <extensions>
     <power>314</power>
     <gpxtpx:TrackPointExtension>
      <gpxtpx:hr>190</gpxtpx:hr>
      <gpxtpx:cad>86</gpxtpx:cad>
     </gpxtpx:TrackPointExtension>
    </extensions>
   </trkpt>
   <trkpt lat="12.9834830" lon="77.6918160">
    <ele>890.0</ele>
    <time>2026-09-09T16:27:47Z</time>
    <extensions>
     <power>339</power>
     <gpxtpx:TrackPointExtension>
      <gpxtpx:hr>190</gpxtpx:hr>
      <gpxtpx:cad>85</gpxtpx:cad>
     </gpxtpx:TrackPointExtension>
    </extensions>
   </trkpt>
   <trkpt lat="12.9834600" lon="77.6918310">
    <ele>890.0</ele>
    <time>2026-09-09T16:27:48Z</time>
    <extensions>
     <power>345</power>
     <gpxtpx:TrackPointExtension>
      <gpxtpx:hr>190</gpxtpx:hr>
      <gpxtpx:cad>84</gpxtpx:cad>
     </gpxtpx:TrackPointExtension>
    </extensions>
   </trkpt>
   <trkpt lat="12.9834370" lon="77.6918420">
    <ele>890.0</ele>
    <time>2026-09-09T16:27:49Z</time>
    <extensions>
     <power>345</power>
     <gpxtpx:TrackPointExtension>
      <gpxtpx:hr>190</gpxtpx:hr>
      <gpxtpx:cad>83</gpxtpx:cad>
     </gpxtpx:TrackPointExtension>
    </extensions>
   </trkpt>
   <trkpt lat="12.9834120" lon="77.6918500">
    <ele>890.0</ele>
    <time>2026-09-09T16:27:50Z</time>
    <extensions>
     <power>345</power>
     <gpxtpx:TrackPointExtension>
      <gpxtpx:hr>190</gpxtpx:hr>
      <gpxtpx:cad>83</gpxtpx:cad>
     </gpxtpx:TrackPointExtension>
    </extensions>
   </trkpt>
   <trkpt lat="12.9833880" lon="77.6918560">
    <ele>890.0</ele>
    <time>2026-09-09T16:27:51Z</time>
    <extensions>
     <power>347</power>
     <gpxtpx:TrackPointExtension>
      <gpxtpx:hr>190</gpxtpx:hr>
      <gpxtpx:cad>82</gpxtpx:cad>
     </gpxtpx:TrackPointExtension>
    </extensions>
   </trkpt>
   <trkpt lat="12.9833630" lon="77.6918600">
    <ele>890.0</ele>
    <time>2026-09-09T16:27:52Z</time>
    <extensions>
     <power>347</power>
     <gpxtpx:TrackPointExtension>
      <gpxtpx:hr>190</gpxtpx:hr>
      <gpxtpx:cad>82</gpxtpx:cad>
     </gpxtpx:TrackPointExtension>
    </extensions>
   </trkpt>
   <trkpt lat="12.9833370" lon="77.6918640">
    <ele>890.0</ele>
    <time>2026-09-09T16:27:53Z</time>
    <extensions>
     <power>346</power>
     <gpxtpx:TrackPointExtension>
      <gpxtpx:hr>190</gpxtpx:hr>
      <gpxtpx:cad>83</gpxtpx:cad>
     </gpxtpx:TrackPointExtension>
    </extensions>
   </trkpt>
   <trkpt lat="12.9833110" lon="77.6918690">
    <ele>890.0</ele>
    <time>2026-09-09T16:27:54Z</time>
    <extensions>
     <power>338</power>
     <gpxtpx:TrackPointExtension>
      <gpxtpx:hr>191</gpxtpx:hr>
      <gpxtpx:cad>83</gpxtpx:cad>
     </gpxtpx:TrackPointExtension>
    </extensions>
   </trkpt>
   <trkpt lat="12.9832840" lon="77.6918750">
    <ele>890.0</ele>
    <time>2026-09-09T16:27:55Z</time>
    <extensions>
     <power>347</power>
     <gpxtpx:TrackPointExtension>
      <gpxtpx:hr>191</gpxtpx:hr>
      <gpxtpx:cad>83</gpxtpx:cad>
     </gpxtpx:TrackPointExtension>
    </extensions>
   </trkpt>
   <trkpt lat="12.9832600" lon="77.6918860">
    <ele>890.0</ele>
    <time>2026-09-09T16:27:56Z</time>
    <extensions>
     <power>348</power>
     <gpxtpx:TrackPointExtension>
      <gpxtpx:hr>190</gpxtpx:hr>
      <gpxtpx:cad>83</gpxtpx:cad>
     </gpxtpx:TrackPointExtension>
    </extensions>
   </trkpt>
   <trkpt lat="12.9832380" lon="77.6919000">
    <ele>890.0</ele>
    <time>2026-09-09T16:27:57Z</time>
    <extensions>
     <power>349</power>
     <gpxtpx:TrackPointExtension>
      <gpxtpx:hr>190</gpxtpx:hr>
      <gpxtpx:cad>83</gpxtpx:cad>
     </gpxtpx:TrackPointExtension>
    </extensions>
   </trkpt>
   <trkpt lat="12.9832190" lon="77.6919180">
    <ele>890.0</ele>
    <time>2026-09-09T16:27:58Z</time>
    <extensions>
     <power>339</power>
     <gpxtpx:TrackPointExtension>
      <gpxtpx:hr>191</gpxtpx:hr>
      <gpxtpx:cad>83</gpxtpx:cad>
     </gpxtpx:TrackPointExtension>
    </extensions>
   </trkpt>
   <trkpt lat="12.9832040" lon="77.6919400">
    <ele>890.0</ele>
    <time>2026-09-09T16:27:59Z</time>
    <extensions>
     <power>337</power>
     <gpxtpx:TrackPointExtension>
      <gpxtpx:hr>191</gpxtpx:hr>
      <gpxtpx:cad>84</gpxtpx:cad>
     </gpxtpx:TrackPointExtension>
    </extensions>
   </trkpt>
   <trkpt lat="12.9831890" lon="77.6919620">
    <ele>890.0</ele>
    <time>2026-09-09T16:28:00Z</time>
    <extensions>
     <power>336</power>
     <gpxtpx:TrackPointExtension>
      <gpxtpx:hr>191</gpxtpx:hr>
      <gpxtpx:cad>84</gpxtpx:cad>
     </gpxtpx:TrackPointExtension>
    </extensions>
   </trkpt>
   <trkpt lat="12.9831740" lon="77.6919840">
    <ele>890.0</ele>
    <time>2026-09-09T16:28:01Z</time>
    <extensions>
     <power>333</power>
     <gpxtpx:TrackPointExtension>
      <gpxtpx:hr>190</gpxtpx:hr>
      <gpxtpx:cad>84</gpxtpx:cad>
     </gpxtpx:TrackPointExtension>
    </extensions>
   </trkpt>
   <trkpt lat="12.9831570" lon="77.6920060">
    <ele>890.0</ele>
    <time>2026-09-09T16:28:02Z</time>
    <extensions>
     <power>342</power>
     <gpxtpx:TrackPointExtension>
      <gpxtpx:hr>190</gpxtpx:hr>
      <gpxtpx:cad>84</gpxtpx:cad>
     </gpxtpx:TrackPointExtension>
    </extensions>
   </trkpt>
   <trkpt lat="12.9831380" lon="77.6920250">
    <ele>890.0</ele>
    <time>2026-09-09T16:28:03Z</time>
    <extensions>
     <power>344</power>
     <gpxtpx:TrackPointExtension>
      <gpxtpx:hr>191</gpxtpx:hr>
      <gpxtpx:cad>83</gpxtpx:cad>
     </gpxtpx:TrackPointExtension>
    </extensions>
   </trkpt>
   <trkpt lat="12.9831170" lon="77.6920410">
    <ele>890.0</ele>
    <time>2026-09-09T16:28:04Z</time>
    <extensions>
     <power>334</power>
     <gpxtpx:TrackPointExtension>
      <gpxtpx:hr>191</gpxtpx:hr>
      <gpxtpx:cad>83</gpxtpx:cad>
     </gpxtpx:TrackPointExtension>
    </extensions>
   </trkpt>
   <trkpt lat="12.9830960" lon="77.6920570">
    <ele>890.0</ele>
    <time>2026-09-09T16:28:05Z</time>
    <extensions>
     <power>332</power>
     <gpxtpx:TrackPointExtension>
      <gpxtpx:hr>191</gpxtpx:hr>
      <gpxtpx:cad>83</gpxtpx:cad>
     </gpxtpx:TrackPointExtension>
    </extensions>
   </trkpt>
   <trkpt lat="12.9830730" lon="77.6920710">
    <ele>890.0</ele>
    <time>2026-09-09T16:28:06Z</time>
    <extensions>
     <power>332</power>
     <gpxtpx:TrackPointExtension>
      <gpxtpx:hr>191</gpxtpx:hr>
      <gpxtpx:cad>83</gpxtpx:cad>
     </gpxtpx:TrackPointExtension>
    </extensions>
   </trkpt>
   <trkpt lat="12.9830500" lon="77.6920850">
    <ele>890.0</ele>
    <time>2026-09-09T16:28:07Z</time>
    <extensions>
     <power>336</power>
     <gpxtpx:TrackPointExtension>
      <gpxtpx:hr>191</gpxtpx:hr>
      <gpxtpx:cad>83</gpxtpx:cad>
     </gpxtpx:TrackPointExtension>
    </extensions>
   </trkpt>
   <trkpt lat="12.9830270" lon="77.6920990">
    <ele>890.0</ele>
    <time>2026-09-09T16:28:08Z</time>
    <extensions>
     <power>336</power>
     <gpxtpx:TrackPointExtension>
      <gpxtpx:hr>191</gpxtpx:hr>
      <gpxtpx:cad>83</gpxtpx:cad>
     </gpxtpx:TrackPointExtension>
    </extensions>
   </trkpt>
   <trkpt lat="12.9830030" lon="77.6921130">
    <ele>890.0</ele>
    <time>2026-09-09T16:28:09Z</time>
    <extensions>
     <power>317</power>
     <gpxtpx:TrackPointExtension>
      <gpxtpx:hr>191</gpxtpx:hr>
      <gpxtpx:cad>83</gpxtpx:cad>
     </gpxtpx:TrackPointExtension>
    </extensions>
   </trkpt>
   <trkpt lat="12.9829790" lon="77.6921250">
    <ele>890.0</ele>
    <time>2026-09-09T16:28:10Z</time>
    <extensions>
     <power>313</power>
     <gpxtpx:TrackPointExtension>
      <gpxtpx:hr>191</gpxtpx:hr>
      <gpxtpx:cad>83</gpxtpx:cad>
     </gpxtpx:TrackPointExtension>
    </extensions>
   </trkpt>
   <trkpt lat="12.9829540" lon="77.6921380">
    <ele>890.0</ele>
    <time>2026-09-09T16:28:11Z</time>
    <extensions>
     <power>312</power>
     <gpxtpx:TrackPointExtension>
      <gpxtpx:hr>191</gpxtpx:hr>
      <gpxtpx:cad>83</gpxtpx:cad>
     </gpxtpx:TrackPointExtension>
    </extensions>
   </trkpt>
   <trkpt lat="12.9829310" lon="77.6921500">
    <ele>890.0</ele>
    <time>2026-09-09T16:28:12Z</time>
    <extensions>
     <power>312</power>
     <gpxtpx:TrackPointExtension>
      <gpxtpx:hr>192</gpxtpx:hr>
      <gpxtpx:cad>83</gpxtpx:cad>
     </gpxtpx:TrackPointExtension>
    </extensions>
   </trkpt>
   <trkpt lat="12.9829050" lon="77.6921640">
    <ele>890.0</ele>
    <time>2026-09-09T16:28:13Z</time>
    <extensions>
     <power>312</power>
     <gpxtpx:TrackPointExtension>
      <gpxtpx:hr>192</gpxtpx:hr>
      <gpxtpx:cad>83</gpxtpx:cad>
     </gpxtpx:TrackPointExtension>
    </extensions>
   </trkpt>
   <trkpt lat="12.9828830" lon="77.6921760">
    <ele>890.0</ele>
    <time>2026-09-09T16:28:14Z</time>
    <extensions>
     <power>318</power>
     <gpxtpx:TrackPointExtension>
      <gpxtpx:hr>192</gpxtpx:hr>
      <gpxtpx:cad>83</gpxtpx:cad>
     </gpxtpx:TrackPointExtension>
    </extensions>
   </trkpt>
   <trkpt lat="12.9828600" lon="77.6921920">
    <ele>890.0</ele>
    <time>2026-09-09T16:28:15Z</time>
    <extensions>
     <power>320</power>
     <gpxtpx:TrackPointExtension>
      <gpxtpx:hr>192</gpxtpx:hr>
      <gpxtpx:cad>83</gpxtpx:cad>
     </gpxtpx:TrackPointExtension>
    </extensions>
   </trkpt>
   <trkpt lat="12.9828390" lon="77.6922080">
    <ele>890.0</ele>
    <time>2026-09-09T16:28:16Z</time>
    <extensions>
     <power>320</power>
     <gpxtpx:TrackPointExtension>
      <gpxtpx:hr>191</gpxtpx:hr>
      <gpxtpx:cad>83</gpxtpx:cad>
     </gpxtpx:TrackPointExtension>
    </extensions>
   </trkpt>
   <trkpt lat="12.9828180" lon="77.6922270">
    <ele>890.0</ele>
    <time>2026-09-09T16:28:17Z</time>
    <extensions>
     <power>320</power>
     <gpxtpx:TrackPointExtension>
      <gpxtpx:hr>191</gpxtpx:hr>
      <gpxtpx:cad>83</gpxtpx:cad>
     </gpxtpx:TrackPointExtension>
    </extensions>
   </trkpt>
   <trkpt lat="12.9828010" lon="77.6922470">
    <ele>890.0</ele>
    <time>2026-09-09T16:28:18Z</time>
    <extensions>
     <power>323</power>
     <gpxtpx:TrackPointExtension>
      <gpxtpx:hr>191</gpxtpx:hr>
      <gpxtpx:cad>83</gpxtpx:cad>
     </gpxtpx:TrackPointExtension>
    </extensions>
   </trkpt>
   <trkpt lat="12.9827850" lon="77.6922690">
    <ele>890.0</ele>
    <time>2026-09-09T16:28:19Z</time>
    <extensions>
     <power>324</power>
     <gpxtpx:TrackPointExtension>
      <gpxtpx:hr>191</gpxtpx:hr>
      <gpxtpx:cad>83</gpxtpx:cad>
     </gpxtpx:TrackPointExtension>
    </extensions>
   </trkpt>
   <trkpt lat="12.9827710" lon="77.6922920">
    <ele>890.2</ele>
    <time>2026-09-09T16:28:20Z</time>
    <extensions>
     <power>324</power>
     <gpxtpx:TrackPointExtension>
      <gpxtpx:hr>191</gpxtpx:hr>
      <gpxtpx:cad>83</gpxtpx:cad>
     </gpxtpx:TrackPointExtension>
    </extensions>
   </trkpt>
   <trkpt lat="12.9827570" lon="77.6923150">
    <ele>890.2</ele>
    <time>2026-09-09T16:28:21Z</time>
    <extensions>
     <power>324</power>
     <gpxtpx:TrackPointExtension>
      <gpxtpx:hr>191</gpxtpx:hr>
      <gpxtpx:cad>82</gpxtpx:cad>
     </gpxtpx:TrackPointExtension>
    </extensions>
   </trkpt>
   <trkpt lat="12.9827420" lon="77.6923370">
    <ele>890.2</ele>
    <time>2026-09-09T16:28:22Z</time>
    <extensions>
     <power>324</power>
     <gpxtpx:TrackPointExtension>
      <gpxtpx:hr>191</gpxtpx:hr>
      <gpxtpx:cad>83</gpxtpx:cad>
     </gpxtpx:TrackPointExtension>
    </extensions>
   </trkpt>
   <trkpt lat="12.9827230" lon="77.6923560">
    <ele>890.2</ele>
    <time>2026-09-09T16:28:23Z</time>
    <extensions>
     <power>324</power>
     <gpxtpx:TrackPointExtension>
      <gpxtpx:hr>192</gpxtpx:hr>
      <gpxtpx:cad>83</gpxtpx:cad>
     </gpxtpx:TrackPointExtension>
    </extensions>
   </trkpt>
   <trkpt lat="12.9827020" lon="77.6923680">
    <ele>890.2</ele>
    <time>2026-09-09T16:28:24Z</time>
    <extensions>
     <power>325</power>
     <gpxtpx:TrackPointExtension>
      <gpxtpx:hr>192</gpxtpx:hr>
      <gpxtpx:cad>83</gpxtpx:cad>
     </gpxtpx:TrackPointExtension>
    </extensions>
   </trkpt>
   <trkpt lat="12.9826800" lon="77.6923750">
    <ele>890.2</ele>
    <time>2026-09-09T16:28:25Z</time>
    <extensions>
     <power>325</power>
     <gpxtpx:TrackPointExtension>
      <gpxtpx:hr>192</gpxtpx:hr>
      <gpxtpx:cad>84</gpxtpx:cad>
     </gpxtpx:TrackPointExtension>
    </extensions>
   </trkpt>
   <trkpt lat="12.9826570" lon="77.6923770">
    <ele>890.2</ele>
    <time>2026-09-09T16:28:26Z</time>
    <extensions>
     <power>326</power>
     <gpxtpx:TrackPointExtension>
      <gpxtpx:hr>192</gpxtpx:hr>
      <gpxtpx:cad>84</gpxtpx:cad>
     </gpxtpx:TrackPointExtension>
    </extensions>
   </trkpt>
   <trkpt lat="12.9826330" lon="77.6923800">
    <ele>890.2</ele>
    <time>2026-09-09T16:28:27Z</time>
    <extensions>
     <power>326</power>
     <gpxtpx:TrackPointExtension>
      <gpxtpx:hr>192</gpxtpx:hr>
      <gpxtpx:cad>84</gpxtpx:cad>
     </gpxtpx:TrackPointExtension>
    </extensions>
   </trkpt>
   <trkpt lat="12.9826090" lon="77.6923830">
    <ele>890.2</ele>
    <time>2026-09-09T16:28:28Z</time>
    <extensions>
     <power>328</power>
     <gpxtpx:TrackPointExtension>
      <gpxtpx:hr>192</gpxtpx:hr>
      <gpxtpx:cad>84</gpxtpx:cad>
     </gpxtpx:TrackPointExtension>
    </extensions>
   </trkpt>
   <trkpt lat="12.9825850" lon="77.6923870">
    <ele>890.2</ele>
    <time>2026-09-09T16:28:29Z</time>
    <extensions>
     <power>328</power>
     <gpxtpx:TrackPointExtension>
      <gpxtpx:hr>192</gpxtpx:hr>
      <gpxtpx:cad>84</gpxtpx:cad>
     </gpxtpx:TrackPointExtension>
    </extensions>
   </trkpt>
   <trkpt lat="12.9825600" lon="77.6923920">
    <ele>890.2</ele>
    <time>2026-09-09T16:28:30Z</time>
    <extensions>
     <power>328</power>
     <gpxtpx:TrackPointExtension>
      <gpxtpx:hr>192</gpxtpx:hr>
      <gpxtpx:cad>83</gpxtpx:cad>
     </gpxtpx:TrackPointExtension>
    </extensions>
   </trkpt>
   <trkpt lat="12.9825350" lon="77.6923960">
    <ele>890.2</ele>
    <time>2026-09-09T16:28:31Z</time>
    <extensions>
     <power>333</power>
     <gpxtpx:TrackPointExtension>
      <gpxtpx:hr>192</gpxtpx:hr>
      <gpxtpx:cad>83</gpxtpx:cad>
     </gpxtpx:TrackPointExtension>
    </extensions>
   </trkpt>
   <trkpt lat="12.9825100" lon="77.6923980">
    <ele>890.4</ele>
    <time>2026-09-09T16:28:32Z</time>
    <extensions>
     <power>335</power>
     <gpxtpx:TrackPointExtension>
      <gpxtpx:hr>192</gpxtpx:hr>
      <gpxtpx:cad>83</gpxtpx:cad>
     </gpxtpx:TrackPointExtension>
    </extensions>
   </trkpt>
   <trkpt lat="12.9824830" lon="77.6923990">
    <ele>890.4</ele>
    <time>2026-09-09T16:28:33Z</time>
    <extensions>
     <power>337</power>
     <gpxtpx:TrackPointExtension>
      <gpxtpx:hr>192</gpxtpx:hr>
      <gpxtpx:cad>83</gpxtpx:cad>
     </gpxtpx:TrackPointExtension>
    </extensions>
   </trkpt>
   <trkpt lat="12.9824590" lon="77.6923970">
    <ele>890.4</ele>
    <time>2026-09-09T16:28:34Z</time>
    <extensions>
     <power>340</power>
     <gpxtpx:TrackPointExtension>
      <gpxtpx:hr>192</gpxtpx:hr>
      <gpxtpx:cad>84</gpxtpx:cad>
     </gpxtpx:TrackPointExtension>
    </extensions>
   </trkpt>
   <trkpt lat="12.9824330" lon="77.6923920">
    <ele>890.4</ele>
    <time>2026-09-09T16:28:35Z</time>
    <extensions>
     <power>377</power>
     <gpxtpx:TrackPointExtension>
      <gpxtpx:hr>192</gpxtpx:hr>
      <gpxtpx:cad>84</gpxtpx:cad>
     </gpxtpx:TrackPointExtension>
    </extensions>
   </trkpt>
   <trkpt lat="12.9824080" lon="77.6923840">
    <ele>890.4</ele>
    <time>2026-09-09T16:28:36Z</time>
    <extensions>
     <power>379</power>
     <gpxtpx:TrackPointExtension>
      <gpxtpx:hr>192</gpxtpx:hr>
      <gpxtpx:cad>84</gpxtpx:cad>
     </gpxtpx:TrackPointExtension>
    </extensions>
   </trkpt>
   <trkpt lat="12.9823860" lon="77.6923720">
    <ele>890.4</ele>
    <time>2026-09-09T16:28:37Z</time>
    <extensions>
     <power>378</power>
     <gpxtpx:TrackPointExtension>
      <gpxtpx:hr>192</gpxtpx:hr>
      <gpxtpx:cad>84</gpxtpx:cad>
     </gpxtpx:TrackPointExtension>
    </extensions>
   </trkpt>
   <trkpt lat="12.9823600" lon="77.6923520">
    <ele>890.4</ele>
    <time>2026-09-09T16:28:38Z</time>
    <extensions>
     <power>377</power>
     <gpxtpx:TrackPointExtension>
      <gpxtpx:hr>192</gpxtpx:hr>
      <gpxtpx:cad>84</gpxtpx:cad>
     </gpxtpx:TrackPointExtension>
    </extensions>
   </trkpt>
   <trkpt lat="12.9823480" lon="77.6923390">
    <ele>890.4</ele>
    <time>2026-09-09T16:28:39Z</time>
    <extensions>
     <power>377</power>
     <gpxtpx:TrackPointExtension>
      <gpxtpx:hr>192</gpxtpx:hr>
      <gpxtpx:cad>84</gpxtpx:cad>
     </gpxtpx:TrackPointExtension>
    </extensions>
   </trkpt>
   <trkpt lat="12.9823320" lon="77.6923190">
    <ele>890.4</ele>
    <time>2026-09-09T16:28:40Z</time>
    <extensions>
     <power>376</power>
     <gpxtpx:TrackPointExtension>
      <gpxtpx:hr>192</gpxtpx:hr>
      <gpxtpx:cad>84</gpxtpx:cad>
     </gpxtpx:TrackPointExtension>
    </extensions>
   </trkpt>
   <trkpt lat="12.9823150" lon="77.6922990">
    <ele>890.4</ele>
    <time>2026-09-09T16:28:41Z</time>
    <extensions>
     <power>376</power>
     <gpxtpx:TrackPointExtension>
      <gpxtpx:hr>192</gpxtpx:hr>
      <gpxtpx:cad>85</gpxtpx:cad>
     </gpxtpx:TrackPointExtension>
    </extensions>
   </trkpt>
   <trkpt lat="12.9822980" lon="77.6922780">
    <ele>890.4</ele>
    <time>2026-09-09T16:28:42Z</time>
    <extensions>
     <power>366</power>
     <gpxtpx:TrackPointExtension>
      <gpxtpx:hr>192</gpxtpx:hr>
      <gpxtpx:cad>85</gpxtpx:cad>
     </gpxtpx:TrackPointExtension>
    </extensions>
   </trkpt>
   <trkpt lat="12.9822790" lon="77.6922570">
    <ele>890.4</ele>
    <time>2026-09-09T16:28:43Z</time>
    <extensions>
     <power>364</power>
     <gpxtpx:TrackPointExtension>
      <gpxtpx:hr>192</gpxtpx:hr>
      <gpxtpx:cad>85</gpxtpx:cad>
     </gpxtpx:TrackPointExtension>
    </extensions>
   </trkpt>
   <trkpt lat="12.9822620" lon="77.6922360">
    <ele>890.4</ele>
    <time>2026-09-09T16:28:44Z</time>
    <extensions>
     <power>364</power>
     <gpxtpx:TrackPointExtension>
      <gpxtpx:hr>192</gpxtpx:hr>
      <gpxtpx:cad>85</gpxtpx:cad>
     </gpxtpx:TrackPointExtension>
    </extensions>
   </trkpt>
   <trkpt lat="12.9822440" lon="77.6922150">
    <ele>890.4</ele>
    <time>2026-09-09T16:28:45Z</time>
    <extensions>
     <power>366</power>
     <gpxtpx:TrackPointExtension>
      <gpxtpx:hr>192</gpxtpx:hr>
      <gpxtpx:cad>84</gpxtpx:cad>
     </gpxtpx:TrackPointExtension>
    </extensions>
   </trkpt>
   <trkpt lat="12.9822270" lon="77.6921930">
    <ele>890.4</ele>
    <time>2026-09-09T16:28:46Z</time>
    <extensions>
     <power>367</power>
     <gpxtpx:TrackPointExtension>
      <gpxtpx:hr>192</gpxtpx:hr>
      <gpxtpx:cad>84</gpxtpx:cad>
     </gpxtpx:TrackPointExtension>
    </extensions>
   </trkpt>
   <trkpt lat="12.9822110" lon="77.6921710">
    <ele>890.4</ele>
    <time>2026-09-09T16:28:47Z</time>
    <extensions>
     <power>367</power>
     <gpxtpx:TrackPointExtension>
      <gpxtpx:hr>192</gpxtpx:hr>
      <gpxtpx:cad>84</gpxtpx:cad>
     </gpxtpx:TrackPointExtension>
    </extensions>
   </trkpt>
   <trkpt lat="12.9821940" lon="77.6921480">
    <ele>890.4</ele>
    <time>2026-09-09T16:28:48Z</time>
    <extensions>
     <power>367</power>
     <gpxtpx:TrackPointExtension>
      <gpxtpx:hr>192</gpxtpx:hr>
      <gpxtpx:cad>84</gpxtpx:cad>
     </gpxtpx:TrackPointExtension>
    </extensions>
   </trkpt>
   <trkpt lat="12.9821770" lon="77.6921250">
    <ele>890.4</ele>
    <time>2026-09-09T16:28:49Z</time>
    <extensions>
     <power>379</power>
     <gpxtpx:TrackPointExtension>
      <gpxtpx:hr>192</gpxtpx:hr>
      <gpxtpx:cad>84</gpxtpx:cad>
     </gpxtpx:TrackPointExtension>
    </extensions>
   </trkpt>
   <trkpt lat="12.9821600" lon="77.6921020">
    <ele>890.4</ele>
    <time>2026-09-09T16:28:50Z</time>
    <extensions>
     <power>382</power>
     <gpxtpx:TrackPointExtension>
      <gpxtpx:hr>192</gpxtpx:hr>
      <gpxtpx:cad>83</gpxtpx:cad>
     </gpxtpx:TrackPointExtension>
    </extensions>
   </trkpt>
   <trkpt lat="12.9821410" lon="77.6920810">
    <ele>890.4</ele>
    <time>2026-09-09T16:28:51Z</time>
    <extensions>
     <power>370</power>
     <gpxtpx:TrackPointExtension>
      <gpxtpx:hr>192</gpxtpx:hr>
      <gpxtpx:cad>83</gpxtpx:cad>
     </gpxtpx:TrackPointExtension>
    </extensions>
   </trkpt>
   <trkpt lat="12.9821210" lon="77.6920610">
    <ele>890.4</ele>
    <time>2026-09-09T16:28:52Z</time>
    <extensions>
     <power>368</power>
     <gpxtpx:TrackPointExtension>
      <gpxtpx:hr>192</gpxtpx:hr>
      <gpxtpx:cad>83</gpxtpx:cad>
     </gpxtpx:TrackPointExtension>
    </extensions>
   </trkpt>
   <trkpt lat="12.9821020" lon="77.6920380">
    <ele>890.4</ele>
    <time>2026-09-09T16:28:53Z</time>
    <extensions>
     <power>368</power>
     <gpxtpx:TrackPointExtension>
      <gpxtpx:hr>192</gpxtpx:hr>
      <gpxtpx:cad>83</gpxtpx:cad>
     </gpxtpx:TrackPointExtension>
    </extensions>
   </trkpt>
   <trkpt lat="12.9820880" lon="77.6920130">
    <ele>890.4</ele>
    <time>2026-09-09T16:28:54Z</time>
    <extensions>
     <power>367</power>
     <gpxtpx:TrackPointExtension>
      <gpxtpx:hr>192</gpxtpx:hr>
      <gpxtpx:cad>83</gpxtpx:cad>
     </gpxtpx:TrackPointExtension>
    </extensions>
   </trkpt>
   <trkpt lat="12.9820780" lon="77.6919860">
    <ele>890.4</ele>
    <time>2026-09-09T16:28:55Z</time>
    <extensions>
     <power>335</power>
     <gpxtpx:TrackPointExtension>
      <gpxtpx:hr>192</gpxtpx:hr>
      <gpxtpx:cad>83</gpxtpx:cad>
     </gpxtpx:TrackPointExtension>
    </extensions>
   </trkpt>
   <trkpt lat="12.9820720" lon="77.6919580">
    <ele>890.4</ele>
    <time>2026-09-09T16:28:56Z</time>
    <extensions>
     <power>327</power>
     <gpxtpx:TrackPointExtension>
      <gpxtpx:hr>192</gpxtpx:hr>
      <gpxtpx:cad>83</gpxtpx:cad>
     </gpxtpx:TrackPointExtension>
    </extensions>
   </trkpt>
   <trkpt lat="12.9820680" lon="77.6919290">
    <ele>890.4</ele>
    <time>2026-09-09T16:28:57Z</time>
    <extensions>
     <power>326</power>
     <gpxtpx:TrackPointExtension>
      <gpxtpx:hr>192</gpxtpx:hr>
      <gpxtpx:cad>83</gpxtpx:cad>
     </gpxtpx:TrackPointExtension>
    </extensions>
   </trkpt>
   <trkpt lat="12.9820670" lon="77.6919010">
    <ele>890.4</ele>
    <time>2026-09-09T16:28:58Z</time>
    <extensions>
     <power>325</power>
     <gpxtpx:TrackPointExtension>
      <gpxtpx:hr>192</gpxtpx:hr>
      <gpxtpx:cad>83</gpxtpx:cad>
     </gpxtpx:TrackPointExtension>
    </extensions>
   </trkpt>
   <trkpt lat="12.9820670" lon="77.6918740">
    <ele>890.4</ele>
    <time>2026-09-09T16:28:59Z</time>
    <extensions>
     <power>329</power>
     <gpxtpx:TrackPointExtension>
      <gpxtpx:hr>192</gpxtpx:hr>
      <gpxtpx:cad>83</gpxtpx:cad>
     </gpxtpx:TrackPointExtension>
    </extensions>
   </trkpt>
   <trkpt lat="12.9820700" lon="77.6918470">
    <ele>890.4</ele>
    <time>2026-09-09T16:29:00Z</time>
    <extensions>
     <power>330</power>
     <gpxtpx:TrackPointExtension>
      <gpxtpx:hr>192</gpxtpx:hr>
      <gpxtpx:cad>83</gpxtpx:cad>
     </gpxtpx:TrackPointExtension>
    </extensions>
   </trkpt>
   <trkpt lat="12.9820760" lon="77.6918210">
    <ele>890.4</ele>
    <time>2026-09-09T16:29:01Z</time>
    <extensions>
     <power>330</power>
     <gpxtpx:TrackPointExtension>
      <gpxtpx:hr>192</gpxtpx:hr>
      <gpxtpx:cad>84</gpxtpx:cad>
     </gpxtpx:TrackPointExtension>
    </extensions>
   </trkpt>
   <trkpt lat="12.9820830" lon="77.6917940">
    <ele>890.4</ele>
    <time>2026-09-09T16:29:02Z</time>
    <extensions>
     <power>329</power>
     <gpxtpx:TrackPointExtension>
      <gpxtpx:hr>192</gpxtpx:hr>
      <gpxtpx:cad>83</gpxtpx:cad>
     </gpxtpx:TrackPointExtension>
    </extensions>
   </trkpt>
   <trkpt lat="12.9820900" lon="77.6917680">
    <ele>890.4</ele>
    <time>2026-09-09T16:29:03Z</time>
    <extensions>
     <power>329</power>
     <gpxtpx:TrackPointExtension>
      <gpxtpx:hr>193</gpxtpx:hr>
      <gpxtpx:cad>83</gpxtpx:cad>
     </gpxtpx:TrackPointExtension>
    </extensions>
   </trkpt>
   <trkpt lat="12.9820990" lon="77.6917420">
    <ele>890.4</ele>
    <time>2026-09-09T16:29:04Z</time>
    <extensions>
     <power>329</power>
     <gpxtpx:TrackPointExtension>
      <gpxtpx:hr>193</gpxtpx:hr>
      <gpxtpx:cad>83</gpxtpx:cad>
     </gpxtpx:TrackPointExtension>
    </extensions>
   </trkpt>
   <trkpt lat="12.9821080" lon="77.6917150">
    <ele>890.4</ele>
    <time>2026-09-09T16:29:05Z</time>
    <extensions>
     <power>329</power>
     <gpxtpx:TrackPointExtension>
      <gpxtpx:hr>193</gpxtpx:hr>
      <gpxtpx:cad>83</gpxtpx:cad>
     </gpxtpx:TrackPointExtension>
    </extensions>
   </trkpt>
   <trkpt lat="12.9821170" lon="77.6916890">
    <ele>890.4</ele>
    <time>2026-09-09T16:29:06Z</time>
    <extensions>
     <power>329</power>
     <gpxtpx:TrackPointExtension>
      <gpxtpx:hr>194</gpxtpx:hr>
      <gpxtpx:cad>84</gpxtpx:cad>
     </gpxtpx:TrackPointExtension>
    </extensions>
   </trkpt>
   <trkpt lat="12.9821270" lon="77.6916620">
    <ele>890.4</ele>
    <time>2026-09-09T16:29:07Z</time>
    <extensions>
     <power>328</power>
     <gpxtpx:TrackPointExtension>
      <gpxtpx:hr>194</gpxtpx:hr>
      <gpxtpx:cad>84</gpxtpx:cad>
     </gpxtpx:TrackPointExtension>
    </extensions>
   </trkpt>
   <trkpt lat="12.9821370" lon="77.6916340">
    <ele>890.4</ele>
    <time>2026-09-09T16:29:08Z</time>
    <extensions>
     <power>328</power>
     <gpxtpx:TrackPointExtension>
      <gpxtpx:hr>194</gpxtpx:hr>
      <gpxtpx:cad>84</gpxtpx:cad>
     </gpxtpx:TrackPointExtension>
    </extensions>
   </trkpt>
   <trkpt lat="12.9821450" lon="77.6916060">
    <ele>890.4</ele>
    <time>2026-09-09T16:29:09Z</time>
    <extensions>
     <power>327</power>
     <gpxtpx:TrackPointExtension>
      <gpxtpx:hr>194</gpxtpx:hr>
      <gpxtpx:cad>84</gpxtpx:cad>
     </gpxtpx:TrackPointExtension>
    </extensions>
   </trkpt>
   <trkpt lat="12.9821520" lon="77.6915780">
    <ele>890.4</ele>
    <time>2026-09-09T16:29:10Z</time>
    <extensions>
     <power>339</power>
     <gpxtpx:TrackPointExtension>
      <gpxtpx:hr>194</gpxtpx:hr>
      <gpxtpx:cad>84</gpxtpx:cad>
     </gpxtpx:TrackPointExtension>
    </extensions>
   </trkpt>
   <trkpt lat="12.9821560" lon="77.6915500">
    <ele>890.4</ele>
    <time>2026-09-09T16:29:11Z</time>
    <extensions>
     <power>339</power>
     <gpxtpx:TrackPointExtension>
      <gpxtpx:hr>194</gpxtpx:hr>
      <gpxtpx:cad>84</gpxtpx:cad>
     </gpxtpx:TrackPointExtension>
    </extensions>
   </trkpt>
   <trkpt lat="12.9821550" lon="77.6915200">
    <ele>890.4</ele>
    <time>2026-09-09T16:29:12Z</time>
    <extensions>
     <power>339</power>
     <gpxtpx:TrackPointExtension>
      <gpxtpx:hr>194</gpxtpx:hr>
      <gpxtpx:cad>84</gpxtpx:cad>
     </gpxtpx:TrackPointExtension>
    </extensions>
   </trkpt>
   <trkpt lat="12.9821480" lon="77.6914890">
    <ele>890.4</ele>
    <time>2026-09-09T16:29:13Z</time>
    <extensions>
     <power>339</power>
     <gpxtpx:TrackPointExtension>
      <gpxtpx:hr>194</gpxtpx:hr>
      <gpxtpx:cad>84</gpxtpx:cad>
     </gpxtpx:TrackPointExtension>
    </extensions>
   </trkpt>
   <trkpt lat="12.9821370" lon="77.6914620">
    <ele>890.4</ele>
    <time>2026-09-09T16:29:14Z</time>
    <extensions>
     <power>365</power>
     <gpxtpx:TrackPointExtension>
      <gpxtpx:hr>194</gpxtpx:hr>
      <gpxtpx:cad>84</gpxtpx:cad>
     </gpxtpx:TrackPointExtension>
    </extensions>
   </trkpt>
   <trkpt lat="12.9821230" lon="77.6914410">
    <ele>890.4</ele>
    <time>2026-09-09T16:29:15Z</time>
    <extensions>
     <power>372</power>
     <gpxtpx:TrackPointExtension>
      <gpxtpx:hr>194</gpxtpx:hr>
      <gpxtpx:cad>84</gpxtpx:cad>
     </gpxtpx:TrackPointExtension>
    </extensions>
   </trkpt>
   <trkpt lat="12.9821030" lon="77.6914230">
    <ele>890.4</ele>
    <time>2026-09-09T16:29:16Z</time>
    <extensions>
     <power>373</power>
     <gpxtpx:TrackPointExtension>
      <gpxtpx:hr>194</gpxtpx:hr>
      <gpxtpx:cad>84</gpxtpx:cad>
     </gpxtpx:TrackPointExtension>
    </extensions>
   </trkpt>
   <trkpt lat="12.9820810" lon="77.6914100">
    <ele>890.4</ele>
    <time>2026-09-09T16:29:17Z</time>
    <extensions>
     <power>375</power>
     <gpxtpx:TrackPointExtension>
      <gpxtpx:hr>194</gpxtpx:hr>
      <gpxtpx:cad>83</gpxtpx:cad>
     </gpxtpx:TrackPointExtension>
    </extensions>
   </trkpt>
   <trkpt lat="12.9820580" lon="77.6913970">
    <ele>890.4</ele>
    <time>2026-09-09T16:29:18Z</time>
    <extensions>
     <power>378</power>
     <gpxtpx:TrackPointExtension>
      <gpxtpx:hr>194</gpxtpx:hr>
      <gpxtpx:cad>83</gpxtpx:cad>
     </gpxtpx:TrackPointExtension>
    </extensions>
   </trkpt>
   <trkpt lat="12.9820370" lon="77.6913820">
    <ele>890.4</ele>
    <time>2026-09-09T16:29:19Z</time>
    <extensions>
     <power>378</power>
     <gpxtpx:TrackPointExtension>
      <gpxtpx:hr>194</gpxtpx:hr>
      <gpxtpx:cad>83</gpxtpx:cad>
     </gpxtpx:TrackPointExtension>
    </extensions>
   </trkpt>
   <trkpt lat="12.9820170" lon="77.6913630">
    <ele>890.4</ele>
    <time>2026-09-09T16:29:20Z</time>
    <extensions>
     <power>378</power>
     <gpxtpx:TrackPointExtension>
      <gpxtpx:hr>193</gpxtpx:hr>
      <gpxtpx:cad>83</gpxtpx:cad>
     </gpxtpx:TrackPointExtension>
    </extensions>
   </trkpt>
   <trkpt lat="12.9820010" lon="77.6913400">
    <ele>890.4</ele>
    <time>2026-09-09T16:29:21Z</time>
    <extensions>
     <power>378</power>
     <gpxtpx:TrackPointExtension>
      <gpxtpx:hr>193</gpxtpx:hr>
      <gpxtpx:cad>84</gpxtpx:cad>
     </gpxtpx:TrackPointExtension>
    </extensions>
   </trkpt>
   <trkpt lat="12.9819890" lon="77.6913130">
    <ele>890.4</ele>
    <time>2026-09-09T16:29:22Z</time>
    <extensions>
     <power>379</power>
     <gpxtpx:TrackPointExtension>
      <gpxtpx:hr>193</gpxtpx:hr>
      <gpxtpx:cad>84</gpxtpx:cad>
     </gpxtpx:TrackPointExtension>
    </extensions>
   </trkpt>
   <trkpt lat="12.9819810" lon="77.6912840">
    <ele>890.4</ele>
    <time>2026-09-09T16:29:23Z</time>
    <extensions>
     <power>379</power>
     <gpxtpx:TrackPointExtension>
      <gpxtpx:hr>193</gpxtpx:hr>
      <gpxtpx:cad>84</gpxtpx:cad>
     </gpxtpx:TrackPointExtension>
    </extensions>
   </trkpt>
   <trkpt lat="12.9819780" lon="77.6912550">
    <ele>890.4</ele>
    <time>2026-09-09T16:29:24Z</time>
    <extensions>
     <power>377</power>
     <gpxtpx:TrackPointExtension>
      <gpxtpx:hr>193</gpxtpx:hr>
      <gpxtpx:cad>84</gpxtpx:cad>
     </gpxtpx:TrackPointExtension>
    </extensions>
   </trkpt>
   <trkpt lat="12.9819780" lon="77.6912250">
    <ele>890.4</ele>
    <time>2026-09-09T16:29:25Z</time>
    <extensions>
     <power>379</power>
     <gpxtpx:TrackPointExtension>
      <gpxtpx:hr>193</gpxtpx:hr>
      <gpxtpx:cad>83</gpxtpx:cad>
     </gpxtpx:TrackPointExtension>
    </extensions>
   </trkpt>
   <trkpt lat="12.9819810" lon="77.6911960">
    <ele>890.4</ele>
    <time>2026-09-09T16:29:26Z</time>
    <extensions>
     <power>359</power>
     <gpxtpx:TrackPointExtension>
      <gpxtpx:hr>193</gpxtpx:hr>
      <gpxtpx:cad>83</gpxtpx:cad>
     </gpxtpx:TrackPointExtension>
    </extensions>
   </trkpt>
   <trkpt lat="12.9819840" lon="77.6911690">
    <ele>890.4</ele>
    <time>2026-09-09T16:29:27Z</time>
    <extensions>
     <power>348</power>
     <gpxtpx:TrackPointExtension>
      <gpxtpx:hr>193</gpxtpx:hr>
      <gpxtpx:cad>83</gpxtpx:cad>
     </gpxtpx:TrackPointExtension>
    </extensions>
   </trkpt>
   <trkpt lat="12.9819890" lon="77.6911400">
    <ele>890.4</ele>
    <time>2026-09-09T16:29:28Z</time>
    <extensions>
     <power>356</power>
     <gpxtpx:TrackPointExtension>
      <gpxtpx:hr>193</gpxtpx:hr>
      <gpxtpx:cad>83</gpxtpx:cad>
     </gpxtpx:TrackPointExtension>
    </extensions>
   </trkpt>
   <trkpt lat="12.9819960" lon="77.6911120">
    <ele>890.4</ele>
    <time>2026-09-09T16:29:29Z</time>
    <extensions>
     <power>358</power>
     <gpxtpx:TrackPointExtension>
      <gpxtpx:hr>192</gpxtpx:hr>
      <gpxtpx:cad>84</gpxtpx:cad>
     </gpxtpx:TrackPointExtension>
    </extensions>
   </trkpt>
   <trkpt lat="12.9820020" lon="77.6910840">
    <ele>890.4</ele>
    <time>2026-09-09T16:29:30Z</time>
    <extensions>
     <power>375</power>
     <gpxtpx:TrackPointExtension>
      <gpxtpx:hr>192</gpxtpx:hr>
      <gpxtpx:cad>84</gpxtpx:cad>
     </gpxtpx:TrackPointExtension>
    </extensions>
   </trkpt>
   <trkpt lat="12.9820100" lon="77.6910550">
    <ele>890.4</ele>
    <time>2026-09-09T16:29:31Z</time>
    <extensions>
     <power>379</power>
     <gpxtpx:TrackPointExtension>
      <gpxtpx:hr>193</gpxtpx:hr>
      <gpxtpx:cad>84</gpxtpx:cad>
     </gpxtpx:TrackPointExtension>
    </extensions>
   </trkpt>
   <trkpt lat="12.9820160" lon="77.6910270">
    <ele>890.4</ele>
    <time>2026-09-09T16:29:32Z</time>
    <extensions>
     <power>379</power>
     <gpxtpx:TrackPointExtension>
      <gpxtpx:hr>193</gpxtpx:hr>
      <gpxtpx:cad>85</gpxtpx:cad>
     </gpxtpx:TrackPointExtension>
    </extensions>
   </trkpt>
   <trkpt lat="12.9820240" lon="77.6910010">
    <ele>890.4</ele>
    <time>2026-09-09T16:29:33Z</time>
    <extensions>
     <power>379</power>
     <gpxtpx:TrackPointExtension>
      <gpxtpx:hr>193</gpxtpx:hr>
      <gpxtpx:cad>85</gpxtpx:cad>
     </gpxtpx:TrackPointExtension>
    </extensions>
   </trkpt>
   <trkpt lat="12.9820320" lon="77.6909750">
    <ele>890.4</ele>
    <time>2026-09-09T16:29:34Z</time>
    <extensions>
     <power>379</power>
     <gpxtpx:TrackPointExtension>
      <gpxtpx:hr>193</gpxtpx:hr>
      <gpxtpx:cad>84</gpxtpx:cad>
     </gpxtpx:TrackPointExtension>
    </extensions>
   </trkpt>
   <trkpt lat="12.9820400" lon="77.6909510">
    <ele>890.4</ele>
    <time>2026-09-09T16:29:35Z</time>
    <extensions>
     <power>379</power>
     <gpxtpx:TrackPointExtension>
      <gpxtpx:hr>193</gpxtpx:hr>
      <gpxtpx:cad>84</gpxtpx:cad>
     </gpxtpx:TrackPointExtension>
    </extensions>
   </trkpt>
   <trkpt lat="12.9820500" lon="77.6909270">
    <ele>890.4</ele>
    <time>2026-09-09T16:29:36Z</time>
    <extensions>
     <power>357</power>
     <gpxtpx:TrackPointExtension>
      <gpxtpx:hr>193</gpxtpx:hr>
      <gpxtpx:cad>84</gpxtpx:cad>
     </gpxtpx:TrackPointExtension>
    </extensions>
   </trkpt>
   <trkpt lat="12.9820570" lon="77.6909030">
    <ele>890.4</ele>
    <time>2026-09-09T16:29:37Z</time>
    <extensions>
     <power>352</power>
     <gpxtpx:TrackPointExtension>
      <gpxtpx:hr>193</gpxtpx:hr>
      <gpxtpx:cad>83</gpxtpx:cad>
     </gpxtpx:TrackPointExtension>
    </extensions>
   </trkpt>
   <trkpt lat="12.9820640" lon="77.6908790">
    <ele>890.4</ele>
    <time>2026-09-09T16:29:38Z</time>
    <extensions>
     <power>351</power>
     <gpxtpx:TrackPointExtension>
      <gpxtpx:hr>193</gpxtpx:hr>
      <gpxtpx:cad>83</gpxtpx:cad>
     </gpxtpx:TrackPointExtension>
    </extensions>
   </trkpt>
   <trkpt lat="12.9820690" lon="77.6908560">
    <ele>890.4</ele>
    <time>2026-09-09T16:29:39Z</time>
    <extensions>
     <power>351</power>
     <gpxtpx:TrackPointExtension>
      <gpxtpx:hr>193</gpxtpx:hr>
      <gpxtpx:cad>83</gpxtpx:cad>
     </gpxtpx:TrackPointExtension>
    </extensions>
   </trkpt>
   <trkpt lat="12.9820750" lon="77.6908320">
    <ele>890.4</ele>
    <time>2026-09-09T16:29:40Z</time>
    <extensions>
     <power>365</power>
     <gpxtpx:TrackPointExtension>
      <gpxtpx:hr>193</gpxtpx:hr>
      <gpxtpx:cad>83</gpxtpx:cad>
     </gpxtpx:TrackPointExtension>
    </extensions>
   </trkpt>
   <trkpt lat="12.9820820" lon="77.6908080">
    <ele>890.4</ele>
    <time>2026-09-09T16:29:41Z</time>
    <extensions>
     <power>363</power>
     <gpxtpx:TrackPointExtension>
      <gpxtpx:hr>193</gpxtpx:hr>
      <gpxtpx:cad>83</gpxtpx:cad>
     </gpxtpx:TrackPointExtension>
    </extensions>
   </trkpt>
   <trkpt lat="12.9820880" lon="77.6907850">
    <ele>890.4</ele>
    <time>2026-09-09T16:29:42Z</time>
    <extensions>
     <power>344</power>
     <gpxtpx:TrackPointExtension>
      <gpxtpx:hr>193</gpxtpx:hr>
      <gpxtpx:cad>83</gpxtpx:cad>
     </gpxtpx:TrackPointExtension>
    </extensions>
   </trkpt>
   <trkpt lat="12.9820960" lon="77.6907620">
    <ele>890.4</ele>
    <time>2026-09-09T16:29:43Z</time>
    <extensions>
     <power>339</power>
     <gpxtpx:TrackPointExtension>
      <gpxtpx:hr>194</gpxtpx:hr>
      <gpxtpx:cad>82</gpxtpx:cad>
     </gpxtpx:TrackPointExtension>
    </extensions>
   </trkpt>
   <trkpt lat="12.9821040" lon="77.6907370">
    <ele>890.4</ele>
    <time>2026-09-09T16:29:44Z</time>
    <extensions>
     <power>338</power>
     <gpxtpx:TrackPointExtension>
      <gpxtpx:hr>194</gpxtpx:hr>
      <gpxtpx:cad>82</gpxtpx:cad>
     </gpxtpx:TrackPointExtension>
    </extensions>
   </trkpt>
   <trkpt lat="12.9821120" lon="77.6907130">
    <ele>890.6</ele>
    <time>2026-09-09T16:29:45Z</time>
    <extensions>
     <power>348</power>
     <gpxtpx:TrackPointExtension>
      <gpxtpx:hr>194</gpxtpx:hr>
      <gpxtpx:cad>82</gpxtpx:cad>
     </gpxtpx:TrackPointExtension>
    </extensions>
   </trkpt>
   <trkpt lat="12.9821200" lon="77.6906880">
    <ele>890.6</ele>
    <time>2026-09-09T16:29:46Z</time>
    <extensions>
     <power>340</power>
     <gpxtpx:TrackPointExtension>
      <gpxtpx:hr>194</gpxtpx:hr>
      <gpxtpx:cad>82</gpxtpx:cad>
     </gpxtpx:TrackPointExtension>
    </extensions>
   </trkpt>
   <trkpt lat="12.9821290" lon="77.6906650">
    <ele>890.6</ele>
    <time>2026-09-09T16:29:47Z</time>
    <extensions>
     <power>339</power>
     <gpxtpx:TrackPointExtension>
      <gpxtpx:hr>194</gpxtpx:hr>
      <gpxtpx:cad>82</gpxtpx:cad>
     </gpxtpx:TrackPointExtension>
    </extensions>
   </trkpt>
   <trkpt lat="12.9821370" lon="77.6906390">
    <ele>890.6</ele>
    <time>2026-09-09T16:29:48Z</time>
    <extensions>
     <power>336</power>
     <gpxtpx:TrackPointExtension>
      <gpxtpx:hr>194</gpxtpx:hr>
      <gpxtpx:cad>82</gpxtpx:cad>
     </gpxtpx:TrackPointExtension>
    </extensions>
   </trkpt>
   <trkpt lat="12.9821460" lon="77.6906130">
    <ele>890.6</ele>
    <time>2026-09-09T16:29:49Z</time>
    <extensions>
     <power>326</power>
     <gpxtpx:TrackPointExtension>
      <gpxtpx:hr>193</gpxtpx:hr>
      <gpxtpx:cad>82</gpxtpx:cad>
     </gpxtpx:TrackPointExtension>
    </extensions>
   </trkpt>
   <trkpt lat="12.9821530" lon="77.6905870">
    <ele>890.6</ele>
    <time>2026-09-09T16:29:50Z</time>
    <extensions>
     <power>324</power>
     <gpxtpx:TrackPointExtension>
      <gpxtpx:hr>194</gpxtpx:hr>
      <gpxtpx:cad>82</gpxtpx:cad>
     </gpxtpx:TrackPointExtension>
    </extensions>
   </trkpt>
   <trkpt lat="12.9821610" lon="77.6905610">
    <ele>890.6</ele>
    <time>2026-09-09T16:29:51Z</time>
    <extensions>
     <power>330</power>
     <gpxtpx:TrackPointExtension>
      <gpxtpx:hr>194</gpxtpx:hr>
      <gpxtpx:cad>82</gpxtpx:cad>
     </gpxtpx:TrackPointExtension>
    </extensions>
   </trkpt>
   <trkpt lat="12.9821690" lon="77.6905330">
    <ele>890.6</ele>
    <time>2026-09-09T16:29:52Z</time>
    <extensions>
     <power>332</power>
     <gpxtpx:TrackPointExtension>
      <gpxtpx:hr>194</gpxtpx:hr>
      <gpxtpx:cad>82</gpxtpx:cad>
     </gpxtpx:TrackPointExtension>
    </extensions>
   </trkpt>
   <trkpt lat="12.9821780" lon="77.6905060">
    <ele>890.6</ele>
    <time>2026-09-09T16:29:53Z</time>
    <extensions>
     <power>333</power>
     <gpxtpx:TrackPointExtension>
      <gpxtpx:hr>194</gpxtpx:hr>
      <gpxtpx:cad>82</gpxtpx:cad>
     </gpxtpx:TrackPointExtension>
    </extensions>
   </trkpt>
   <trkpt lat="12.9821890" lon="77.6904800">
    <ele>890.6</ele>
    <time>2026-09-09T16:29:54Z</time>
    <extensions>
     <power>330</power>
     <gpxtpx:TrackPointExtension>
      <gpxtpx:hr>194</gpxtpx:hr>
      <gpxtpx:cad>83</gpxtpx:cad>
     </gpxtpx:TrackPointExtension>
    </extensions>
   </trkpt>
   <trkpt lat="12.9822020" lon="77.6904540">
    <ele>890.6</ele>
    <time>2026-09-09T16:29:55Z</time>
    <extensions>
     <power>330</power>
     <gpxtpx:TrackPointExtension>
      <gpxtpx:hr>194</gpxtpx:hr>
      <gpxtpx:cad>83</gpxtpx:cad>
     </gpxtpx:TrackPointExtension>
    </extensions>
   </trkpt>
   <trkpt lat="12.9822180" lon="77.6904320">
    <ele>890.6</ele>
    <time>2026-09-09T16:29:56Z</time>
    <extensions>
     <power>330</power>
     <gpxtpx:TrackPointExtension>
      <gpxtpx:hr>194</gpxtpx:hr>
      <gpxtpx:cad>83</gpxtpx:cad>
     </gpxtpx:TrackPointExtension>
    </extensions>
   </trkpt>
   <trkpt lat="12.9822370" lon="77.6904150">
    <ele>890.6</ele>
    <time>2026-09-09T16:29:57Z</time>
    <extensions>
     <power>330</power>
     <gpxtpx:TrackPointExtension>
      <gpxtpx:hr>194</gpxtpx:hr>
      <gpxtpx:cad>83</gpxtpx:cad>
     </gpxtpx:TrackPointExtension>
    </extensions>
   </trkpt>
   <trkpt lat="12.9822590" lon="77.6904040">
    <ele>890.6</ele>
    <time>2026-09-09T16:29:58Z</time>
    <extensions>
     <power>330</power>
     <gpxtpx:TrackPointExtension>
      <gpxtpx:hr>194</gpxtpx:hr>
      <gpxtpx:cad>83</gpxtpx:cad>
     </gpxtpx:TrackPointExtension>
    </extensions>
   </trkpt>
   <trkpt lat="12.9822830" lon="77.6903980">
    <ele>890.6</ele>
    <time>2026-09-09T16:29:59Z</time>
    <extensions>
     <power>321</power>
     <gpxtpx:TrackPointExtension>
      <gpxtpx:hr>194</gpxtpx:hr>
      <gpxtpx:cad>83</gpxtpx:cad>
     </gpxtpx:TrackPointExtension>
    </extensions>
   </trkpt>
   <trkpt lat="12.9823070" lon="77.6903960">
    <ele>890.6</ele>
    <time>2026-09-09T16:30:00Z</time>
    <extensions>
     <power>317</power>
     <gpxtpx:TrackPointExtension>
      <gpxtpx:hr>194</gpxtpx:hr>
      <gpxtpx:cad>83</gpxtpx:cad>
     </gpxtpx:TrackPointExtension>
    </extensions>
   </trkpt>
   <trkpt lat="12.9823310" lon="77.6903980">
    <ele>890.6</ele>
    <time>2026-09-09T16:30:01Z</time>
    <extensions>
     <power>316</power>
     <gpxtpx:TrackPointExtension>
      <gpxtpx:hr>194</gpxtpx:hr>
      <gpxtpx:cad>83</gpxtpx:cad>
     </gpxtpx:TrackPointExtension>
    </extensions>
   </trkpt>
   <trkpt lat="12.9823530" lon="77.6904030">
    <ele>890.6</ele>
    <time>2026-09-09T16:30:02Z</time>
    <extensions>
     <power>315</power>
     <gpxtpx:TrackPointExtension>
      <gpxtpx:hr>194</gpxtpx:hr>
      <gpxtpx:cad>83</gpxtpx:cad>
     </gpxtpx:TrackPointExtension>
    </extensions>
   </trkpt>
   <trkpt lat="12.9823760" lon="77.6904110">
    <ele>890.4</ele>
    <time>2026-09-09T16:30:03Z</time>
    <extensions>
     <power>322</power>
     <gpxtpx:TrackPointExtension>
      <gpxtpx:hr>194</gpxtpx:hr>
      <gpxtpx:cad>83</gpxtpx:cad>
     </gpxtpx:TrackPointExtension>
    </extensions>
   </trkpt>
   <trkpt lat="12.9823970" lon="77.6904230">
    <ele>890.4</ele>
    <time>2026-09-09T16:30:04Z</time>
    <extensions>
     <power>323</power>
     <gpxtpx:TrackPointExtension>
      <gpxtpx:hr>194</gpxtpx:hr>
      <gpxtpx:cad>83</gpxtpx:cad>
     </gpxtpx:TrackPointExtension>
    </extensions>
   </trkpt>
   <trkpt lat="12.9824160" lon="77.6904370">
    <ele>890.4</ele>
    <time>2026-09-09T16:30:05Z</time>
    <extensions>
     <power>315</power>
     <gpxtpx:TrackPointExtension>
      <gpxtpx:hr>193</gpxtpx:hr>
      <gpxtpx:cad>82</gpxtpx:cad>
     </gpxtpx:TrackPointExtension>
    </extensions>
   </trkpt>
   <trkpt lat="12.9824320" lon="77.6904560">
    <ele>890.4</ele>
    <time>2026-09-09T16:30:06Z</time>
    <extensions>
     <power>316</power>
     <gpxtpx:TrackPointExtension>
      <gpxtpx:hr>193</gpxtpx:hr>
      <gpxtpx:cad>82</gpxtpx:cad>
     </gpxtpx:TrackPointExtension>
    </extensions>
   </trkpt>
   <trkpt lat="12.9824410" lon="77.6904780">
    <ele>890.4</ele>
    <time>2026-09-09T16:30:07Z</time>
    <extensions>
     <power>317</power>
     <gpxtpx:TrackPointExtension>
      <gpxtpx:hr>193</gpxtpx:hr>
      <gpxtpx:cad>82</gpxtpx:cad>
     </gpxtpx:TrackPointExtension>
    </extensions>
   </trkpt>
   <trkpt lat="12.9824440" lon="77.6905020">
    <ele>890.4</ele>
    <time>2026-09-09T16:30:08Z</time>
    <extensions>
     <power>317</power>
     <gpxtpx:TrackPointExtension>
      <gpxtpx:hr>193</gpxtpx:hr>
      <gpxtpx:cad>82</gpxtpx:cad>
     </gpxtpx:TrackPointExtension>
    </extensions>
   </trkpt>
   <trkpt lat="12.9824430" lon="77.6905270">
    <ele>890.4</ele>
    <time>2026-09-09T16:30:09Z</time>
    <extensions>
     <power>317</power>
     <gpxtpx:TrackPointExtension>
      <gpxtpx:hr>193</gpxtpx:hr>
      <gpxtpx:cad>82</gpxtpx:cad>
     </gpxtpx:TrackPointExtension>
    </extensions>
   </trkpt>
   <trkpt lat="12.9824410" lon="77.6905510">
    <ele>890.4</ele>
    <time>2026-09-09T16:30:10Z</time>
    <extensions>
     <power>317</power>
     <gpxtpx:TrackPointExtension>
      <gpxtpx:hr>193</gpxtpx:hr>
      <gpxtpx:cad>82</gpxtpx:cad>
     </gpxtpx:TrackPointExtension>
    </extensions>
   </trkpt>
   <trkpt lat="12.9824380" lon="77.6905750">
    <ele>890.4</ele>
    <time>2026-09-09T16:30:11Z</time>
    <extensions>
     <power>317</power>
     <gpxtpx:TrackPointExtension>
      <gpxtpx:hr>193</gpxtpx:hr>
      <gpxtpx:cad>81</gpxtpx:cad>
     </gpxtpx:TrackPointExtension>
    </extensions>
   </trkpt>
   <trkpt lat="12.9824330" lon="77.6905990">
    <ele>890.4</ele>
    <time>2026-09-09T16:30:12Z</time>
    <extensions>
     <power>316</power>
     <gpxtpx:TrackPointExtension>
      <gpxtpx:hr>193</gpxtpx:hr>
      <gpxtpx:cad>81</gpxtpx:cad>
     </gpxtpx:TrackPointExtension>
    </extensions>
   </trkpt>
   <trkpt lat="12.9824280" lon="77.6906240">
    <ele>890.4</ele>
    <time>2026-09-09T16:30:13Z</time>
    <extensions>
     <power>313</power>
     <gpxtpx:TrackPointExtension>
      <gpxtpx:hr>193</gpxtpx:hr>
      <gpxtpx:cad>81</gpxtpx:cad>
     </gpxtpx:TrackPointExtension>
    </extensions>
   </trkpt>
   <trkpt lat="12.9824220" lon="77.6906480">
    <ele>890.4</ele>
    <time>2026-09-09T16:30:14Z</time>
    <extensions>
     <power>312</power>
     <gpxtpx:TrackPointExtension>
      <gpxtpx:hr>193</gpxtpx:hr>
      <gpxtpx:cad>81</gpxtpx:cad>
     </gpxtpx:TrackPointExtension>
    </extensions>
   </trkpt>
   <trkpt lat="12.9824150" lon="77.6906730">
    <ele>890.4</ele>
    <time>2026-09-09T16:30:15Z</time>
    <extensions>
     <power>312</power>
     <gpxtpx:TrackPointExtension>
      <gpxtpx:hr>193</gpxtpx:hr>
      <gpxtpx:cad>82</gpxtpx:cad>
     </gpxtpx:TrackPointExtension>
    </extensions>
   </trkpt>
   <trkpt lat="12.9824070" lon="77.6906980">
    <ele>890.4</ele>
    <time>2026-09-09T16:30:16Z</time>
    <extensions>
     <power>312</power>
     <gpxtpx:TrackPointExtension>
      <gpxtpx:hr>193</gpxtpx:hr>
      <gpxtpx:cad>82</gpxtpx:cad>
     </gpxtpx:TrackPointExtension>
    </extensions>
   </trkpt>
   <trkpt lat="12.9823990" lon="77.6907240">
    <ele>890.4</ele>
    <time>2026-09-09T16:30:17Z</time>
    <extensions>
     <power>312</power>
     <gpxtpx:TrackPointExtension>
      <gpxtpx:hr>193</gpxtpx:hr>
      <gpxtpx:cad>82</gpxtpx:cad>
     </gpxtpx:TrackPointExtension>
    </extensions>
   </trkpt>
   <trkpt lat="12.9823910" lon="77.6907500">
    <ele>890.4</ele>
    <time>2026-09-09T16:30:18Z</time>
    <extensions>
     <power>312</power>
     <gpxtpx:TrackPointExtension>
      <gpxtpx:hr>191</gpxtpx:hr>
      <gpxtpx:cad>83</gpxtpx:cad>
     </gpxtpx:TrackPointExtension>
    </extensions>
   </trkpt>
   <trkpt lat="12.9823830" lon="77.6907780">
    <ele>890.2</ele>
    <time>2026-09-09T16:30:19Z</time>
    <extensions>
     <power>312</power>
     <gpxtpx:TrackPointExtension>
      <gpxtpx:hr>191</gpxtpx:hr>
      <gpxtpx:cad>83</gpxtpx:cad>
     </gpxtpx:TrackPointExtension>
    </extensions>
   </trkpt>
   <trkpt lat="12.9823750" lon="77.6908070">
    <ele>890.2</ele>
    <time>2026-09-09T16:30:20Z</time>
    <extensions>
     <power>309</power>
     <gpxtpx:TrackPointExtension>
      <gpxtpx:hr>191</gpxtpx:hr>
      <gpxtpx:cad>83</gpxtpx:cad>
     </gpxtpx:TrackPointExtension>
    </extensions>
   </trkpt>
   <trkpt lat="12.9823680" lon="77.6908360">
    <ele>890.2</ele>
    <time>2026-09-09T16:30:21Z</time>
    <extensions>
     <power>309</power>
     <gpxtpx:TrackPointExtension>
      <gpxtpx:hr>191</gpxtpx:hr>
      <gpxtpx:cad>83</gpxtpx:cad>
     </gpxtpx:TrackPointExtension>
    </extensions>
   </trkpt>
   <trkpt lat="12.9823660" lon="77.6908650">
    <ele>890.2</ele>
    <time>2026-09-09T16:30:22Z</time>
    <extensions>
     <power>308</power>
     <gpxtpx:TrackPointExtension>
      <gpxtpx:hr>192</gpxtpx:hr>
      <gpxtpx:cad>84</gpxtpx:cad>
     </gpxtpx:TrackPointExtension>
    </extensions>
   </trkpt>
   <trkpt lat="12.9823700" lon="77.6908910">
    <ele>890.2</ele>
    <time>2026-09-09T16:30:23Z</time>
    <extensions>
     <power>322</power>
     <gpxtpx:TrackPointExtension>
      <gpxtpx:hr>192</gpxtpx:hr>
      <gpxtpx:cad>84</gpxtpx:cad>
     </gpxtpx:TrackPointExtension>
    </extensions>
   </trkpt>
   <trkpt lat="12.9823800" lon="77.6909150">
    <ele>890.2</ele>
    <time>2026-09-09T16:30:24Z</time>
    <extensions>
     <power>325</power>
     <gpxtpx:TrackPointExtension>
      <gpxtpx:hr>192</gpxtpx:hr>
      <gpxtpx:cad>84</gpxtpx:cad>
     </gpxtpx:TrackPointExtension>
    </extensions>
   </trkpt>
   <trkpt lat="12.9823980" lon="77.6909320">
    <ele>890.2</ele>
    <time>2026-09-09T16:30:25Z</time>
    <extensions>
     <power>330</power>
     <gpxtpx:TrackPointExtension>
      <gpxtpx:hr>192</gpxtpx:hr>
      <gpxtpx:cad>83</gpxtpx:cad>
     </gpxtpx:TrackPointExtension>
    </extensions>
   </trkpt>
   <trkpt lat="12.9824210" lon="77.6909460">
    <ele>890.2</ele>
    <time>2026-09-09T16:30:26Z</time>
    <extensions>
     <power>340</power>
     <gpxtpx:TrackPointExtension>
      <gpxtpx:hr>192</gpxtpx:hr>
      <gpxtpx:cad>82</gpxtpx:cad>
     </gpxtpx:TrackPointExtension>
    </extensions>
   </trkpt>
   <trkpt lat="12.9824440" lon="77.6909560">
    <ele>890.2</ele>
    <time>2026-09-09T16:30:27Z</time>
    <extensions>
     <power>336</power>
     <gpxtpx:TrackPointExtension>
      <gpxtpx:hr>192</gpxtpx:hr>
      <gpxtpx:cad>81</gpxtpx:cad>
     </gpxtpx:TrackPointExtension>
    </extensions>
   </trkpt>
   <trkpt lat="12.9824690" lon="77.6909660">
    <ele>890.2</ele>
    <time>2026-09-09T16:30:28Z</time>
    <extensions>
     <power>338</power>
     <gpxtpx:TrackPointExtension>
      <gpxtpx:hr>192</gpxtpx:hr>
      <gpxtpx:cad>81</gpxtpx:cad>
     </gpxtpx:TrackPointExtension>
    </extensions>
   </trkpt>
   <trkpt lat="12.9824930" lon="77.6909750">
    <ele>890.2</ele>
    <time>2026-09-09T16:30:29Z</time>
    <extensions>
     <power>339</power>
     <gpxtpx:TrackPointExtension>
      <gpxtpx:hr>192</gpxtpx:hr>
      <gpxtpx:cad>81</gpxtpx:cad>
     </gpxtpx:TrackPointExtension>
    </extensions>
   </trkpt>
   <trkpt lat="12.9825150" lon="77.6909840">
    <ele>890.2</ele>
    <time>2026-09-09T16:30:30Z</time>
    <extensions>
     <power>339</power>
     <gpxtpx:TrackPointExtension>
      <gpxtpx:hr>192</gpxtpx:hr>
      <gpxtpx:cad>82</gpxtpx:cad>
     </gpxtpx:TrackPointExtension>
    </extensions>
   </trkpt>
   <trkpt lat="12.9825390" lon="77.6909940">
    <ele>890.2</ele>
    <time>2026-09-09T16:30:31Z</time>
    <extensions>
     <power>348</power>
     <gpxtpx:TrackPointExtension>
      <gpxtpx:hr>192</gpxtpx:hr>
      <gpxtpx:cad>83</gpxtpx:cad>
     </gpxtpx:TrackPointExtension>
    </extensions>
   </trkpt>
   <trkpt lat="12.9825600" lon="77.6910030">
    <ele>890.2</ele>
    <time>2026-09-09T16:30:32Z</time>
    <extensions>
     <power>349</power>
     <gpxtpx:TrackPointExtension>
      <gpxtpx:hr>192</gpxtpx:hr>
      <gpxtpx:cad>83</gpxtpx:cad>
     </gpxtpx:TrackPointExtension>
    </extensions>
   </trkpt>
   <trkpt lat="12.9825840" lon="77.6910140">
    <ele>890.2</ele>
    <time>2026-09-09T16:30:33Z</time>
    <extensions>
     <power>341</power>
     <gpxtpx:TrackPointExtension>
      <gpxtpx:hr>193</gpxtpx:hr>
      <gpxtpx:cad>83</gpxtpx:cad>
     </gpxtpx:TrackPointExtension>
    </extensions>
   </trkpt>
   <trkpt lat="12.9826060" lon="77.6910240">
    <ele>890.2</ele>
    <time>2026-09-09T16:30:34Z</time>
    <extensions>
     <power>330</power>
     <gpxtpx:TrackPointExtension>
      <gpxtpx:hr>193</gpxtpx:hr>
      <gpxtpx:cad>83</gpxtpx:cad>
     </gpxtpx:TrackPointExtension>
    </extensions>
   </trkpt>
   <trkpt lat="12.9826300" lon="77.6910340">
    <ele>890.2</ele>
    <time>2026-09-09T16:30:35Z</time>
    <extensions>
     <power>329</power>
     <gpxtpx:TrackPointExtension>
      <gpxtpx:hr>192</gpxtpx:hr>
      <gpxtpx:cad>82</gpxtpx:cad>
     </gpxtpx:TrackPointExtension>
    </extensions>
   </trkpt>
   <trkpt lat="12.9826510" lon="77.6910440">
    <ele>890.2</ele>
    <time>2026-09-09T16:30:36Z</time>
    <extensions>
     <power>329</power>
     <gpxtpx:TrackPointExtension>
      <gpxtpx:hr>192</gpxtpx:hr>
      <gpxtpx:cad>83</gpxtpx:cad>
     </gpxtpx:TrackPointExtension>
    </extensions>
   </trkpt>
   <trkpt lat="12.9826750" lon="77.6910540">
    <ele>890.2</ele>
    <time>2026-09-09T16:30:37Z</time>
    <extensions>
     <power>329</power>
     <gpxtpx:TrackPointExtension>
      <gpxtpx:hr>192</gpxtpx:hr>
      <gpxtpx:cad>83</gpxtpx:cad>
     </gpxtpx:TrackPointExtension>
    </extensions>
   </trkpt>
   <trkpt lat="12.9826980" lon="77.6910630">
    <ele>890.2</ele>
    <time>2026-09-09T16:30:38Z</time>
    <extensions>
     <power>329</power>
     <gpxtpx:TrackPointExtension>
      <gpxtpx:hr>192</gpxtpx:hr>
      <gpxtpx:cad>83</gpxtpx:cad>
     </gpxtpx:TrackPointExtension>
    </extensions>
   </trkpt>
   <trkpt lat="12.9827230" lon="77.6910720">
    <ele>890.2</ele>
    <time>2026-09-09T16:30:39Z</time>
    <extensions>
     <power>329</power>
     <gpxtpx:TrackPointExtension>
      <gpxtpx:hr>192</gpxtpx:hr>
      <gpxtpx:cad>83</gpxtpx:cad>
     </gpxtpx:TrackPointExtension>
    </extensions>
   </trkpt>
   <trkpt lat="12.9827470" lon="77.6910820">
    <ele>890.2</ele>
    <time>2026-09-09T16:30:40Z</time>
    <extensions>
     <power>328</power>
     <gpxtpx:TrackPointExtension>
      <gpxtpx:hr>192</gpxtpx:hr>
      <gpxtpx:cad>83</gpxtpx:cad>
     </gpxtpx:TrackPointExtension>
    </extensions>
   </trkpt>
   <trkpt lat="12.9827710" lon="77.6910910">
    <ele>890.2</ele>
    <time>2026-09-09T16:30:41Z</time>
    <extensions>
     <power>326</power>
     <gpxtpx:TrackPointExtension>
      <gpxtpx:hr>191</gpxtpx:hr>
      <gpxtpx:cad>83</gpxtpx:cad>
     </gpxtpx:TrackPointExtension>
    </extensions>
   </trkpt>
   <trkpt lat="12.9827950" lon="77.6911010">
    <ele>890.2</ele>
    <time>2026-09-09T16:30:42Z</time>
    <extensions>
     <power>326</power>
     <gpxtpx:TrackPointExtension>
      <gpxtpx:hr>191</gpxtpx:hr>
      <gpxtpx:cad>83</gpxtpx:cad>
     </gpxtpx:TrackPointExtension>
    </extensions>
   </trkpt>
   <trkpt lat="12.9828190" lon="77.6911100">
    <ele>890.2</ele>
    <time>2026-09-09T16:30:43Z</time>
    <extensions>
     <power>325</power>
     <gpxtpx:TrackPointExtension>
      <gpxtpx:hr>192</gpxtpx:hr>
      <gpxtpx:cad>83</gpxtpx:cad>
     </gpxtpx:TrackPointExtension>
    </extensions>
   </trkpt>
   <trkpt lat="12.9828420" lon="77.6911190">
    <ele>890.2</ele>
    <time>2026-09-09T16:30:44Z</time>
    <extensions>
     <power>324</power>
     <gpxtpx:TrackPointExtension>
      <gpxtpx:hr>192</gpxtpx:hr>
      <gpxtpx:cad>83</gpxtpx:cad>
     </gpxtpx:TrackPointExtension>
    </extensions>
   </trkpt>
   <trkpt lat="12.9828650" lon="77.6911270">
    <ele>890.2</ele>
    <time>2026-09-09T16:30:45Z</time>
    <extensions>
     <power>324</power>
     <gpxtpx:TrackPointExtension>
      <gpxtpx:hr>192</gpxtpx:hr>
      <gpxtpx:cad>83</gpxtpx:cad>
     </gpxtpx:TrackPointExtension>
    </extensions>
   </trkpt>
   <trkpt lat="12.9828920" lon="77.6911360">
    <ele>890.2</ele>
    <time>2026-09-09T16:30:46Z</time>
    <extensions>
     <power>324</power>
     <gpxtpx:TrackPointExtension>
      <gpxtpx:hr>192</gpxtpx:hr>
      <gpxtpx:cad>84</gpxtpx:cad>
     </gpxtpx:TrackPointExtension>
    </extensions>
   </trkpt>
   <trkpt lat="12.9829150" lon="77.6911430">
    <ele>890.2</ele>
    <time>2026-09-09T16:30:47Z</time>
    <extensions>
     <power>332</power>
     <gpxtpx:TrackPointExtension>
      <gpxtpx:hr>192</gpxtpx:hr>
      <gpxtpx:cad>83</gpxtpx:cad>
     </gpxtpx:TrackPointExtension>
    </extensions>
   </trkpt>
   <trkpt lat="12.9829400" lon="77.6911510">
    <ele>890.2</ele>
    <time>2026-09-09T16:30:48Z</time>
    <extensions>
     <power>333</power>
     <gpxtpx:TrackPointExtension>
      <gpxtpx:hr>192</gpxtpx:hr>
      <gpxtpx:cad>83</gpxtpx:cad>
     </gpxtpx:TrackPointExtension>
    </extensions>
   </trkpt>
   <trkpt lat="12.9829670" lon="77.6911580">
    <ele>890.2</ele>
    <time>2026-09-09T16:30:49Z</time>
    <extensions>
     <power>329</power>
     <gpxtpx:TrackPointExtension>
      <gpxtpx:hr>192</gpxtpx:hr>
      <gpxtpx:cad>83</gpxtpx:cad>
     </gpxtpx:TrackPointExtension>
    </extensions>
   </trkpt>
   <trkpt lat="12.9829910" lon="77.6911650">
    <ele>890.2</ele>
    <time>2026-09-09T16:30:50Z</time>
    <extensions>
     <power>332</power>
     <gpxtpx:TrackPointExtension>
      <gpxtpx:hr>192</gpxtpx:hr>
      <gpxtpx:cad>83</gpxtpx:cad>
     </gpxtpx:TrackPointExtension>
    </extensions>
   </trkpt>
   <trkpt lat="12.9830180" lon="77.6911730">
    <ele>890.2</ele>
    <time>2026-09-09T16:30:51Z</time>
    <extensions>
     <power>333</power>
     <gpxtpx:TrackPointExtension>
      <gpxtpx:hr>192</gpxtpx:hr>
      <gpxtpx:cad>83</gpxtpx:cad>
     </gpxtpx:TrackPointExtension>
    </extensions>
   </trkpt>
   <trkpt lat="12.9830450" lon="77.6911810">
    <ele>890.2</ele>
    <time>2026-09-09T16:30:52Z</time>
    <extensions>
     <power>323</power>
     <gpxtpx:TrackPointExtension>
      <gpxtpx:hr>192</gpxtpx:hr>
      <gpxtpx:cad>83</gpxtpx:cad>
     </gpxtpx:TrackPointExtension>
    </extensions>
   </trkpt>
   <trkpt lat="12.9830720" lon="77.6911900">
    <ele>890.2</ele>
    <time>2026-09-09T16:30:53Z</time>
    <extensions>
     <power>321</power>
     <gpxtpx:TrackPointExtension>
      <gpxtpx:hr>191</gpxtpx:hr>
      <gpxtpx:cad>83</gpxtpx:cad>
     </gpxtpx:TrackPointExtension>
    </extensions>
   </trkpt>
   <trkpt lat="12.9830990" lon="77.6911980">
    <ele>890.2</ele>
    <time>2026-09-09T16:30:54Z</time>
    <extensions>
     <power>315</power>
     <gpxtpx:TrackPointExtension>
      <gpxtpx:hr>191</gpxtpx:hr>
      <gpxtpx:cad>83</gpxtpx:cad>
     </gpxtpx:TrackPointExtension>
    </extensions>
   </trkpt>
   <trkpt lat="12.9831250" lon="77.6912070">
    <ele>890.2</ele>
    <time>2026-09-09T16:30:55Z</time>
    <extensions>
     <power>313</power>
     <gpxtpx:TrackPointExtension>
      <gpxtpx:hr>191</gpxtpx:hr>
      <gpxtpx:cad>83</gpxtpx:cad>
     </gpxtpx:TrackPointExtension>
    </extensions>
   </trkpt>
   <trkpt lat="12.9831530" lon="77.6912170">
    <ele>890.2</ele>
    <time>2026-09-09T16:30:56Z</time>
    <extensions>
     <power>313</power>
     <gpxtpx:TrackPointExtension>
      <gpxtpx:hr>191</gpxtpx:hr>
      <gpxtpx:cad>82</gpxtpx:cad>
     </gpxtpx:TrackPointExtension>
    </extensions>
   </trkpt>
   <trkpt lat="12.9831800" lon="77.6912250">
    <ele>890.2</ele>
    <time>2026-09-09T16:30:57Z</time>
    <extensions>
     <power>313</power>
     <gpxtpx:TrackPointExtension>
      <gpxtpx:hr>191</gpxtpx:hr>
      <gpxtpx:cad>82</gpxtpx:cad>
     </gpxtpx:TrackPointExtension>
    </extensions>
   </trkpt>
   <trkpt lat="12.9832060" lon="77.6912340">
    <ele>890.2</ele>
    <time>2026-09-09T16:30:58Z</time>
    <extensions>
     <power>313</power>
     <gpxtpx:TrackPointExtension>
      <gpxtpx:hr>191</gpxtpx:hr>
      <gpxtpx:cad>82</gpxtpx:cad>
     </gpxtpx:TrackPointExtension>
    </extensions>
   </trkpt>
   <trkpt lat="12.9832320" lon="77.6912420">
    <ele>890.2</ele>
    <time>2026-09-09T16:30:59Z</time>
    <extensions>
     <power>313</power>
     <gpxtpx:TrackPointExtension>
      <gpxtpx:hr>191</gpxtpx:hr>
      <gpxtpx:cad>82</gpxtpx:cad>
     </gpxtpx:TrackPointExtension>
    </extensions>
   </trkpt>
   <trkpt lat="12.9832580" lon="77.6912510">
    <ele>890.2</ele>
    <time>2026-09-09T16:31:00Z</time>
    <extensions>
     <power>320</power>
     <gpxtpx:TrackPointExtension>
      <gpxtpx:hr>191</gpxtpx:hr>
      <gpxtpx:cad>83</gpxtpx:cad>
     </gpxtpx:TrackPointExtension>
    </extensions>
   </trkpt>
   <trkpt lat="12.9832850" lon="77.6912600">
    <ele>890.0</ele>
    <time>2026-09-09T16:31:01Z</time>
    <extensions>
     <power>321</power>
     <gpxtpx:TrackPointExtension>
      <gpxtpx:hr>191</gpxtpx:hr>
      <gpxtpx:cad>83</gpxtpx:cad>
     </gpxtpx:TrackPointExtension>
    </extensions>
   </trkpt>
   <trkpt lat="12.9833120" lon="77.6912680">
    <ele>890.0</ele>
    <time>2026-09-09T16:31:02Z</time>
    <extensions>
     <power>336</power>
     <gpxtpx:TrackPointExtension>
      <gpxtpx:hr>191</gpxtpx:hr>
      <gpxtpx:cad>83</gpxtpx:cad>
     </gpxtpx:TrackPointExtension>
    </extensions>
   </trkpt>
   <trkpt lat="12.9833390" lon="77.6912770">
    <ele>890.0</ele>
    <time>2026-09-09T16:31:03Z</time>
    <extensions>
     <power>339</power>
     <gpxtpx:TrackPointExtension>
      <gpxtpx:hr>191</gpxtpx:hr>
      <gpxtpx:cad>83</gpxtpx:cad>
     </gpxtpx:TrackPointExtension>
    </extensions>
   </trkpt>
   <trkpt lat="12.9833660" lon="77.6912860">
    <ele>890.0</ele>
    <time>2026-09-09T16:31:04Z</time>
    <extensions>
     <power>340</power>
     <gpxtpx:TrackPointExtension>
      <gpxtpx:hr>191</gpxtpx:hr>
      <gpxtpx:cad>83</gpxtpx:cad>
     </gpxtpx:TrackPointExtension>
    </extensions>
   </trkpt>
   <trkpt lat="12.9833920" lon="77.6912950">
    <ele>890.0</ele>
    <time>2026-09-09T16:31:05Z</time>
    <extensions>
     <power>331</power>
     <gpxtpx:TrackPointExtension>
      <gpxtpx:hr>191</gpxtpx:hr>
      <gpxtpx:cad>82</gpxtpx:cad>
     </gpxtpx:TrackPointExtension>
    </extensions>
   </trkpt>
   <trkpt lat="12.9834170" lon="77.6913040">
    <ele>890.2</ele>
    <time>2026-09-09T16:31:06Z</time>
    <extensions>
     <power>330</power>
     <gpxtpx:TrackPointExtension>
      <gpxtpx:hr>191</gpxtpx:hr>
      <gpxtpx:cad>82</gpxtpx:cad>
     </gpxtpx:TrackPointExtension>
    </extensions>
   </trkpt>
   <trkpt lat="12.9834440" lon="77.6913130">
    <ele>890.2</ele>
    <time>2026-09-09T16:31:07Z</time>
    <extensions>
     <power>330</power>
     <gpxtpx:TrackPointExtension>
      <gpxtpx:hr>192</gpxtpx:hr>
      <gpxtpx:cad>83</gpxtpx:cad>
     </gpxtpx:TrackPointExtension>
    </extensions>
   </trkpt>
   <trkpt lat="12.9834710" lon="77.6913220">
    <ele>890.2</ele>
    <time>2026-09-09T16:31:08Z</time>
    <extensions>
     <power>329</power>
     <gpxtpx:TrackPointExtension>
      <gpxtpx:hr>192</gpxtpx:hr>
      <gpxtpx:cad>83</gpxtpx:cad>
     </gpxtpx:TrackPointExtension>
    </extensions>
   </trkpt>
   <trkpt lat="12.9834990" lon="77.6913310">
    <ele>890.2</ele>
    <time>2026-09-09T16:31:09Z</time>
    <extensions>
     <power>329</power>
     <gpxtpx:TrackPointExtension>
      <gpxtpx:hr>191</gpxtpx:hr>
      <gpxtpx:cad>83</gpxtpx:cad>
     </gpxtpx:TrackPointExtension>
    </extensions>
   </trkpt>
   <trkpt lat="12.9835260" lon="77.6913390">
    <ele>890.2</ele>
    <time>2026-09-09T16:31:10Z</time>
    <extensions>
     <power>315</power>
     <gpxtpx:TrackPointExtension>
      <gpxtpx:hr>191</gpxtpx:hr>
      <gpxtpx:cad>83</gpxtpx:cad>
     </gpxtpx:TrackPointExtension>
    </extensions>
   </trkpt>
   <trkpt lat="12.9835550" lon="77.6913500">
    <ele>890.2</ele>
    <time>2026-09-09T16:31:11Z</time>
    <extensions>
     <power>321</power>
     <gpxtpx:TrackPointExtension>
      <gpxtpx:hr>191</gpxtpx:hr>
      <gpxtpx:cad>83</gpxtpx:cad>
     </gpxtpx:TrackPointExtension>
    </extensions>
   </trkpt>
   <trkpt lat="12.9835780" lon="77.6913620">
    <ele>890.2</ele>
    <time>2026-09-09T16:31:12Z</time>
    <extensions>
     <power>316</power>
     <gpxtpx:TrackPointExtension>
      <gpxtpx:hr>191</gpxtpx:hr>
      <gpxtpx:cad>83</gpxtpx:cad>
     </gpxtpx:TrackPointExtension>
    </extensions>
   </trkpt>
   <trkpt lat="12.9835990" lon="77.6913790">
    <ele>890.2</ele>
    <time>2026-09-09T16:31:13Z</time>
    <extensions>
     <power>316</power>
     <gpxtpx:TrackPointExtension>
      <gpxtpx:hr>192</gpxtpx:hr>
      <gpxtpx:cad>83</gpxtpx:cad>
     </gpxtpx:TrackPointExtension>
    </extensions>
   </trkpt>
   <trkpt lat="12.9836150" lon="77.6913990">
    <ele>890.2</ele>
    <time>2026-09-09T16:31:14Z</time>
    <extensions>
     <power>316</power>
     <gpxtpx:TrackPointExtension>
      <gpxtpx:hr>192</gpxtpx:hr>
      <gpxtpx:cad>83</gpxtpx:cad>
     </gpxtpx:TrackPointExtension>
    </extensions>
   </trkpt>
   <trkpt lat="12.9836240" lon="77.6914200">
    <ele>890.2</ele>
    <time>2026-09-09T16:31:15Z</time>
    <extensions>
     <power>316</power>
     <gpxtpx:TrackPointExtension>
      <gpxtpx:hr>191</gpxtpx:hr>
      <gpxtpx:cad>82</gpxtpx:cad>
     </gpxtpx:TrackPointExtension>
    </extensions>
   </trkpt>
   <trkpt lat="12.9836260" lon="77.6914440">
    <ele>890.2</ele>
    <time>2026-09-09T16:31:16Z</time>
    <extensions>
     <power>323</power>
     <gpxtpx:TrackPointExtension>
      <gpxtpx:hr>190</gpxtpx:hr>
      <gpxtpx:cad>82</gpxtpx:cad>
     </gpxtpx:TrackPointExtension>
    </extensions>
   </trkpt>
   <trkpt lat="12.9836240" lon="77.6914660">
    <ele>890.2</ele>
    <time>2026-09-09T16:31:17Z</time>
    <extensions>
     <power>334</power>
     <gpxtpx:TrackPointExtension>
      <gpxtpx:hr>190</gpxtpx:hr>
      <gpxtpx:cad>82</gpxtpx:cad>
     </gpxtpx:TrackPointExtension>
    </extensions>
   </trkpt>
   <trkpt lat="12.9836200" lon="77.6914890">
    <ele>890.2</ele>
    <time>2026-09-09T16:31:18Z</time>
    <extensions>
     <power>338</power>
     <gpxtpx:TrackPointExtension>
      <gpxtpx:hr>190</gpxtpx:hr>
      <gpxtpx:cad>82</gpxtpx:cad>
     </gpxtpx:TrackPointExtension>
    </extensions>
   </trkpt>
   <trkpt lat="12.9836150" lon="77.6915110">
    <ele>890.2</ele>
    <time>2026-09-09T16:31:19Z</time>
    <extensions>
     <power>329</power>
     <gpxtpx:TrackPointExtension>
      <gpxtpx:hr>190</gpxtpx:hr>
      <gpxtpx:cad>82</gpxtpx:cad>
     </gpxtpx:TrackPointExtension>
    </extensions>
   </trkpt>
   <trkpt lat="12.9836100" lon="77.6915330">
    <ele>890.2</ele>
    <time>2026-09-09T16:31:20Z</time>
    <extensions>
     <power>328</power>
     <gpxtpx:TrackPointExtension>
      <gpxtpx:hr>190</gpxtpx:hr>
      <gpxtpx:cad>82</gpxtpx:cad>
     </gpxtpx:TrackPointExtension>
    </extensions>
   </trkpt>
   <trkpt lat="12.9836040" lon="77.6915560">
    <ele>890.2</ele>
    <time>2026-09-09T16:31:21Z</time>
    <extensions>
     <power>327</power>
     <gpxtpx:TrackPointExtension>
      <gpxtpx:hr>190</gpxtpx:hr>
      <gpxtpx:cad>82</gpxtpx:cad>
     </gpxtpx:TrackPointExtension>
    </extensions>
   </trkpt>
   <trkpt lat="12.9835970" lon="77.6915800">
    <ele>890.2</ele>
    <time>2026-09-09T16:31:22Z</time>
    <extensions>
     <power>327</power>
     <gpxtpx:TrackPointExtension>
      <gpxtpx:hr>190</gpxtpx:hr>
      <gpxtpx:cad>82</gpxtpx:cad>
     </gpxtpx:TrackPointExtension>
    </extensions>
   </trkpt>
   <trkpt lat="12.9835900" lon="77.6916040">
    <ele>890.2</ele>
    <time>2026-09-09T16:31:23Z</time>
    <extensions>
     <power>327</power>
     <gpxtpx:TrackPointExtension>
      <gpxtpx:hr>190</gpxtpx:hr>
      <gpxtpx:cad>82</gpxtpx:cad>
     </gpxtpx:TrackPointExtension>
    </extensions>
   </trkpt>
   <trkpt lat="12.9835830" lon="77.6916290">
    <ele>890.2</ele>
    <time>2026-09-09T16:31:24Z</time>
    <extensions>
     <power>327</power>
     <gpxtpx:TrackPointExtension>
      <gpxtpx:hr>190</gpxtpx:hr>
      <gpxtpx:cad>83</gpxtpx:cad>
     </gpxtpx:TrackPointExtension>
    </extensions>
   </trkpt>
   <trkpt lat="12.9835750" lon="77.6916560">
    <ele>890.2</ele>
    <time>2026-09-09T16:31:25Z</time>
    <extensions>
     <power>326</power>
     <gpxtpx:TrackPointExtension>
      <gpxtpx:hr>190</gpxtpx:hr>
      <gpxtpx:cad>83</gpxtpx:cad>
     </gpxtpx:TrackPointExtension>
    </extensions>
   </trkpt>
   <trkpt lat="12.9835660" lon="77.6916830">
    <ele>890.2</ele>
    <time>2026-09-09T16:31:26Z</time>
    <extensions>
     <power>325</power>
     <gpxtpx:TrackPointExtension>
      <gpxtpx:hr>189</gpxtpx:hr>
      <gpxtpx:cad>83</gpxtpx:cad>
     </gpxtpx:TrackPointExtension>
    </extensions>
   </trkpt>
   <trkpt lat="12.9835560" lon="77.6917110">
    <ele>890.2</ele>
    <time>2026-09-09T16:31:27Z</time>
    <extensions>
     <power>319</power>
     <gpxtpx:TrackPointExtension>
      <gpxtpx:hr>189</gpxtpx:hr>
      <gpxtpx:cad>84</gpxtpx:cad>
     </gpxtpx:TrackPointExtension>
    </extensions>
   </trkpt>
   <trkpt lat="12.9835440" lon="77.6917380">
    <ele>890.0</ele>
    <time>2026-09-09T16:31:28Z</time>
    <extensions>
     <power>327</power>
     <gpxtpx:TrackPointExtension>
      <gpxtpx:hr>190</gpxtpx:hr>
      <gpxtpx:cad>83</gpxtpx:cad>
     </gpxtpx:TrackPointExtension>
    </extensions>
   </trkpt>
   <trkpt lat="12.9835280" lon="77.6917640">
    <ele>890.0</ele>
    <time>2026-09-09T16:31:29Z</time>
    <extensions>
     <power>327</power>
     <gpxtpx:TrackPointExtension>
      <gpxtpx:hr>190</gpxtpx:hr>
      <gpxtpx:cad>83</gpxtpx:cad>
     </gpxtpx:TrackPointExtension>
    </extensions>
   </trkpt>
   <trkpt lat="12.9835090" lon="77.6917880">
    <ele>890.0</ele>
    <time>2026-09-09T16:31:30Z</time>
    <extensions>
     <power>329</power>
     <gpxtpx:TrackPointExtension>
      <gpxtpx:hr>190</gpxtpx:hr>
      <gpxtpx:cad>83</gpxtpx:cad>
     </gpxtpx:TrackPointExtension>
    </extensions>
   </trkpt>
   <trkpt lat="12.9834870" lon="77.6918090">
    <ele>890.0</ele>
    <time>2026-09-09T16:31:31Z</time>
    <extensions>
     <power>325</power>
     <gpxtpx:TrackPointExtension>
      <gpxtpx:hr>191</gpxtpx:hr>
      <gpxtpx:cad>83</gpxtpx:cad>
     </gpxtpx:TrackPointExtension>
    </extensions>
   </trkpt>
   <trkpt lat="12.9834640" lon="77.6918260">
    <ele>890.0</ele>
    <time>2026-09-09T16:31:32Z</time>
    <extensions>
     <power>324</power>
     <gpxtpx:TrackPointExtension>
      <gpxtpx:hr>191</gpxtpx:hr>
      <gpxtpx:cad>83</gpxtpx:cad>
     </gpxtpx:TrackPointExtension>
    </extensions>
   </trkpt>
   <trkpt lat="12.9834400" lon="77.6918400">
    <ele>890.0</ele>
    <time>2026-09-09T16:31:33Z</time>
    <extensions>
     <power>324</power>
     <gpxtpx:TrackPointExtension>
      <gpxtpx:hr>190</gpxtpx:hr>
      <gpxtpx:cad>83</gpxtpx:cad>
     </gpxtpx:TrackPointExtension>
    </extensions>
   </trkpt>
   <trkpt lat="12.9834160" lon="77.6918500">
    <ele>890.0</ele>
    <time>2026-09-09T16:31:34Z</time>
    <extensions>
     <power>316</power>
     <gpxtpx:TrackPointExtension>
      <gpxtpx:hr>190</gpxtpx:hr>
      <gpxtpx:cad>83</gpxtpx:cad>
     </gpxtpx:TrackPointExtension>
    </extensions>
   </trkpt>
   <trkpt lat="12.9833930" lon="77.6918570">
    <ele>890.0</ele>
    <time>2026-09-09T16:31:35Z</time>
    <extensions>
     <power>323</power>
     <gpxtpx:TrackPointExtension>
      <gpxtpx:hr>190</gpxtpx:hr>
      <gpxtpx:cad>83</gpxtpx:cad>
     </gpxtpx:TrackPointExtension>
    </extensions>
   </trkpt>
   <trkpt lat="12.9833690" lon="77.6918640">
    <ele>890.0</ele>
    <time>2026-09-09T16:31:36Z</time>
    <extensions>
     <power>335</power>
     <gpxtpx:TrackPointExtension>
      <gpxtpx:hr>190</gpxtpx:hr>
      <gpxtpx:cad>83</gpxtpx:cad>
     </gpxtpx:TrackPointExtension>
    </extensions>
   </trkpt>
   <trkpt lat="12.9833440" lon="77.6918690">
    <ele>890.0</ele>
    <time>2026-09-09T16:31:37Z</time>
    <extensions>
     <power>340</power>
     <gpxtpx:TrackPointExtension>
      <gpxtpx:hr>190</gpxtpx:hr>
      <gpxtpx:cad>82</gpxtpx:cad>
     </gpxtpx:TrackPointExtension>
    </extensions>
   </trkpt>
   <trkpt lat="12.9833190" lon="77.6918730">
    <ele>890.0</ele>
    <time>2026-09-09T16:31:38Z</time>
    <extensions>
     <power>334</power>
     <gpxtpx:TrackPointExtension>
      <gpxtpx:hr>190</gpxtpx:hr>
      <gpxtpx:cad>82</gpxtpx:cad>
     </gpxtpx:TrackPointExtension>
    </extensions>
   </trkpt>
   <trkpt lat="12.9832940" lon="77.6918770">
    <ele>890.0</ele>
    <time>2026-09-09T16:31:39Z</time>
    <extensions>
     <power>329</power>
     <gpxtpx:TrackPointExtension>
      <gpxtpx:hr>191</gpxtpx:hr>
      <gpxtpx:cad>81</gpxtpx:cad>
     </gpxtpx:TrackPointExtension>
    </extensions>
   </trkpt>
   <trkpt lat="12.9832690" lon="77.6918840">
    <ele>890.0</ele>
    <time>2026-09-09T16:31:40Z</time>
    <extensions>
     <power>326</power>
     <gpxtpx:TrackPointExtension>
      <gpxtpx:hr>191</gpxtpx:hr>
      <gpxtpx:cad>81</gpxtpx:cad>
     </gpxtpx:TrackPointExtension>
    </extensions>
   </trkpt>
   <trkpt lat="12.9832440" lon="77.6918940">
    <ele>890.0</ele>
    <time>2026-09-09T16:31:41Z</time>
    <extensions>
     <power>331</power>
     <gpxtpx:TrackPointExtension>
      <gpxtpx:hr>192</gpxtpx:hr>
      <gpxtpx:cad>81</gpxtpx:cad>
     </gpxtpx:TrackPointExtension>
    </extensions>
   </trkpt>
   <trkpt lat="12.9832230" lon="77.6919080">
    <ele>890.0</ele>
    <time>2026-09-09T16:31:42Z</time>
    <extensions>
     <power>332</power>
     <gpxtpx:TrackPointExtension>
      <gpxtpx:hr>192</gpxtpx:hr>
      <gpxtpx:cad>81</gpxtpx:cad>
     </gpxtpx:TrackPointExtension>
    </extensions>
   </trkpt>
   <trkpt lat="12.9832060" lon="77.6919260">
    <ele>890.0</ele>
    <time>2026-09-09T16:31:43Z</time>
    <extensions>
     <power>332</power>
     <gpxtpx:TrackPointExtension>
      <gpxtpx:hr>192</gpxtpx:hr>
      <gpxtpx:cad>81</gpxtpx:cad>
     </gpxtpx:TrackPointExtension>
    </extensions>
   </trkpt>
   <trkpt lat="12.9831900" lon="77.6919460">
    <ele>890.0</ele>
    <time>2026-09-09T16:31:44Z</time>
    <extensions>
     <power>335</power>
     <gpxtpx:TrackPointExtension>
      <gpxtpx:hr>192</gpxtpx:hr>
      <gpxtpx:cad>81</gpxtpx:cad>
     </gpxtpx:TrackPointExtension>
    </extensions>
   </trkpt>
   <trkpt lat="12.9831760" lon="77.6919670">
    <ele>890.0</ele>
    <time>2026-09-09T16:31:45Z</time>
    <extensions>
     <power>336</power>
     <gpxtpx:TrackPointExtension>
      <gpxtpx:hr>191</gpxtpx:hr>
      <gpxtpx:cad>81</gpxtpx:cad>
     </gpxtpx:TrackPointExtension>
    </extensions>
   </trkpt>
   <trkpt lat="12.9831610" lon="77.6919870">
    <ele>890.0</ele>
    <time>2026-09-09T16:31:46Z</time>
    <extensions>
     <power>336</power>
     <gpxtpx:TrackPointExtension>
      <gpxtpx:hr>191</gpxtpx:hr>
      <gpxtpx:cad>82</gpxtpx:cad>
     </gpxtpx:TrackPointExtension>
    </extensions>
   </trkpt>
   <trkpt lat="12.9831440" lon="77.6920060">
    <ele>890.0</ele>
    <time>2026-09-09T16:31:47Z</time>
    <extensions>
     <power>336</power>
     <gpxtpx:TrackPointExtension>
      <gpxtpx:hr>191</gpxtpx:hr>
      <gpxtpx:cad>82</gpxtpx:cad>
     </gpxtpx:TrackPointExtension>
    </extensions>
   </trkpt>
   <trkpt lat="12.9831250" lon="77.6920230">
    <ele>890.0</ele>
    <time>2026-09-09T16:31:48Z</time>
    <extensions>
     <power>336</power>
     <gpxtpx:TrackPointExtension>
      <gpxtpx:hr>192</gpxtpx:hr>
      <gpxtpx:cad>83</gpxtpx:cad>
     </gpxtpx:TrackPointExtension>
    </extensions>
   </trkpt>
   <trkpt lat="12.9831040" lon="77.6920390">
    <ele>890.0</ele>
    <time>2026-09-09T16:31:49Z</time>
    <extensions>
     <power>336</power>
     <gpxtpx:TrackPointExtension>
      <gpxtpx:hr>192</gpxtpx:hr>
      <gpxtpx:cad>83</gpxtpx:cad>
     </gpxtpx:TrackPointExtension>
    </extensions>
   </trkpt>
   <trkpt lat="12.9830820" lon="77.6920550">
    <ele>890.0</ele>
    <time>2026-09-09T16:31:50Z</time>
    <extensions>
     <power>346</power>
     <gpxtpx:TrackPointExtension>
      <gpxtpx:hr>191</gpxtpx:hr>
      <gpxtpx:cad>83</gpxtpx:cad>
     </gpxtpx:TrackPointExtension>
    </extensions>
   </trkpt>
   <trkpt lat="12.9830600" lon="77.6920710">
    <ele>890.0</ele>
    <time>2026-09-09T16:31:51Z</time>
    <extensions>
     <power>348</power>
     <gpxtpx:TrackPointExtension>
      <gpxtpx:hr>191</gpxtpx:hr>
      <gpxtpx:cad>83</gpxtpx:cad>
     </gpxtpx:TrackPointExtension>
    </extensions>
   </trkpt>
   <trkpt lat="12.9830380" lon="77.6920860">
    <ele>890.0</ele>
    <time>2026-09-09T16:31:52Z</time>
    <extensions>
     <power>339</power>
     <gpxtpx:TrackPointExtension>
      <gpxtpx:hr>191</gpxtpx:hr>
      <gpxtpx:cad>83</gpxtpx:cad>
     </gpxtpx:TrackPointExtension>
    </extensions>
   </trkpt>
   <trkpt lat="12.9830150" lon="77.6921010">
    <ele>890.0</ele>
    <time>2026-09-09T16:31:53Z</time>
    <extensions>
     <power>343</power>
     <gpxtpx:TrackPointExtension>
      <gpxtpx:hr>191</gpxtpx:hr>
      <gpxtpx:cad>82</gpxtpx:cad>
     </gpxtpx:TrackPointExtension>
    </extensions>
   </trkpt>
   <trkpt lat="12.9829920" lon="77.6921150">
    <ele>890.0</ele>
    <time>2026-09-09T16:31:54Z</time>
    <extensions>
     <power>333</power>
     <gpxtpx:TrackPointExtension>
      <gpxtpx:hr>192</gpxtpx:hr>
      <gpxtpx:cad>82</gpxtpx:cad>
     </gpxtpx:TrackPointExtension>
    </extensions>
   </trkpt>
   <trkpt lat="12.9829680" lon="77.6921290">
    <ele>890.0</ele>
    <time>2026-09-09T16:31:55Z</time>
    <extensions>
     <power>333</power>
     <gpxtpx:TrackPointExtension>
      <gpxtpx:hr>192</gpxtpx:hr>
      <gpxtpx:cad>82</gpxtpx:cad>
     </gpxtpx:TrackPointExtension>
    </extensions>
   </trkpt>
   <trkpt lat="12.9829450" lon="77.6921420">
    <ele>890.0</ele>
    <time>2026-09-09T16:31:56Z</time>
    <extensions>
     <power>325</power>
     <gpxtpx:TrackPointExtension>
      <gpxtpx:hr>192</gpxtpx:hr>
      <gpxtpx:cad>83</gpxtpx:cad>
     </gpxtpx:TrackPointExtension>
    </extensions>
   </trkpt>
   <trkpt lat="12.9829220" lon="77.6921560">
    <ele>890.0</ele>
    <time>2026-09-09T16:31:57Z</time>
    <extensions>
     <power>323</power>
     <gpxtpx:TrackPointExtension>
      <gpxtpx:hr>192</gpxtpx:hr>
      <gpxtpx:cad>83</gpxtpx:cad>
     </gpxtpx:TrackPointExtension>
    </extensions>
   </trkpt>
   <trkpt lat="12.9828980" lon="77.6921700">
    <ele>890.0</ele>
    <time>2026-09-09T16:31:58Z</time>
    <extensions>
     <power>322</power>
     <gpxtpx:TrackPointExtension>
      <gpxtpx:hr>193</gpxtpx:hr>
      <gpxtpx:cad>83</gpxtpx:cad>
     </gpxtpx:TrackPointExtension>
    </extensions>
   </trkpt>
   <trkpt lat="12.9828750" lon="77.6921850">
    <ele>890.0</ele>
    <time>2026-09-09T16:31:59Z</time>
    <extensions>
     <power>323</power>
     <gpxtpx:TrackPointExtension>
      <gpxtpx:hr>193</gpxtpx:hr>
      <gpxtpx:cad>83</gpxtpx:cad>
     </gpxtpx:TrackPointExtension>
    </extensions>
   </trkpt>
   <trkpt lat="12.9828530" lon="77.6921990">
    <ele>890.0</ele>
    <time>2026-09-09T16:32:00Z</time>
    <extensions>
     <power>315</power>
     <gpxtpx:TrackPointExtension>
      <gpxtpx:hr>193</gpxtpx:hr>
      <gpxtpx:cad>83</gpxtpx:cad>
     </gpxtpx:TrackPointExtension>
    </extensions>
   </trkpt>
   <trkpt lat="12.9828310" lon="77.6922150">
    <ele>890.0</ele>
    <time>2026-09-09T16:32:01Z</time>
    <extensions>
     <power>313</power>
     <gpxtpx:TrackPointExtension>
      <gpxtpx:hr>193</gpxtpx:hr>
      <gpxtpx:cad>83</gpxtpx:cad>
     </gpxtpx:TrackPointExtension>
    </extensions>
   </trkpt>
   <trkpt lat="12.9828120" lon="77.6922340">
    <ele>890.0</ele>
    <time>2026-09-09T16:32:02Z</time>
    <extensions>
     <power>315</power>
     <gpxtpx:TrackPointExtension>
      <gpxtpx:hr>193</gpxtpx:hr>
      <gpxtpx:cad>83</gpxtpx:cad>
     </gpxtpx:TrackPointExtension>
    </extensions>
   </trkpt>
   <trkpt lat="12.9827950" lon="77.6922540">
    <ele>890.0</ele>
    <time>2026-09-09T16:32:03Z</time>
    <extensions>
     <power>315</power>
     <gpxtpx:TrackPointExtension>
      <gpxtpx:hr>193</gpxtpx:hr>
      <gpxtpx:cad>83</gpxtpx:cad>
     </gpxtpx:TrackPointExtension>
    </extensions>
   </trkpt>
   <trkpt lat="12.9827800" lon="77.6922760">
    <ele>890.0</ele>
    <time>2026-09-09T16:32:04Z</time>
    <extensions>
     <power>315</power>
     <gpxtpx:TrackPointExtension>
      <gpxtpx:hr>193</gpxtpx:hr>
      <gpxtpx:cad>82</gpxtpx:cad>
     </gpxtpx:TrackPointExtension>
    </extensions>
   </trkpt>
   <trkpt lat="12.9827650" lon="77.6922990">
    <ele>890.2</ele>
    <time>2026-09-09T16:32:05Z</time>
    <extensions>
     <power>315</power>
     <gpxtpx:TrackPointExtension>
      <gpxtpx:hr>193</gpxtpx:hr>
      <gpxtpx:cad>82</gpxtpx:cad>
     </gpxtpx:TrackPointExtension>
    </extensions>
   </trkpt>
   <trkpt lat="12.9827520" lon="77.6923210">
    <ele>890.2</ele>
    <time>2026-09-09T16:32:06Z</time>
    <extensions>
     <power>316</power>
     <gpxtpx:TrackPointExtension>
      <gpxtpx:hr>193</gpxtpx:hr>
      <gpxtpx:cad>82</gpxtpx:cad>
     </gpxtpx:TrackPointExtension>
    </extensions>
   </trkpt>
   <trkpt lat="12.9827370" lon="77.6923420">
    <ele>890.2</ele>
    <time>2026-09-09T16:32:07Z</time>
    <extensions>
     <power>318</power>
     <gpxtpx:TrackPointExtension>
      <gpxtpx:hr>193</gpxtpx:hr>
      <gpxtpx:cad>82</gpxtpx:cad>
     </gpxtpx:TrackPointExtension>
    </extensions>
   </trkpt>
   <trkpt lat="12.9827200" lon="77.6923610">
    <ele>890.2</ele>
    <time>2026-09-09T16:32:08Z</time>
    <extensions>
     <power>327</power>
     <gpxtpx:TrackPointExtension>
      <gpxtpx:hr>193</gpxtpx:hr>
      <gpxtpx:cad>81</gpxtpx:cad>
     </gpxtpx:TrackPointExtension>
    </extensions>
   </trkpt>
   <trkpt lat="12.9826970" lon="77.6923780">
    <ele>890.2</ele>
    <time>2026-09-09T16:32:09Z</time>
    <extensions>
     <power>331</power>
     <gpxtpx:TrackPointExtension>
      <gpxtpx:hr>193</gpxtpx:hr>
      <gpxtpx:cad>81</gpxtpx:cad>
     </gpxtpx:TrackPointExtension>
    </extensions>
   </trkpt>
   <trkpt lat="12.9826780" lon="77.6923890">
    <ele>890.2</ele>
    <time>2026-09-09T16:32:10Z</time>
    <extensions>
     <power>329</power>
     <gpxtpx:TrackPointExtension>
      <gpxtpx:hr>193</gpxtpx:hr>
      <gpxtpx:cad>81</gpxtpx:cad>
     </gpxtpx:TrackPointExtension>
    </extensions>
   </trkpt>
   <trkpt lat="12.9826550" lon="77.6923970">
    <ele>890.2</ele>
    <time>2026-09-09T16:32:11Z</time>
    <extensions>
     <power>318</power>
     <gpxtpx:TrackPointExtension>
      <gpxtpx:hr>193</gpxtpx:hr>
      <gpxtpx:cad>81</gpxtpx:cad>
     </gpxtpx:TrackPointExtension>
    </extensions>
   </trkpt>
   <trkpt lat="12.9826310" lon="77.6924030">
    <ele>890.2</ele>
    <time>2026-09-09T16:32:12Z</time>
    <extensions>
     <power>316</power>
     <gpxtpx:TrackPointExtension>
      <gpxtpx:hr>193</gpxtpx:hr>
      <gpxtpx:cad>81</gpxtpx:cad>
     </gpxtpx:TrackPointExtension>
    </extensions>
   </trkpt>
   <trkpt lat="12.9826070" lon="77.6924060">
    <ele>890.2</ele>
    <time>2026-09-09T16:32:13Z</time>
    <extensions>
     <power>316</power>
     <gpxtpx:TrackPointExtension>
      <gpxtpx:hr>193</gpxtpx:hr>
      <gpxtpx:cad>82</gpxtpx:cad>
     </gpxtpx:TrackPointExtension>
    </extensions>
   </trkpt>
   <trkpt lat="12.9825830" lon="77.6924100">
    <ele>890.2</ele>
    <time>2026-09-09T16:32:14Z</time>
    <extensions>
     <power>316</power>
     <gpxtpx:TrackPointExtension>
      <gpxtpx:hr>193</gpxtpx:hr>
      <gpxtpx:cad>82</gpxtpx:cad>
     </gpxtpx:TrackPointExtension>
    </extensions>
   </trkpt>
   <trkpt lat="12.9825590" lon="77.6924150">
    <ele>890.2</ele>
    <time>2026-09-09T16:32:15Z</time>
    <extensions>
     <power>316</power>
     <gpxtpx:TrackPointExtension>
      <gpxtpx:hr>193</gpxtpx:hr>
      <gpxtpx:cad>83</gpxtpx:cad>
     </gpxtpx:TrackPointExtension>
    </extensions>
   </trkpt>
   <trkpt lat="12.9825370" lon="77.6924190">
    <ele>890.2</ele>
    <time>2026-09-09T16:32:16Z</time>
    <extensions>
     <power>316</power>
     <gpxtpx:TrackPointExtension>
      <gpxtpx:hr>193</gpxtpx:hr>
      <gpxtpx:cad>83</gpxtpx:cad>
     </gpxtpx:TrackPointExtension>
    </extensions>
   </trkpt>
   <trkpt lat="12.9825120" lon="77.6924210">
    <ele>890.2</ele>
    <time>2026-09-09T16:32:17Z</time>
    <extensions>
     <power>316</power>
     <gpxtpx:TrackPointExtension>
      <gpxtpx:hr>193</gpxtpx:hr>
      <gpxtpx:cad>84</gpxtpx:cad>
     </gpxtpx:TrackPointExtension>
    </extensions>
   </trkpt>
   <trkpt lat="12.9824880" lon="77.6924190">
    <ele>890.2</ele>
    <time>2026-09-09T16:32:18Z</time>
    <extensions>
     <power>318</power>
     <gpxtpx:TrackPointExtension>
      <gpxtpx:hr>193</gpxtpx:hr>
      <gpxtpx:cad>84</gpxtpx:cad>
     </gpxtpx:TrackPointExtension>
    </extensions>
   </trkpt>
   <trkpt lat="12.9824640" lon="77.6924150">
    <ele>890.4</ele>
    <time>2026-09-09T16:32:19Z</time>
    <extensions>
     <power>319</power>
     <gpxtpx:TrackPointExtension>
      <gpxtpx:hr>193</gpxtpx:hr>
      <gpxtpx:cad>84</gpxtpx:cad>
     </gpxtpx:TrackPointExtension>
    </extensions>
   </trkpt>
   <trkpt lat="12.9824410" lon="77.6924080">
    <ele>890.4</ele>
    <time>2026-09-09T16:32:20Z</time>
    <extensions>
     <power>329</power>
     <gpxtpx:TrackPointExtension>
      <gpxtpx:hr>193</gpxtpx:hr>
      <gpxtpx:cad>83</gpxtpx:cad>
     </gpxtpx:TrackPointExtension>
    </extensions>
   </trkpt>
   <trkpt lat="12.9824190" lon="77.6923990">
    <ele>890.4</ele>
    <time>2026-09-09T16:32:21Z</time>
    <extensions>
     <power>332</power>
     <gpxtpx:TrackPointExtension>
      <gpxtpx:hr>193</gpxtpx:hr>
      <gpxtpx:cad>83</gpxtpx:cad>
     </gpxtpx:TrackPointExtension>
    </extensions>
   </trkpt>
   <trkpt lat="12.9823980" lon="77.6923880">
    <ele>890.4</ele>
    <time>2026-09-09T16:32:22Z</time>
    <extensions>
     <power>341</power>
     <gpxtpx:TrackPointExtension>
      <gpxtpx:hr>194</gpxtpx:hr>
      <gpxtpx:cad>83</gpxtpx:cad>
     </gpxtpx:TrackPointExtension>
    </extensions>
   </trkpt>
   <trkpt lat="12.9823770" lon="77.6923740">
    <ele>890.4</ele>
    <time>2026-09-09T16:32:23Z</time>
    <extensions>
     <power>338</power>
     <gpxtpx:TrackPointExtension>
      <gpxtpx:hr>194</gpxtpx:hr>
      <gpxtpx:cad>83</gpxtpx:cad>
     </gpxtpx:TrackPointExtension>
    </extensions>
   </trkpt>
   <trkpt lat="12.9823570" lon="77.6923590">
    <ele>890.4</ele>
    <time>2026-09-09T16:32:24Z</time>
    <extensions>
     <power>334</power>
     <gpxtpx:TrackPointExtension>
      <gpxtpx:hr>193</gpxtpx:hr>
      <gpxtpx:cad>83</gpxtpx:cad>
     </gpxtpx:TrackPointExtension>
    </extensions>
   </trkpt>
   <trkpt lat="12.9823390" lon="77.6923420">
    <ele>890.4</ele>
    <time>2026-09-09T16:32:25Z</time>
    <extensions>
     <power>330</power>
     <gpxtpx:TrackPointExtension>
      <gpxtpx:hr>193</gpxtpx:hr>
      <gpxtpx:cad>83</gpxtpx:cad>
     </gpxtpx:TrackPointExtension>
    </extensions>
   </trkpt>
   <trkpt lat="12.9823210" lon="77.6923240">
    <ele>890.4</ele>
    <time>2026-09-09T16:32:26Z</time>
    <extensions>
     <power>327</power>
     <gpxtpx:TrackPointExtension>
      <gpxtpx:hr>193</gpxtpx:hr>
      <gpxtpx:cad>83</gpxtpx:cad>
     </gpxtpx:TrackPointExtension>
    </extensions>
   </trkpt>
   <trkpt lat="12.9823040" lon="77.6923050">
    <ele>890.4</ele>
    <time>2026-09-09T16:32:27Z</time>
    <extensions>
     <power>329</power>
     <gpxtpx:TrackPointExtension>
      <gpxtpx:hr>193</gpxtpx:hr>
      <gpxtpx:cad>83</gpxtpx:cad>
     </gpxtpx:TrackPointExtension>
    </extensions>
   </trkpt>
   <trkpt lat="12.9822870" lon="77.6922850">
    <ele>890.4</ele>
    <time>2026-09-09T16:32:28Z</time>
    <extensions>
     <power>316</power>
     <gpxtpx:TrackPointExtension>
      <gpxtpx:hr>194</gpxtpx:hr>
      <gpxtpx:cad>83</gpxtpx:cad>
     </gpxtpx:TrackPointExtension>
    </extensions>
   </trkpt>
   <trkpt lat="12.9822700" lon="77.6922650">
    <ele>890.4</ele>
    <time>2026-09-09T16:32:29Z</time>
    <extensions>
     <power>311</power>
     <gpxtpx:TrackPointExtension>
      <gpxtpx:hr>194</gpxtpx:hr>
      <gpxtpx:cad>83</gpxtpx:cad>
     </gpxtpx:TrackPointExtension>
    </extensions>
   </trkpt>
   <trkpt lat="12.9822530" lon="77.6922450">
    <ele>890.4</ele>
    <time>2026-09-09T16:32:30Z</time>
    <extensions>
     <power>300</power>
     <gpxtpx:TrackPointExtension>
      <gpxtpx:hr>194</gpxtpx:hr>
      <gpxtpx:cad>83</gpxtpx:cad>
     </gpxtpx:TrackPointExtension>
    </extensions>
   </trkpt>
   <trkpt lat="12.9822360" lon="77.6922240">
    <ele>890.4</ele>
    <time>2026-09-09T16:32:31Z</time>
    <extensions>
     <power>298</power>
     <gpxtpx:TrackPointExtension>
      <gpxtpx:hr>194</gpxtpx:hr>
      <gpxtpx:cad>83</gpxtpx:cad>
     </gpxtpx:TrackPointExtension>
    </extensions>
   </trkpt>
   <trkpt lat="12.9822190" lon="77.6922040">
    <ele>890.4</ele>
    <time>2026-09-09T16:32:32Z</time>
    <extensions>
     <power>297</power>
     <gpxtpx:TrackPointExtension>
      <gpxtpx:hr>194</gpxtpx:hr>
      <gpxtpx:cad>83</gpxtpx:cad>
     </gpxtpx:TrackPointExtension>
    </extensions>
   </trkpt>
   <trkpt lat="12.9822010" lon="77.6921820">
    <ele>890.4</ele>
    <time>2026-09-09T16:32:33Z</time>
    <extensions>
     <power>297</power>
     <gpxtpx:TrackPointExtension>
      <gpxtpx:hr>194</gpxtpx:hr>
      <gpxtpx:cad>83</gpxtpx:cad>
     </gpxtpx:TrackPointExtension>
    </extensions>
   </trkpt>
   <trkpt lat="12.9821850" lon="77.6921610">
    <ele>890.4</ele>
    <time>2026-09-09T16:32:34Z</time>
    <extensions>
     <power>297</power>
     <gpxtpx:TrackPointExtension>
      <gpxtpx:hr>194</gpxtpx:hr>
      <gpxtpx:cad>83</gpxtpx:cad>
     </gpxtpx:TrackPointExtension>
    </extensions>
   </trkpt>
   <trkpt lat="12.9821670" lon="77.6921400">
    <ele>890.4</ele>
    <time>2026-09-09T16:32:35Z</time>
    <extensions>
     <power>296</power>
     <gpxtpx:TrackPointExtension>
      <gpxtpx:hr>194</gpxtpx:hr>
      <gpxtpx:cad>82</gpxtpx:cad>
     </gpxtpx:TrackPointExtension>
    </extensions>
   </trkpt>
   <trkpt lat="12.9821480" lon="77.6921210">
    <ele>890.4</ele>
    <time>2026-09-09T16:32:36Z</time>
    <extensions>
     <power>292</power>
     <gpxtpx:TrackPointExtension>
      <gpxtpx:hr>194</gpxtpx:hr>
      <gpxtpx:cad>82</gpxtpx:cad>
     </gpxtpx:TrackPointExtension>
    </extensions>
   </trkpt>
   <trkpt lat="12.9821300" lon="77.6921030">
    <ele>890.4</ele>
    <time>2026-09-09T16:32:37Z</time>
    <extensions>
     <power>293</power>
     <gpxtpx:TrackPointExtension>
      <gpxtpx:hr>194</gpxtpx:hr>
      <gpxtpx:cad>81</gpxtpx:cad>
     </gpxtpx:TrackPointExtension>
    </extensions>
   </trkpt>
   <trkpt lat="12.9821110" lon="77.6920840">
    <ele>890.4</ele>
    <time>2026-09-09T16:32:38Z</time>
    <extensions>
     <power>293</power>
     <gpxtpx:TrackPointExtension>
      <gpxtpx:hr>194</gpxtpx:hr>
      <gpxtpx:cad>81</gpxtpx:cad>
     </gpxtpx:TrackPointExtension>
    </extensions>
   </trkpt>
   <trkpt lat="12.9820950" lon="77.6920610">
    <ele>890.4</ele>
    <time>2026-09-09T16:32:39Z</time>
    <extensions>
     <power>292</power>
     <gpxtpx:TrackPointExtension>
      <gpxtpx:hr>194</gpxtpx:hr>
      <gpxtpx:cad>81</gpxtpx:cad>
     </gpxtpx:TrackPointExtension>
    </extensions>
   </trkpt>
   <trkpt lat="12.9820840" lon="77.6920370">
    <ele>890.4</ele>
    <time>2026-09-09T16:32:40Z</time>
    <extensions>
     <power>292</power>
     <gpxtpx:TrackPointExtension>
      <gpxtpx:hr>194</gpxtpx:hr>
      <gpxtpx:cad>81</gpxtpx:cad>
     </gpxtpx:TrackPointExtension>
    </extensions>
   </trkpt>
   <trkpt lat="12.9820770" lon="77.6920100">
    <ele>890.4</ele>
    <time>2026-09-09T16:32:41Z</time>
    <extensions>
     <power>292</power>
     <gpxtpx:TrackPointExtension>
      <gpxtpx:hr>193</gpxtpx:hr>
      <gpxtpx:cad>81</gpxtpx:cad>
     </gpxtpx:TrackPointExtension>
    </extensions>
   </trkpt>
   <trkpt lat="12.9820720" lon="77.6919830">
    <ele>890.4</ele>
    <time>2026-09-09T16:32:42Z</time>
    <extensions>
     <power>291</power>
     <gpxtpx:TrackPointExtension>
      <gpxtpx:hr>193</gpxtpx:hr>
      <gpxtpx:cad>81</gpxtpx:cad>
     </gpxtpx:TrackPointExtension>
    </extensions>
   </trkpt>
   <trkpt lat="12.9820680" lon="77.6919540">
    <ele>890.4</ele>
    <time>2026-09-09T16:32:43Z</time>
    <extensions>
     <power>291</power>
     <gpxtpx:TrackPointExtension>
      <gpxtpx:hr>192</gpxtpx:hr>
      <gpxtpx:cad>81</gpxtpx:cad>
     </gpxtpx:TrackPointExtension>
    </extensions>
   </trkpt>
   <trkpt lat="12.9820650" lon="77.6919270">
    <ele>890.4</ele>
    <time>2026-09-09T16:32:44Z</time>
    <extensions>
     <power>290</power>
     <gpxtpx:TrackPointExtension>
      <gpxtpx:hr>192</gpxtpx:hr>
      <gpxtpx:cad>81</gpxtpx:cad>
     </gpxtpx:TrackPointExtension>
    </extensions>
   </trkpt>
   <trkpt lat="12.9820630" lon="77.6919000">
    <ele>890.4</ele>
    <time>2026-09-09T16:32:45Z</time>
    <extensions>
     <power>291</power>
     <gpxtpx:TrackPointExtension>
      <gpxtpx:hr>192</gpxtpx:hr>
      <gpxtpx:cad>82</gpxtpx:cad>
     </gpxtpx:TrackPointExtension>
    </extensions>
   </trkpt>
   <trkpt lat="12.9820630" lon="77.6918720">
    <ele>890.4</ele>
    <time>2026-09-09T16:32:46Z</time>
    <extensions>
     <power>293</power>
     <gpxtpx:TrackPointExtension>
      <gpxtpx:hr>192</gpxtpx:hr>
      <gpxtpx:cad>82</gpxtpx:cad>
     </gpxtpx:TrackPointExtension>
    </extensions>
   </trkpt>
   <trkpt lat="12.9820640" lon="77.6918460">
    <ele>890.4</ele>
    <time>2026-09-09T16:32:47Z</time>
    <extensions>
     <power>303</power>
     <gpxtpx:TrackPointExtension>
      <gpxtpx:hr>192</gpxtpx:hr>
      <gpxtpx:cad>82</gpxtpx:cad>
     </gpxtpx:TrackPointExtension>
    </extensions>
   </trkpt>
   <trkpt lat="12.9820680" lon="77.6918190">
    <ele>890.4</ele>
    <time>2026-09-09T16:32:48Z</time>
    <extensions>
     <power>310</power>
     <gpxtpx:TrackPointExtension>
      <gpxtpx:hr>192</gpxtpx:hr>
      <gpxtpx:cad>81</gpxtpx:cad>
     </gpxtpx:TrackPointExtension>
    </extensions>
   </trkpt>
   <trkpt lat="12.9820740" lon="77.6917930">
    <ele>890.4</ele>
    <time>2026-09-09T16:32:49Z</time>
    <extensions>
     <power>312</power>
     <gpxtpx:TrackPointExtension>
      <gpxtpx:hr>192</gpxtpx:hr>
      <gpxtpx:cad>81</gpxtpx:cad>
     </gpxtpx:TrackPointExtension>
    </extensions>
   </trkpt>
   <trkpt lat="12.9820820" lon="77.6917680">
    <ele>890.4</ele>
    <time>2026-09-09T16:32:50Z</time>
    <extensions>
     <power>314</power>
     <gpxtpx:TrackPointExtension>
      <gpxtpx:hr>192</gpxtpx:hr>
      <gpxtpx:cad>81</gpxtpx:cad>
     </gpxtpx:TrackPointExtension>
    </extensions>
   </trkpt>
   <trkpt lat="12.9820910" lon="77.6917440">
    <ele>890.4</ele>
    <time>2026-09-09T16:32:51Z</time>
    <extensions>
     <power>326</power>
     <gpxtpx:TrackPointExtension>
      <gpxtpx:hr>193</gpxtpx:hr>
      <gpxtpx:cad>81</gpxtpx:cad>
     </gpxtpx:TrackPointExtension>
    </extensions>
   </trkpt>
   <trkpt lat="12.9821020" lon="77.6917200">
    <ele>890.4</ele>
    <time>2026-09-09T16:32:52Z</time>
    <extensions>
     <power>329</power>
     <gpxtpx:TrackPointExtension>
      <gpxtpx:hr>193</gpxtpx:hr>
      <gpxtpx:cad>81</gpxtpx:cad>
     </gpxtpx:TrackPointExtension>
    </extensions>
   </trkpt>
   <trkpt lat="12.9821150" lon="77.6916960">
    <ele>890.4</ele>
    <time>2026-09-09T16:32:53Z</time>
    <extensions>
     <power>329</power>
     <gpxtpx:TrackPointExtension>
      <gpxtpx:hr>193</gpxtpx:hr>
      <gpxtpx:cad>81</gpxtpx:cad>
     </gpxtpx:TrackPointExtension>
    </extensions>
   </trkpt>
   <trkpt lat="12.9821280" lon="77.6916710">
    <ele>890.4</ele>
    <time>2026-09-09T16:32:54Z</time>
    <extensions>
     <power>313</power>
     <gpxtpx:TrackPointExtension>
      <gpxtpx:hr>193</gpxtpx:hr>
      <gpxtpx:cad>82</gpxtpx:cad>
     </gpxtpx:TrackPointExtension>
    </extensions>
   </trkpt>
   <trkpt lat="12.9821380" lon="77.6916440">
    <ele>890.4</ele>
    <time>2026-09-09T16:32:55Z</time>
    <extensions>
     <power>310</power>
     <gpxtpx:TrackPointExtension>
      <gpxtpx:hr>193</gpxtpx:hr>
      <gpxtpx:cad>83</gpxtpx:cad>
     </gpxtpx:TrackPointExtension>
    </extensions>
   </trkpt>
   <trkpt lat="12.9821480" lon="77.6916160">
    <ele>890.4</ele>
    <time>2026-09-09T16:32:56Z</time>
    <extensions>
     <power>308</power>
     <gpxtpx:TrackPointExtension>
      <gpxtpx:hr>194</gpxtpx:hr>
      <gpxtpx:cad>83</gpxtpx:cad>
     </gpxtpx:TrackPointExtension>
    </extensions>
   </trkpt>
   <trkpt lat="12.9821550" lon="77.6915890">
    <ele>890.4</ele>
    <time>2026-09-09T16:32:57Z</time>
    <extensions>
     <power>308</power>
     <gpxtpx:TrackPointExtension>
      <gpxtpx:hr>194</gpxtpx:hr>
      <gpxtpx:cad>83</gpxtpx:cad>
     </gpxtpx:TrackPointExtension>
    </extensions>
   </trkpt>
   <trkpt lat="12.9821570" lon="77.6915610">
    <ele>890.4</ele>
    <time>2026-09-09T16:32:58Z</time>
    <extensions>
     <power>308</power>
     <gpxtpx:TrackPointExtension>
      <gpxtpx:hr>194</gpxtpx:hr>
      <gpxtpx:cad>83</gpxtpx:cad>
     </gpxtpx:TrackPointExtension>
    </extensions>
   </trkpt>
   <trkpt lat="12.9821550" lon="77.6915340">
    <ele>890.4</ele>
    <time>2026-09-09T16:32:59Z</time>
    <extensions>
     <power>306</power>
     <gpxtpx:TrackPointExtension>
      <gpxtpx:hr>194</gpxtpx:hr>
      <gpxtpx:cad>83</gpxtpx:cad>
     </gpxtpx:TrackPointExtension>
    </extensions>
   </trkpt>
   <trkpt lat="12.9821480" lon="77.6915090">
    <ele>890.4</ele>
    <time>2026-09-09T16:33:00Z</time>
    <extensions>
     <power>307</power>
     <gpxtpx:TrackPointExtension>
      <gpxtpx:hr>194</gpxtpx:hr>
      <gpxtpx:cad>83</gpxtpx:cad>
     </gpxtpx:TrackPointExtension>
    </extensions>
   </trkpt>
   <trkpt lat="12.9821370" lon="77.6914860">
    <ele>890.4</ele>
    <time>2026-09-09T16:33:01Z</time>
    <extensions>
     <power>313</power>
     <gpxtpx:TrackPointExtension>
      <gpxtpx:hr>193</gpxtpx:hr>
      <gpxtpx:cad>82</gpxtpx:cad>
     </gpxtpx:TrackPointExtension>
    </extensions>
   </trkpt>
   <trkpt lat="12.9821220" lon="77.6914670">
    <ele>890.4</ele>
    <time>2026-09-09T16:33:02Z</time>
    <extensions>
     <power>314</power>
     <gpxtpx:TrackPointExtension>
      <gpxtpx:hr>193</gpxtpx:hr>
      <gpxtpx:cad>81</gpxtpx:cad>
     </gpxtpx:TrackPointExtension>
    </extensions>
   </trkpt>
   <trkpt lat="12.9821040" lon="77.6914500">
    <ele>890.4</ele>
    <time>2026-09-09T16:33:03Z</time>
    <extensions>
     <power>317</power>
     <gpxtpx:TrackPointExtension>
      <gpxtpx:hr>193</gpxtpx:hr>
      <gpxtpx:cad>80</gpxtpx:cad>
     </gpxtpx:TrackPointExtension>
    </extensions>
   </trkpt>
   <trkpt lat="12.9820840" lon="77.6914330">
    <ele>890.4</ele>
    <time>2026-09-09T16:33:04Z</time>
    <extensions>
     <power>317</power>
     <gpxtpx:TrackPointExtension>
      <gpxtpx:hr>193</gpxtpx:hr>
      <gpxtpx:cad>80</gpxtpx:cad>
     </gpxtpx:TrackPointExtension>
    </extensions>
   </trkpt>
   <trkpt lat="12.9820630" lon="77.6914180">
    <ele>890.4</ele>
    <time>2026-09-09T16:33:05Z</time>
    <extensions>
     <power>317</power>
     <gpxtpx:TrackPointExtension>
      <gpxtpx:hr>193</gpxtpx:hr>
      <gpxtpx:cad>80</gpxtpx:cad>
     </gpxtpx:TrackPointExtension>
    </extensions>
   </trkpt>
   <trkpt lat="12.9820440" lon="77.6914030">
    <ele>890.4</ele>
    <time>2026-09-09T16:33:06Z</time>
    <extensions>
     <power>319</power>
     <gpxtpx:TrackPointExtension>
      <gpxtpx:hr>193</gpxtpx:hr>
      <gpxtpx:cad>81</gpxtpx:cad>
     </gpxtpx:TrackPointExtension>
    </extensions>
   </trkpt>
   <trkpt lat="12.9820240" lon="77.6913850">
    <ele>890.4</ele>
    <time>2026-09-09T16:33:07Z</time>
    <extensions>
     <power>309</power>
     <gpxtpx:TrackPointExtension>
      <gpxtpx:hr>193</gpxtpx:hr>
      <gpxtpx:cad>81</gpxtpx:cad>
     </gpxtpx:TrackPointExtension>
    </extensions>
   </trkpt>
   <trkpt lat="12.9820080" lon="77.6913640">
    <ele>890.4</ele>
    <time>2026-09-09T16:33:08Z</time>
    <extensions>
     <power>332</power>
     <gpxtpx:TrackPointExtension>
      <gpxtpx:hr>193</gpxtpx:hr>
      <gpxtpx:cad>81</gpxtpx:cad>
     </gpxtpx:TrackPointExtension>
    </extensions>
   </trkpt>
   <trkpt lat="12.9819930" lon="77.6913410">
    <ele>890.4</ele>
    <time>2026-09-09T16:33:09Z</time>
    <extensions>
     <power>318</power>
     <gpxtpx:TrackPointExtension>
      <gpxtpx:hr>193</gpxtpx:hr>
      <gpxtpx:cad>82</gpxtpx:cad>
     </gpxtpx:TrackPointExtension>
    </extensions>
   </trkpt>
   <trkpt lat="12.9819820" lon="77.6913170">
    <ele>890.4</ele>
    <time>2026-09-09T16:33:10Z</time>
    <extensions>
     <power>315</power>
     <gpxtpx:TrackPointExtension>
      <gpxtpx:hr>192</gpxtpx:hr>
      <gpxtpx:cad>82</gpxtpx:cad>
     </gpxtpx:TrackPointExtension>
    </extensions>
   </trkpt>
   <trkpt lat="12.9819740" lon="77.6912910">
    <ele>890.4</ele>
    <time>2026-09-09T16:33:11Z</time>
    <extensions>
     <power>319</power>
     <gpxtpx:TrackPointExtension>
      <gpxtpx:hr>192</gpxtpx:hr>
      <gpxtpx:cad>82</gpxtpx:cad>
     </gpxtpx:TrackPointExtension>
    </extensions>
   </trkpt>
   <trkpt lat="12.9819690" lon="77.6912640">
    <ele>890.4</ele>
    <time>2026-09-09T16:33:12Z</time>
    <extensions>
     <power>319</power>
     <gpxtpx:TrackPointExtension>
      <gpxtpx:hr>192</gpxtpx:hr>
      <gpxtpx:cad>82</gpxtpx:cad>
     </gpxtpx:TrackPointExtension>
    </extensions>
   </trkpt>
   <trkpt lat="12.9819680" lon="77.6912380">
    <ele>890.4</ele>
    <time>2026-09-09T16:33:13Z</time>
    <extensions>
     <power>316</power>
     <gpxtpx:TrackPointExtension>
      <gpxtpx:hr>192</gpxtpx:hr>
      <gpxtpx:cad>82</gpxtpx:cad>
     </gpxtpx:TrackPointExtension>
    </extensions>
   </trkpt>
   <trkpt lat="12.9819710" lon="77.6912120">
    <ele>890.4</ele>
    <time>2026-09-09T16:33:14Z</time>
    <extensions>
     <power>309</power>
     <gpxtpx:TrackPointExtension>
      <gpxtpx:hr>193</gpxtpx:hr>
      <gpxtpx:cad>82</gpxtpx:cad>
     </gpxtpx:TrackPointExtension>
    </extensions>
   </trkpt>
   <trkpt lat="12.9819750" lon="77.6911870">
    <ele>890.4</ele>
    <time>2026-09-09T16:33:15Z</time>
    <extensions>
     <power>308</power>
     <gpxtpx:TrackPointExtension>
      <gpxtpx:hr>193</gpxtpx:hr>
      <gpxtpx:cad>82</gpxtpx:cad>
     </gpxtpx:TrackPointExtension>
    </extensions>
   </trkpt>
   <trkpt lat="12.9819810" lon="77.6911620">
    <ele>890.4</ele>
    <time>2026-09-09T16:33:16Z</time>
    <extensions>
     <power>312</power>
     <gpxtpx:TrackPointExtension>
      <gpxtpx:hr>192</gpxtpx:hr>
      <gpxtpx:cad>82</gpxtpx:cad>
     </gpxtpx:TrackPointExtension>
    </extensions>
   </trkpt>
   <trkpt lat="12.9819880" lon="77.6911300">
    <ele>890.4</ele>
    <time>2026-09-09T16:33:17Z</time>
    <extensions>
     <power>299</power>
     <gpxtpx:TrackPointExtension>
      <gpxtpx:hr>192</gpxtpx:hr>
      <gpxtpx:cad>82</gpxtpx:cad>
     </gpxtpx:TrackPointExtension>
    </extensions>
   </trkpt>
   <trkpt lat="12.9819920" lon="77.6911120">
    <ele>890.2</ele>
    <time>2026-09-09T16:33:18Z</time>
    <extensions>
     <power>298</power>
     <gpxtpx:TrackPointExtension>
      <gpxtpx:hr>193</gpxtpx:hr>
      <gpxtpx:cad>82</gpxtpx:cad>
     </gpxtpx:TrackPointExtension>
    </extensions>
   </trkpt>
   <trkpt lat="12.9819980" lon="77.6910860">
    <ele>890.2</ele>
    <time>2026-09-09T16:33:19Z</time>
    <extensions>
     <power>293</power>
     <gpxtpx:TrackPointExtension>
      <gpxtpx:hr>193</gpxtpx:hr>
      <gpxtpx:cad>83</gpxtpx:cad>
     </gpxtpx:TrackPointExtension>
    </extensions>
   </trkpt>
   <trkpt lat="12.9820050" lon="77.6910610">
    <ele>890.2</ele>
    <time>2026-09-09T16:33:20Z</time>
    <extensions>
     <power>293</power>
     <gpxtpx:TrackPointExtension>
      <gpxtpx:hr>193</gpxtpx:hr>
      <gpxtpx:cad>84</gpxtpx:cad>
     </gpxtpx:TrackPointExtension>
    </extensions>
   </trkpt>
   <trkpt lat="12.9820120" lon="77.6910360">
    <ele>890.2</ele>
    <time>2026-09-09T16:33:21Z</time>
    <extensions>
     <power>290</power>
     <gpxtpx:TrackPointExtension>
      <gpxtpx:hr>193</gpxtpx:hr>
      <gpxtpx:cad>84</gpxtpx:cad>
     </gpxtpx:TrackPointExtension>
    </extensions>
   </trkpt>
   <trkpt lat="12.9820200" lon="77.6910120">
    <ele>890.2</ele>
    <time>2026-09-09T16:33:22Z</time>
    <extensions>
     <power>290</power>
     <gpxtpx:TrackPointExtension>
      <gpxtpx:hr>193</gpxtpx:hr>
      <gpxtpx:cad>84</gpxtpx:cad>
     </gpxtpx:TrackPointExtension>
    </extensions>
   </trkpt>
   <trkpt lat="12.9820300" lon="77.6909870">
    <ele>890.4</ele>
    <time>2026-09-09T16:33:23Z</time>
    <extensions>
     <power>291</power>
     <gpxtpx:TrackPointExtension>
      <gpxtpx:hr>193</gpxtpx:hr>
      <gpxtpx:cad>84</gpxtpx:cad>
     </gpxtpx:TrackPointExtension>
    </extensions>
   </trkpt>
   <trkpt lat="12.9820390" lon="77.6909620">
    <ele>890.4</ele>
    <time>2026-09-09T16:33:24Z</time>
    <extensions>
     <power>301</power>
     <gpxtpx:TrackPointExtension>
      <gpxtpx:hr>193</gpxtpx:hr>
      <gpxtpx:cad>84</gpxtpx:cad>
     </gpxtpx:TrackPointExtension>
    </extensions>
   </trkpt>
   <trkpt lat="12.9820480" lon="77.6909360">
    <ele>890.4</ele>
    <time>2026-09-09T16:33:25Z</time>
    <extensions>
     <power>327</power>
     <gpxtpx:TrackPointExtension>
      <gpxtpx:hr>193</gpxtpx:hr>
      <gpxtpx:cad>84</gpxtpx:cad>
     </gpxtpx:TrackPointExtension>
    </extensions>
   </trkpt>
   <trkpt lat="12.9820580" lon="77.6909090">
    <ele>890.4</ele>
    <time>2026-09-09T16:33:26Z</time>
    <extensions>
     <power>333</power>
     <gpxtpx:TrackPointExtension>
      <gpxtpx:hr>192</gpxtpx:hr>
      <gpxtpx:cad>83</gpxtpx:cad>
     </gpxtpx:TrackPointExtension>
    </extensions>
   </trkpt>
   <trkpt lat="12.9820670" lon="77.6908810">
    <ele>890.4</ele>
    <time>2026-09-09T16:33:27Z</time>
    <extensions>
     <power>334</power>
     <gpxtpx:TrackPointExtension>
      <gpxtpx:hr>192</gpxtpx:hr>
      <gpxtpx:cad>83</gpxtpx:cad>
     </gpxtpx:TrackPointExtension>
    </extensions>
   </trkpt>
   <trkpt lat="12.9820770" lon="77.6908540">
    <ele>890.4</ele>
    <time>2026-09-09T16:33:28Z</time>
    <extensions>
     <power>333</power>
     <gpxtpx:TrackPointExtension>
      <gpxtpx:hr>193</gpxtpx:hr>
      <gpxtpx:cad>82</gpxtpx:cad>
     </gpxtpx:TrackPointExtension>
    </extensions>
   </trkpt>
   <trkpt lat="12.9820880" lon="77.6908260">
    <ele>890.4</ele>
    <time>2026-09-09T16:33:29Z</time>
    <extensions>
     <power>333</power>
     <gpxtpx:TrackPointExtension>
      <gpxtpx:hr>193</gpxtpx:hr>
      <gpxtpx:cad>82</gpxtpx:cad>
     </gpxtpx:TrackPointExtension>
    </extensions>
   </trkpt>
   <trkpt lat="12.9820980" lon="77.6907990">
    <ele>890.4</ele>
    <time>2026-09-09T16:33:30Z</time>
    <extensions>
     <power>333</power>
     <gpxtpx:TrackPointExtension>
      <gpxtpx:hr>193</gpxtpx:hr>
      <gpxtpx:cad>83</gpxtpx:cad>
     </gpxtpx:TrackPointExtension>
    </extensions>
   </trkpt>
   <trkpt lat="12.9821070" lon="77.6907700">
    <ele>890.4</ele>
    <time>2026-09-09T16:33:31Z</time>
    <extensions>
     <power>326</power>
     <gpxtpx:TrackPointExtension>
      <gpxtpx:hr>193</gpxtpx:hr>
      <gpxtpx:cad>83</gpxtpx:cad>
     </gpxtpx:TrackPointExtension>
    </extensions>
   </trkpt>
   <trkpt lat="12.9821170" lon="77.6907420">
    <ele>890.6</ele>
    <time>2026-09-09T16:33:32Z</time>
    <extensions>
     <power>324</power>
     <gpxtpx:TrackPointExtension>
      <gpxtpx:hr>193</gpxtpx:hr>
      <gpxtpx:cad>83</gpxtpx:cad>
     </gpxtpx:TrackPointExtension>
    </extensions>
   </trkpt>
   <trkpt lat="12.9821260" lon="77.6907160">
    <ele>890.6</ele>
    <time>2026-09-09T16:33:33Z</time>
    <extensions>
     <power>332</power>
     <gpxtpx:TrackPointExtension>
      <gpxtpx:hr>193</gpxtpx:hr>
      <gpxtpx:cad>83</gpxtpx:cad>
     </gpxtpx:TrackPointExtension>
    </extensions>
   </trkpt>
   <trkpt lat="12.9821350" lon="77.6906880">
    <ele>890.6</ele>
    <time>2026-09-09T16:33:34Z</time>
    <extensions>
     <power>333</power>
     <gpxtpx:TrackPointExtension>
      <gpxtpx:hr>193</gpxtpx:hr>
      <gpxtpx:cad>83</gpxtpx:cad>
     </gpxtpx:TrackPointExtension>
    </extensions>
   </trkpt>
   <trkpt lat="12.9821430" lon="77.6906600">
    <ele>890.6</ele>
    <time>2026-09-09T16:33:35Z</time>
    <extensions>
     <power>334</power>
     <gpxtpx:TrackPointExtension>
      <gpxtpx:hr>193</gpxtpx:hr>
      <gpxtpx:cad>83</gpxtpx:cad>
     </gpxtpx:TrackPointExtension>
    </extensions>
   </trkpt>
   <trkpt lat="12.9821510" lon="77.6906320">
    <ele>890.6</ele>
    <time>2026-09-09T16:33:36Z</time>
    <extensions>
     <power>339</power>
     <gpxtpx:TrackPointExtension>
      <gpxtpx:hr>193</gpxtpx:hr>
      <gpxtpx:cad>83</gpxtpx:cad>
     </gpxtpx:TrackPointExtension>
    </extensions>
   </trkpt>
   <trkpt lat="12.9821590" lon="77.6906050">
    <ele>890.6</ele>
    <time>2026-09-09T16:33:37Z</time>
    <extensions>
     <power>357</power>
     <gpxtpx:TrackPointExtension>
      <gpxtpx:hr>193</gpxtpx:hr>
      <gpxtpx:cad>83</gpxtpx:cad>
     </gpxtpx:TrackPointExtension>
    </extensions>
   </trkpt>
   <trkpt lat="12.9821660" lon="77.6905770">
    <ele>890.6</ele>
    <time>2026-09-09T16:33:38Z</time>
    <extensions>
     <power>362</power>
     <gpxtpx:TrackPointExtension>
      <gpxtpx:hr>193</gpxtpx:hr>
      <gpxtpx:cad>83</gpxtpx:cad>
     </gpxtpx:TrackPointExtension>
    </extensions>
   </trkpt>
   <trkpt lat="12.9821750" lon="77.6905490">
    <ele>890.6</ele>
    <time>2026-09-09T16:33:39Z</time>
    <extensions>
     <power>375</power>
     <gpxtpx:TrackPointExtension>
      <gpxtpx:hr>193</gpxtpx:hr>
      <gpxtpx:cad>83</gpxtpx:cad>
     </gpxtpx:TrackPointExtension>
    </extensions>
   </trkpt>
   <trkpt lat="12.9821830" lon="77.6905220">
    <ele>890.6</ele>
    <time>2026-09-09T16:33:40Z</time>
    <extensions>
     <power>376</power>
     <gpxtpx:TrackPointExtension>
      <gpxtpx:hr>193</gpxtpx:hr>
      <gpxtpx:cad>83</gpxtpx:cad>
     </gpxtpx:TrackPointExtension>
    </extensions>
   </trkpt>
   <trkpt lat="12.9821940" lon="77.6904960">
    <ele>890.6</ele>
    <time>2026-09-09T16:33:41Z</time>
    <extensions>
     <power>376</power>
     <gpxtpx:TrackPointExtension>
      <gpxtpx:hr>194</gpxtpx:hr>
      <gpxtpx:cad>83</gpxtpx:cad>
     </gpxtpx:TrackPointExtension>
    </extensions>
   </trkpt>
   <trkpt lat="12.9822060" lon="77.6904720">
    <ele>890.6</ele>
    <time>2026-09-09T16:33:42Z</time>
    <extensions>
     <power>361</power>
     <gpxtpx:TrackPointExtension>
      <gpxtpx:hr>194</gpxtpx:hr>
      <gpxtpx:cad>83</gpxtpx:cad>
     </gpxtpx:TrackPointExtension>
    </extensions>
   </trkpt>
   <trkpt lat="12.9822210" lon="77.6904500">
    <ele>890.6</ele>
    <time>2026-09-09T16:33:43Z</time>
    <extensions>
     <power>350</power>
     <gpxtpx:TrackPointExtension>
      <gpxtpx:hr>194</gpxtpx:hr>
      <gpxtpx:cad>83</gpxtpx:cad>
     </gpxtpx:TrackPointExtension>
    </extensions>
   </trkpt>
   <trkpt lat="12.9822380" lon="77.6904320">
    <ele>890.6</ele>
    <time>2026-09-09T16:33:44Z</time>
    <extensions>
     <power>348</power>
     <gpxtpx:TrackPointExtension>
      <gpxtpx:hr>194</gpxtpx:hr>
      <gpxtpx:cad>83</gpxtpx:cad>
     </gpxtpx:TrackPointExtension>
    </extensions>
   </trkpt>
   <trkpt lat="12.9822570" lon="77.6904180">
    <ele>890.6</ele>
    <time>2026-09-09T16:33:45Z</time>
    <extensions>
     <power>347</power>
     <gpxtpx:TrackPointExtension>
      <gpxtpx:hr>194</gpxtpx:hr>
      <gpxtpx:cad>83</gpxtpx:cad>
     </gpxtpx:TrackPointExtension>
    </extensions>
   </trkpt>
   <trkpt lat="12.9822810" lon="77.6904080">
    <ele>890.6</ele>
    <time>2026-09-09T16:33:46Z</time>
    <extensions>
     <power>347</power>
     <gpxtpx:TrackPointExtension>
      <gpxtpx:hr>194</gpxtpx:hr>
      <gpxtpx:cad>83</gpxtpx:cad>
     </gpxtpx:TrackPointExtension>
    </extensions>
   </trkpt>
   <trkpt lat="12.9823050" lon="77.6904030">
    <ele>890.6</ele>
    <time>2026-09-09T16:33:47Z</time>
    <extensions>
     <power>347</power>
     <gpxtpx:TrackPointExtension>
      <gpxtpx:hr>193</gpxtpx:hr>
      <gpxtpx:cad>83</gpxtpx:cad>
     </gpxtpx:TrackPointExtension>
    </extensions>
   </trkpt>
   <trkpt lat="12.9823280" lon="77.6904030">
    <ele>890.6</ele>
    <time>2026-09-09T16:33:48Z</time>
    <extensions>
     <power>354</power>
     <gpxtpx:TrackPointExtension>
      <gpxtpx:hr>193</gpxtpx:hr>
      <gpxtpx:cad>83</gpxtpx:cad>
     </gpxtpx:TrackPointExtension>
    </extensions>
   </trkpt>
   <trkpt lat="12.9823520" lon="77.6904070">
    <ele>890.6</ele>
    <time>2026-09-09T16:33:49Z</time>
    <extensions>
     <power>344</power>
     <gpxtpx:TrackPointExtension>
      <gpxtpx:hr>193</gpxtpx:hr>
      <gpxtpx:cad>83</gpxtpx:cad>
     </gpxtpx:TrackPointExtension>
    </extensions>
   </trkpt>
   <trkpt lat="12.9823750" lon="77.6904160">
    <ele>890.6</ele>
    <time>2026-09-09T16:33:50Z</time>
    <extensions>
     <power>332</power>
     <gpxtpx:TrackPointExtension>
      <gpxtpx:hr>193</gpxtpx:hr>
      <gpxtpx:cad>82</gpxtpx:cad>
     </gpxtpx:TrackPointExtension>
    </extensions>
   </trkpt>
   <trkpt lat="12.9823960" lon="77.6904290">
    <ele>890.4</ele>
    <time>2026-09-09T16:33:51Z</time>
    <extensions>
     <power>329</power>
     <gpxtpx:TrackPointExtension>
      <gpxtpx:hr>193</gpxtpx:hr>
      <gpxtpx:cad>82</gpxtpx:cad>
     </gpxtpx:TrackPointExtension>
    </extensions>
   </trkpt>
   <trkpt lat="12.9824140" lon="77.6904470">
    <ele>890.4</ele>
    <time>2026-09-09T16:33:52Z</time>
    <extensions>
     <power>329</power>
     <gpxtpx:TrackPointExtension>
      <gpxtpx:hr>193</gpxtpx:hr>
      <gpxtpx:cad>82</gpxtpx:cad>
     </gpxtpx:TrackPointExtension>
    </extensions>
   </trkpt>
   <trkpt lat="12.9824280" lon="77.6904690">
    <ele>890.4</ele>
    <time>2026-09-09T16:33:53Z</time>
    <extensions>
     <power>329</power>
     <gpxtpx:TrackPointExtension>
      <gpxtpx:hr>193</gpxtpx:hr>
      <gpxtpx:cad>83</gpxtpx:cad>
     </gpxtpx:TrackPointExtension>
    </extensions>
   </trkpt>
   <trkpt lat="12.9824360" lon="77.6904930">
    <ele>890.4</ele>
    <time>2026-09-09T16:33:54Z</time>
    <extensions>
     <power>338</power>
     <gpxtpx:TrackPointExtension>
      <gpxtpx:hr>193</gpxtpx:hr>
      <gpxtpx:cad>83</gpxtpx:cad>
     </gpxtpx:TrackPointExtension>
    </extensions>
   </trkpt>
   <trkpt lat="12.9824390" lon="77.6905180">
    <ele>890.4</ele>
    <time>2026-09-09T16:33:55Z</time>
    <extensions>
     <power>340</power>
     <gpxtpx:TrackPointExtension>
      <gpxtpx:hr>193</gpxtpx:hr>
      <gpxtpx:cad>83</gpxtpx:cad>
     </gpxtpx:TrackPointExtension>
    </extensions>
   </trkpt>
   <trkpt lat="12.9824390" lon="77.6905440">
    <ele>890.4</ele>
    <time>2026-09-09T16:33:56Z</time>
    <extensions>
     <power>340</power>
     <gpxtpx:TrackPointExtension>
      <gpxtpx:hr>193</gpxtpx:hr>
      <gpxtpx:cad>84</gpxtpx:cad>
     </gpxtpx:TrackPointExtension>
    </extensions>
   </trkpt>
   <trkpt lat="12.9824360" lon="77.6905680">
    <ele>890.4</ele>
    <time>2026-09-09T16:33:57Z</time>
    <extensions>
     <power>337</power>
     <gpxtpx:TrackPointExtension>
      <gpxtpx:hr>193</gpxtpx:hr>
      <gpxtpx:cad>84</gpxtpx:cad>
     </gpxtpx:TrackPointExtension>
    </extensions>
   </trkpt>
   <trkpt lat="12.9824320" lon="77.6905940">
    <ele>890.4</ele>
    <time>2026-09-09T16:33:58Z</time>
    <extensions>
     <power>340</power>
     <gpxtpx:TrackPointExtension>
      <gpxtpx:hr>193</gpxtpx:hr>
      <gpxtpx:cad>84</gpxtpx:cad>
     </gpxtpx:TrackPointExtension>
    </extensions>
   </trkpt>
   <trkpt lat="12.9824260" lon="77.6906190">
    <ele>890.4</ele>
    <time>2026-09-09T16:33:59Z</time>
    <extensions>
     <power>341</power>
     <gpxtpx:TrackPointExtension>
      <gpxtpx:hr>193</gpxtpx:hr>
      <gpxtpx:cad>83</gpxtpx:cad>
     </gpxtpx:TrackPointExtension>
    </extensions>
   </trkpt>
   <trkpt lat="12.9824200" lon="77.6906450">
    <ele>890.4</ele>
    <time>2026-09-09T16:34:00Z</time>
    <extensions>
     <power>341</power>
     <gpxtpx:TrackPointExtension>
      <gpxtpx:hr>193</gpxtpx:hr>
      <gpxtpx:cad>83</gpxtpx:cad>
     </gpxtpx:TrackPointExtension>
    </extensions>
   </trkpt>
   <trkpt lat="12.9824140" lon="77.6906700">
    <ele>890.4</ele>
    <time>2026-09-09T16:34:01Z</time>
    <extensions>
     <power>340</power>
     <gpxtpx:TrackPointExtension>
      <gpxtpx:hr>192</gpxtpx:hr>
      <gpxtpx:cad>83</gpxtpx:cad>
     </gpxtpx:TrackPointExtension>
    </extensions>
   </trkpt>
   <trkpt lat="12.9824070" lon="77.6906970">
    <ele>890.4</ele>
    <time>2026-09-09T16:34:02Z</time>
    <extensions>
     <power>338</power>
     <gpxtpx:TrackPointExtension>
      <gpxtpx:hr>192</gpxtpx:hr>
      <gpxtpx:cad>83</gpxtpx:cad>
     </gpxtpx:TrackPointExtension>
    </extensions>
   </trkpt>
   <trkpt lat="12.9823990" lon="77.6907230">
    <ele>890.4</ele>
    <time>2026-09-09T16:34:03Z</time>
    <extensions>
     <power>338</power>
     <gpxtpx:TrackPointExtension>
      <gpxtpx:hr>193</gpxtpx:hr>
      <gpxtpx:cad>82</gpxtpx:cad>
     </gpxtpx:TrackPointExtension>
    </extensions>
   </trkpt>
   <trkpt lat="12.9823900" lon="77.6907500">
    <ele>890.4</ele>
    <time>2026-09-09T16:34:04Z</time>
    <extensions>
     <power>335</power>
     <gpxtpx:TrackPointExtension>
      <gpxtpx:hr>193</gpxtpx:hr>
      <gpxtpx:cad>83</gpxtpx:cad>
     </gpxtpx:TrackPointExtension>
    </extensions>
   </trkpt>
   <trkpt lat="12.9823800" lon="77.6907780">
    <ele>890.2</ele>
    <time>2026-09-09T16:34:05Z</time>
    <extensions>
     <power>336</power>
     <gpxtpx:TrackPointExtension>
      <gpxtpx:hr>193</gpxtpx:hr>
      <gpxtpx:cad>83</gpxtpx:cad>
     </gpxtpx:TrackPointExtension>
    </extensions>
   </trkpt>
   <trkpt lat="12.9823730" lon="77.6908050">
    <ele>890.2</ele>
    <time>2026-09-09T16:34:06Z</time>
    <extensions>
     <power>342</power>
     <gpxtpx:TrackPointExtension>
      <gpxtpx:hr>193</gpxtpx:hr>
      <gpxtpx:cad>83</gpxtpx:cad>
     </gpxtpx:TrackPointExtension>
    </extensions>
   </trkpt>
   <trkpt lat="12.9823690" lon="77.6908320">
    <ele>890.2</ele>
    <time>2026-09-09T16:34:07Z</time>
    <extensions>
     <power>344</power>
     <gpxtpx:TrackPointExtension>
      <gpxtpx:hr>192</gpxtpx:hr>
      <gpxtpx:cad>82</gpxtpx:cad>
     </gpxtpx:TrackPointExtension>
    </extensions>
   </trkpt>
   <trkpt lat="12.9823700" lon="77.6908600">
    <ele>890.2</ele>
    <time>2026-09-09T16:34:08Z</time>
    <extensions>
     <power>354</power>
     <gpxtpx:TrackPointExtension>
      <gpxtpx:hr>192</gpxtpx:hr>
      <gpxtpx:cad>82</gpxtpx:cad>
     </gpxtpx:TrackPointExtension>
    </extensions>
   </trkpt>
   <trkpt lat="12.9823780" lon="77.6908860">
    <ele>890.2</ele>
    <time>2026-09-09T16:34:09Z</time>
    <extensions>
     <power>356</power>
     <gpxtpx:TrackPointExtension>
      <gpxtpx:hr>192</gpxtpx:hr>
      <gpxtpx:cad>82</gpxtpx:cad>
     </gpxtpx:TrackPointExtension>
    </extensions>
   </trkpt>
   <trkpt lat="12.9823940" lon="77.6909070">
    <ele>890.2</ele>
    <time>2026-09-09T16:34:10Z</time>
    <extensions>
     <power>356</power>
     <gpxtpx:TrackPointExtension>
      <gpxtpx:hr>192</gpxtpx:hr>
      <gpxtpx:cad>82</gpxtpx:cad>
     </gpxtpx:TrackPointExtension>
    </extensions>
   </trkpt>
   <trkpt lat="12.9824170" lon="77.6909230">
    <ele>890.2</ele>
    <time>2026-09-09T16:34:11Z</time>
    <extensions>
     <power>352</power>
     <gpxtpx:TrackPointExtension>
      <gpxtpx:hr>192</gpxtpx:hr>
      <gpxtpx:cad>82</gpxtpx:cad>
     </gpxtpx:TrackPointExtension>
    </extensions>
   </trkpt>
   <trkpt lat="12.9824420" lon="77.6909360">
    <ele>890.2</ele>
    <time>2026-09-09T16:34:12Z</time>
    <extensions>
     <power>352</power>
     <gpxtpx:TrackPointExtension>
      <gpxtpx:hr>193</gpxtpx:hr>
      <gpxtpx:cad>81</gpxtpx:cad>
     </gpxtpx:TrackPointExtension>
    </extensions>
   </trkpt>
   <trkpt lat="12.9824680" lon="77.6909470">
    <ele>890.2</ele>
    <time>2026-09-09T16:34:13Z</time>
    <extensions>
     <power>362</power>
     <gpxtpx:TrackPointExtension>
      <gpxtpx:hr>193</gpxtpx:hr>
      <gpxtpx:cad>81</gpxtpx:cad>
     </gpxtpx:TrackPointExtension>
    </extensions>
   </trkpt>
   <trkpt lat="12.9824940" lon="77.6909570">
    <ele>890.2</ele>
    <time>2026-09-09T16:34:14Z</time>
    <extensions>
     <power>355</power>
     <gpxtpx:TrackPointExtension>
      <gpxtpx:hr>193</gpxtpx:hr>
      <gpxtpx:cad>82</gpxtpx:cad>
     </gpxtpx:TrackPointExtension>
    </extensions>
   </trkpt>
   <trkpt lat="12.9825200" lon="77.6909650">
    <ele>890.2</ele>
    <time>2026-09-09T16:34:15Z</time>
    <extensions>
     <power>354</power>
     <gpxtpx:TrackPointExtension>
      <gpxtpx:hr>193</gpxtpx:hr>
      <gpxtpx:cad>82</gpxtpx:cad>
     </gpxtpx:TrackPointExtension>
    </extensions>
   </trkpt>
   <trkpt lat="12.9825480" lon="77.6909740">
    <ele>890.2</ele>
    <time>2026-09-09T16:34:16Z</time>
    <extensions>
     <power>354</power>
     <gpxtpx:TrackPointExtension>
      <gpxtpx:hr>193</gpxtpx:hr>
      <gpxtpx:cad>83</gpxtpx:cad>
     </gpxtpx:TrackPointExtension>
    </extensions>
   </trkpt>
   <trkpt lat="12.9825730" lon="77.6909830">
    <ele>890.2</ele>
    <time>2026-09-09T16:34:17Z</time>
    <extensions>
     <power>354</power>
     <gpxtpx:TrackPointExtension>
      <gpxtpx:hr>193</gpxtpx:hr>
      <gpxtpx:cad>83</gpxtpx:cad>
     </gpxtpx:TrackPointExtension>
    </extensions>
   </trkpt>
   <trkpt lat="12.9825980" lon="77.6909930">
    <ele>890.2</ele>
    <time>2026-09-09T16:34:18Z</time>
    <extensions>
     <power>354</power>
     <gpxtpx:TrackPointExtension>
      <gpxtpx:hr>194</gpxtpx:hr>
      <gpxtpx:cad>83</gpxtpx:cad>
     </gpxtpx:TrackPointExtension>
    </extensions>
   </trkpt>
   <trkpt lat="12.9826220" lon="77.6910040">
    <ele>890.2</ele>
    <time>2026-09-09T16:34:19Z</time>
    <extensions>
     <power>347</power>
     <gpxtpx:TrackPointExtension>
      <gpxtpx:hr>194</gpxtpx:hr>
      <gpxtpx:cad>84</gpxtpx:cad>
     </gpxtpx:TrackPointExtension>
    </extensions>
   </trkpt>
   <trkpt lat="12.9826460" lon="77.6910140">
    <ele>890.2</ele>
    <time>2026-09-09T16:34:20Z</time>
    <extensions>
     <power>348</power>
     <gpxtpx:TrackPointExtension>
      <gpxtpx:hr>193</gpxtpx:hr>
      <gpxtpx:cad>84</gpxtpx:cad>
     </gpxtpx:TrackPointExtension>
    </extensions>
   </trkpt>
   <trkpt lat="12.9826690" lon="77.6910230">
    <ele>890.2</ele>
    <time>2026-09-09T16:34:21Z</time>
    <extensions>
     <power>348</power>
     <gpxtpx:TrackPointExtension>
      <gpxtpx:hr>193</gpxtpx:hr>
      <gpxtpx:cad>84</gpxtpx:cad>
     </gpxtpx:TrackPointExtension>
    </extensions>
   </trkpt>
   <trkpt lat="12.9826930" lon="77.6910320">
    <ele>890.2</ele>
    <time>2026-09-09T16:34:22Z</time>
    <extensions>
     <power>362</power>
     <gpxtpx:TrackPointExtension>
      <gpxtpx:hr>194</gpxtpx:hr>
      <gpxtpx:cad>84</gpxtpx:cad>
     </gpxtpx:TrackPointExtension>
    </extensions>
   </trkpt>
   <trkpt lat="12.9827160" lon="77.6910420">
    <ele>890.2</ele>
    <time>2026-09-09T16:34:23Z</time>
    <extensions>
     <power>355</power>
     <gpxtpx:TrackPointExtension>
      <gpxtpx:hr>194</gpxtpx:hr>
      <gpxtpx:cad>84</gpxtpx:cad>
     </gpxtpx:TrackPointExtension>
    </extensions>
   </trkpt>
   <trkpt lat="12.9827390" lon="77.6910520">
    <ele>890.2</ele>
    <time>2026-09-09T16:34:24Z</time>
    <extensions>
     <power>387</power>
     <gpxtpx:TrackPointExtension>
      <gpxtpx:hr>194</gpxtpx:hr>
      <gpxtpx:cad>84</gpxtpx:cad>
     </gpxtpx:TrackPointExtension>
    </extensions>
   </trkpt>
   <trkpt lat="12.9827640" lon="77.6910620">
    <ele>890.2</ele>
    <time>2026-09-09T16:34:25Z</time>
    <extensions>
     <power>393</power>
     <gpxtpx:TrackPointExtension>
      <gpxtpx:hr>194</gpxtpx:hr>
      <gpxtpx:cad>84</gpxtpx:cad>
     </gpxtpx:TrackPointExtension>
    </extensions>
   </trkpt>
   <trkpt lat="12.9827880" lon="77.6910710">
    <ele>890.2</ele>
    <time>2026-09-09T16:34:26Z</time>
    <extensions>
     <power>393</power>
     <gpxtpx:TrackPointExtension>
      <gpxtpx:hr>195</gpxtpx:hr>
      <gpxtpx:cad>84</gpxtpx:cad>
     </gpxtpx:TrackPointExtension>
    </extensions>
   </trkpt>
   <trkpt lat="12.9828120" lon="77.6910800">
    <ele>890.2</ele>
    <time>2026-09-09T16:34:27Z</time>
    <extensions>
     <power>391</power>
     <gpxtpx:TrackPointExtension>
      <gpxtpx:hr>195</gpxtpx:hr>
      <gpxtpx:cad>84</gpxtpx:cad>
     </gpxtpx:TrackPointExtension>
    </extensions>
   </trkpt>
   <trkpt lat="12.9828370" lon="77.6910890">
    <ele>890.2</ele>
    <time>2026-09-09T16:34:28Z</time>
    <extensions>
     <power>391</power>
     <gpxtpx:TrackPointExtension>
      <gpxtpx:hr>195</gpxtpx:hr>
      <gpxtpx:cad>84</gpxtpx:cad>
     </gpxtpx:TrackPointExtension>
    </extensions>
   </trkpt>
   <trkpt lat="12.9828620" lon="77.6910990">
    <ele>890.2</ele>
    <time>2026-09-09T16:34:29Z</time>
    <extensions>
     <power>391</power>
     <gpxtpx:TrackPointExtension>
      <gpxtpx:hr>195</gpxtpx:hr>
      <gpxtpx:cad>84</gpxtpx:cad>
     </gpxtpx:TrackPointExtension>
    </extensions>
   </trkpt>
   <trkpt lat="12.9828870" lon="77.6911100">
    <ele>890.2</ele>
    <time>2026-09-09T16:34:30Z</time>
    <extensions>
     <power>392</power>
     <gpxtpx:TrackPointExtension>
      <gpxtpx:hr>195</gpxtpx:hr>
      <gpxtpx:cad>84</gpxtpx:cad>
     </gpxtpx:TrackPointExtension>
    </extensions>
   </trkpt>
   <trkpt lat="12.9829120" lon="77.6911210">
    <ele>890.2</ele>
    <time>2026-09-09T16:34:31Z</time>
    <extensions>
     <power>390</power>
     <gpxtpx:TrackPointExtension>
      <gpxtpx:hr>195</gpxtpx:hr>
      <gpxtpx:cad>85</gpxtpx:cad>
     </gpxtpx:TrackPointExtension>
    </extensions>
   </trkpt>
   <trkpt lat="12.9829370" lon="77.6911330">
    <ele>890.2</ele>
    <time>2026-09-09T16:34:32Z</time>
    <extensions>
     <power>374</power>
     <gpxtpx:TrackPointExtension>
      <gpxtpx:hr>195</gpxtpx:hr>
      <gpxtpx:cad>85</gpxtpx:cad>
     </gpxtpx:TrackPointExtension>
    </extensions>
   </trkpt>
   <trkpt lat="12.9829620" lon="77.6911440">
    <ele>890.2</ele>
    <time>2026-09-09T16:34:33Z</time>
    <extensions>
     <power>360</power>
     <gpxtpx:TrackPointExtension>
      <gpxtpx:hr>194</gpxtpx:hr>
      <gpxtpx:cad>86</gpxtpx:cad>
     </gpxtpx:TrackPointExtension>
    </extensions>
   </trkpt>
   <trkpt lat="12.9829870" lon="77.6911550">
    <ele>890.2</ele>
    <time>2026-09-09T16:34:34Z</time>
    <extensions>
     <power>357</power>
     <gpxtpx:TrackPointExtension>
      <gpxtpx:hr>194</gpxtpx:hr>
      <gpxtpx:cad>86</gpxtpx:cad>
     </gpxtpx:TrackPointExtension>
    </extensions>
   </trkpt>
   <trkpt lat="12.9830130" lon="77.6911660">
    <ele>890.2</ele>
    <time>2026-09-09T16:34:35Z</time>
    <extensions>
     <power>334</power>
     <gpxtpx:TrackPointExtension>
      <gpxtpx:hr>194</gpxtpx:hr>
      <gpxtpx:cad>86</gpxtpx:cad>
     </gpxtpx:TrackPointExtension>
    </extensions>
   </trkpt>
   <trkpt lat="12.9830370" lon="77.6911760">
    <ele>890.2</ele>
    <time>2026-09-09T16:34:36Z</time>
    <extensions>
     <power>332</power>
     <gpxtpx:TrackPointExtension>
      <gpxtpx:hr>193</gpxtpx:hr>
      <gpxtpx:cad>86</gpxtpx:cad>
     </gpxtpx:TrackPointExtension>
    </extensions>
   </trkpt>
   <trkpt lat="12.9830630" lon="77.6911850">
    <ele>890.2</ele>
    <time>2026-09-09T16:34:37Z</time>
    <extensions>
     <power>329</power>
     <gpxtpx:TrackPointExtension>
      <gpxtpx:hr>193</gpxtpx:hr>
      <gpxtpx:cad>85</gpxtpx:cad>
     </gpxtpx:TrackPointExtension>
    </extensions>
   </trkpt>
   <trkpt lat="12.9830880" lon="77.6911950">
    <ele>890.2</ele>
    <time>2026-09-09T16:34:38Z</time>
    <extensions>
     <power>329</power>
     <gpxtpx:TrackPointExtension>
      <gpxtpx:hr>194</gpxtpx:hr>
      <gpxtpx:cad>85</gpxtpx:cad>
     </gpxtpx:TrackPointExtension>
    </extensions>
   </trkpt>
   <trkpt lat="12.9831140" lon="77.6912040">
    <ele>890.2</ele>
    <time>2026-09-09T16:34:39Z</time>
    <extensions>
     <power>328</power>
     <gpxtpx:TrackPointExtension>
      <gpxtpx:hr>194</gpxtpx:hr>
      <gpxtpx:cad>84</gpxtpx:cad>
     </gpxtpx:TrackPointExtension>
    </extensions>
   </trkpt>
   <trkpt lat="12.9831400" lon="77.6912140">
    <ele>890.2</ele>
    <time>2026-09-09T16:34:40Z</time>
    <extensions>
     <power>331</power>
     <gpxtpx:TrackPointExtension>
      <gpxtpx:hr>195</gpxtpx:hr>
      <gpxtpx:cad>84</gpxtpx:cad>
     </gpxtpx:TrackPointExtension>
    </extensions>
   </trkpt>
   <trkpt lat="12.9831660" lon="77.6912230">
    <ele>890.2</ele>
    <time>2026-09-09T16:34:41Z</time>
    <extensions>
     <power>332</power>
     <gpxtpx:TrackPointExtension>
      <gpxtpx:hr>195</gpxtpx:hr>
      <gpxtpx:cad>84</gpxtpx:cad>
     </gpxtpx:TrackPointExtension>
    </extensions>
   </trkpt>
   <trkpt lat="12.9831910" lon="77.6912320">
    <ele>890.2</ele>
    <time>2026-09-09T16:34:42Z</time>
    <extensions>
     <power>332</power>
     <gpxtpx:TrackPointExtension>
      <gpxtpx:hr>195</gpxtpx:hr>
      <gpxtpx:cad>84</gpxtpx:cad>
     </gpxtpx:TrackPointExtension>
    </extensions>
   </trkpt>
   <trkpt lat="12.9832170" lon="77.6912390">
    <ele>890.2</ele>
    <time>2026-09-09T16:34:43Z</time>
    <extensions>
     <power>332</power>
     <gpxtpx:TrackPointExtension>
      <gpxtpx:hr>195</gpxtpx:hr>
      <gpxtpx:cad>83</gpxtpx:cad>
     </gpxtpx:TrackPointExtension>
    </extensions>
   </trkpt>
   <trkpt lat="12.9832440" lon="77.6912470">
    <ele>890.2</ele>
    <time>2026-09-09T16:34:44Z</time>
    <extensions>
     <power>332</power>
     <gpxtpx:TrackPointExtension>
      <gpxtpx:hr>195</gpxtpx:hr>
      <gpxtpx:cad>83</gpxtpx:cad>
     </gpxtpx:TrackPointExtension>
    </extensions>
   </trkpt>
   <trkpt lat="12.9832710" lon="77.6912540">
    <ele>890.0</ele>
    <time>2026-09-09T16:34:45Z</time>
    <extensions>
     <power>333</power>
     <gpxtpx:TrackPointExtension>
      <gpxtpx:hr>195</gpxtpx:hr>
      <gpxtpx:cad>83</gpxtpx:cad>
     </gpxtpx:TrackPointExtension>
    </extensions>
   </trkpt>
   <trkpt lat="12.9832970" lon="77.6912620">
    <ele>890.0</ele>
    <time>2026-09-09T16:34:46Z</time>
    <extensions>
     <power>333</power>
     <gpxtpx:TrackPointExtension>
      <gpxtpx:hr>195</gpxtpx:hr>
      <gpxtpx:cad>83</gpxtpx:cad>
     </gpxtpx:TrackPointExtension>
    </extensions>
   </trkpt>
   <trkpt lat="12.9833230" lon="77.6912700">
    <ele>890.0</ele>
    <time>2026-09-09T16:34:47Z</time>
    <extensions>
     <power>325</power>
     <gpxtpx:TrackPointExtension>
      <gpxtpx:hr>195</gpxtpx:hr>
      <gpxtpx:cad>83</gpxtpx:cad>
     </gpxtpx:TrackPointExtension>
    </extensions>
   </trkpt>
   <trkpt lat="12.9833490" lon="77.6912770">
    <ele>890.0</ele>
    <time>2026-09-09T16:34:48Z</time>
    <extensions>
     <power>315</power>
     <gpxtpx:TrackPointExtension>
      <gpxtpx:hr>195</gpxtpx:hr>
      <gpxtpx:cad>83</gpxtpx:cad>
     </gpxtpx:TrackPointExtension>
    </extensions>
   </trkpt>
   <trkpt lat="12.9833750" lon="77.6912840">
    <ele>890.0</ele>
    <time>2026-09-09T16:34:49Z</time>
    <extensions>
     <power>313</power>
     <gpxtpx:TrackPointExtension>
      <gpxtpx:hr>195</gpxtpx:hr>
      <gpxtpx:cad>83</gpxtpx:cad>
     </gpxtpx:TrackPointExtension>
    </extensions>
   </trkpt>
   <trkpt lat="12.9834020" lon="77.6912910">
    <ele>890.0</ele>
    <time>2026-09-09T16:34:50Z</time>
    <extensions>
     <power>312</power>
     <gpxtpx:TrackPointExtension>
      <gpxtpx:hr>195</gpxtpx:hr>
      <gpxtpx:cad>82</gpxtpx:cad>
     </gpxtpx:TrackPointExtension>
    </extensions>
   </trkpt>
   <trkpt lat="12.9834280" lon="77.6912970">
    <ele>890.2</ele>
    <time>2026-09-09T16:34:51Z</time>
    <extensions>
     <power>312</power>
     <gpxtpx:TrackPointExtension>
      <gpxtpx:hr>195</gpxtpx:hr>
      <gpxtpx:cad>82</gpxtpx:cad>
     </gpxtpx:TrackPointExtension>
    </extensions>
   </trkpt>
   <trkpt lat="12.9834540" lon="77.6913050">
    <ele>890.2</ele>
    <time>2026-09-09T16:34:52Z</time>
    <extensions>
     <power>312</power>
     <gpxtpx:TrackPointExtension>
      <gpxtpx:hr>195</gpxtpx:hr>
      <gpxtpx:cad>82</gpxtpx:cad>
     </gpxtpx:TrackPointExtension>
    </extensions>
   </trkpt>
   <trkpt lat="12.9834820" lon="77.6913130">
    <ele>890.2</ele>
    <time>2026-09-09T16:34:53Z</time>
    <extensions>
     <power>318</power>
     <gpxtpx:TrackPointExtension>
      <gpxtpx:hr>195</gpxtpx:hr>
      <gpxtpx:cad>81</gpxtpx:cad>
     </gpxtpx:TrackPointExtension>
    </extensions>
   </trkpt>
   <trkpt lat="12.9835090" lon="77.6913230">
    <ele>890.2</ele>
    <time>2026-09-09T16:34:54Z</time>
    <extensions>
     <power>320</power>
     <gpxtpx:TrackPointExtension>
      <gpxtpx:hr>194</gpxtpx:hr>
      <gpxtpx:cad>82</gpxtpx:cad>
     </gpxtpx:TrackPointExtension>
    </extensions>
   </trkpt>
   <trkpt lat="12.9835370" lon="77.6913340">
    <ele>890.2</ele>
    <time>2026-09-09T16:34:55Z</time>
    <extensions>
     <power>320</power>
     <gpxtpx:TrackPointExtension>
      <gpxtpx:hr>194</gpxtpx:hr>
      <gpxtpx:cad>82</gpxtpx:cad>
     </gpxtpx:TrackPointExtension>
    </extensions>
   </trkpt>
   <trkpt lat="12.9835630" lon="77.6913470">
    <ele>890.2</ele>
    <time>2026-09-09T16:34:56Z</time>
    <extensions>
     <power>320</power>
     <gpxtpx:TrackPointExtension>
      <gpxtpx:hr>194</gpxtpx:hr>
      <gpxtpx:cad>82</gpxtpx:cad>
     </gpxtpx:TrackPointExtension>
    </extensions>
   </trkpt>
   <trkpt lat="12.9835850" lon="77.6913640">
    <ele>890.2</ele>
    <time>2026-09-09T16:34:57Z</time>
    <extensions>
     <power>320</power>
     <gpxtpx:TrackPointExtension>
      <gpxtpx:hr>194</gpxtpx:hr>
      <gpxtpx:cad>83</gpxtpx:cad>
     </gpxtpx:TrackPointExtension>
    </extensions>
   </trkpt>
   <trkpt lat="12.9836010" lon="77.6913840">
    <ele>890.2</ele>
    <time>2026-09-09T16:34:58Z</time>
    <extensions>
     <power>314</power>
     <gpxtpx:TrackPointExtension>
      <gpxtpx:hr>194</gpxtpx:hr>
      <gpxtpx:cad>83</gpxtpx:cad>
     </gpxtpx:TrackPointExtension>
    </extensions>
   </trkpt>
   <trkpt lat="12.9836100" lon="77.6914070">
    <ele>890.2</ele>
    <time>2026-09-09T16:34:59Z</time>
    <extensions>
     <power>312</power>
     <gpxtpx:TrackPointExtension>
      <gpxtpx:hr>194</gpxtpx:hr>
      <gpxtpx:cad>83</gpxtpx:cad>
     </gpxtpx:TrackPointExtension>
    </extensions>
   </trkpt>
   <trkpt lat="12.9836130" lon="77.6914310">
    <ele>890.2</ele>
    <time>2026-09-09T16:35:00Z</time>
    <extensions>
     <power>312</power>
     <gpxtpx:TrackPointExtension>
      <gpxtpx:hr>194</gpxtpx:hr>
      <gpxtpx:cad>83</gpxtpx:cad>
     </gpxtpx:TrackPointExtension>
    </extensions>
   </trkpt>
   <trkpt lat="12.9836120" lon="77.6914540">
    <ele>890.2</ele>
    <time>2026-09-09T16:35:01Z</time>
    <extensions>
     <power>312</power>
     <gpxtpx:TrackPointExtension>
      <gpxtpx:hr>194</gpxtpx:hr>
      <gpxtpx:cad>82</gpxtpx:cad>
     </gpxtpx:TrackPointExtension>
    </extensions>
   </trkpt>
   <trkpt lat="12.9836100" lon="77.6914780">
    <ele>890.2</ele>
    <time>2026-09-09T16:35:02Z</time>
    <extensions>
     <power>312</power>
     <gpxtpx:TrackPointExtension>
      <gpxtpx:hr>194</gpxtpx:hr>
      <gpxtpx:cad>82</gpxtpx:cad>
     </gpxtpx:TrackPointExtension>
    </extensions>
   </trkpt>
   <trkpt lat="12.9836070" lon="77.6915000">
    <ele>890.2</ele>
    <time>2026-09-09T16:35:03Z</time>
    <extensions>
     <power>313</power>
     <gpxtpx:TrackPointExtension>
      <gpxtpx:hr>194</gpxtpx:hr>
      <gpxtpx:cad>82</gpxtpx:cad>
     </gpxtpx:TrackPointExtension>
    </extensions>
   </trkpt>
   <trkpt lat="12.9836030" lon="77.6915220">
    <ele>890.2</ele>
    <time>2026-09-09T16:35:04Z</time>
    <extensions>
     <power>313</power>
     <gpxtpx:TrackPointExtension>
      <gpxtpx:hr>194</gpxtpx:hr>
      <gpxtpx:cad>82</gpxtpx:cad>
     </gpxtpx:TrackPointExtension>
    </extensions>
   </trkpt>
   <trkpt lat="12.9835970" lon="77.6915470">
    <ele>890.2</ele>
    <time>2026-09-09T16:35:05Z</time>
    <extensions>
     <power>306</power>
     <gpxtpx:TrackPointExtension>
      <gpxtpx:hr>194</gpxtpx:hr>
      <gpxtpx:cad>82</gpxtpx:cad>
     </gpxtpx:TrackPointExtension>
    </extensions>
   </trkpt>
   <trkpt lat="12.9835920" lon="77.6915680">
    <ele>890.2</ele>
    <time>2026-09-09T16:35:06Z</time>
    <extensions>
     <power>305</power>
     <gpxtpx:TrackPointExtension>
      <gpxtpx:hr>194</gpxtpx:hr>
      <gpxtpx:cad>82</gpxtpx:cad>
     </gpxtpx:TrackPointExtension>
    </extensions>
   </trkpt>
   <trkpt lat="12.9835860" lon="77.6915920">
    <ele>890.2</ele>
    <time>2026-09-09T16:35:07Z</time>
    <extensions>
     <power>304</power>
     <gpxtpx:TrackPointExtension>
      <gpxtpx:hr>194</gpxtpx:hr>
      <gpxtpx:cad>82</gpxtpx:cad>
     </gpxtpx:TrackPointExtension>
    </extensions>
   </trkpt>
   <trkpt lat="12.9835800" lon="77.6916170">
    <ele>890.2</ele>
    <time>2026-09-09T16:35:08Z</time>
    <extensions>
     <power>304</power>
     <gpxtpx:TrackPointExtension>
      <gpxtpx:hr>194</gpxtpx:hr>
      <gpxtpx:cad>82</gpxtpx:cad>
     </gpxtpx:TrackPointExtension>
    </extensions>
   </trkpt>
   <trkpt lat="12.9835730" lon="77.6916410">
    <ele>890.2</ele>
    <time>2026-09-09T16:35:09Z</time>
    <extensions>
     <power>300</power>
     <gpxtpx:TrackPointExtension>
      <gpxtpx:hr>194</gpxtpx:hr>
      <gpxtpx:cad>83</gpxtpx:cad>
     </gpxtpx:TrackPointExtension>
    </extensions>
   </trkpt>
   <trkpt lat="12.9835650" lon="77.6916670">
    <ele>890.2</ele>
    <time>2026-09-09T16:35:10Z</time>
    <extensions>
     <power>301</power>
     <gpxtpx:TrackPointExtension>
      <gpxtpx:hr>194</gpxtpx:hr>
      <gpxtpx:cad>83</gpxtpx:cad>
     </gpxtpx:TrackPointExtension>
    </extensions>
   </trkpt>
   <trkpt lat="12.9835560" lon="77.6916930">
    <ele>890.2</ele>
    <time>2026-09-09T16:35:11Z</time>
    <extensions>
     <power>309</power>
     <gpxtpx:TrackPointExtension>
      <gpxtpx:hr>194</gpxtpx:hr>
      <gpxtpx:cad>84</gpxtpx:cad>
     </gpxtpx:TrackPointExtension>
    </extensions>
   </trkpt>
   <trkpt lat="12.9835470" lon="77.6917200">
    <ele>890.2</ele>
    <time>2026-09-09T16:35:12Z</time>
    <extensions>
     <power>305</power>
     <gpxtpx:TrackPointExtension>
      <gpxtpx:hr>194</gpxtpx:hr>
      <gpxtpx:cad>84</gpxtpx:cad>
     </gpxtpx:TrackPointExtension>
    </extensions>
   </trkpt>
   <trkpt lat="12.9835350" lon="77.6917470">
    <ele>890.2</ele>
    <time>2026-09-09T16:35:13Z</time>
    <extensions>
     <power>304</power>
     <gpxtpx:TrackPointExtension>
      <gpxtpx:hr>194</gpxtpx:hr>
      <gpxtpx:cad>84</gpxtpx:cad>
     </gpxtpx:TrackPointExtension>
    </extensions>
   </trkpt>
   <trkpt lat="12.9835220" lon="77.6917720">
    <ele>890.0</ele>
    <time>2026-09-09T16:35:14Z</time>
    <extensions>
     <power>302</power>
     <gpxtpx:TrackPointExtension>
      <gpxtpx:hr>194</gpxtpx:hr>
      <gpxtpx:cad>84</gpxtpx:cad>
     </gpxtpx:TrackPointExtension>
    </extensions>
   </trkpt>
   <trkpt lat="12.9835040" lon="77.6917960">
    <ele>890.0</ele>
    <time>2026-09-09T16:35:15Z</time>
    <extensions>
     <power>302</power>
     <gpxtpx:TrackPointExtension>
      <gpxtpx:hr>194</gpxtpx:hr>
      <gpxtpx:cad>84</gpxtpx:cad>
     </gpxtpx:TrackPointExtension>
    </extensions>
   </trkpt>
   <trkpt lat="12.9834840" lon="77.6918160">
    <ele>890.0</ele>
    <time>2026-09-09T16:35:16Z</time>
    <extensions>
     <power>311</power>
     <gpxtpx:TrackPointExtension>
      <gpxtpx:hr>194</gpxtpx:hr>
      <gpxtpx:cad>83</gpxtpx:cad>
     </gpxtpx:TrackPointExtension>
    </extensions>
   </trkpt>
   <trkpt lat="12.9834630" lon="77.6918320">
    <ele>890.0</ele>
    <time>2026-09-09T16:35:17Z</time>
    <extensions>
     <power>314</power>
     <gpxtpx:TrackPointExtension>
      <gpxtpx:hr>194</gpxtpx:hr>
      <gpxtpx:cad>83</gpxtpx:cad>
     </gpxtpx:TrackPointExtension>
    </extensions>
   </trkpt>
   <trkpt lat="12.9834400" lon="77.6918430">
    <ele>890.0</ele>
    <time>2026-09-09T16:35:18Z</time>
    <extensions>
     <power>314</power>
     <gpxtpx:TrackPointExtension>
      <gpxtpx:hr>194</gpxtpx:hr>
      <gpxtpx:cad>82</gpxtpx:cad>
     </gpxtpx:TrackPointExtension>
    </extensions>
   </trkpt>
   <trkpt lat="12.9834170" lon="77.6918490">
    <ele>890.0</ele>
    <time>2026-09-09T16:35:19Z</time>
    <extensions>
     <power>314</power>
     <gpxtpx:TrackPointExtension>
      <gpxtpx:hr>194</gpxtpx:hr>
      <gpxtpx:cad>82</gpxtpx:cad>
     </gpxtpx:TrackPointExtension>
    </extensions>
   </trkpt>
   <trkpt lat="12.9833940" lon="77.6918530">
    <ele>890.0</ele>
    <time>2026-09-09T16:35:20Z</time>
    <extensions>
     <power>323</power>
     <gpxtpx:TrackPointExtension>
      <gpxtpx:hr>194</gpxtpx:hr>
      <gpxtpx:cad>82</gpxtpx:cad>
     </gpxtpx:TrackPointExtension>
    </extensions>
   </trkpt>
   <trkpt lat="12.9833710" lon="77.6918560">
    <ele>890.0</ele>
    <time>2026-09-09T16:35:21Z</time>
    <extensions>
     <power>315</power>
     <gpxtpx:TrackPointExtension>
      <gpxtpx:hr>194</gpxtpx:hr>
      <gpxtpx:cad>82</gpxtpx:cad>
     </gpxtpx:TrackPointExtension>
    </extensions>
   </trkpt>
   <trkpt lat="12.9833470" lon="77.6918590">
    <ele>890.0</ele>
    <time>2026-09-09T16:35:22Z</time>
    <extensions>
     <power>315</power>
     <gpxtpx:TrackPointExtension>
      <gpxtpx:hr>194</gpxtpx:hr>
      <gpxtpx:cad>83</gpxtpx:cad>
     </gpxtpx:TrackPointExtension>
    </extensions>
   </trkpt>
   <trkpt lat="12.9833210" lon="77.6918610">
    <ele>890.0</ele>
    <time>2026-09-09T16:35:23Z</time>
    <extensions>
     <power>316</power>
     <gpxtpx:TrackPointExtension>
      <gpxtpx:hr>194</gpxtpx:hr>
      <gpxtpx:cad>83</gpxtpx:cad>
     </gpxtpx:TrackPointExtension>
    </extensions>
   </trkpt>
   <trkpt lat="12.9832990" lon="77.6918640">
    <ele>890.0</ele>
    <time>2026-09-09T16:35:24Z</time>
    <extensions>
     <power>314</power>
     <gpxtpx:TrackPointExtension>
      <gpxtpx:hr>194</gpxtpx:hr>
      <gpxtpx:cad>83</gpxtpx:cad>
     </gpxtpx:TrackPointExtension>
    </extensions>
   </trkpt>
   <trkpt lat="12.9832740" lon="77.6918700">
    <ele>890.0</ele>
    <time>2026-09-09T16:35:25Z</time>
    <extensions>
     <power>312</power>
     <gpxtpx:TrackPointExtension>
      <gpxtpx:hr>194</gpxtpx:hr>
      <gpxtpx:cad>84</gpxtpx:cad>
     </gpxtpx:TrackPointExtension>
    </extensions>
   </trkpt>
   <trkpt lat="12.9832520" lon="77.6918800">
    <ele>890.0</ele>
    <time>2026-09-09T16:35:26Z</time>
    <extensions>
     <power>312</power>
     <gpxtpx:TrackPointExtension>
      <gpxtpx:hr>194</gpxtpx:hr>
      <gpxtpx:cad>84</gpxtpx:cad>
     </gpxtpx:TrackPointExtension>
    </extensions>
   </trkpt>
   <trkpt lat="12.9832320" lon="77.6918950">
    <ele>890.0</ele>
    <time>2026-09-09T16:35:27Z</time>
    <extensions>
     <power>312</power>
     <gpxtpx:TrackPointExtension>
      <gpxtpx:hr>194</gpxtpx:hr>
      <gpxtpx:cad>84</gpxtpx:cad>
     </gpxtpx:TrackPointExtension>
    </extensions>
   </trkpt>
   <trkpt lat="12.9832140" lon="77.6919140">
    <ele>890.0</ele>
    <time>2026-09-09T16:35:28Z</time>
    <extensions>
     <power>312</power>
     <gpxtpx:TrackPointExtension>
      <gpxtpx:hr>194</gpxtpx:hr>
      <gpxtpx:cad>84</gpxtpx:cad>
     </gpxtpx:TrackPointExtension>
    </extensions>
   </trkpt>
   <trkpt lat="12.9831970" lon="77.6919340">
    <ele>890.0</ele>
    <time>2026-09-09T16:35:29Z</time>
    <extensions>
     <power>312</power>
     <gpxtpx:TrackPointExtension>
      <gpxtpx:hr>194</gpxtpx:hr>
      <gpxtpx:cad>84</gpxtpx:cad>
     </gpxtpx:TrackPointExtension>
    </extensions>
   </trkpt>
   <trkpt lat="12.9831810" lon="77.6919540">
    <ele>890.0</ele>
    <time>2026-09-09T16:35:30Z</time>
    <extensions>
     <power>321</power>
     <gpxtpx:TrackPointExtension>
      <gpxtpx:hr>193</gpxtpx:hr>
      <gpxtpx:cad>84</gpxtpx:cad>
     </gpxtpx:TrackPointExtension>
    </extensions>
   </trkpt>
   <trkpt lat="12.9831630" lon="77.6919740">
    <ele>890.0</ele>
    <time>2026-09-09T16:35:31Z</time>
    <extensions>
     <power>323</power>
     <gpxtpx:TrackPointExtension>
      <gpxtpx:hr>193</gpxtpx:hr>
      <gpxtpx:cad>84</gpxtpx:cad>
     </gpxtpx:TrackPointExtension>
    </extensions>
   </trkpt>
   <trkpt lat="12.9831440" lon="77.6919920">
    <ele>890.0</ele>
    <time>2026-09-09T16:35:32Z</time>
    <extensions>
     <power>323</power>
     <gpxtpx:TrackPointExtension>
      <gpxtpx:hr>193</gpxtpx:hr>
      <gpxtpx:cad>84</gpxtpx:cad>
     </gpxtpx:TrackPointExtension>
    </extensions>
   </trkpt>
   <trkpt lat="12.9831220" lon="77.6920090">
    <ele>890.0</ele>
    <time>2026-09-09T16:35:33Z</time>
    <extensions>
     <power>323</power>
     <gpxtpx:TrackPointExtension>
      <gpxtpx:hr>193</gpxtpx:hr>
      <gpxtpx:cad>84</gpxtpx:cad>
     </gpxtpx:TrackPointExtension>
    </extensions>
   </trkpt>
   <trkpt lat="12.9831010" lon="77.6920250">
    <ele>890.0</ele>
    <time>2026-09-09T16:35:34Z</time>
    <extensions>
     <power>323</power>
     <gpxtpx:TrackPointExtension>
      <gpxtpx:hr>193</gpxtpx:hr>
      <gpxtpx:cad>84</gpxtpx:cad>
     </gpxtpx:TrackPointExtension>
    </extensions>
   </trkpt>
   <trkpt lat="12.9830780" lon="77.6920420">
    <ele>890.0</ele>
    <time>2026-09-09T16:35:35Z</time>
    <extensions>
     <power>323</power>
     <gpxtpx:TrackPointExtension>
      <gpxtpx:hr>193</gpxtpx:hr>
      <gpxtpx:cad>83</gpxtpx:cad>
     </gpxtpx:TrackPointExtension>
    </extensions>
   </trkpt>
   <trkpt lat="12.9830550" lon="77.6920570">
    <ele>890.0</ele>
    <time>2026-09-09T16:35:36Z</time>
    <extensions>
     <power>323</power>
     <gpxtpx:TrackPointExtension>
      <gpxtpx:hr>193</gpxtpx:hr>
      <gpxtpx:cad>83</gpxtpx:cad>
     </gpxtpx:TrackPointExtension>
    </extensions>
   </trkpt>
   <trkpt lat="12.9830330" lon="77.6920710">
    <ele>890.0</ele>
    <time>2026-09-09T16:35:37Z</time>
    <extensions>
     <power>323</power>
     <gpxtpx:TrackPointExtension>
      <gpxtpx:hr>193</gpxtpx:hr>
      <gpxtpx:cad>83</gpxtpx:cad>
     </gpxtpx:TrackPointExtension>
    </extensions>
   </trkpt>
   <trkpt lat="12.9830090" lon="77.6920860">
    <ele>890.0</ele>
    <time>2026-09-09T16:35:38Z</time>
    <extensions>
     <power>323</power>
     <gpxtpx:TrackPointExtension>
      <gpxtpx:hr>193</gpxtpx:hr>
      <gpxtpx:cad>83</gpxtpx:cad>
     </gpxtpx:TrackPointExtension>
    </extensions>
   </trkpt>
   <trkpt lat="12.9829850" lon="77.6920990">
    <ele>890.0</ele>
    <time>2026-09-09T16:35:39Z</time>
    <extensions>
     <power>323</power>
     <gpxtpx:TrackPointExtension>
      <gpxtpx:hr>194</gpxtpx:hr>
      <gpxtpx:cad>83</gpxtpx:cad>
     </gpxtpx:TrackPointExtension>
    </extensions>
   </trkpt>
   <trkpt lat="12.9829610" lon="77.6921120">
    <ele>890.0</ele>
    <time>2026-09-09T16:35:40Z</time>
    <extensions>
     <power>314</power>
     <gpxtpx:TrackPointExtension>
      <gpxtpx:hr>194</gpxtpx:hr>
      <gpxtpx:cad>84</gpxtpx:cad>
     </gpxtpx:TrackPointExtension>
    </extensions>
   </trkpt>
   <trkpt lat="12.9829380" lon="77.6921260">
    <ele>890.0</ele>
    <time>2026-09-09T16:35:41Z</time>
    <extensions>
     <power>312</power>
     <gpxtpx:TrackPointExtension>
      <gpxtpx:hr>194</gpxtpx:hr>
      <gpxtpx:cad>84</gpxtpx:cad>
     </gpxtpx:TrackPointExtension>
    </extensions>
   </trkpt>
   <trkpt lat="12.9829150" lon="77.6921400">
    <ele>890.0</ele>
    <time>2026-09-09T16:35:42Z</time>
    <extensions>
     <power>312</power>
     <gpxtpx:TrackPointExtension>
      <gpxtpx:hr>194</gpxtpx:hr>
      <gpxtpx:cad>85</gpxtpx:cad>
     </gpxtpx:TrackPointExtension>
    </extensions>
   </trkpt>
   <trkpt lat="12.9828920" lon="77.6921560">
    <ele>890.0</ele>
    <time>2026-09-09T16:35:43Z</time>
    <extensions>
     <power>312</power>
     <gpxtpx:TrackPointExtension>
      <gpxtpx:hr>194</gpxtpx:hr>
      <gpxtpx:cad>85</gpxtpx:cad>
     </gpxtpx:TrackPointExtension>
    </extensions>
   </trkpt>
   <trkpt lat="12.9828690" lon="77.6921730">
    <ele>890.0</ele>
    <time>2026-09-09T16:35:44Z</time>
    <extensions>
     <power>312</power>
     <gpxtpx:TrackPointExtension>
      <gpxtpx:hr>194</gpxtpx:hr>
      <gpxtpx:cad>85</gpxtpx:cad>
     </gpxtpx:TrackPointExtension>
    </extensions>
   </trkpt>
   <trkpt lat="12.9828470" lon="77.6921910">
    <ele>890.0</ele>
    <time>2026-09-09T16:35:45Z</time>
    <extensions>
     <power>321</power>
     <gpxtpx:TrackPointExtension>
      <gpxtpx:hr>194</gpxtpx:hr>
      <gpxtpx:cad>85</gpxtpx:cad>
     </gpxtpx:TrackPointExtension>
    </extensions>
   </trkpt>
   <trkpt lat="12.9828270" lon="77.6922100">
    <ele>890.0</ele>
    <time>2026-09-09T16:35:46Z</time>
    <extensions>
     <power>323</power>
     <gpxtpx:TrackPointExtension>
      <gpxtpx:hr>194</gpxtpx:hr>
      <gpxtpx:cad>85</gpxtpx:cad>
     </gpxtpx:TrackPointExtension>
    </extensions>
   </trkpt>
   <trkpt lat="12.9828090" lon="77.6922310">
    <ele>890.0</ele>
    <time>2026-09-09T16:35:47Z</time>
    <extensions>
     <power>326</power>
     <gpxtpx:TrackPointExtension>
      <gpxtpx:hr>194</gpxtpx:hr>
      <gpxtpx:cad>84</gpxtpx:cad>
     </gpxtpx:TrackPointExtension>
    </extensions>
   </trkpt>
   <trkpt lat="12.9827930" lon="77.6922540">
    <ele>890.0</ele>
    <time>2026-09-09T16:35:48Z</time>
    <extensions>
     <power>327</power>
     <gpxtpx:TrackPointExtension>
      <gpxtpx:hr>194</gpxtpx:hr>
      <gpxtpx:cad>83</gpxtpx:cad>
     </gpxtpx:TrackPointExtension>
    </extensions>
   </trkpt>
   <trkpt lat="12.9827780" lon="77.6922780">
    <ele>890.0</ele>
    <time>2026-09-09T16:35:49Z</time>
    <extensions>
     <power>333</power>
     <gpxtpx:TrackPointExtension>
      <gpxtpx:hr>194</gpxtpx:hr>
      <gpxtpx:cad>82</gpxtpx:cad>
     </gpxtpx:TrackPointExtension>
    </extensions>
   </trkpt>
   <trkpt lat="12.9827650" lon="77.6923030">
    <ele>890.2</ele>
    <time>2026-09-09T16:35:50Z</time>
    <extensions>
     <power>351</power>
     <gpxtpx:TrackPointExtension>
      <gpxtpx:hr>194</gpxtpx:hr>
      <gpxtpx:cad>82</gpxtpx:cad>
     </gpxtpx:TrackPointExtension>
    </extensions>
   </trkpt>
   <trkpt lat="12.9827520" lon="77.6923270">
    <ele>890.2</ele>
    <time>2026-09-09T16:35:51Z</time>
    <extensions>
     <power>355</power>
     <gpxtpx:TrackPointExtension>
      <gpxtpx:hr>193</gpxtpx:hr>
      <gpxtpx:cad>81</gpxtpx:cad>
     </gpxtpx:TrackPointExtension>
    </extensions>
   </trkpt>
   <trkpt lat="12.9827370" lon="77.6923490">
    <ele>890.2</ele>
    <time>2026-09-09T16:35:52Z</time>
    <extensions>
     <power>354</power>
     <gpxtpx:TrackPointExtension>
      <gpxtpx:hr>193</gpxtpx:hr>
      <gpxtpx:cad>81</gpxtpx:cad>
     </gpxtpx:TrackPointExtension>
    </extensions>
   </trkpt>
   <trkpt lat="12.9827190" lon="77.6923660">
    <ele>890.2</ele>
    <time>2026-09-09T16:35:53Z</time>
    <extensions>
     <power>329</power>
     <gpxtpx:TrackPointExtension>
      <gpxtpx:hr>194</gpxtpx:hr>
      <gpxtpx:cad>81</gpxtpx:cad>
     </gpxtpx:TrackPointExtension>
    </extensions>
   </trkpt>
   <trkpt lat="12.9826990" lon="77.6923770">
    <ele>890.2</ele>
    <time>2026-09-09T16:35:54Z</time>
    <extensions>
     <power>334</power>
     <gpxtpx:TrackPointExtension>
      <gpxtpx:hr>194</gpxtpx:hr>
      <gpxtpx:cad>82</gpxtpx:cad>
     </gpxtpx:TrackPointExtension>
    </extensions>
   </trkpt>
   <trkpt lat="12.9826760" lon="77.6923830">
    <ele>890.2</ele>
    <time>2026-09-09T16:35:55Z</time>
    <extensions>
     <power>339</power>
     <gpxtpx:TrackPointExtension>
      <gpxtpx:hr>194</gpxtpx:hr>
      <gpxtpx:cad>82</gpxtpx:cad>
     </gpxtpx:TrackPointExtension>
    </extensions>
   </trkpt>
   <trkpt lat="12.9826550" lon="77.6923860">
    <ele>890.2</ele>
    <time>2026-09-09T16:35:56Z</time>
    <extensions>
     <power>338</power>
     <gpxtpx:TrackPointExtension>
      <gpxtpx:hr>194</gpxtpx:hr>
      <gpxtpx:cad>82</gpxtpx:cad>
     </gpxtpx:TrackPointExtension>
    </extensions>
   </trkpt>
   <trkpt lat="12.9826320" lon="77.6923880">
    <ele>890.2</ele>
    <time>2026-09-09T16:35:57Z</time>
    <extensions>
     <power>349</power>
     <gpxtpx:TrackPointExtension>
      <gpxtpx:hr>194</gpxtpx:hr>
      <gpxtpx:cad>82</gpxtpx:cad>
     </gpxtpx:TrackPointExtension>
    </extensions>
   </trkpt>
   <trkpt lat="12.9826090" lon="77.6923900">
    <ele>890.2</ele>
    <time>2026-09-09T16:35:58Z</time>
    <extensions>
     <power>353</power>
     <gpxtpx:TrackPointExtension>
      <gpxtpx:hr>194</gpxtpx:hr>
      <gpxtpx:cad>82</gpxtpx:cad>
     </gpxtpx:TrackPointExtension>
    </extensions>
   </trkpt>
   <trkpt lat="12.9825860" lon="77.6923920">
    <ele>890.2</ele>
    <time>2026-09-09T16:35:59Z</time>
    <extensions>
     <power>359</power>
     <gpxtpx:TrackPointExtension>
      <gpxtpx:hr>194</gpxtpx:hr>
      <gpxtpx:cad>83</gpxtpx:cad>
     </gpxtpx:TrackPointExtension>
    </extensions>
   </trkpt>
   <trkpt lat="12.9825620" lon="77.6923940">
    <ele>890.2</ele>
    <time>2026-09-09T16:36:00Z</time>
    <extensions>
     <power>359</power>
     <gpxtpx:TrackPointExtension>
      <gpxtpx:hr>194</gpxtpx:hr>
      <gpxtpx:cad>83</gpxtpx:cad>
     </gpxtpx:TrackPointExtension>
    </extensions>
   </trkpt>
   <trkpt lat="12.9825370" lon="77.6923970">
    <ele>890.2</ele>
    <time>2026-09-09T16:36:01Z</time>
    <extensions>
     <power>361</power>
     <gpxtpx:TrackPointExtension>
      <gpxtpx:hr>194</gpxtpx:hr>
      <gpxtpx:cad>83</gpxtpx:cad>
     </gpxtpx:TrackPointExtension>
    </extensions>
   </trkpt>
   <trkpt lat="12.9825140" lon="77.6923970">
    <ele>890.2</ele>
    <time>2026-09-09T16:36:02Z</time>
    <extensions>
     <power>361</power>
     <gpxtpx:TrackPointExtension>
      <gpxtpx:hr>194</gpxtpx:hr>
      <gpxtpx:cad>83</gpxtpx:cad>
     </gpxtpx:TrackPointExtension>
    </extensions>
   </trkpt>
   <trkpt lat="12.9824900" lon="77.6923960">
    <ele>890.4</ele>
    <time>2026-09-09T16:36:03Z</time>
    <extensions>
     <power>361</power>
     <gpxtpx:TrackPointExtension>
      <gpxtpx:hr>194</gpxtpx:hr>
      <gpxtpx:cad>83</gpxtpx:cad>
     </gpxtpx:TrackPointExtension>
    </extensions>
   </trkpt>
   <trkpt lat="12.9824650" lon="77.6923930">
    <ele>890.4</ele>
    <time>2026-09-09T16:36:04Z</time>
    <extensions>
     <power>364</power>
     <gpxtpx:TrackPointExtension>
      <gpxtpx:hr>194</gpxtpx:hr>
      <gpxtpx:cad>83</gpxtpx:cad>
     </gpxtpx:TrackPointExtension>
    </extensions>
   </trkpt>
   <trkpt lat="12.9824410" lon="77.6923870">
    <ele>890.4</ele>
    <time>2026-09-09T16:36:05Z</time>
    <extensions>
     <power>358</power>
     <gpxtpx:TrackPointExtension>
      <gpxtpx:hr>194</gpxtpx:hr>
      <gpxtpx:cad>82</gpxtpx:cad>
     </gpxtpx:TrackPointExtension>
    </extensions>
   </trkpt>
   <trkpt lat="12.9824170" lon="77.6923790">
    <ele>890.4</ele>
    <time>2026-09-09T16:36:06Z</time>
    <extensions>
     <power>348</power>
     <gpxtpx:TrackPointExtension>
      <gpxtpx:hr>194</gpxtpx:hr>
      <gpxtpx:cad>82</gpxtpx:cad>
     </gpxtpx:TrackPointExtension>
    </extensions>
   </trkpt>
   <trkpt lat="12.9823950" lon="77.6923670">
    <ele>890.4</ele>
    <time>2026-09-09T16:36:07Z</time>
    <extensions>
     <power>346</power>
     <gpxtpx:TrackPointExtension>
      <gpxtpx:hr>194</gpxtpx:hr>
      <gpxtpx:cad>81</gpxtpx:cad>
     </gpxtpx:TrackPointExtension>
    </extensions>
   </trkpt>
   <trkpt lat="12.9823740" lon="77.6923520">
    <ele>890.4</ele>
    <time>2026-09-09T16:36:08Z</time>
    <extensions>
     <power>336</power>
     <gpxtpx:TrackPointExtension>
      <gpxtpx:hr>194</gpxtpx:hr>
      <gpxtpx:cad>81</gpxtpx:cad>
     </gpxtpx:TrackPointExtension>
    </extensions>
   </trkpt>
   <trkpt lat="12.9823550" lon="77.6923360">
    <ele>890.4</ele>
    <time>2026-09-09T16:36:09Z</time>
    <extensions>
     <power>326</power>
     <gpxtpx:TrackPointExtension>
      <gpxtpx:hr>194</gpxtpx:hr>
      <gpxtpx:cad>82</gpxtpx:cad>
     </gpxtpx:TrackPointExtension>
    </extensions>
   </trkpt>
   <trkpt lat="12.9823370" lon="77.6923170">
    <ele>890.4</ele>
    <time>2026-09-09T16:36:10Z</time>
    <extensions>
     <power>325</power>
     <gpxtpx:TrackPointExtension>
      <gpxtpx:hr>194</gpxtpx:hr>
      <gpxtpx:cad>82</gpxtpx:cad>
     </gpxtpx:TrackPointExtension>
    </extensions>
   </trkpt>
   <trkpt lat="12.9823200" lon="77.6922970">
    <ele>890.4</ele>
    <time>2026-09-09T16:36:11Z</time>
    <extensions>
     <power>317</power>
     <gpxtpx:TrackPointExtension>
      <gpxtpx:hr>194</gpxtpx:hr>
      <gpxtpx:cad>82</gpxtpx:cad>
     </gpxtpx:TrackPointExtension>
    </extensions>
   </trkpt>
   <trkpt lat="12.9823040" lon="77.6922790">
    <ele>890.4</ele>
    <time>2026-09-09T16:36:12Z</time>
    <extensions>
     <power>314</power>
     <gpxtpx:TrackPointExtension>
      <gpxtpx:hr>194</gpxtpx:hr>
      <gpxtpx:cad>82</gpxtpx:cad>
     </gpxtpx:TrackPointExtension>
    </extensions>
   </trkpt>
   <trkpt lat="12.9822860" lon="77.6922580">
    <ele>890.4</ele>
    <time>2026-09-09T16:36:13Z</time>
    <extensions>
     <power>312</power>
     <gpxtpx:TrackPointExtension>
      <gpxtpx:hr>193</gpxtpx:hr>
      <gpxtpx:cad>82</gpxtpx:cad>
     </gpxtpx:TrackPointExtension>
    </extensions>
   </trkpt>
   <trkpt lat="12.9822700" lon="77.6922400">
    <ele>890.4</ele>
    <time>2026-09-09T16:36:14Z</time>
    <extensions>
     <power>311</power>
     <gpxtpx:TrackPointExtension>
      <gpxtpx:hr>193</gpxtpx:hr>
      <gpxtpx:cad>82</gpxtpx:cad>
     </gpxtpx:TrackPointExtension>
    </extensions>
   </trkpt>
   <trkpt lat="12.9822540" lon="77.6922200">
    <ele>890.4</ele>
    <time>2026-09-09T16:36:15Z</time>
    <extensions>
     <power>311</power>
     <gpxtpx:TrackPointExtension>
      <gpxtpx:hr>193</gpxtpx:hr>
      <gpxtpx:cad>82</gpxtpx:cad>
     </gpxtpx:TrackPointExtension>
    </extensions>
   </trkpt>
   <trkpt lat="12.9822380" lon="77.6922000">
    <ele>890.4</ele>
    <time>2026-09-09T16:36:16Z</time>
    <extensions>
     <power>314</power>
     <gpxtpx:TrackPointExtension>
      <gpxtpx:hr>193</gpxtpx:hr>
      <gpxtpx:cad>82</gpxtpx:cad>
     </gpxtpx:TrackPointExtension>
    </extensions>
   </trkpt>
   <trkpt lat="12.9822230" lon="77.6921800">
    <ele>890.4</ele>
    <time>2026-09-09T16:36:17Z</time>
    <extensions>
     <power>314</power>
     <gpxtpx:TrackPointExtension>
      <gpxtpx:hr>193</gpxtpx:hr>
      <gpxtpx:cad>82</gpxtpx:cad>
     </gpxtpx:TrackPointExtension>
    </extensions>
   </trkpt>
   <trkpt lat="12.9822080" lon="77.6921600">
    <ele>890.4</ele>
    <time>2026-09-09T16:36:18Z</time>
    <extensions>
     <power>322</power>
     <gpxtpx:TrackPointExtension>
      <gpxtpx:hr>193</gpxtpx:hr>
      <gpxtpx:cad>82</gpxtpx:cad>
     </gpxtpx:TrackPointExtension>
    </extensions>
   </trkpt>
   <trkpt lat="12.9821930" lon="77.6921390">
    <ele>890.4</ele>
    <time>2026-09-09T16:36:19Z</time>
    <extensions>
     <power>320</power>
     <gpxtpx:TrackPointExtension>
      <gpxtpx:hr>193</gpxtpx:hr>
      <gpxtpx:cad>82</gpxtpx:cad>
     </gpxtpx:TrackPointExtension>
    </extensions>
   </trkpt>
   <trkpt lat="12.9821770" lon="77.6921180">
    <ele>890.4</ele>
    <time>2026-09-09T16:36:20Z</time>
    <extensions>
     <power>326</power>
     <gpxtpx:TrackPointExtension>
      <gpxtpx:hr>193</gpxtpx:hr>
      <gpxtpx:cad>82</gpxtpx:cad>
     </gpxtpx:TrackPointExtension>
    </extensions>
   </trkpt>
   <trkpt lat="12.9821600" lon="77.6920980">
    <ele>890.4</ele>
    <time>2026-09-09T16:36:21Z</time>
    <extensions>
     <power>327</power>
     <gpxtpx:TrackPointExtension>
      <gpxtpx:hr>193</gpxtpx:hr>
      <gpxtpx:cad>82</gpxtpx:cad>
     </gpxtpx:TrackPointExtension>
    </extensions>
   </trkpt>
   <trkpt lat="12.9821410" lon="77.6920790">
    <ele>890.4</ele>
    <time>2026-09-09T16:36:22Z</time>
    <extensions>
     <power>327</power>
     <gpxtpx:TrackPointExtension>
      <gpxtpx:hr>193</gpxtpx:hr>
      <gpxtpx:cad>82</gpxtpx:cad>
     </gpxtpx:TrackPointExtension>
    </extensions>
   </trkpt>
   <trkpt lat="12.9821220" lon="77.6920590">
    <ele>890.4</ele>
    <time>2026-09-09T16:36:23Z</time>
    <extensions>
     <power>329</power>
     <gpxtpx:TrackPointExtension>
      <gpxtpx:hr>193</gpxtpx:hr>
      <gpxtpx:cad>82</gpxtpx:cad>
     </gpxtpx:TrackPointExtension>
    </extensions>
   </trkpt>
   <trkpt lat="12.9821040" lon="77.6920380">
    <ele>890.4</ele>
    <time>2026-09-09T16:36:24Z</time>
    <extensions>
     <power>330</power>
     <gpxtpx:TrackPointExtension>
      <gpxtpx:hr>193</gpxtpx:hr>
      <gpxtpx:cad>82</gpxtpx:cad>
     </gpxtpx:TrackPointExtension>
    </extensions>
   </trkpt>
   <trkpt lat="12.9820890" lon="77.6920150">
    <ele>890.4</ele>
    <time>2026-09-09T16:36:25Z</time>
    <extensions>
     <power>318</power>
     <gpxtpx:TrackPointExtension>
      <gpxtpx:hr>193</gpxtpx:hr>
      <gpxtpx:cad>82</gpxtpx:cad>
     </gpxtpx:TrackPointExtension>
    </extensions>
   </trkpt>
   <trkpt lat="12.9820760" lon="77.6919910">
    <ele>890.4</ele>
    <time>2026-09-09T16:36:26Z</time>
    <extensions>
     <power>315</power>
     <gpxtpx:TrackPointExtension>
      <gpxtpx:hr>193</gpxtpx:hr>
      <gpxtpx:cad>83</gpxtpx:cad>
     </gpxtpx:TrackPointExtension>
    </extensions>
   </trkpt>
   <trkpt lat="12.9820670" lon="77.6919640">
    <ele>890.4</ele>
    <time>2026-09-09T16:36:27Z</time>
    <extensions>
     <power>308</power>
     <gpxtpx:TrackPointExtension>
      <gpxtpx:hr>193</gpxtpx:hr>
      <gpxtpx:cad>83</gpxtpx:cad>
     </gpxtpx:TrackPointExtension>
    </extensions>
   </trkpt>
   <trkpt lat="12.9820600" lon="77.6919380">
    <ele>890.4</ele>
    <time>2026-09-09T16:36:28Z</time>
    <extensions>
     <power>306</power>
     <gpxtpx:TrackPointExtension>
      <gpxtpx:hr>194</gpxtpx:hr>
      <gpxtpx:cad>82</gpxtpx:cad>
     </gpxtpx:TrackPointExtension>
    </extensions>
   </trkpt>
   <trkpt lat="12.9820550" lon="77.6919120">
    <ele>890.4</ele>
    <time>2026-09-09T16:36:29Z</time>
    <extensions>
     <power>306</power>
     <gpxtpx:TrackPointExtension>
      <gpxtpx:hr>194</gpxtpx:hr>
      <gpxtpx:cad>82</gpxtpx:cad>
     </gpxtpx:TrackPointExtension>
    </extensions>
   </trkpt>
   <trkpt lat="12.9820520" lon="77.6918860">
    <ele>890.4</ele>
    <time>2026-09-09T16:36:30Z</time>
    <extensions>
     <power>306</power>
     <gpxtpx:TrackPointExtension>
      <gpxtpx:hr>193</gpxtpx:hr>
      <gpxtpx:cad>82</gpxtpx:cad>
     </gpxtpx:TrackPointExtension>
    </extensions>
   </trkpt>
   <trkpt lat="12.9820500" lon="77.6918600">
    <ele>890.4</ele>
    <time>2026-09-09T16:36:31Z</time>
    <extensions>
     <power>306</power>
     <gpxtpx:TrackPointExtension>
      <gpxtpx:hr>193</gpxtpx:hr>
      <gpxtpx:cad>82</gpxtpx:cad>
     </gpxtpx:TrackPointExtension>
    </extensions>
   </trkpt>
   <trkpt lat="12.9820510" lon="77.6918360">
    <ele>890.4</ele>
    <time>2026-09-09T16:36:32Z</time>
    <extensions>
     <power>306</power>
     <gpxtpx:TrackPointExtension>
      <gpxtpx:hr>194</gpxtpx:hr>
      <gpxtpx:cad>82</gpxtpx:cad>
     </gpxtpx:TrackPointExtension>
    </extensions>
   </trkpt>
   <trkpt lat="12.9820560" lon="77.6918110">
    <ele>890.4</ele>
    <time>2026-09-09T16:36:33Z</time>
    <extensions>
     <power>306</power>
     <gpxtpx:TrackPointExtension>
      <gpxtpx:hr>194</gpxtpx:hr>
      <gpxtpx:cad>83</gpxtpx:cad>
     </gpxtpx:TrackPointExtension>
    </extensions>
   </trkpt>
   <trkpt lat="12.9820620" lon="77.6917870">
    <ele>890.4</ele>
    <time>2026-09-09T16:36:34Z</time>
    <extensions>
     <power>306</power>
     <gpxtpx:TrackPointExtension>
      <gpxtpx:hr>194</gpxtpx:hr>
      <gpxtpx:cad>83</gpxtpx:cad>
     </gpxtpx:TrackPointExtension>
    </extensions>
   </trkpt>
   <trkpt lat="12.9820700" lon="77.6917630">
    <ele>890.4</ele>
    <time>2026-09-09T16:36:35Z</time>
    <extensions>
     <power>314</power>
     <gpxtpx:TrackPointExtension>
      <gpxtpx:hr>194</gpxtpx:hr>
      <gpxtpx:cad>83</gpxtpx:cad>
     </gpxtpx:TrackPointExtension>
    </extensions>
   </trkpt>
   <trkpt lat="12.9820780" lon="77.6917400">
    <ele>890.4</ele>
    <time>2026-09-09T16:36:36Z</time>
    <extensions>
     <power>314</power>
     <gpxtpx:TrackPointExtension>
      <gpxtpx:hr>194</gpxtpx:hr>
      <gpxtpx:cad>82</gpxtpx:cad>
     </gpxtpx:TrackPointExtension>
    </extensions>
   </trkpt>
   <trkpt lat="12.9820880" lon="77.6917130">
    <ele>890.4</ele>
    <time>2026-09-09T16:36:37Z</time>
    <extensions>
     <power>313</power>
     <gpxtpx:TrackPointExtension>
      <gpxtpx:hr>194</gpxtpx:hr>
      <gpxtpx:cad>82</gpxtpx:cad>
     </gpxtpx:TrackPointExtension>
    </extensions>
   </trkpt>
   <trkpt lat="12.9820960" lon="77.6916930">
    <ele>890.4</ele>
    <time>2026-09-09T16:36:38Z</time>
    <extensions>
     <power>319</power>
     <gpxtpx:TrackPointExtension>
      <gpxtpx:hr>193</gpxtpx:hr>
      <gpxtpx:cad>81</gpxtpx:cad>
     </gpxtpx:TrackPointExtension>
    </extensions>
   </trkpt>
   <trkpt lat="12.9821070" lon="77.6916680">
    <ele>890.4</ele>
    <time>2026-09-09T16:36:39Z</time>
    <extensions>
     <power>320</power>
     <gpxtpx:TrackPointExtension>
      <gpxtpx:hr>193</gpxtpx:hr>
      <gpxtpx:cad>81</gpxtpx:cad>
     </gpxtpx:TrackPointExtension>
    </extensions>
   </trkpt>
   <trkpt lat="12.9821180" lon="77.6916440">
    <ele>890.4</ele>
    <time>2026-09-09T16:36:40Z</time>
    <extensions>
     <power>320</power>
     <gpxtpx:TrackPointExtension>
      <gpxtpx:hr>193</gpxtpx:hr>
      <gpxtpx:cad>81</gpxtpx:cad>
     </gpxtpx:TrackPointExtension>
    </extensions>
   </trkpt>
   <trkpt lat="12.9821290" lon="77.6916200">
    <ele>890.4</ele>
    <time>2026-09-09T16:36:41Z</time>
    <extensions>
     <power>314</power>
     <gpxtpx:TrackPointExtension>
      <gpxtpx:hr>193</gpxtpx:hr>
      <gpxtpx:cad>81</gpxtpx:cad>
     </gpxtpx:TrackPointExtension>
    </extensions>
   </trkpt>
   <trkpt lat="12.9821380" lon="77.6915940">
    <ele>890.4</ele>
    <time>2026-09-09T16:36:42Z</time>
    <extensions>
     <power>319</power>
     <gpxtpx:TrackPointExtension>
      <gpxtpx:hr>193</gpxtpx:hr>
      <gpxtpx:cad>81</gpxtpx:cad>
     </gpxtpx:TrackPointExtension>
    </extensions>
   </trkpt>
   <trkpt lat="12.9821460" lon="77.6915680">
    <ele>890.4</ele>
    <time>2026-09-09T16:36:43Z</time>
    <extensions>
     <power>321</power>
     <gpxtpx:TrackPointExtension>
      <gpxtpx:hr>193</gpxtpx:hr>
      <gpxtpx:cad>81</gpxtpx:cad>
     </gpxtpx:TrackPointExtension>
    </extensions>
   </trkpt>
   <trkpt lat="12.9821490" lon="77.6915410">
    <ele>890.4</ele>
    <time>2026-09-09T16:36:44Z</time>
    <extensions>
     <power>314</power>
     <gpxtpx:TrackPointExtension>
      <gpxtpx:hr>193</gpxtpx:hr>
      <gpxtpx:cad>81</gpxtpx:cad>
     </gpxtpx:TrackPointExtension>
    </extensions>
   </trkpt>
   <trkpt lat="12.9821470" lon="77.6915150">
    <ele>890.4</ele>
    <time>2026-09-09T16:36:45Z</time>
    <extensions>
     <power>315</power>
     <gpxtpx:TrackPointExtension>
      <gpxtpx:hr>193</gpxtpx:hr>
      <gpxtpx:cad>81</gpxtpx:cad>
     </gpxtpx:TrackPointExtension>
    </extensions>
   </trkpt>
   <trkpt lat="12.9821400" lon="77.6914920">
    <ele>890.4</ele>
    <time>2026-09-09T16:36:46Z</time>
    <extensions>
     <power>315</power>
     <gpxtpx:TrackPointExtension>
      <gpxtpx:hr>193</gpxtpx:hr>
      <gpxtpx:cad>80</gpxtpx:cad>
     </gpxtpx:TrackPointExtension>
    </extensions>
   </trkpt>
   <trkpt lat="12.9821270" lon="77.6914710">
    <ele>890.4</ele>
    <time>2026-09-09T16:36:47Z</time>
    <extensions>
     <power>315</power>
     <gpxtpx:TrackPointExtension>
      <gpxtpx:hr>193</gpxtpx:hr>
      <gpxtpx:cad>80</gpxtpx:cad>
     </gpxtpx:TrackPointExtension>
    </extensions>
   </trkpt>
   <trkpt lat="12.9821110" lon="77.6914530">
    <ele>890.4</ele>
    <time>2026-09-09T16:36:48Z</time>
    <extensions>
     <power>315</power>
     <gpxtpx:TrackPointExtension>
      <gpxtpx:hr>193</gpxtpx:hr>
      <gpxtpx:cad>80</gpxtpx:cad>
     </gpxtpx:TrackPointExtension>
    </extensions>
   </trkpt>
   <trkpt lat="12.9820930" lon="77.6914390">
    <ele>890.4</ele>
    <time>2026-09-09T16:36:49Z</time>
    <extensions>
     <power>316</power>
     <gpxtpx:TrackPointExtension>
      <gpxtpx:hr>193</gpxtpx:hr>
      <gpxtpx:cad>80</gpxtpx:cad>
     </gpxtpx:TrackPointExtension>
    </extensions>
   </trkpt>
   <trkpt lat="12.9820730" lon="77.6914260">
    <ele>890.4</ele>
    <time>2026-09-09T16:36:50Z</time>
    <extensions>
     <power>316</power>
     <gpxtpx:TrackPointExtension>
      <gpxtpx:hr>193</gpxtpx:hr>
      <gpxtpx:cad>80</gpxtpx:cad>
     </gpxtpx:TrackPointExtension>
    </extensions>
   </trkpt>
   <trkpt lat="12.9820530" lon="77.6914130">
    <ele>890.4</ele>
    <time>2026-09-09T16:36:51Z</time>
    <extensions>
     <power>318</power>
     <gpxtpx:TrackPointExtension>
      <gpxtpx:hr>193</gpxtpx:hr>
      <gpxtpx:cad>81</gpxtpx:cad>
     </gpxtpx:TrackPointExtension>
    </extensions>
   </trkpt>
   <trkpt lat="12.9820340" lon="77.6914000">
    <ele>890.4</ele>
    <time>2026-09-09T16:36:52Z</time>
    <extensions>
     <power>317</power>
     <gpxtpx:TrackPointExtension>
      <gpxtpx:hr>193</gpxtpx:hr>
      <gpxtpx:cad>81</gpxtpx:cad>
     </gpxtpx:TrackPointExtension>
    </extensions>
   </trkpt>
   <trkpt lat="12.9820160" lon="77.6913840">
    <ele>890.4</ele>
    <time>2026-09-09T16:36:53Z</time>
    <extensions>
     <power>315</power>
     <gpxtpx:TrackPointExtension>
      <gpxtpx:hr>193</gpxtpx:hr>
      <gpxtpx:cad>81</gpxtpx:cad>
     </gpxtpx:TrackPointExtension>
    </extensions>
   </trkpt>
   <trkpt lat="12.9819990" lon="77.6913660">
    <ele>890.4</ele>
    <time>2026-09-09T16:36:54Z</time>
    <extensions>
     <power>314</power>
     <gpxtpx:TrackPointExtension>
      <gpxtpx:hr>193</gpxtpx:hr>
      <gpxtpx:cad>81</gpxtpx:cad>
     </gpxtpx:TrackPointExtension>
    </extensions>
   </trkpt>
   <trkpt lat="12.9819840" lon="77.6913460">
    <ele>890.4</ele>
    <time>2026-09-09T16:36:55Z</time>
    <extensions>
     <power>324</power>
     <gpxtpx:TrackPointExtension>
      <gpxtpx:hr>193</gpxtpx:hr>
      <gpxtpx:cad>81</gpxtpx:cad>
     </gpxtpx:TrackPointExtension>
    </extensions>
   </trkpt>
   <trkpt lat="12.9819720" lon="77.6913230">
    <ele>890.4</ele>
    <time>2026-09-09T16:36:56Z</time>
    <extensions>
     <power>316</power>
     <gpxtpx:TrackPointExtension>
      <gpxtpx:hr>193</gpxtpx:hr>
      <gpxtpx:cad>82</gpxtpx:cad>
     </gpxtpx:TrackPointExtension>
    </extensions>
   </trkpt>
   <trkpt lat="12.9819650" lon="77.6912980">
    <ele>890.4</ele>
    <time>2026-09-09T16:36:57Z</time>
    <extensions>
     <power>315</power>
     <gpxtpx:TrackPointExtension>
      <gpxtpx:hr>193</gpxtpx:hr>
      <gpxtpx:cad>82</gpxtpx:cad>
     </gpxtpx:TrackPointExtension>
    </extensions>
   </trkpt>
   <trkpt lat="12.9819630" lon="77.6912720">
    <ele>890.4</ele>
    <time>2026-09-09T16:36:58Z</time>
    <extensions>
     <power>314</power>
     <gpxtpx:TrackPointExtension>
      <gpxtpx:hr>193</gpxtpx:hr>
      <gpxtpx:cad>82</gpxtpx:cad>
     </gpxtpx:TrackPointExtension>
    </extensions>
   </trkpt>
   <trkpt lat="12.9819640" lon="77.6912480">
    <ele>890.4</ele>
    <time>2026-09-09T16:36:59Z</time>
    <extensions>
     <power>317</power>
     <gpxtpx:TrackPointExtension>
      <gpxtpx:hr>193</gpxtpx:hr>
      <gpxtpx:cad>82</gpxtpx:cad>
     </gpxtpx:TrackPointExtension>
    </extensions>
   </trkpt>
   <trkpt lat="12.9819680" lon="77.6912230">
    <ele>890.4</ele>
    <time>2026-09-09T16:37:00Z</time>
    <extensions>
     <power>317</power>
     <gpxtpx:TrackPointExtension>
      <gpxtpx:hr>194</gpxtpx:hr>
      <gpxtpx:cad>82</gpxtpx:cad>
     </gpxtpx:TrackPointExtension>
    </extensions>
   </trkpt>
   <trkpt lat="12.9819720" lon="77.6911980">
    <ele>890.4</ele>
    <time>2026-09-09T16:37:01Z</time>
    <extensions>
     <power>317</power>
     <gpxtpx:TrackPointExtension>
      <gpxtpx:hr>194</gpxtpx:hr>
      <gpxtpx:cad>83</gpxtpx:cad>
     </gpxtpx:TrackPointExtension>
    </extensions>
   </trkpt>
   <trkpt lat="12.9819760" lon="77.6911740">
    <ele>890.4</ele>
    <time>2026-09-09T16:37:02Z</time>
    <extensions>
     <power>324</power>
     <gpxtpx:TrackPointExtension>
      <gpxtpx:hr>193</gpxtpx:hr>
      <gpxtpx:cad>83</gpxtpx:cad>
     </gpxtpx:TrackPointExtension>
    </extensions>
   </trkpt>
   <trkpt lat="12.9819810" lon="77.6911490">
    <ele>890.4</ele>
    <time>2026-09-09T16:37:03Z</time>
    <extensions>
     <power>325</power>
     <gpxtpx:TrackPointExtension>
      <gpxtpx:hr>193</gpxtpx:hr>
      <gpxtpx:cad>83</gpxtpx:cad>
     </gpxtpx:TrackPointExtension>
    </extensions>
   </trkpt>
   <trkpt lat="12.9819870" lon="77.6911240">
    <ele>890.4</ele>
    <time>2026-09-09T16:37:04Z</time>
    <extensions>
     <power>325</power>
     <gpxtpx:TrackPointExtension>
      <gpxtpx:hr>193</gpxtpx:hr>
      <gpxtpx:cad>83</gpxtpx:cad>
     </gpxtpx:TrackPointExtension>
    </extensions>
   </trkpt>
   <trkpt lat="12.9819930" lon="77.6910990">
    <ele>890.4</ele>
    <time>2026-09-09T16:37:05Z</time>
    <extensions>
     <power>325</power>
     <gpxtpx:TrackPointExtension>
      <gpxtpx:hr>193</gpxtpx:hr>
      <gpxtpx:cad>82</gpxtpx:cad>
     </gpxtpx:TrackPointExtension>
    </extensions>
   </trkpt>
   <trkpt lat="12.9819990" lon="77.6910750">
    <ele>890.4</ele>
    <time>2026-09-09T16:37:06Z</time>
    <extensions>
     <power>325</power>
     <gpxtpx:TrackPointExtension>
      <gpxtpx:hr>193</gpxtpx:hr>
      <gpxtpx:cad>82</gpxtpx:cad>
     </gpxtpx:TrackPointExtension>
    </extensions>
   </trkpt>
   <trkpt lat="12.9820060" lon="77.6910500">
    <ele>890.4</ele>
    <time>2026-09-09T16:37:07Z</time>
    <extensions>
     <power>325</power>
     <gpxtpx:TrackPointExtension>
      <gpxtpx:hr>193</gpxtpx:hr>
      <gpxtpx:cad>82</gpxtpx:cad>
     </gpxtpx:TrackPointExtension>
    </extensions>
   </trkpt>
   <trkpt lat="12.9820130" lon="77.6910260">
    <ele>890.4</ele>
    <time>2026-09-09T16:37:08Z</time>
    <extensions>
     <power>325</power>
     <gpxtpx:TrackPointExtension>
      <gpxtpx:hr>193</gpxtpx:hr>
      <gpxtpx:cad>82</gpxtpx:cad>
     </gpxtpx:TrackPointExtension>
    </extensions>
   </trkpt>
   <trkpt lat="12.9820220" lon="77.6910020">
    <ele>890.4</ele>
    <time>2026-09-09T16:37:09Z</time>
    <extensions>
     <power>325</power>
     <gpxtpx:TrackPointExtension>
      <gpxtpx:hr>193</gpxtpx:hr>
      <gpxtpx:cad>83</gpxtpx:cad>
     </gpxtpx:TrackPointExtension>
    </extensions>
   </trkpt>
   <trkpt lat="12.9820320" lon="77.6909800">
    <ele>890.4</ele>
    <time>2026-09-09T16:37:10Z</time>
    <extensions>
     <power>325</power>
     <gpxtpx:TrackPointExtension>
      <gpxtpx:hr>193</gpxtpx:hr>
      <gpxtpx:cad>83</gpxtpx:cad>
     </gpxtpx:TrackPointExtension>
    </extensions>
   </trkpt>
   <trkpt lat="12.9820420" lon="77.6909570">
    <ele>890.4</ele>
    <time>2026-09-09T16:37:11Z</time>
    <extensions>
     <power>325</power>
     <gpxtpx:TrackPointExtension>
      <gpxtpx:hr>193</gpxtpx:hr>
      <gpxtpx:cad>82</gpxtpx:cad>
     </gpxtpx:TrackPointExtension>
    </extensions>
   </trkpt>
   <trkpt lat="12.9820540" lon="77.6909360">
    <ele>890.4</ele>
    <time>2026-09-09T16:37:12Z</time>
    <extensions>
     <power>325</power>
     <gpxtpx:TrackPointExtension>
      <gpxtpx:hr>193</gpxtpx:hr>
      <gpxtpx:cad>82</gpxtpx:cad>
     </gpxtpx:TrackPointExtension>
    </extensions>
   </trkpt>
   <trkpt lat="12.9820690" lon="77.6909180">
    <ele>890.4</ele>
    <time>2026-09-09T16:37:13Z</time>
    <extensions>
     <power>325</power>
     <gpxtpx:TrackPointExtension>
      <gpxtpx:hr>193</gpxtpx:hr>
      <gpxtpx:cad>82</gpxtpx:cad>
     </gpxtpx:TrackPointExtension>
    </extensions>
   </trkpt>
   <trkpt lat="12.9820870" lon="77.6909040">
    <ele>890.4</ele>
    <time>2026-09-09T16:37:14Z</time>
    <extensions>
     <power>318</power>
     <gpxtpx:TrackPointExtension>
      <gpxtpx:hr>193</gpxtpx:hr>
      <gpxtpx:cad>82</gpxtpx:cad>
     </gpxtpx:TrackPointExtension>
    </extensions>
   </trkpt>
   <trkpt lat="12.9821080" lon="77.6908940">
    <ele>890.4</ele>
    <time>2026-09-09T16:37:15Z</time>
    <extensions>
     <power>317</power>
     <gpxtpx:TrackPointExtension>
      <gpxtpx:hr>193</gpxtpx:hr>
      <gpxtpx:cad>81</gpxtpx:cad>
     </gpxtpx:TrackPointExtension>
    </extensions>
   </trkpt>
   <trkpt lat="12.9821310" lon="77.6908860">
    <ele>890.4</ele>
    <time>2026-09-09T16:37:16Z</time>
    <extensions>
     <power>316</power>
     <gpxtpx:TrackPointExtension>
      <gpxtpx:hr>193</gpxtpx:hr>
      <gpxtpx:cad>81</gpxtpx:cad>
     </gpxtpx:TrackPointExtension>
    </extensions>
   </trkpt>
   <trkpt lat="12.9821530" lon="77.6908820">
    <ele>890.4</ele>
    <time>2026-09-09T16:37:17Z</time>
    <extensions>
     <power>316</power>
     <gpxtpx:TrackPointExtension>
      <gpxtpx:hr>193</gpxtpx:hr>
      <gpxtpx:cad>81</gpxtpx:cad>
     </gpxtpx:TrackPointExtension>
    </extensions>
   </trkpt>
   <trkpt lat="12.9821780" lon="77.6908790">
    <ele>890.4</ele>
    <time>2026-09-09T16:37:18Z</time>
    <extensions>
     <power>314</power>
     <gpxtpx:TrackPointExtension>
      <gpxtpx:hr>193</gpxtpx:hr>
      <gpxtpx:cad>81</gpxtpx:cad>
     </gpxtpx:TrackPointExtension>
    </extensions>
   </trkpt>
   <trkpt lat="12.9822020" lon="77.6908770">
    <ele>890.4</ele>
    <time>2026-09-09T16:37:19Z</time>
    <extensions>
     <power>313</power>
     <gpxtpx:TrackPointExtension>
      <gpxtpx:hr>193</gpxtpx:hr>
      <gpxtpx:cad>81</gpxtpx:cad>
     </gpxtpx:TrackPointExtension>
    </extensions>
   </trkpt>
   <trkpt lat="12.9822250" lon="77.6908760">
    <ele>890.4</ele>
    <time>2026-09-09T16:37:20Z</time>
    <extensions>
     <power>305</power>
     <gpxtpx:TrackPointExtension>
      <gpxtpx:hr>193</gpxtpx:hr>
      <gpxtpx:cad>81</gpxtpx:cad>
     </gpxtpx:TrackPointExtension>
    </extensions>
   </trkpt>
   <trkpt lat="12.9822490" lon="77.6908760">
    <ele>890.4</ele>
    <time>2026-09-09T16:37:21Z</time>
    <extensions>
     <power>305</power>
     <gpxtpx:TrackPointExtension>
      <gpxtpx:hr>193</gpxtpx:hr>
      <gpxtpx:cad>81</gpxtpx:cad>
     </gpxtpx:TrackPointExtension>
    </extensions>
   </trkpt>
   <trkpt lat="12.9822730" lon="77.6908790">
    <ele>890.2</ele>
    <time>2026-09-09T16:37:22Z</time>
    <extensions>
     <power>303</power>
     <gpxtpx:TrackPointExtension>
      <gpxtpx:hr>193</gpxtpx:hr>
      <gpxtpx:cad>82</gpxtpx:cad>
     </gpxtpx:TrackPointExtension>
    </extensions>
   </trkpt>
   <trkpt lat="12.9822980" lon="77.6908820">
    <ele>890.2</ele>
    <time>2026-09-09T16:37:23Z</time>
    <extensions>
     <power>310</power>
     <gpxtpx:TrackPointExtension>
      <gpxtpx:hr>193</gpxtpx:hr>
      <gpxtpx:cad>82</gpxtpx:cad>
     </gpxtpx:TrackPointExtension>
    </extensions>
   </trkpt>
   <trkpt lat="12.9823210" lon="77.6908870">
    <ele>890.2</ele>
    <time>2026-09-09T16:37:24Z</time>
    <extensions>
     <power>312</power>
     <gpxtpx:TrackPointExtension>
      <gpxtpx:hr>193</gpxtpx:hr>
      <gpxtpx:cad>82</gpxtpx:cad>
     </gpxtpx:TrackPointExtension>
    </extensions>
   </trkpt>
   <trkpt lat="12.9823460" lon="77.6908930">
    <ele>890.2</ele>
    <time>2026-09-09T16:37:25Z</time>
    <extensions>
     <power>312</power>
     <gpxtpx:TrackPointExtension>
      <gpxtpx:hr>193</gpxtpx:hr>
      <gpxtpx:cad>82</gpxtpx:cad>
     </gpxtpx:TrackPointExtension>
    </extensions>
   </trkpt>
   <trkpt lat="12.9823710" lon="77.6909010">
    <ele>890.2</ele>
    <time>2026-09-09T16:37:26Z</time>
    <extensions>
     <power>312</power>
     <gpxtpx:TrackPointExtension>
      <gpxtpx:hr>193</gpxtpx:hr>
      <gpxtpx:cad>81</gpxtpx:cad>
     </gpxtpx:TrackPointExtension>
    </extensions>
   </trkpt>
   <trkpt lat="12.9823950" lon="77.6909100">
    <ele>890.2</ele>
    <time>2026-09-09T16:37:27Z</time>
    <extensions>
     <power>312</power>
     <gpxtpx:TrackPointExtension>
      <gpxtpx:hr>193</gpxtpx:hr>
      <gpxtpx:cad>81</gpxtpx:cad>
     </gpxtpx:TrackPointExtension>
    </extensions>
   </trkpt>
   <trkpt lat="12.9824210" lon="77.6909190">
    <ele>890.2</ele>
    <time>2026-09-09T16:37:28Z</time>
    <extensions>
     <power>312</power>
     <gpxtpx:TrackPointExtension>
      <gpxtpx:hr>194</gpxtpx:hr>
      <gpxtpx:cad>81</gpxtpx:cad>
     </gpxtpx:TrackPointExtension>
    </extensions>
   </trkpt>
   <trkpt lat="12.9824460" lon="77.6909280">
    <ele>890.2</ele>
    <time>2026-09-09T16:37:29Z</time>
    <extensions>
     <power>312</power>
     <gpxtpx:TrackPointExtension>
      <gpxtpx:hr>194</gpxtpx:hr>
      <gpxtpx:cad>81</gpxtpx:cad>
     </gpxtpx:TrackPointExtension>
    </extensions>
   </trkpt>
   <trkpt lat="12.9824710" lon="77.6909370">
    <ele>890.4</ele>
    <time>2026-09-09T16:37:30Z</time>
    <extensions>
     <power>312</power>
     <gpxtpx:TrackPointExtension>
      <gpxtpx:hr>194</gpxtpx:hr>
      <gpxtpx:cad>81</gpxtpx:cad>
     </gpxtpx:TrackPointExtension>
    </extensions>
   </trkpt>
   <trkpt lat="12.9824980" lon="77.6909460">
    <ele>890.4</ele>
    <time>2026-09-09T16:37:31Z</time>
    <extensions>
     <power>312</power>
     <gpxtpx:TrackPointExtension>
      <gpxtpx:hr>194</gpxtpx:hr>
      <gpxtpx:cad>82</gpxtpx:cad>
     </gpxtpx:TrackPointExtension>
    </extensions>
   </trkpt>
   <trkpt lat="12.9825240" lon="77.6909560">
    <ele>890.4</ele>
    <time>2026-09-09T16:37:32Z</time>
    <extensions>
     <power>312</power>
     <gpxtpx:TrackPointExtension>
      <gpxtpx:hr>194</gpxtpx:hr>
      <gpxtpx:cad>82</gpxtpx:cad>
     </gpxtpx:TrackPointExtension>
    </extensions>
   </trkpt>
   <trkpt lat="12.9825510" lon="77.6909650">
    <ele>890.4</ele>
    <time>2026-09-09T16:37:33Z</time>
    <extensions>
     <power>312</power>
     <gpxtpx:TrackPointExtension>
      <gpxtpx:hr>193</gpxtpx:hr>
      <gpxtpx:cad>83</gpxtpx:cad>
     </gpxtpx:TrackPointExtension>
    </extensions>
   </trkpt>
   <trkpt lat="12.9825790" lon="77.6909750">
    <ele>890.4</ele>
    <time>2026-09-09T16:37:34Z</time>
    <extensions>
     <power>311</power>
     <gpxtpx:TrackPointExtension>
      <gpxtpx:hr>193</gpxtpx:hr>
      <gpxtpx:cad>83</gpxtpx:cad>
     </gpxtpx:TrackPointExtension>
    </extensions>
   </trkpt>
   <trkpt lat="12.9826050" lon="77.6909860">
    <ele>890.4</ele>
    <time>2026-09-09T16:37:35Z</time>
    <extensions>
     <power>310</power>
     <gpxtpx:TrackPointExtension>
      <gpxtpx:hr>192</gpxtpx:hr>
      <gpxtpx:cad>83</gpxtpx:cad>
     </gpxtpx:TrackPointExtension>
    </extensions>
   </trkpt>
   <trkpt lat="12.9826320" lon="77.6909960">
    <ele>890.4</ele>
    <time>2026-09-09T16:37:36Z</time>
    <extensions>
     <power>310</power>
     <gpxtpx:TrackPointExtension>
      <gpxtpx:hr>192</gpxtpx:hr>
      <gpxtpx:cad>83</gpxtpx:cad>
     </gpxtpx:TrackPointExtension>
    </extensions>
   </trkpt>
   <trkpt lat="12.9826580" lon="77.6910060">
    <ele>890.2</ele>
    <time>2026-09-09T16:37:37Z</time>
    <extensions>
     <power>310</power>
     <gpxtpx:TrackPointExtension>
      <gpxtpx:hr>192</gpxtpx:hr>
      <gpxtpx:cad>83</gpxtpx:cad>
     </gpxtpx:TrackPointExtension>
    </extensions>
   </trkpt>
   <trkpt lat="12.9826860" lon="77.6910170">
    <ele>890.2</ele>
    <time>2026-09-09T16:37:38Z</time>
    <extensions>
     <power>311</power>
     <gpxtpx:TrackPointExtension>
      <gpxtpx:hr>192</gpxtpx:hr>
      <gpxtpx:cad>82</gpxtpx:cad>
     </gpxtpx:TrackPointExtension>
    </extensions>
   </trkpt>
   <trkpt lat="12.9827110" lon="77.6910270">
    <ele>890.2</ele>
    <time>2026-09-09T16:37:39Z</time>
    <extensions>
     <power>311</power>
     <gpxtpx:TrackPointExtension>
      <gpxtpx:hr>192</gpxtpx:hr>
      <gpxtpx:cad>82</gpxtpx:cad>
     </gpxtpx:TrackPointExtension>
    </extensions>
   </trkpt>
   <trkpt lat="12.9827370" lon="77.6910380">
    <ele>890.2</ele>
    <time>2026-09-09T16:37:40Z</time>
    <extensions>
     <power>311</power>
     <gpxtpx:TrackPointExtension>
      <gpxtpx:hr>192</gpxtpx:hr>
      <gpxtpx:cad>82</gpxtpx:cad>
     </gpxtpx:TrackPointExtension>
    </extensions>
   </trkpt>
   <trkpt lat="12.9827630" lon="77.6910490">
    <ele>890.2</ele>
    <time>2026-09-09T16:37:41Z</time>
    <extensions>
     <power>319</power>
     <gpxtpx:TrackPointExtension>
      <gpxtpx:hr>193</gpxtpx:hr>
      <gpxtpx:cad>82</gpxtpx:cad>
     </gpxtpx:TrackPointExtension>
    </extensions>
   </trkpt>
   <trkpt lat="12.9827890" lon="77.6910590">
    <ele>890.2</ele>
    <time>2026-09-09T16:37:42Z</time>
    <extensions>
     <power>320</power>
     <gpxtpx:TrackPointExtension>
      <gpxtpx:hr>193</gpxtpx:hr>
      <gpxtpx:cad>82</gpxtpx:cad>
     </gpxtpx:TrackPointExtension>
    </extensions>
   </trkpt>
   <trkpt lat="12.9828170" lon="77.6910700">
    <ele>890.2</ele>
    <time>2026-09-09T16:37:43Z</time>
    <extensions>
     <power>321</power>
     <gpxtpx:TrackPointExtension>
      <gpxtpx:hr>193</gpxtpx:hr>
      <gpxtpx:cad>82</gpxtpx:cad>
     </gpxtpx:TrackPointExtension>
    </extensions>
   </trkpt>
   <trkpt lat="12.9828430" lon="77.6910800">
    <ele>890.2</ele>
    <time>2026-09-09T16:37:44Z</time>
    <extensions>
     <power>321</power>
     <gpxtpx:TrackPointExtension>
      <gpxtpx:hr>193</gpxtpx:hr>
      <gpxtpx:cad>83</gpxtpx:cad>
     </gpxtpx:TrackPointExtension>
    </extensions>
   </trkpt>
   <trkpt lat="12.9828690" lon="77.6910920">
    <ele>890.2</ele>
    <time>2026-09-09T16:37:45Z</time>
    <extensions>
     <power>320</power>
     <gpxtpx:TrackPointExtension>
      <gpxtpx:hr>192</gpxtpx:hr>
      <gpxtpx:cad>83</gpxtpx:cad>
     </gpxtpx:TrackPointExtension>
    </extensions>
   </trkpt>
   <trkpt lat="12.9828960" lon="77.6911030">
    <ele>890.2</ele>
    <time>2026-09-09T16:37:46Z</time>
    <extensions>
     <power>321</power>
     <gpxtpx:TrackPointExtension>
      <gpxtpx:hr>192</gpxtpx:hr>
      <gpxtpx:cad>84</gpxtpx:cad>
     </gpxtpx:TrackPointExtension>
    </extensions>
   </trkpt>
   <trkpt lat="12.9829230" lon="77.6911140">
    <ele>890.2</ele>
    <time>2026-09-09T16:37:47Z</time>
    <extensions>
     <power>321</power>
     <gpxtpx:TrackPointExtension>
      <gpxtpx:hr>192</gpxtpx:hr>
      <gpxtpx:cad>84</gpxtpx:cad>
     </gpxtpx:TrackPointExtension>
    </extensions>
   </trkpt>
   <trkpt lat="12.9829490" lon="77.6911250">
    <ele>890.2</ele>
    <time>2026-09-09T16:37:48Z</time>
    <extensions>
     <power>325</power>
     <gpxtpx:TrackPointExtension>
      <gpxtpx:hr>192</gpxtpx:hr>
      <gpxtpx:cad>84</gpxtpx:cad>
     </gpxtpx:TrackPointExtension>
    </extensions>
   </trkpt>
   <trkpt lat="12.9829770" lon="77.6911360">
    <ele>890.2</ele>
    <time>2026-09-09T16:37:49Z</time>
    <extensions>
     <power>326</power>
     <gpxtpx:TrackPointExtension>
      <gpxtpx:hr>193</gpxtpx:hr>
      <gpxtpx:cad>84</gpxtpx:cad>
     </gpxtpx:TrackPointExtension>
    </extensions>
   </trkpt>
   <trkpt lat="12.9830040" lon="77.6911460">
    <ele>890.2</ele>
    <time>2026-09-09T16:37:50Z</time>
    <extensions>
     <power>326</power>
     <gpxtpx:TrackPointExtension>
      <gpxtpx:hr>192</gpxtpx:hr>
      <gpxtpx:cad>83</gpxtpx:cad>
     </gpxtpx:TrackPointExtension>
    </extensions>
   </trkpt>
   <trkpt lat="12.9830320" lon="77.6911550">
    <ele>890.2</ele>
    <time>2026-09-09T16:37:51Z</time>
    <extensions>
     <power>326</power>
     <gpxtpx:TrackPointExtension>
      <gpxtpx:hr>192</gpxtpx:hr>
      <gpxtpx:cad>83</gpxtpx:cad>
     </gpxtpx:TrackPointExtension>
    </extensions>
   </trkpt>
   <trkpt lat="12.9830590" lon="77.6911640">
    <ele>890.2</ele>
    <time>2026-09-09T16:37:52Z</time>
    <extensions>
     <power>326</power>
     <gpxtpx:TrackPointExtension>
      <gpxtpx:hr>192</gpxtpx:hr>
      <gpxtpx:cad>84</gpxtpx:cad>
     </gpxtpx:TrackPointExtension>
    </extensions>
   </trkpt>
   <trkpt lat="12.9830870" lon="77.6911720">
    <ele>890.2</ele>
    <time>2026-09-09T16:37:53Z</time>
    <extensions>
     <power>334</power>
     <gpxtpx:TrackPointExtension>
      <gpxtpx:hr>192</gpxtpx:hr>
      <gpxtpx:cad>84</gpxtpx:cad>
     </gpxtpx:TrackPointExtension>
    </extensions>
   </trkpt>
   <trkpt lat="12.9831150" lon="77.6911810">
    <ele>890.2</ele>
    <time>2026-09-09T16:37:54Z</time>
    <extensions>
     <power>342</power>
     <gpxtpx:TrackPointExtension>
      <gpxtpx:hr>193</gpxtpx:hr>
      <gpxtpx:cad>85</gpxtpx:cad>
     </gpxtpx:TrackPointExtension>
    </extensions>
   </trkpt>
   <trkpt lat="12.9831430" lon="77.6911900">
    <ele>890.2</ele>
    <time>2026-09-09T16:37:55Z</time>
    <extensions>
     <power>340</power>
     <gpxtpx:TrackPointExtension>
      <gpxtpx:hr>193</gpxtpx:hr>
      <gpxtpx:cad>86</gpxtpx:cad>
     </gpxtpx:TrackPointExtension>
    </extensions>
   </trkpt>
   <trkpt lat="12.9831710" lon="77.6911980">
    <ele>890.2</ele>
    <time>2026-09-09T16:37:56Z</time>
    <extensions>
     <power>338</power>
     <gpxtpx:TrackPointExtension>
      <gpxtpx:hr>192</gpxtpx:hr>
      <gpxtpx:cad>86</gpxtpx:cad>
     </gpxtpx:TrackPointExtension>
    </extensions>
   </trkpt>
   <trkpt lat="12.9831990" lon="77.6912070">
    <ele>890.2</ele>
    <time>2026-09-09T16:37:57Z</time>
    <extensions>
     <power>338</power>
     <gpxtpx:TrackPointExtension>
      <gpxtpx:hr>192</gpxtpx:hr>
      <gpxtpx:cad>86</gpxtpx:cad>
     </gpxtpx:TrackPointExtension>
    </extensions>
   </trkpt>
   <trkpt lat="12.9832260" lon="77.6912140">
    <ele>890.2</ele>
    <time>2026-09-09T16:37:58Z</time>
    <extensions>
     <power>331</power>
     <gpxtpx:TrackPointExtension>
      <gpxtpx:hr>192</gpxtpx:hr>
      <gpxtpx:cad>85</gpxtpx:cad>
     </gpxtpx:TrackPointExtension>
    </extensions>
   </trkpt>
   <trkpt lat="12.9832540" lon="77.6912220">
    <ele>890.2</ele>
    <time>2026-09-09T16:37:59Z</time>
    <extensions>
     <power>342</power>
     <gpxtpx:TrackPointExtension>
      <gpxtpx:hr>192</gpxtpx:hr>
      <gpxtpx:cad>85</gpxtpx:cad>
     </gpxtpx:TrackPointExtension>
    </extensions>
   </trkpt>
   <trkpt lat="12.9832810" lon="77.6912300">
    <ele>890.2</ele>
    <time>2026-09-09T16:38:00Z</time>
    <extensions>
     <power>347</power>
     <gpxtpx:TrackPointExtension>
      <gpxtpx:hr>192</gpxtpx:hr>
      <gpxtpx:cad>85</gpxtpx:cad>
     </gpxtpx:TrackPointExtension>
    </extensions>
   </trkpt>
   <trkpt lat="12.9833060" lon="77.6912370">
    <ele>890.2</ele>
    <time>2026-09-09T16:38:01Z</time>
    <extensions>
     <power>348</power>
     <gpxtpx:TrackPointExtension>
      <gpxtpx:hr>192</gpxtpx:hr>
      <gpxtpx:cad>85</gpxtpx:cad>
     </gpxtpx:TrackPointExtension>
    </extensions>
   </trkpt>
   <trkpt lat="12.9833330" lon="77.6912450">
    <ele>890.2</ele>
    <time>2026-09-09T16:38:02Z</time>
    <extensions>
     <power>350</power>
     <gpxtpx:TrackPointExtension>
      <gpxtpx:hr>191</gpxtpx:hr>
      <gpxtpx:cad>84</gpxtpx:cad>
     </gpxtpx:TrackPointExtension>
    </extensions>
   </trkpt>
   <trkpt lat="12.9833580" lon="77.6912530">
    <ele>890.2</ele>
    <time>2026-09-09T16:38:03Z</time>
    <extensions>
     <power>350</power>
     <gpxtpx:TrackPointExtension>
      <gpxtpx:hr>191</gpxtpx:hr>
      <gpxtpx:cad>84</gpxtpx:cad>
     </gpxtpx:TrackPointExtension>
    </extensions>
   </trkpt>
   <trkpt lat="12.9833840" lon="77.6912610">
    <ele>890.2</ele>
    <time>2026-09-09T16:38:04Z</time>
    <extensions>
     <power>350</power>
     <gpxtpx:TrackPointExtension>
      <gpxtpx:hr>191</gpxtpx:hr>
      <gpxtpx:cad>84</gpxtpx:cad>
     </gpxtpx:TrackPointExtension>
    </extensions>
   </trkpt>
   <trkpt lat="12.9834100" lon="77.6912700">
    <ele>890.2</ele>
    <time>2026-09-09T16:38:05Z</time>
    <extensions>
     <power>350</power>
     <gpxtpx:TrackPointExtension>
      <gpxtpx:hr>191</gpxtpx:hr>
      <gpxtpx:cad>84</gpxtpx:cad>
     </gpxtpx:TrackPointExtension>
    </extensions>
   </trkpt>
   <trkpt lat="12.9834360" lon="77.6912790">
    <ele>890.2</ele>
    <time>2026-09-09T16:38:06Z</time>
    <extensions>
     <power>350</power>
     <gpxtpx:TrackPointExtension>
      <gpxtpx:hr>193</gpxtpx:hr>
      <gpxtpx:cad>84</gpxtpx:cad>
     </gpxtpx:TrackPointExtension>
    </extensions>
   </trkpt>
   <trkpt lat="12.9834620" lon="77.6912880">
    <ele>890.2</ele>
    <time>2026-09-09T16:38:07Z</time>
    <extensions>
     <power>346</power>
     <gpxtpx:TrackPointExtension>
      <gpxtpx:hr>193</gpxtpx:hr>
      <gpxtpx:cad>83</gpxtpx:cad>
     </gpxtpx:TrackPointExtension>
    </extensions>
   </trkpt>
   <trkpt lat="12.9834880" lon="77.6912990">
    <ele>890.2</ele>
    <time>2026-09-09T16:38:08Z</time>
    <extensions>
     <power>345</power>
     <gpxtpx:TrackPointExtension>
      <gpxtpx:hr>193</gpxtpx:hr>
      <gpxtpx:cad>83</gpxtpx:cad>
     </gpxtpx:TrackPointExtension>
    </extensions>
   </trkpt>
   <trkpt lat="12.9835140" lon="77.6913110">
    <ele>890.2</ele>
    <time>2026-09-09T16:38:09Z</time>
    <extensions>
     <power>345</power>
     <gpxtpx:TrackPointExtension>
      <gpxtpx:hr>193</gpxtpx:hr>
      <gpxtpx:cad>83</gpxtpx:cad>
     </gpxtpx:TrackPointExtension>
    </extensions>
   </trkpt>
   <trkpt lat="12.9835410" lon="77.6913250">
    <ele>890.2</ele>
    <time>2026-09-09T16:38:10Z</time>
    <extensions>
     <power>345</power>
     <gpxtpx:TrackPointExtension>
      <gpxtpx:hr>193</gpxtpx:hr>
      <gpxtpx:cad>83</gpxtpx:cad>
     </gpxtpx:TrackPointExtension>
    </extensions>
   </trkpt>
   <trkpt lat="12.9835640" lon="77.6913380">
    <ele>890.2</ele>
    <time>2026-09-09T16:38:11Z</time>
    <extensions>
     <power>354</power>
     <gpxtpx:TrackPointExtension>
      <gpxtpx:hr>193</gpxtpx:hr>
      <gpxtpx:cad>83</gpxtpx:cad>
     </gpxtpx:TrackPointExtension>
    </extensions>
   </trkpt>
   <trkpt lat="12.9835860" lon="77.6913550">
    <ele>890.2</ele>
    <time>2026-09-09T16:38:12Z</time>
    <extensions>
     <power>349</power>
     <gpxtpx:TrackPointExtension>
      <gpxtpx:hr>194</gpxtpx:hr>
      <gpxtpx:cad>84</gpxtpx:cad>
     </gpxtpx:TrackPointExtension>
    </extensions>
   </trkpt>
   <trkpt lat="12.9836050" lon="77.6913790">
    <ele>890.2</ele>
    <time>2026-09-09T16:38:13Z</time>
    <extensions>
     <power>349</power>
     <gpxtpx:TrackPointExtension>
      <gpxtpx:hr>194</gpxtpx:hr>
      <gpxtpx:cad>84</gpxtpx:cad>
     </gpxtpx:TrackPointExtension>
    </extensions>
   </trkpt>
   <trkpt lat="12.9836150" lon="77.6914040">
    <ele>890.2</ele>
    <time>2026-09-09T16:38:14Z</time>
    <extensions>
     <power>348</power>
     <gpxtpx:TrackPointExtension>
      <gpxtpx:hr>194</gpxtpx:hr>
      <gpxtpx:cad>84</gpxtpx:cad>
     </gpxtpx:TrackPointExtension>
    </extensions>
   </trkpt>
   <trkpt lat="12.9836200" lon="77.6914310">
    <ele>890.2</ele>
    <time>2026-09-09T16:38:15Z</time>
    <extensions>
     <power>347</power>
     <gpxtpx:TrackPointExtension>
      <gpxtpx:hr>194</gpxtpx:hr>
      <gpxtpx:cad>83</gpxtpx:cad>
     </gpxtpx:TrackPointExtension>
    </extensions>
   </trkpt>
   <trkpt lat="12.9836200" lon="77.6914590">
    <ele>890.2</ele>
    <time>2026-09-09T16:38:16Z</time>
    <extensions>
     <power>350</power>
     <gpxtpx:TrackPointExtension>
      <gpxtpx:hr>194</gpxtpx:hr>
      <gpxtpx:cad>83</gpxtpx:cad>
     </gpxtpx:TrackPointExtension>
    </extensions>
   </trkpt>
   <trkpt lat="12.9836180" lon="77.6914840">
    <ele>890.2</ele>
    <time>2026-09-09T16:38:17Z</time>
    <extensions>
     <power>339</power>
     <gpxtpx:TrackPointExtension>
      <gpxtpx:hr>193</gpxtpx:hr>
      <gpxtpx:cad>83</gpxtpx:cad>
     </gpxtpx:TrackPointExtension>
    </extensions>
   </trkpt>
   <trkpt lat="12.9836140" lon="77.6915080">
    <ele>890.2</ele>
    <time>2026-09-09T16:38:18Z</time>
    <extensions>
     <power>339</power>
     <gpxtpx:TrackPointExtension>
      <gpxtpx:hr>193</gpxtpx:hr>
      <gpxtpx:cad>83</gpxtpx:cad>
     </gpxtpx:TrackPointExtension>
    </extensions>
   </trkpt>
   <trkpt lat="12.9836090" lon="77.6915330">
    <ele>890.2</ele>
    <time>2026-09-09T16:38:19Z</time>
    <extensions>
     <power>340</power>
     <gpxtpx:TrackPointExtension>
      <gpxtpx:hr>193</gpxtpx:hr>
      <gpxtpx:cad>83</gpxtpx:cad>
     </gpxtpx:TrackPointExtension>
    </extensions>
   </trkpt>
   <trkpt lat="12.9836030" lon="77.6915560">
    <ele>890.2</ele>
    <time>2026-09-09T16:38:20Z</time>
    <extensions>
     <power>349</power>
     <gpxtpx:TrackPointExtension>
      <gpxtpx:hr>193</gpxtpx:hr>
      <gpxtpx:cad>83</gpxtpx:cad>
     </gpxtpx:TrackPointExtension>
    </extensions>
   </trkpt>
   <trkpt lat="12.9835970" lon="77.6915790">
    <ele>890.2</ele>
    <time>2026-09-09T16:38:21Z</time>
    <extensions>
     <power>334</power>
     <gpxtpx:TrackPointExtension>
      <gpxtpx:hr>194</gpxtpx:hr>
      <gpxtpx:cad>83</gpxtpx:cad>
     </gpxtpx:TrackPointExtension>
    </extensions>
   </trkpt>
   <trkpt lat="12.9835890" lon="77.6916040">
    <ele>890.2</ele>
    <time>2026-09-09T16:38:22Z</time>
    <extensions>
     <power>331</power>
     <gpxtpx:TrackPointExtension>
      <gpxtpx:hr>194</gpxtpx:hr>
      <gpxtpx:cad>84</gpxtpx:cad>
     </gpxtpx:TrackPointExtension>
    </extensions>
   </trkpt>
   <trkpt lat="12.9835790" lon="77.6916290">
    <ele>890.2</ele>
    <time>2026-09-09T16:38:23Z</time>
    <extensions>
     <power>334</power>
     <gpxtpx:TrackPointExtension>
      <gpxtpx:hr>194</gpxtpx:hr>
      <gpxtpx:cad>84</gpxtpx:cad>
     </gpxtpx:TrackPointExtension>
    </extensions>
   </trkpt>
   <trkpt lat="12.9835690" lon="77.6916560">
    <ele>890.2</ele>
    <time>2026-09-09T16:38:24Z</time>
    <extensions>
     <power>345</power>
     <gpxtpx:TrackPointExtension>
      <gpxtpx:hr>194</gpxtpx:hr>
      <gpxtpx:cad>84</gpxtpx:cad>
     </gpxtpx:TrackPointExtension>
    </extensions>
   </trkpt>
   <trkpt lat="12.9835600" lon="77.6916840">
    <ele>890.2</ele>
    <time>2026-09-09T16:38:25Z</time>
    <extensions>
     <power>337</power>
     <gpxtpx:TrackPointExtension>
      <gpxtpx:hr>193</gpxtpx:hr>
      <gpxtpx:cad>84</gpxtpx:cad>
     </gpxtpx:TrackPointExtension>
    </extensions>
   </trkpt>
   <trkpt lat="12.9835480" lon="77.6917160">
    <ele>890.2</ele>
    <time>2026-09-09T16:38:26Z</time>
    <extensions>
     <power>334</power>
     <gpxtpx:TrackPointExtension>
      <gpxtpx:hr>193</gpxtpx:hr>
      <gpxtpx:cad>84</gpxtpx:cad>
     </gpxtpx:TrackPointExtension>
    </extensions>
   </trkpt>
   <trkpt lat="12.9835380" lon="77.6917400">
    <ele>890.2</ele>
    <time>2026-09-09T16:38:27Z</time>
    <extensions>
     <power>363</power>
     <gpxtpx:TrackPointExtension>
      <gpxtpx:hr>193</gpxtpx:hr>
      <gpxtpx:cad>84</gpxtpx:cad>
     </gpxtpx:TrackPointExtension>
    </extensions>
   </trkpt>
   <trkpt lat="12.9835240" lon="77.6917670">
    <ele>890.2</ele>
    <time>2026-09-09T16:38:28Z</time>
    <extensions>
     <power>369</power>
     <gpxtpx:TrackPointExtension>
      <gpxtpx:hr>193</gpxtpx:hr>
      <gpxtpx:cad>84</gpxtpx:cad>
     </gpxtpx:TrackPointExtension>
    </extensions>
   </trkpt>
   <trkpt lat="12.9835060" lon="77.6917920">
    <ele>890.2</ele>
    <time>2026-09-09T16:38:29Z</time>
    <extensions>
     <power>376</power>
     <gpxtpx:TrackPointExtension>
      <gpxtpx:hr>193</gpxtpx:hr>
      <gpxtpx:cad>84</gpxtpx:cad>
     </gpxtpx:TrackPointExtension>
    </extensions>
   </trkpt>
   <trkpt lat="12.9834850" lon="77.6918130">
    <ele>890.0</ele>
    <time>2026-09-09T16:38:30Z</time>
    <extensions>
     <power>383</power>
     <gpxtpx:TrackPointExtension>
      <gpxtpx:hr>193</gpxtpx:hr>
      <gpxtpx:cad>84</gpxtpx:cad>
     </gpxtpx:TrackPointExtension>
    </extensions>
   </trkpt>
   <trkpt lat="12.9834630" lon="77.6918290">
    <ele>890.0</ele>
    <time>2026-09-09T16:38:31Z</time>
    <extensions>
     <power>392</power>
     <gpxtpx:TrackPointExtension>
      <gpxtpx:hr>193</gpxtpx:hr>
      <gpxtpx:cad>84</gpxtpx:cad>
     </gpxtpx:TrackPointExtension>
    </extensions>
   </trkpt>
   <trkpt lat="12.9834400" lon="77.6918390">
    <ele>890.0</ele>
    <time>2026-09-09T16:38:32Z</time>
    <extensions>
     <power>371</power>
     <gpxtpx:TrackPointExtension>
      <gpxtpx:hr>193</gpxtpx:hr>
      <gpxtpx:cad>84</gpxtpx:cad>
     </gpxtpx:TrackPointExtension>
    </extensions>
   </trkpt>
   <trkpt lat="12.9834160" lon="77.6918450">
    <ele>890.0</ele>
    <time>2026-09-09T16:38:33Z</time>
    <extensions>
     <power>380</power>
     <gpxtpx:TrackPointExtension>
      <gpxtpx:hr>193</gpxtpx:hr>
      <gpxtpx:cad>84</gpxtpx:cad>
     </gpxtpx:TrackPointExtension>
    </extensions>
   </trkpt>
   <trkpt lat="12.9833920" lon="77.6918490">
    <ele>890.0</ele>
    <time>2026-09-09T16:38:34Z</time>
    <extensions>
     <power>385</power>
     <gpxtpx:TrackPointExtension>
      <gpxtpx:hr>193</gpxtpx:hr>
      <gpxtpx:cad>83</gpxtpx:cad>
     </gpxtpx:TrackPointExtension>
    </extensions>
   </trkpt>
   <trkpt lat="12.9833680" lon="77.6918520">
    <ele>890.0</ele>
    <time>2026-09-09T16:38:35Z</time>
    <extensions>
     <power>383</power>
     <gpxtpx:TrackPointExtension>
      <gpxtpx:hr>193</gpxtpx:hr>
      <gpxtpx:cad>83</gpxtpx:cad>
     </gpxtpx:TrackPointExtension>
    </extensions>
   </trkpt>
   <trkpt lat="12.9833450" lon="77.6918550">
    <ele>890.0</ele>
    <time>2026-09-09T16:38:36Z</time>
    <extensions>
     <power>382</power>
     <gpxtpx:TrackPointExtension>
      <gpxtpx:hr>194</gpxtpx:hr>
      <gpxtpx:cad>83</gpxtpx:cad>
     </gpxtpx:TrackPointExtension>
    </extensions>
   </trkpt>
   <trkpt lat="12.9833200" lon="77.6918590">
    <ele>890.0</ele>
    <time>2026-09-09T16:38:37Z</time>
    <extensions>
     <power>383</power>
     <gpxtpx:TrackPointExtension>
      <gpxtpx:hr>194</gpxtpx:hr>
      <gpxtpx:cad>82</gpxtpx:cad>
     </gpxtpx:TrackPointExtension>
    </extensions>
   </trkpt>
  </trkseg>
 </trk>
</gpx>
