<?xml version='1.0' encoding='UTF-8' standalone='yes' ?>
<gpx xsi:schemaLocation="http://www.topografix.com/GPX/1/1 http://www.topografix.com/GPX/1/1/gpx.xsd" xmlns="http://www.topografix.com/GPX/1/1" xmlns:xsi="http://www.w3.org/2001/XMLSchema-instance" xmlns:ns3="http://www.garmin.com/xmlschemas/TrackPointExtension/v1" xmlns:ns2="http://www.garmin.com/xmlschemas/GpxExtensions/v3" xmlns:ns1="http://www.cluetrust.com/XML/GPXDATA/1/0" creator="Amazfit T-Rex 3 Pro (48mm)" version="1.1">
	<trk>
		<name><![CDATA[20260728 Outdoor running]]></name>
		<trkseg>
			<trkpt lat="12.981993" lon="77.69078899">
				<ele>893.63</ele>
				<time>2026-07-28T15:39:18Z</time>
				<extensions>
					<ns3:TrackPointExtension>
						<ns3:speed>0.0</ns3:speed>
						<ns3:cad>0.0</ns3:cad>
						<ns3:hr>92</ns3:hr>
					</ns3:TrackPointExtension>
				</extensions>
			</trkpt>
			<trkpt lat="12.98199566" lon="77.69078866">
				<ele>893.63</ele>
				<time>2026-07-28T15:39:18Z</time>
				<extensions>
					<ns3:TrackPointExtension>
						<ns3:speed>0.0</ns3:speed>
						<ns3:cad>0.0</ns3:cad>
						<ns3:hr>92</ns3:hr>
					</ns3:TrackPointExtension>
				</extensions>
			</trkpt>
			<trkpt lat="12.98199799" lon="77.690787">
				<ele>893.62</ele>
				<time>2026-07-28T15:39:19Z</time>
				<extensions>
					<ns3:TrackPointExtension>
						<ns3:speed>0.0</ns3:speed>
						<ns3:cad>0.0</ns3:cad>
					</ns3:TrackPointExtension>
				</extensions>
			</trkpt>
			<trkpt lat="12.98200332" lon="77.69078634">
				<ele>893.61</ele>
				<time>2026-07-28T15:39:20Z</time>
				<extensions>
					<ns3:TrackPointExtension>
						<ns3:speed>0.0</ns3:speed>
						<ns3:cad>0.0</ns3:cad>
					</ns3:TrackPointExtension>
				</extensions>
			</trkpt>
			<trkpt lat="12.98200732" lon="77.69078035">
				<ele>893.6</ele>
				<time>2026-07-28T15:39:21Z</time>
				<extensions>
					<ns3:TrackPointExtension>
						<ns3:speed>0.0</ns3:speed>
						<ns3:cad>0.0</ns3:cad>
						<ns3:hr>95</ns3:hr>
					</ns3:TrackPointExtension>
				</extensions>
			</trkpt>
			<trkpt lat="12.98201398" lon="77.69077202">
				<ele>893.59</ele>
				<time>2026-07-28T15:39:22Z</time>
				<extensions>
					<ns3:TrackPointExtension>
						<ns3:speed>0.0</ns3:speed>
						<ns3:cad>0.0</ns3:cad>
					</ns3:TrackPointExtension>
				</extensions>
			</trkpt>
			<trkpt lat="12.98202231" lon="77.69076203">
				<ele>893.58</ele>
				<time>2026-07-28T15:39:23Z</time>
				<extensions>
					<ns3:TrackPointExtension>
						<ns3:speed>0.0</ns3:speed>
						<ns3:cad>0.0</ns3:cad>
						<ns3:hr>96</ns3:hr>
					</ns3:TrackPointExtension>
				</extensions>
			</trkpt>
			<trkpt lat="12.98203064" lon="77.69074903">
				<ele>893.57</ele>
				<time>2026-07-28T15:39:24Z</time>
				<extensions>
					<ns3:TrackPointExtension>
						<ns3:speed>0.0</ns3:speed>
						<ns3:cad>0.0</ns3:cad>
						<ns3:hr>96</ns3:hr>
					</ns3:TrackPointExtension>
				</extensions>
			</trkpt>
			<trkpt lat="12.98203897" lon="77.6907347">
				<ele>893.55</ele>
				<time>2026-07-28T15:39:25Z</time>
				<extensions>
					<ns3:TrackPointExtension>
						<ns3:speed>0.0</ns3:speed>
						<ns3:cad>0.0</ns3:cad>
						<ns3:hr>101</ns3:hr>
					</ns3:TrackPointExtension>
				</extensions>
			</trkpt>
			<trkpt lat="12.98209563" lon="77.69048071">
				<ele>893.75</ele>
				<time>2026-07-28T15:39:47Z</time>
				<extensions>
					<ns3:TrackPointExtension>
						<ns3:speed>1.1</ns3:speed>
						<ns3:cad>47.0</ns3:cad>
						<ns3:hr>102</ns3:hr>
					</ns3:TrackPointExtension>
				</extensions>
			</trkpt>
			<trkpt lat="12.98209929" lon="77.69047171">
				<ele>893.74</ele>
				<time>2026-07-28T15:39:48Z</time>
				<extensions>
					<ns3:TrackPointExtension>
						<ns3:speed>1.09</ns3:speed>
						<ns3:cad>47.0</ns3:cad>
						<ns3:hr>102</ns3:hr>
					</ns3:TrackPointExtension>
				</extensions>
			</trkpt>
			<trkpt lat="12.98210362" lon="77.69046171">
				<ele>893.73</ele>
				<time>2026-07-28T15:39:49Z</time>
				<extensions>
					<ns3:TrackPointExtension>
						<ns3:speed>1.07</ns3:speed>
						<ns3:cad>46.0</ns3:cad>
						<ns3:hr>102</ns3:hr>
					</ns3:TrackPointExtension>
				</extensions>
			</trkpt>
			<trkpt lat="12.98210861" lon="77.69044905">
				<ele>893.74</ele>
				<time>2026-07-28T15:39:50Z</time>
				<extensions>
					<ns3:TrackPointExtension>
						<ns3:speed>1.06</ns3:speed>
						<ns3:cad>46.0</ns3:cad>
						<ns3:hr>102</ns3:hr>
					</ns3:TrackPointExtension>
				</extensions>
			</trkpt>
			<trkpt lat="12.98211694" lon="77.69043539">
				<ele>893.75</ele>
				<time>2026-07-28T15:39:51Z</time>
				<extensions>
					<ns3:TrackPointExtension>
						<ns3:speed>1.06</ns3:speed>
						<ns3:cad>46.0</ns3:cad>
						<ns3:hr>102</ns3:hr>
					</ns3:TrackPointExtension>
				</extensions>
			</trkpt>
			<trkpt lat="12.9821256" lon="77.69041973">
				<ele>893.78</ele>
				<time>2026-07-28T15:39:52Z</time>
				<extensions>
					<ns3:TrackPointExtension>
						<ns3:speed>1.07</ns3:speed>
						<ns3:cad>72.0</ns3:cad>
						<ns3:hr>101</ns3:hr>
					</ns3:TrackPointExtension>
				</extensions>
			</trkpt>
			<trkpt lat="12.98213726" lon="77.69040573">
				<ele>893.8</ele>
				<time>2026-07-28T15:39:53Z</time>
				<extensions>
					<ns3:TrackPointExtension>
						<ns3:speed>1.09</ns3:speed>
						<ns3:cad>76.0</ns3:cad>
						<ns3:hr>102</ns3:hr>
					</ns3:TrackPointExtension>
				</extensions>
			</trkpt>
			<trkpt lat="12.98215025" lon="77.6903934">
				<ele>893.82</ele>
				<time>2026-07-28T15:39:54Z</time>
				<extensions>
					<ns3:TrackPointExtension>
						<ns3:speed>1.51</ns3:speed>
						<ns3:cad>77.0</ns3:cad>
						<ns3:hr>103</ns3:hr>
					</ns3:TrackPointExtension>
				</extensions>
			</trkpt>
			<trkpt lat="12.98216391" lon="77.69038307">
				<ele>893.84</ele>
				<time>2026-07-28T15:39:55Z</time>
				<extensions>
					<ns3:TrackPointExtension>
						<ns3:speed>1.62</ns3:speed>
						<ns3:cad>78.0</ns3:cad>
						<ns3:hr>104</ns3:hr>
					</ns3:TrackPointExtension>
				</extensions>
			</trkpt>
			<trkpt lat="12.98217891" lon="77.69037641">
				<ele>893.87</ele>
				<time>2026-07-28T15:39:56Z</time>
				<extensions>
					<ns3:TrackPointExtension>
						<ns3:speed>1.73</ns3:speed>
						<ns3:cad>78.0</ns3:cad>
						<ns3:hr>105</ns3:hr>
					</ns3:TrackPointExtension>
				</extensions>
			</trkpt>
			<trkpt lat="12.9821959" lon="77.69037241">
				<ele>893.91</ele>
				<time>2026-07-28T15:39:57Z</time>
				<extensions>
					<ns3:TrackPointExtension>
						<ns3:speed>1.83</ns3:speed>
						<ns3:cad>79.0</ns3:cad>
						<ns3:hr>107</ns3:hr>
					</ns3:TrackPointExtension>
				</extensions>
			</trkpt>
			<trkpt lat="12.98221289" lon="77.69037075">
				<ele>893.93</ele>
				<time>2026-07-28T15:39:58Z</time>
				<extensions>
					<ns3:TrackPointExtension>
						<ns3:speed>1.89</ns3:speed>
						<ns3:cad>79.0</ns3:cad>
						<ns3:hr>109</ns3:hr>
					</ns3:TrackPointExtension>
				</extensions>
			</trkpt>
			<trkpt lat="12.98223022" lon="77.69037108">
				<ele>893.96</ele>
				<time>2026-07-28T15:39:59Z</time>
				<extensions>
					<ns3:TrackPointExtension>
						<ns3:speed>1.9</ns3:speed>
						<ns3:cad>80.0</ns3:cad>
						<ns3:hr>110</ns3:hr>
					</ns3:TrackPointExtension>
				</extensions>
			</trkpt>
			<trkpt lat="12.98224721" lon="77.69037274">
				<ele>893.99</ele>
				<time>2026-07-28T15:40:00Z</time>
				<extensions>
					<ns3:TrackPointExtension>
						<ns3:speed>1.9</ns3:speed>
						<ns3:cad>80.0</ns3:cad>
						<ns3:hr>111</ns3:hr>
					</ns3:TrackPointExtension>
				</extensions>
			</trkpt>
			<trkpt lat="12.98226554" lon="77.6903754">
				<ele>894.03</ele>
				<time>2026-07-28T15:40:01Z</time>
				<extensions>
					<ns3:TrackPointExtension>
						<ns3:speed>1.89</ns3:speed>
						<ns3:cad>81.0</ns3:cad>
						<ns3:hr>112</ns3:hr>
					</ns3:TrackPointExtension>
				</extensions>
			</trkpt>
			<trkpt lat="12.9822832" lon="77.69038006">
				<ele>894.06</ele>
				<time>2026-07-28T15:40:02Z</time>
				<extensions>
					<ns3:TrackPointExtension>
						<ns3:speed>1.89</ns3:speed>
						<ns3:cad>81.0</ns3:cad>
						<ns3:hr>114</ns3:hr>
					</ns3:TrackPointExtension>
				</extensions>
			</trkpt>
			<trkpt lat="12.98230053" lon="77.69038472">
				<ele>894.09</ele>
				<time>2026-07-28T15:40:03Z</time>
				<extensions>
					<ns3:TrackPointExtension>
						<ns3:speed>1.89</ns3:speed>
						<ns3:cad>81.0</ns3:cad>
						<ns3:hr>116</ns3:hr>
					</ns3:TrackPointExtension>
				</extensions>
			</trkpt>
			<trkpt lat="12.98231719" lon="77.69039071">
				<ele>894.12</ele>
				<time>2026-07-28T15:40:04Z</time>
				<extensions>
					<ns3:TrackPointExtension>
						<ns3:speed>1.87</ns3:speed>
						<ns3:cad>81.0</ns3:cad>
						<ns3:hr>117</ns3:hr>
					</ns3:TrackPointExtension>
				</extensions>
			</trkpt>
			<trkpt lat="12.98233285" lon="77.69039837">
				<ele>894.14</ele>
				<time>2026-07-28T15:40:05Z</time>
				<extensions>
					<ns3:TrackPointExtension>
						<ns3:speed>1.86</ns3:speed>
						<ns3:cad>81.0</ns3:cad>
						<ns3:hr>117</ns3:hr>
					</ns3:TrackPointExtension>
				</extensions>
			</trkpt>
			<trkpt lat="12.98234685" lon="77.6904077">
				<ele>894.15</ele>
				<time>2026-07-28T15:40:06Z</time>
				<extensions>
					<ns3:TrackPointExtension>
						<ns3:speed>1.86</ns3:speed>
						<ns3:cad>80.0</ns3:cad>
						<ns3:hr>118</ns3:hr>
					</ns3:TrackPointExtension>
				</extensions>
			</trkpt>
			<trkpt lat="12.98235884" lon="77.69041903">
				<ele>894.16</ele>
				<time>2026-07-28T15:40:07Z</time>
				<extensions>
					<ns3:TrackPointExtension>
						<ns3:speed>1.86</ns3:speed>
						<ns3:cad>80.0</ns3:cad>
						<ns3:hr>119</ns3:hr>
					</ns3:TrackPointExtension>
				</extensions>
			</trkpt>
			<trkpt lat="12.9823685" lon="77.69043269">
				<ele>894.15</ele>
				<time>2026-07-28T15:40:08Z</time>
				<extensions>
					<ns3:TrackPointExtension>
						<ns3:speed>1.85</ns3:speed>
						<ns3:cad>80.0</ns3:cad>
						<ns3:hr>119</ns3:hr>
					</ns3:TrackPointExtension>
				</extensions>
			</trkpt>
			<trkpt lat="12.9823755" lon="77.69044735">
				<ele>894.15</ele>
				<time>2026-07-28T15:40:09Z</time>
				<extensions>
					<ns3:TrackPointExtension>
						<ns3:speed>1.85</ns3:speed>
						<ns3:cad>80.0</ns3:cad>
						<ns3:hr>120</ns3:hr>
					</ns3:TrackPointExtension>
				</extensions>
			</trkpt>
			<trkpt lat="12.98237916" lon="77.69046368">
				<ele>894.15</ele>
				<time>2026-07-28T15:40:10Z</time>
				<extensions>
					<ns3:TrackPointExtension>
						<ns3:speed>1.85</ns3:speed>
						<ns3:cad>81.0</ns3:cad>
						<ns3:hr>120</ns3:hr>
					</ns3:TrackPointExtension>
				</extensions>
			</trkpt>
			<trkpt lat="12.98238015" lon="77.69047934">
				<ele>894.15</ele>
				<time>2026-07-28T15:40:11Z</time>
				<extensions>
					<ns3:TrackPointExtension>
						<ns3:speed>1.84</ns3:speed>
						<ns3:cad>81.0</ns3:cad>
						<ns3:hr>121</ns3:hr>
					</ns3:TrackPointExtension>
				</extensions>
			</trkpt>
			<trkpt lat="12.98237916" lon="77.690495">
				<ele>894.14</ele>
				<time>2026-07-28T15:40:12Z</time>
				<extensions>
					<ns3:TrackPointExtension>
						<ns3:speed>1.84</ns3:speed>
						<ns3:cad>81.0</ns3:cad>
						<ns3:hr>122</ns3:hr>
					</ns3:TrackPointExtension>
				</extensions>
			</trkpt>
			<trkpt lat="12.9823775" lon="77.690511">
				<ele>894.13</ele>
				<time>2026-07-28T15:40:13Z</time>
				<extensions>
					<ns3:TrackPointExtension>
						<ns3:speed>1.84</ns3:speed>
						<ns3:cad>81.0</ns3:cad>
						<ns3:hr>123</ns3:hr>
					</ns3:TrackPointExtension>
				</extensions>
			</trkpt>
			<trkpt lat="12.98237417" lon="77.69052766">
				<ele>894.13</ele>
				<time>2026-07-28T15:40:14Z</time>
				<extensions>
					<ns3:TrackPointExtension>
						<ns3:speed>1.84</ns3:speed>
						<ns3:cad>81.0</ns3:cad>
						<ns3:hr>123</ns3:hr>
					</ns3:TrackPointExtension>
				</extensions>
			</trkpt>
			<trkpt lat="12.98236984" lon="77.69054432">
				<ele>894.12</ele>
				<time>2026-07-28T15:40:15Z</time>
				<extensions>
					<ns3:TrackPointExtension>
						<ns3:speed>1.83</ns3:speed>
						<ns3:cad>81.0</ns3:cad>
						<ns3:hr>123</ns3:hr>
					</ns3:TrackPointExtension>
				</extensions>
			</trkpt>
			<trkpt lat="12.98236518" lon="77.69056065">
				<ele>894.11</ele>
				<time>2026-07-28T15:40:16Z</time>
				<extensions>
					<ns3:TrackPointExtension>
						<ns3:speed>1.83</ns3:speed>
						<ns3:cad>81.0</ns3:cad>
						<ns3:hr>124</ns3:hr>
					</ns3:TrackPointExtension>
				</extensions>
			</trkpt>
			<trkpt lat="12.98236085" lon="77.69057498">
				<ele>894.1</ele>
				<time>2026-07-28T15:40:17Z</time>
				<extensions>
					<ns3:TrackPointExtension>
						<ns3:speed>1.83</ns3:speed>
						<ns3:cad>81.0</ns3:cad>
						<ns3:hr>124</ns3:hr>
					</ns3:TrackPointExtension>
				</extensions>
			</trkpt>
			<trkpt lat="12.98235652" lon="77.69059031">
				<ele>894.09</ele>
				<time>2026-07-28T15:40:18Z</time>
				<extensions>
					<ns3:TrackPointExtension>
						<ns3:speed>1.83</ns3:speed>
						<ns3:cad>81.0</ns3:cad>
						<ns3:hr>125</ns3:hr>
					</ns3:TrackPointExtension>
				</extensions>
			</trkpt>
			<trkpt lat="12.98235253" lon="77.69060531">
				<ele>894.08</ele>
				<time>2026-07-28T15:40:19Z</time>
				<extensions>
					<ns3:TrackPointExtension>
						<ns3:speed>1.83</ns3:speed>
						<ns3:cad>81.0</ns3:cad>
						<ns3:hr>125</ns3:hr>
					</ns3:TrackPointExtension>
				</extensions>
			</trkpt>
			<trkpt lat="12.98234787" lon="77.69062064">
				<ele>894.08</ele>
				<time>2026-07-28T15:40:20Z</time>
				<extensions>
					<ns3:TrackPointExtension>
						<ns3:speed>1.82</ns3:speed>
						<ns3:cad>80.0</ns3:cad>
						<ns3:hr>125</ns3:hr>
					</ns3:TrackPointExtension>
				</extensions>
			</trkpt>
			<trkpt lat="12.98234321" lon="77.69063664">
				<ele>894.07</ele>
				<time>2026-07-28T15:40:21Z</time>
				<extensions>
					<ns3:TrackPointExtension>
						<ns3:speed>1.81</ns3:speed>
						<ns3:cad>79.0</ns3:cad>
						<ns3:hr>126</ns3:hr>
					</ns3:TrackPointExtension>
				</extensions>
			</trkpt>
			<trkpt lat="12.98233722" lon="77.6906553">
				<ele>894.07</ele>
				<time>2026-07-28T15:40:22Z</time>
				<extensions>
					<ns3:TrackPointExtension>
						<ns3:speed>1.81</ns3:speed>
						<ns3:cad>78.0</ns3:cad>
						<ns3:hr>126</ns3:hr>
					</ns3:TrackPointExtension>
				</extensions>
			</trkpt>
			<trkpt lat="12.98233022" lon="77.69067363">
				<ele>894.06</ele>
				<time>2026-07-28T15:40:23Z</time>
				<extensions>
					<ns3:TrackPointExtension>
						<ns3:speed>1.81</ns3:speed>
						<ns3:cad>78.0</ns3:cad>
						<ns3:hr>126</ns3:hr>
					</ns3:TrackPointExtension>
				</extensions>
			</trkpt>
			<trkpt lat="12.98232389" lon="77.69069029">
				<ele>893.82</ele>
				<time>2026-07-28T15:40:24Z</time>
				<extensions>
					<ns3:TrackPointExtension>
						<ns3:speed>1.81</ns3:speed>
						<ns3:cad>78.0</ns3:cad>
						<ns3:hr>126</ns3:hr>
					</ns3:TrackPointExtension>
				</extensions>
			</trkpt>
			<trkpt lat="12.98231756" lon="77.69070795">
				<ele>893.82</ele>
				<time>2026-07-28T15:40:25Z</time>
				<extensions>
					<ns3:TrackPointExtension>
						<ns3:speed>1.81</ns3:speed>
						<ns3:cad>78.0</ns3:cad>
						<ns3:hr>127</ns3:hr>
					</ns3:TrackPointExtension>
				</extensions>
			</trkpt>
			<trkpt lat="12.98231056" lon="77.69072461">
				<ele>893.81</ele>
				<time>2026-07-28T15:40:26Z</time>
				<extensions>
					<ns3:TrackPointExtension>
						<ns3:speed>1.82</ns3:speed>
						<ns3:cad>78.0</ns3:cad>
						<ns3:hr>128</ns3:hr>
					</ns3:TrackPointExtension>
				</extensions>
			</trkpt>
			<trkpt lat="12.98230356" lon="77.69074061">
				<ele>893.81</ele>
				<time>2026-07-28T15:40:27Z</time>
				<extensions>
					<ns3:TrackPointExtension>
						<ns3:speed>1.83</ns3:speed>
						<ns3:cad>78.0</ns3:cad>
						<ns3:hr>129</ns3:hr>
					</ns3:TrackPointExtension>
				</extensions>
			</trkpt>
			<trkpt lat="12.98229656" lon="77.69075627">
				<ele>893.71</ele>
				<time>2026-07-28T15:40:28Z</time>
				<extensions>
					<ns3:TrackPointExtension>
						<ns3:speed>1.82</ns3:speed>
						<ns3:cad>78.0</ns3:cad>
						<ns3:hr>129</ns3:hr>
					</ns3:TrackPointExtension>
				</extensions>
			</trkpt>
			<trkpt lat="12.98228857" lon="77.6907716">
				<ele>893.69</ele>
				<time>2026-07-28T15:40:29Z</time>
				<extensions>
					<ns3:TrackPointExtension>
						<ns3:speed>1.82</ns3:speed>
						<ns3:cad>78.0</ns3:cad>
						<ns3:hr>128</ns3:hr>
					</ns3:TrackPointExtension>
				</extensions>
			</trkpt>
			<trkpt lat="12.98228024" lon="77.69078693">
				<ele>893.68</ele>
				<time>2026-07-28T15:40:30Z</time>
				<extensions>
					<ns3:TrackPointExtension>
						<ns3:speed>1.82</ns3:speed>
						<ns3:cad>79.0</ns3:cad>
						<ns3:hr>128</ns3:hr>
					</ns3:TrackPointExtension>
				</extensions>
			</trkpt>
			<trkpt lat="12.98227391" lon="77.69080126">
				<ele>893.67</ele>
				<time>2026-07-28T15:40:31Z</time>
				<extensions>
					<ns3:TrackPointExtension>
						<ns3:speed>1.82</ns3:speed>
						<ns3:cad>80.0</ns3:cad>
						<ns3:hr>128</ns3:hr>
					</ns3:TrackPointExtension>
				</extensions>
			</trkpt>
			<trkpt lat="12.98227025" lon="77.69081725">
				<ele>893.67</ele>
				<time>2026-07-28T15:40:32Z</time>
				<extensions>
					<ns3:TrackPointExtension>
						<ns3:speed>1.8</ns3:speed>
						<ns3:cad>80.0</ns3:cad>
						<ns3:hr>129</ns3:hr>
					</ns3:TrackPointExtension>
				</extensions>
			</trkpt>
			<trkpt lat="12.98227224" lon="77.69083424">
				<ele>893.65</ele>
				<time>2026-07-28T15:40:33Z</time>
				<extensions>
					<ns3:TrackPointExtension>
						<ns3:speed>1.79</ns3:speed>
						<ns3:cad>80.0</ns3:cad>
						<ns3:hr>130</ns3:hr>
					</ns3:TrackPointExtension>
				</extensions>
			</trkpt>
			<trkpt lat="12.9822799" lon="77.69084824">
				<ele>893.65</ele>
				<time>2026-07-28T15:40:34Z</time>
				<extensions>
					<ns3:TrackPointExtension>
						<ns3:speed>1.78</ns3:speed>
						<ns3:cad>80.0</ns3:cad>
						<ns3:hr>131</ns3:hr>
					</ns3:TrackPointExtension>
				</extensions>
			</trkpt>
			<trkpt lat="12.98229123" lon="77.6908609">
				<ele>893.64</ele>
				<time>2026-07-28T15:40:35Z</time>
				<extensions>
					<ns3:TrackPointExtension>
						<ns3:speed>1.78</ns3:speed>
						<ns3:cad>80.0</ns3:cad>
						<ns3:hr>131</ns3:hr>
					</ns3:TrackPointExtension>
				</extensions>
			</trkpt>
			<trkpt lat="12.98230389" lon="77.6908719">
				<ele>893.64</ele>
				<time>2026-07-28T15:40:36Z</time>
				<extensions>
					<ns3:TrackPointExtension>
						<ns3:speed>1.78</ns3:speed>
						<ns3:cad>81.0</ns3:cad>
						<ns3:hr>131</ns3:hr>
					</ns3:TrackPointExtension>
				</extensions>
			</trkpt>
			<trkpt lat="12.98231822" lon="77.69088156">
				<ele>893.63</ele>
				<time>2026-07-28T15:40:37Z</time>
				<extensions>
					<ns3:TrackPointExtension>
						<ns3:speed>1.79</ns3:speed>
						<ns3:cad>81.0</ns3:cad>
						<ns3:hr>132</ns3:hr>
					</ns3:TrackPointExtension>
				</extensions>
			</trkpt>
			<trkpt lat="12.98233555" lon="77.69089122">
				<ele>893.62</ele>
				<time>2026-07-28T15:40:39Z</time>
				<extensions>
					<ns3:TrackPointExtension>
						<ns3:speed>1.79</ns3:speed>
						<ns3:cad>81.0</ns3:cad>
						<ns3:hr>133</ns3:hr>
					</ns3:TrackPointExtension>
				</extensions>
			</trkpt>
			<trkpt lat="12.98235255" lon="77.69089921">
				<ele>893.62</ele>
				<time>2026-07-28T15:40:39Z</time>
				<extensions>
					<ns3:TrackPointExtension>
						<ns3:speed>1.79</ns3:speed>
						<ns3:cad>81.0</ns3:cad>
						<ns3:hr>133</ns3:hr>
					</ns3:TrackPointExtension>
				</extensions>
			</trkpt>
			<trkpt lat="12.98236954" lon="77.69090754">
				<ele>893.62</ele>
				<time>2026-07-28T15:40:40Z</time>
				<extensions>
					<ns3:TrackPointExtension>
						<ns3:speed>1.79</ns3:speed>
						<ns3:cad>81.0</ns3:cad>
						<ns3:hr>133</ns3:hr>
					</ns3:TrackPointExtension>
				</extensions>
			</trkpt>
			<trkpt lat="12.98238554" lon="77.6909152">
				<ele>893.62</ele>
				<time>2026-07-28T15:40:41Z</time>
				<extensions>
					<ns3:TrackPointExtension>
						<ns3:speed>1.79</ns3:speed>
						<ns3:cad>81.0</ns3:cad>
						<ns3:hr>133</ns3:hr>
					</ns3:TrackPointExtension>
				</extensions>
			</trkpt>
			<trkpt lat="12.98240187" lon="77.69092153">
				<ele>893.62</ele>
				<time>2026-07-28T15:40:42Z</time>
				<extensions>
					<ns3:TrackPointExtension>
						<ns3:hr>133</ns3:hr>
					</ns3:TrackPointExtension>
				</extensions>
			</trkpt>
			<trkpt lat="12.98241886" lon="77.69092819">
				<ele>893.74</ele>
				<time>2026-07-28T15:40:43Z</time>
				<extensions>
					<ns3:TrackPointExtension>
						<ns3:speed>1.79</ns3:speed>
						<ns3:cad>81.0</ns3:cad>
					</ns3:TrackPointExtension>
				</extensions>
			</trkpt>
			<trkpt lat="12.98243585" lon="77.69093452">
				<ele>893.74</ele>
				<time>2026-07-28T15:40:44Z</time>
				<extensions>
					<ns3:TrackPointExtension>
						<ns3:speed>1.79</ns3:speed>
						<ns3:cad>81.0</ns3:cad>
						<ns3:hr>134</ns3:hr>
					</ns3:TrackPointExtension>
				</extensions>
			</trkpt>
			<trkpt lat="12.98245251" lon="77.69094051">
				<ele>893.74</ele>
				<time>2026-07-28T15:40:45Z</time>
				<extensions>
					<ns3:TrackPointExtension>
						<ns3:speed>1.79</ns3:speed>
						<ns3:cad>81.0</ns3:cad>
						<ns3:hr>134</ns3:hr>
					</ns3:TrackPointExtension>
				</extensions>
			</trkpt>
			<trkpt lat="12.98247017" lon="77.69094684">
				<ele>893.74</ele>
				<time>2026-07-28T15:40:46Z</time>
				<extensions>
					<ns3:TrackPointExtension>
						<ns3:speed>1.8</ns3:speed>
						<ns3:cad>81.0</ns3:cad>
						<ns3:hr>134</ns3:hr>
					</ns3:TrackPointExtension>
				</extensions>
			</trkpt>
			<trkpt lat="12.98248716" lon="77.6909525">
				<ele>893.93</ele>
				<time>2026-07-28T15:40:47Z</time>
				<extensions>
					<ns3:TrackPointExtension>
						<ns3:speed>1.8</ns3:speed>
						<ns3:cad>81.0</ns3:cad>
						<ns3:hr>134</ns3:hr>
					</ns3:TrackPointExtension>
				</extensions>
			</trkpt>
			<trkpt lat="12.98250482" lon="77.69095883">
				<ele>893.93</ele>
				<time>2026-07-28T15:40:48Z</time>
				<extensions>
					<ns3:TrackPointExtension>
						<ns3:speed>1.8</ns3:speed>
						<ns3:cad>81.0</ns3:cad>
						<ns3:hr>134</ns3:hr>
					</ns3:TrackPointExtension>
				</extensions>
			</trkpt>
			<trkpt lat="12.98252215" lon="77.69096516">
				<ele>893.93</ele>
				<time>2026-07-28T15:40:49Z</time>
				<extensions>
					<ns3:TrackPointExtension>
						<ns3:speed>1.8</ns3:speed>
						<ns3:cad>81.0</ns3:cad>
						<ns3:hr>134</ns3:hr>
					</ns3:TrackPointExtension>
				</extensions>
			</trkpt>
			<trkpt lat="12.98253914" lon="77.69097149">
				<ele>893.92</ele>
				<time>2026-07-28T15:40:50Z</time>
				<extensions>
					<ns3:TrackPointExtension>
						<ns3:speed>1.81</ns3:speed>
						<ns3:cad>80.0</ns3:cad>
						<ns3:hr>136</ns3:hr>
					</ns3:TrackPointExtension>
				</extensions>
			</trkpt>
			<trkpt lat="12.9825548" lon="77.69097815">
				<ele>893.91</ele>
				<time>2026-07-28T15:40:51Z</time>
				<extensions>
					<ns3:TrackPointExtension>
						<ns3:speed>1.81</ns3:speed>
						<ns3:cad>80.0</ns3:cad>
						<ns3:hr>136</ns3:hr>
					</ns3:TrackPointExtension>
				</extensions>
			</trkpt>
			<trkpt lat="12.98257013" lon="77.69098548">
				<ele>893.9</ele>
				<time>2026-07-28T15:40:52Z</time>
				<extensions>
					<ns3:TrackPointExtension>
						<ns3:speed>1.82</ns3:speed>
						<ns3:cad>81.0</ns3:cad>
						<ns3:hr>136</ns3:hr>
					</ns3:TrackPointExtension>
				</extensions>
			</trkpt>
			<trkpt lat="12.98258512" lon="77.69099314">
				<ele>893.9</ele>
				<time>2026-07-28T15:40:53Z</time>
				<extensions>
					<ns3:TrackPointExtension>
						<ns3:speed>1.82</ns3:speed>
						<ns3:cad>81.0</ns3:cad>
						<ns3:hr>136</ns3:hr>
					</ns3:TrackPointExtension>
				</extensions>
			</trkpt>
			<trkpt lat="12.98259878" lon="77.69100147">
				<ele>893.89</ele>
				<time>2026-07-28T15:40:54Z</time>
				<extensions>
					<ns3:TrackPointExtension>
						<ns3:speed>1.82</ns3:speed>
						<ns3:cad>81.0</ns3:cad>
						<ns3:hr>137</ns3:hr>
					</ns3:TrackPointExtension>
				</extensions>
			</trkpt>
			<trkpt lat="12.98261244" lon="77.69101013">
				<ele>893.88</ele>
				<time>2026-07-28T15:40:55Z</time>
				<extensions>
					<ns3:TrackPointExtension>
						<ns3:speed>1.82</ns3:speed>
						<ns3:cad>81.0</ns3:cad>
						<ns3:hr>137</ns3:hr>
					</ns3:TrackPointExtension>
				</extensions>
			</trkpt>
			<trkpt lat="12.98262677" lon="77.69101979">
				<ele>893.87</ele>
				<time>2026-07-28T15:40:56Z</time>
				<extensions>
					<ns3:TrackPointExtension>
						<ns3:speed>1.82</ns3:speed>
						<ns3:cad>81.0</ns3:cad>
						<ns3:hr>137</ns3:hr>
					</ns3:TrackPointExtension>
				</extensions>
			</trkpt>
			<trkpt lat="12.98264043" lon="77.69102845">
				<ele>893.86</ele>
				<time>2026-07-28T15:40:57Z</time>
				<extensions>
					<ns3:TrackPointExtension>
						<ns3:speed>1.82</ns3:speed>
						<ns3:cad>80.0</ns3:cad>
						<ns3:hr>136</ns3:hr>
					</ns3:TrackPointExtension>
				</extensions>
			</trkpt>
			<trkpt lat="12.98265476" lon="77.69103611">
				<ele>893.85</ele>
				<time>2026-07-28T15:40:58Z</time>
				<extensions>
					<ns3:TrackPointExtension>
						<ns3:speed>1.81</ns3:speed>
						<ns3:cad>80.0</ns3:cad>
						<ns3:hr>133</ns3:hr>
					</ns3:TrackPointExtension>
				</extensions>
			</trkpt>
			<trkpt lat="12.98266842" lon="77.69104344">
				<ele>893.84</ele>
				<time>2026-07-28T15:40:59Z</time>
				<extensions>
					<ns3:TrackPointExtension>
						<ns3:speed>1.81</ns3:speed>
						<ns3:cad>80.0</ns3:cad>
						<ns3:hr>132</ns3:hr>
					</ns3:TrackPointExtension>
				</extensions>
			</trkpt>
			<trkpt lat="12.98268341" lon="77.69105077">
				<ele>893.82</ele>
				<time>2026-07-28T15:41:00Z</time>
				<extensions>
					<ns3:TrackPointExtension>
						<ns3:speed>1.8</ns3:speed>
						<ns3:cad>81.0</ns3:cad>
						<ns3:hr>132</ns3:hr>
					</ns3:TrackPointExtension>
				</extensions>
			</trkpt>
			<trkpt lat="12.9826984" lon="77.6910581">
				<ele>893.81</ele>
				<time>2026-07-28T15:41:01Z</time>
				<extensions>
					<ns3:TrackPointExtension>
						<ns3:speed>1.8</ns3:speed>
						<ns3:cad>81.0</ns3:cad>
						<ns3:hr>132</ns3:hr>
					</ns3:TrackPointExtension>
				</extensions>
			</trkpt>
			<trkpt lat="12.98271373" lon="77.69106543">
				<ele>893.8</ele>
				<time>2026-07-28T15:41:02Z</time>
				<extensions>
					<ns3:TrackPointExtension>
						<ns3:speed>1.79</ns3:speed>
						<ns3:cad>81.0</ns3:cad>
						<ns3:hr>133</ns3:hr>
					</ns3:TrackPointExtension>
				</extensions>
			</trkpt>
			<trkpt lat="12.98272773" lon="77.69107243">
				<ele>893.79</ele>
				<time>2026-07-28T15:41:03Z</time>
				<extensions>
					<ns3:TrackPointExtension>
						<ns3:speed>1.79</ns3:speed>
						<ns3:cad>81.0</ns3:cad>
						<ns3:hr>134</ns3:hr>
					</ns3:TrackPointExtension>
				</extensions>
			</trkpt>
			<trkpt lat="12.98274173" lon="77.69107976">
				<ele>893.94</ele>
				<time>2026-07-28T15:41:04Z</time>
				<extensions>
					<ns3:TrackPointExtension>
						<ns3:speed>1.78</ns3:speed>
						<ns3:cad>82.0</ns3:cad>
						<ns3:hr>134</ns3:hr>
					</ns3:TrackPointExtension>
				</extensions>
			</trkpt>
			<trkpt lat="12.98275706" lon="77.69108642">
				<ele>893.94</ele>
				<time>2026-07-28T15:41:05Z</time>
				<extensions>
					<ns3:TrackPointExtension>
						<ns3:speed>1.78</ns3:speed>
						<ns3:cad>82.0</ns3:cad>
						<ns3:hr>133</ns3:hr>
					</ns3:TrackPointExtension>
				</extensions>
			</trkpt>
			<trkpt lat="12.98277272" lon="77.69109275">
				<ele>893.93</ele>
				<time>2026-07-28T15:41:06Z</time>
				<extensions>
					<ns3:TrackPointExtension>
						<ns3:speed>1.78</ns3:speed>
						<ns3:cad>81.0</ns3:cad>
						<ns3:hr>134</ns3:hr>
					</ns3:TrackPointExtension>
				</extensions>
			</trkpt>
			<trkpt lat="12.98278872" lon="77.69110008">
				<ele>893.92</ele>
				<time>2026-07-28T15:41:07Z</time>
				<extensions>
					<ns3:TrackPointExtension>
						<ns3:speed>1.78</ns3:speed>
						<ns3:cad>81.0</ns3:cad>
						<ns3:hr>135</ns3:hr>
					</ns3:TrackPointExtension>
				</extensions>
			</trkpt>
			<trkpt lat="12.98280438" lon="77.69110641">
				<ele>893.92</ele>
				<time>2026-07-28T15:41:08Z</time>
				<extensions>
					<ns3:TrackPointExtension>
						<ns3:speed>1.78</ns3:speed>
						<ns3:cad>80.0</ns3:cad>
						<ns3:hr>136</ns3:hr>
					</ns3:TrackPointExtension>
				</extensions>
			</trkpt>
			<trkpt lat="12.98282038" lon="77.6911124">
				<ele>893.91</ele>
				<time>2026-07-28T15:41:09Z</time>
				<extensions>
					<ns3:TrackPointExtension>
						<ns3:speed>1.78</ns3:speed>
						<ns3:cad>80.0</ns3:cad>
						<ns3:hr>136</ns3:hr>
					</ns3:TrackPointExtension>
				</extensions>
			</trkpt>
			<trkpt lat="12.98283671" lon="77.69111839">
				<ele>893.91</ele>
				<time>2026-07-28T15:41:10Z</time>
				<extensions>
					<ns3:TrackPointExtension>
						<ns3:speed>1.78</ns3:speed>
						<ns3:cad>80.0</ns3:cad>
						<ns3:hr>137</ns3:hr>
					</ns3:TrackPointExtension>
				</extensions>
			</trkpt>
			<trkpt lat="12.98285304" lon="77.69112505">
				<ele>893.91</ele>
				<time>2026-07-28T15:41:11Z</time>
				<extensions>
					<ns3:TrackPointExtension>
						<ns3:speed>1.78</ns3:speed>
						<ns3:cad>80.0</ns3:cad>
						<ns3:hr>137</ns3:hr>
					</ns3:TrackPointExtension>
				</extensions>
			</trkpt>
			<trkpt lat="12.9828697" lon="77.69113138">
				<ele>893.91</ele>
				<time>2026-07-28T15:41:12Z</time>
				<extensions>
					<ns3:TrackPointExtension>
						<ns3:speed>1.79</ns3:speed>
						<ns3:cad>80.0</ns3:cad>
						<ns3:hr>137</ns3:hr>
					</ns3:TrackPointExtension>
				</extensions>
			</trkpt>
			<trkpt lat="12.98288603" lon="77.69113804">
				<ele>893.91</ele>
				<time>2026-07-28T15:41:13Z</time>
				<extensions>
					<ns3:TrackPointExtension>
						<ns3:speed>1.79</ns3:speed>
						<ns3:cad>80.0</ns3:cad>
						<ns3:hr>137</ns3:hr>
					</ns3:TrackPointExtension>
				</extensions>
			</trkpt>
			<trkpt lat="12.98290269" lon="77.69114403">
				<ele>893.91</ele>
				<time>2026-07-28T15:41:14Z</time>
				<extensions>
					<ns3:TrackPointExtension>
						<ns3:speed>1.79</ns3:speed>
						<ns3:cad>81.0</ns3:cad>
						<ns3:hr>136</ns3:hr>
					</ns3:TrackPointExtension>
				</extensions>
			</trkpt>
			<trkpt lat="12.98291869" lon="77.69115003">
				<ele>893.91</ele>
				<time>2026-07-28T15:41:15Z</time>
				<extensions>
					<ns3:TrackPointExtension>
						<ns3:speed>1.8</ns3:speed>
						<ns3:cad>81.0</ns3:cad>
						<ns3:hr>136</ns3:hr>
					</ns3:TrackPointExtension>
				</extensions>
			</trkpt>
			<trkpt lat="12.98293502" lon="77.69115636">
				<ele>893.91</ele>
				<time>2026-07-28T15:41:16Z</time>
				<extensions>
					<ns3:TrackPointExtension>
						<ns3:speed>1.8</ns3:speed>
						<ns3:cad>81.0</ns3:cad>
						<ns3:hr>137</ns3:hr>
					</ns3:TrackPointExtension>
				</extensions>
			</trkpt>
			<trkpt lat="12.98295068" lon="77.69116235">
				<ele>893.9</ele>
				<time>2026-07-28T15:41:17Z</time>
				<extensions>
					<ns3:TrackPointExtension>
						<ns3:speed>1.81</ns3:speed>
						<ns3:cad>82.0</ns3:cad>
						<ns3:hr>138</ns3:hr>
					</ns3:TrackPointExtension>
				</extensions>
			</trkpt>
			<trkpt lat="12.98296734" lon="77.69116801">
				<ele>893.9</ele>
				<time>2026-07-28T15:41:18Z</time>
				<extensions>
					<ns3:TrackPointExtension>
						<ns3:speed>1.81</ns3:speed>
						<ns3:cad>81.0</ns3:cad>
						<ns3:hr>138</ns3:hr>
					</ns3:TrackPointExtension>
				</extensions>
			</trkpt>
			<trkpt lat="12.98298433" lon="77.69117334">
				<ele>893.91</ele>
				<time>2026-07-28T15:41:19Z</time>
				<extensions>
					<ns3:TrackPointExtension>
						<ns3:speed>1.81</ns3:speed>
						<ns3:cad>81.0</ns3:cad>
						<ns3:hr>139</ns3:hr>
					</ns3:TrackPointExtension>
				</extensions>
			</trkpt>
			<trkpt lat="12.98300099" lon="77.691179">
				<ele>893.92</ele>
				<time>2026-07-28T15:41:20Z</time>
				<extensions>
					<ns3:TrackPointExtension>
						<ns3:speed>1.81</ns3:speed>
						<ns3:cad>81.0</ns3:cad>
						<ns3:hr>139</ns3:hr>
					</ns3:TrackPointExtension>
				</extensions>
			</trkpt>
			<trkpt lat="12.98301765" lon="77.69118499">
				<ele>893.92</ele>
				<time>2026-07-28T15:41:21Z</time>
				<extensions>
					<ns3:TrackPointExtension>
						<ns3:speed>1.81</ns3:speed>
						<ns3:cad>81.0</ns3:cad>
						<ns3:hr>138</ns3:hr>
					</ns3:TrackPointExtension>
				</extensions>
			</trkpt>
			<trkpt lat="12.98303431" lon="77.69119165">
				<ele>893.73</ele>
				<time>2026-07-28T15:41:22Z</time>
				<extensions>
					<ns3:TrackPointExtension>
						<ns3:speed>1.81</ns3:speed>
						<ns3:cad>80.0</ns3:cad>
						<ns3:hr>138</ns3:hr>
					</ns3:TrackPointExtension>
				</extensions>
			</trkpt>
			<trkpt lat="12.98305031" lon="77.69119798">
				<ele>893.73</ele>
				<time>2026-07-28T15:41:23Z</time>
				<extensions>
					<ns3:TrackPointExtension>
						<ns3:speed>1.82</ns3:speed>
						<ns3:cad>80.0</ns3:cad>
						<ns3:hr>138</ns3:hr>
					</ns3:TrackPointExtension>
				</extensions>
			</trkpt>
			<trkpt lat="12.98306797" lon="77.69120298">
				<ele>893.73</ele>
				<time>2026-07-28T15:41:24Z</time>
				<extensions>
					<ns3:TrackPointExtension>
						<ns3:speed>1.82</ns3:speed>
						<ns3:cad>80.0</ns3:cad>
						<ns3:hr>137</ns3:hr>
					</ns3:TrackPointExtension>
				</extensions>
			</trkpt>
			<trkpt lat="12.98308596" lon="77.69120831">
				<ele>893.73</ele>
				<time>2026-07-28T15:41:25Z</time>
				<extensions>
					<ns3:TrackPointExtension>
						<ns3:speed>1.82</ns3:speed>
						<ns3:cad>80.0</ns3:cad>
						<ns3:hr>136</ns3:hr>
					</ns3:TrackPointExtension>
				</extensions>
			</trkpt>
			<trkpt lat="12.98310329" lon="77.69121331">
				<ele>893.72</ele>
				<time>2026-07-28T15:41:26Z</time>
				<extensions>
					<ns3:TrackPointExtension>
						<ns3:speed>1.83</ns3:speed>
						<ns3:cad>81.0</ns3:cad>
						<ns3:hr>136</ns3:hr>
					</ns3:TrackPointExtension>
				</extensions>
			</trkpt>
			<trkpt lat="12.98312028" lon="77.69121797">
				<ele>893.72</ele>
				<time>2026-07-28T15:41:27Z</time>
				<extensions>
					<ns3:TrackPointExtension>
						<ns3:speed>1.83</ns3:speed>
						<ns3:cad>81.0</ns3:cad>
						<ns3:hr>136</ns3:hr>
					</ns3:TrackPointExtension>
				</extensions>
			</trkpt>
			<trkpt lat="12.98313927" lon="77.69122196">
				<ele>893.72</ele>
				<time>2026-07-28T15:41:28Z</time>
				<extensions>
					<ns3:TrackPointExtension>
						<ns3:speed>1.83</ns3:speed>
						<ns3:cad>81.0</ns3:cad>
						<ns3:hr>136</ns3:hr>
					</ns3:TrackPointExtension>
				</extensions>
			</trkpt>
			<trkpt lat="12.98315793" lon="77.69122629">
				<ele>893.71</ele>
				<time>2026-07-28T15:41:29Z</time>
				<extensions>
					<ns3:TrackPointExtension>
						<ns3:speed>1.83</ns3:speed>
						<ns3:cad>81.0</ns3:cad>
						<ns3:hr>136</ns3:hr>
					</ns3:TrackPointExtension>
				</extensions>
			</trkpt>
			<trkpt lat="12.98317626" lon="77.69122962">
				<ele>893.71</ele>
				<time>2026-07-28T15:41:30Z</time>
				<extensions>
					<ns3:TrackPointExtension>
						<ns3:speed>1.84</ns3:speed>
						<ns3:cad>81.0</ns3:cad>
						<ns3:hr>137</ns3:hr>
					</ns3:TrackPointExtension>
				</extensions>
			</trkpt>
			<trkpt lat="12.98319559" lon="77.69123295">
				<ele>893.71</ele>
				<time>2026-07-28T15:41:31Z</time>
				<extensions>
					<ns3:TrackPointExtension>
						<ns3:speed>1.85</ns3:speed>
						<ns3:cad>81.0</ns3:cad>
						<ns3:hr>137</ns3:hr>
					</ns3:TrackPointExtension>
				</extensions>
			</trkpt>
			<trkpt lat="12.98321458" lon="77.69123661">
				<ele>893.71</ele>
				<time>2026-07-28T15:41:32Z</time>
				<extensions>
					<ns3:TrackPointExtension>
						<ns3:speed>1.85</ns3:speed>
						<ns3:cad>81.0</ns3:cad>
						<ns3:hr>138</ns3:hr>
					</ns3:TrackPointExtension>
				</extensions>
			</trkpt>
			<trkpt lat="12.98323357" lon="77.6912396">
				<ele>893.72</ele>
				<time>2026-07-28T15:41:33Z</time>
				<extensions>
					<ns3:TrackPointExtension>
						<ns3:speed>1.86</ns3:speed>
						<ns3:cad>81.0</ns3:cad>
						<ns3:hr>138</ns3:hr>
					</ns3:TrackPointExtension>
				</extensions>
			</trkpt>
			<trkpt lat="12.98325256" lon="77.6912436">
				<ele>893.72</ele>
				<time>2026-07-28T15:41:34Z</time>
				<extensions>
					<ns3:TrackPointExtension>
						<ns3:speed>1.86</ns3:speed>
						<ns3:cad>80.0</ns3:cad>
						<ns3:hr>138</ns3:hr>
					</ns3:TrackPointExtension>
				</extensions>
			</trkpt>
			<trkpt lat="12.98327322" lon="77.69124793">
				<ele>893.73</ele>
				<time>2026-07-28T15:41:35Z</time>
				<extensions>
					<ns3:TrackPointExtension>
						<ns3:speed>1.88</ns3:speed>
						<ns3:cad>80.0</ns3:cad>
						<ns3:hr>138</ns3:hr>
					</ns3:TrackPointExtension>
				</extensions>
			</trkpt>
			<trkpt lat="12.98329588" lon="77.69125193">
				<ele>893.73</ele>
				<time>2026-07-28T15:41:36Z</time>
				<extensions>
					<ns3:TrackPointExtension>
						<ns3:speed>1.89</ns3:speed>
						<ns3:cad>80.0</ns3:cad>
						<ns3:hr>138</ns3:hr>
					</ns3:TrackPointExtension>
				</extensions>
			</trkpt>
			<trkpt lat="12.98331854" lon="77.69125559">
				<ele>893.75</ele>
				<time>2026-07-28T15:41:37Z</time>
				<extensions>
					<ns3:TrackPointExtension>
						<ns3:speed>1.91</ns3:speed>
						<ns3:cad>80.0</ns3:cad>
						<ns3:hr>139</ns3:hr>
					</ns3:TrackPointExtension>
				</extensions>
			</trkpt>
			<trkpt lat="12.98333954" lon="77.69125859">
				<ele>893.75</ele>
				<time>2026-07-28T15:41:38Z</time>
				<extensions>
					<ns3:TrackPointExtension>
						<ns3:speed>1.93</ns3:speed>
						<ns3:cad>81.0</ns3:cad>
						<ns3:hr>139</ns3:hr>
					</ns3:TrackPointExtension>
				</extensions>
			</trkpt>
			<trkpt lat="12.98335953" lon="77.69126158">
				<ele>893.76</ele>
				<time>2026-07-28T15:41:39Z</time>
				<extensions>
					<ns3:TrackPointExtension>
						<ns3:speed>1.94</ns3:speed>
						<ns3:cad>81.0</ns3:cad>
						<ns3:hr>139</ns3:hr>
					</ns3:TrackPointExtension>
				</extensions>
			</trkpt>
			<trkpt lat="12.98338019" lon="77.69126524">
				<ele>893.77</ele>
				<time>2026-07-28T15:41:40Z</time>
				<extensions>
					<ns3:TrackPointExtension>
						<ns3:speed>1.96</ns3:speed>
						<ns3:cad>81.0</ns3:cad>
						<ns3:hr>139</ns3:hr>
					</ns3:TrackPointExtension>
				</extensions>
			</trkpt>
			<trkpt lat="12.98340119" lon="77.69126957">
				<ele>893.78</ele>
				<time>2026-07-28T15:41:41Z</time>
				<extensions>
					<ns3:TrackPointExtension>
						<ns3:speed>1.97</ns3:speed>
						<ns3:cad>81.0</ns3:cad>
						<ns3:hr>138</ns3:hr>
					</ns3:TrackPointExtension>
				</extensions>
			</trkpt>
			<trkpt lat="12.98342118" lon="77.6912739">
				<ele>893.79</ele>
				<time>2026-07-28T15:41:42Z</time>
				<extensions>
					<ns3:TrackPointExtension>
						<ns3:speed>1.98</ns3:speed>
						<ns3:cad>81.0</ns3:cad>
						<ns3:hr>138</ns3:hr>
					</ns3:TrackPointExtension>
				</extensions>
			</trkpt>
			<trkpt lat="12.98344117" lon="77.69127956">
				<ele>893.79</ele>
				<time>2026-07-28T15:41:43Z</time>
				<extensions>
					<ns3:TrackPointExtension>
						<ns3:speed>2.0</ns3:speed>
						<ns3:cad>80.0</ns3:cad>
						<ns3:hr>138</ns3:hr>
					</ns3:TrackPointExtension>
				</extensions>
			</trkpt>
			<trkpt lat="12.98346016" lon="77.69128489">
				<ele>893.8</ele>
				<time>2026-07-28T15:41:44Z</time>
				<extensions>
					<ns3:TrackPointExtension>
						<ns3:speed>2.02</ns3:speed>
						<ns3:cad>80.0</ns3:cad>
						<ns3:hr>139</ns3:hr>
					</ns3:TrackPointExtension>
				</extensions>
			</trkpt>
			<trkpt lat="12.98347982" lon="77.69128988">
				<ele>893.81</ele>
				<time>2026-07-28T15:41:45Z</time>
				<extensions>
					<ns3:TrackPointExtension>
						<ns3:speed>2.02</ns3:speed>
						<ns3:cad>81.0</ns3:cad>
						<ns3:hr>139</ns3:hr>
					</ns3:TrackPointExtension>
				</extensions>
			</trkpt>
			<trkpt lat="12.98349881" lon="77.69129554">
				<ele>893.81</ele>
				<time>2026-07-28T15:41:46Z</time>
				<extensions>
					<ns3:TrackPointExtension>
						<ns3:speed>2.04</ns3:speed>
						<ns3:cad>81.0</ns3:cad>
						<ns3:hr>139</ns3:hr>
					</ns3:TrackPointExtension>
				</extensions>
			</trkpt>
			<trkpt lat="12.98351814" lon="77.6913012">
				<ele>893.82</ele>
				<time>2026-07-28T15:41:47Z</time>
				<extensions>
					<ns3:TrackPointExtension>
						<ns3:speed>2.04</ns3:speed>
						<ns3:cad>81.0</ns3:cad>
						<ns3:hr>139</ns3:hr>
					</ns3:TrackPointExtension>
				</extensions>
			</trkpt>
			<trkpt lat="12.98353813" lon="77.69130586">
				<ele>893.84</ele>
				<time>2026-07-28T15:41:48Z</time>
				<extensions>
					<ns3:TrackPointExtension>
						<ns3:speed>2.04</ns3:speed>
						<ns3:cad>81.0</ns3:cad>
						<ns3:hr>139</ns3:hr>
					</ns3:TrackPointExtension>
				</extensions>
			</trkpt>
			<trkpt lat="12.98355712" lon="77.69131119">
				<ele>893.85</ele>
				<time>2026-07-28T15:41:49Z</time>
				<extensions>
					<ns3:TrackPointExtension>
						<ns3:speed>2.05</ns3:speed>
						<ns3:cad>81.0</ns3:cad>
						<ns3:hr>139</ns3:hr>
					</ns3:TrackPointExtension>
				</extensions>
			</trkpt>
			<trkpt lat="12.98357545" lon="77.69131852">
				<ele>893.87</ele>
				<time>2026-07-28T15:41:50Z</time>
				<extensions>
					<ns3:TrackPointExtension>
						<ns3:speed>2.06</ns3:speed>
						<ns3:cad>81.0</ns3:cad>
						<ns3:hr>139</ns3:hr>
					</ns3:TrackPointExtension>
				</extensions>
			</trkpt>
			<trkpt lat="12.98359211" lon="77.69132885">
				<ele>893.89</ele>
				<time>2026-07-28T15:41:51Z</time>
				<extensions>
					<ns3:TrackPointExtension>
						<ns3:speed>2.07</ns3:speed>
						<ns3:cad>81.0</ns3:cad>
						<ns3:hr>139</ns3:hr>
					</ns3:TrackPointExtension>
				</extensions>
			</trkpt>
			<trkpt lat="12.98360444" lon="77.69134151">
				<ele>893.9</ele>
				<time>2026-07-28T15:41:52Z</time>
				<extensions>
					<ns3:TrackPointExtension>
						<ns3:speed>2.07</ns3:speed>
						<ns3:cad>81.0</ns3:cad>
						<ns3:hr>139</ns3:hr>
					</ns3:TrackPointExtension>
				</extensions>
			</trkpt>
			<trkpt lat="12.98361043" lon="77.69135717">
				<ele>893.92</ele>
				<time>2026-07-28T15:41:53Z</time>
				<extensions>
					<ns3:TrackPointExtension>
						<ns3:speed>2.07</ns3:speed>
						<ns3:cad>81.0</ns3:cad>
						<ns3:hr>140</ns3:hr>
					</ns3:TrackPointExtension>
				</extensions>
			</trkpt>
			<trkpt lat="12.98361243" lon="77.6913735">
				<ele>893.95</ele>
				<time>2026-07-28T15:41:54Z</time>
				<extensions>
					<ns3:TrackPointExtension>
						<ns3:speed>2.07</ns3:speed>
						<ns3:cad>81.0</ns3:cad>
						<ns3:hr>140</ns3:hr>
					</ns3:TrackPointExtension>
				</extensions>
			</trkpt>
			<trkpt lat="12.98361177" lon="77.69138983">
				<ele>893.97</ele>
				<time>2026-07-28T15:41:55Z</time>
				<extensions>
					<ns3:TrackPointExtension>
						<ns3:speed>2.07</ns3:speed>
						<ns3:cad>81.0</ns3:cad>
						<ns3:hr>140</ns3:hr>
					</ns3:TrackPointExtension>
				</extensions>
			</trkpt>
			<trkpt lat="12.98361011" lon="77.69140549">
				<ele>893.99</ele>
				<time>2026-07-28T15:41:56Z</time>
				<extensions>
					<ns3:TrackPointExtension>
						<ns3:speed>2.07</ns3:speed>
						<ns3:cad>80.0</ns3:cad>
						<ns3:hr>141</ns3:hr>
					</ns3:TrackPointExtension>
				</extensions>
			</trkpt>
			<trkpt lat="12.98360711" lon="77.69142182">
				<ele>894.01</ele>
				<time>2026-07-28T15:41:57Z</time>
				<extensions>
					<ns3:TrackPointExtension>
						<ns3:speed>2.06</ns3:speed>
						<ns3:cad>80.0</ns3:cad>
						<ns3:hr>141</ns3:hr>
					</ns3:TrackPointExtension>
				</extensions>
			</trkpt>
			<trkpt lat="12.98360378" lon="77.69143815">
				<ele>894.05</ele>
				<time>2026-07-28T15:41:58Z</time>
				<extensions>
					<ns3:TrackPointExtension>
						<ns3:speed>2.06</ns3:speed>
						<ns3:cad>81.0</ns3:cad>
						<ns3:hr>141</ns3:hr>
					</ns3:TrackPointExtension>
				</extensions>
			</trkpt>
			<trkpt lat="12.98360012" lon="77.69145448">
				<ele>893.82</ele>
				<time>2026-07-28T15:41:59Z</time>
				<extensions>
					<ns3:TrackPointExtension>
						<ns3:speed>2.05</ns3:speed>
						<ns3:cad>81.0</ns3:cad>
						<ns3:hr>140</ns3:hr>
					</ns3:TrackPointExtension>
				</extensions>
			</trkpt>
			<trkpt lat="12.98359513" lon="77.69147114">
				<ele>893.86</ele>
				<time>2026-07-28T15:42:00Z</time>
				<extensions>
					<ns3:TrackPointExtension>
						<ns3:speed>2.04</ns3:speed>
						<ns3:cad>81.0</ns3:cad>
						<ns3:hr>140</ns3:hr>
					</ns3:TrackPointExtension>
				</extensions>
			</trkpt>
			<trkpt lat="12.98359014" lon="77.6914878">
				<ele>893.9</ele>
				<time>2026-07-28T15:42:01Z</time>
				<extensions>
					<ns3:TrackPointExtension>
						<ns3:speed>2.04</ns3:speed>
						<ns3:cad>81.0</ns3:cad>
						<ns3:hr>140</ns3:hr>
					</ns3:TrackPointExtension>
				</extensions>
			</trkpt>
			<trkpt lat="12.98358515" lon="77.69150513">
				<ele>893.92</ele>
				<time>2026-07-28T15:42:02Z</time>
				<extensions>
					<ns3:TrackPointExtension>
						<ns3:speed>2.04</ns3:speed>
						<ns3:cad>80.0</ns3:cad>
						<ns3:hr>140</ns3:hr>
					</ns3:TrackPointExtension>
				</extensions>
			</trkpt>
			<trkpt lat="12.98357949" lon="77.69152246">
				<ele>893.94</ele>
				<time>2026-07-28T15:42:03Z</time>
				<extensions>
					<ns3:TrackPointExtension>
						<ns3:speed>2.03</ns3:speed>
						<ns3:cad>80.0</ns3:cad>
						<ns3:hr>140</ns3:hr>
					</ns3:TrackPointExtension>
				</extensions>
			</trkpt>
			<trkpt lat="12.98357316" lon="77.69153979">
				<ele>893.96</ele>
				<time>2026-07-28T15:42:04Z</time>
				<extensions>
					<ns3:TrackPointExtension>
						<ns3:speed>2.02</ns3:speed>
						<ns3:cad>80.0</ns3:cad>
						<ns3:hr>140</ns3:hr>
					</ns3:TrackPointExtension>
				</extensions>
			</trkpt>
			<trkpt lat="12.9835685" lon="77.69155778">
				<ele>893.97</ele>
				<time>2026-07-28T15:42:05Z</time>
				<extensions>
					<ns3:TrackPointExtension>
						<ns3:speed>2.01</ns3:speed>
						<ns3:cad>80.0</ns3:cad>
						<ns3:hr>141</ns3:hr>
					</ns3:TrackPointExtension>
				</extensions>
			</trkpt>
			<trkpt lat="12.98356284" lon="77.69157644">
				<ele>893.97</ele>
				<time>2026-07-28T15:42:06Z</time>
				<extensions>
					<ns3:TrackPointExtension>
						<ns3:speed>2.0</ns3:speed>
						<ns3:cad>80.0</ns3:cad>
						<ns3:hr>141</ns3:hr>
					</ns3:TrackPointExtension>
				</extensions>
			</trkpt>
			<trkpt lat="12.98355651" lon="77.69159343">
				<ele>893.97</ele>
				<time>2026-07-28T15:42:07Z</time>
				<extensions>
					<ns3:TrackPointExtension>
						<ns3:speed>1.98</ns3:speed>
						<ns3:cad>80.0</ns3:cad>
						<ns3:hr>140</ns3:hr>
					</ns3:TrackPointExtension>
				</extensions>
			</trkpt>
			<trkpt lat="12.98355052" lon="77.69161176">
				<ele>893.96</ele>
				<time>2026-07-28T15:42:08Z</time>
				<extensions>
					<ns3:TrackPointExtension>
						<ns3:speed>1.97</ns3:speed>
						<ns3:cad>80.0</ns3:cad>
						<ns3:hr>140</ns3:hr>
					</ns3:TrackPointExtension>
				</extensions>
			</trkpt>
			<trkpt lat="12.98354452" lon="77.69163009">
				<ele>893.95</ele>
				<time>2026-07-28T15:42:09Z</time>
				<extensions>
					<ns3:TrackPointExtension>
						<ns3:speed>1.97</ns3:speed>
						<ns3:cad>80.0</ns3:cad>
						<ns3:hr>140</ns3:hr>
					</ns3:TrackPointExtension>
				</extensions>
			</trkpt>
			<trkpt lat="12.98353986" lon="77.69164842">
				<ele>893.93</ele>
				<time>2026-07-28T15:42:10Z</time>
				<extensions>
					<ns3:TrackPointExtension>
						<ns3:speed>1.98</ns3:speed>
						<ns3:cad>80.0</ns3:cad>
						<ns3:hr>141</ns3:hr>
					</ns3:TrackPointExtension>
				</extensions>
			</trkpt>
			<trkpt lat="12.98353487" lon="77.69166742">
				<ele>893.9</ele>
				<time>2026-07-28T15:42:11Z</time>
				<extensions>
					<ns3:TrackPointExtension>
						<ns3:speed>1.98</ns3:speed>
						<ns3:cad>80.0</ns3:cad>
						<ns3:hr>140</ns3:hr>
					</ns3:TrackPointExtension>
				</extensions>
			</trkpt>
			<trkpt lat="12.98352987" lon="77.69168608">
				<ele>893.88</ele>
				<time>2026-07-28T15:42:12Z</time>
				<extensions>
					<ns3:TrackPointExtension>
						<ns3:speed>1.98</ns3:speed>
						<ns3:cad>80.0</ns3:cad>
						<ns3:hr>140</ns3:hr>
					</ns3:TrackPointExtension>
				</extensions>
			</trkpt>
			<trkpt lat="12.98352254" lon="77.69170474">
				<ele>893.88</ele>
				<time>2026-07-28T15:42:13Z</time>
				<extensions>
					<ns3:TrackPointExtension>
						<ns3:hr>140</ns3:hr>
					</ns3:TrackPointExtension>
				</extensions>
			</trkpt>
			<trkpt lat="12.98351521" lon="77.69172374">
				<ele>893.85</ele>
				<time>2026-07-28T15:42:14Z</time>
				<extensions>
					<ns3:TrackPointExtension>
						<ns3:speed>1.99</ns3:speed>
						<ns3:cad>80.0</ns3:cad>
					</ns3:TrackPointExtension>
				</extensions>
			</trkpt>
			<trkpt lat="12.98350755" lon="77.6917434">
				<ele>893.81</ele>
				<time>2026-07-28T15:42:15Z</time>
				<extensions>
					<ns3:TrackPointExtension>
						<ns3:speed>2.0</ns3:speed>
						<ns3:cad>80.0</ns3:cad>
						<ns3:hr>141</ns3:hr>
					</ns3:TrackPointExtension>
				</extensions>
			</trkpt>
			<trkpt lat="12.98349622" lon="77.69176006">
				<ele>893.79</ele>
				<time>2026-07-28T15:42:16Z</time>
				<extensions>
					<ns3:TrackPointExtension>
						<ns3:speed>2.0</ns3:speed>
						<ns3:cad>80.0</ns3:cad>
						<ns3:hr>141</ns3:hr>
					</ns3:TrackPointExtension>
				</extensions>
			</trkpt>
			<trkpt lat="12.98348356" lon="77.69177506">
				<ele>893.77</ele>
				<time>2026-07-28T15:42:17Z</time>
				<extensions>
					<ns3:TrackPointExtension>
						<ns3:speed>2.0</ns3:speed>
						<ns3:cad>80.0</ns3:cad>
						<ns3:hr>140</ns3:hr>
					</ns3:TrackPointExtension>
				</extensions>
			</trkpt>
			<trkpt lat="12.9834699" lon="77.69178872">
				<ele>893.74</ele>
				<time>2026-07-28T15:42:18Z</time>
				<extensions>
					<ns3:TrackPointExtension>
						<ns3:speed>2.02</ns3:speed>
						<ns3:cad>80.0</ns3:cad>
						<ns3:hr>140</ns3:hr>
					</ns3:TrackPointExtension>
				</extensions>
			</trkpt>
			<trkpt lat="12.98345624" lon="77.69180238">
				<ele>893.73</ele>
				<time>2026-07-28T15:42:19Z</time>
				<extensions>
					<ns3:TrackPointExtension>
						<ns3:speed>2.02</ns3:speed>
						<ns3:cad>80.0</ns3:cad>
						<ns3:hr>140</ns3:hr>
					</ns3:TrackPointExtension>
				</extensions>
			</trkpt>
			<trkpt lat="12.98344291" lon="77.69181438">
				<ele>893.71</ele>
				<time>2026-07-28T15:42:20Z</time>
				<extensions>
					<ns3:TrackPointExtension>
						<ns3:speed>2.02</ns3:speed>
						<ns3:cad>80.0</ns3:cad>
						<ns3:hr>140</ns3:hr>
					</ns3:TrackPointExtension>
				</extensions>
			</trkpt>
			<trkpt lat="12.98342958" lon="77.69182604">
				<ele>893.69</ele>
				<time>2026-07-28T15:42:21Z</time>
				<extensions>
					<ns3:TrackPointExtension>
						<ns3:speed>2.02</ns3:speed>
						<ns3:cad>80.0</ns3:cad>
						<ns3:hr>139</ns3:hr>
					</ns3:TrackPointExtension>
				</extensions>
			</trkpt>
			<trkpt lat="12.98341558" lon="77.69183737">
				<ele>893.69</ele>
				<time>2026-07-28T15:42:22Z</time>
				<extensions>
					<ns3:TrackPointExtension>
						<ns3:speed>2.01</ns3:speed>
						<ns3:cad>80.0</ns3:cad>
						<ns3:hr>137</ns3:hr>
					</ns3:TrackPointExtension>
				</extensions>
			</trkpt>
			<trkpt lat="12.98340225" lon="77.6918487">
				<ele>893.68</ele>
				<time>2026-07-28T15:42:23Z</time>
				<extensions>
					<ns3:TrackPointExtension>
						<ns3:speed>2.0</ns3:speed>
						<ns3:cad>81.0</ns3:cad>
						<ns3:hr>137</ns3:hr>
					</ns3:TrackPointExtension>
				</extensions>
			</trkpt>
			<trkpt lat="12.98338859" lon="77.69185803">
				<ele>893.68</ele>
				<time>2026-07-28T15:42:24Z</time>
				<extensions>
					<ns3:TrackPointExtension>
						<ns3:speed>2.01</ns3:speed>
						<ns3:cad>81.0</ns3:cad>
						<ns3:hr>139</ns3:hr>
					</ns3:TrackPointExtension>
				</extensions>
			</trkpt>
			<trkpt lat="12.98337226" lon="77.69186203">
				<ele>893.67</ele>
				<time>2026-07-28T15:42:25Z</time>
				<extensions>
					<ns3:TrackPointExtension>
						<ns3:speed>2.01</ns3:speed>
						<ns3:cad>82.0</ns3:cad>
						<ns3:hr>139</ns3:hr>
					</ns3:TrackPointExtension>
				</extensions>
			</trkpt>
			<trkpt lat="12.98335693" lon="77.69186536">
				<ele>893.67</ele>
				<time>2026-07-28T15:42:26Z</time>
				<extensions>
					<ns3:TrackPointExtension>
						<ns3:speed>2.02</ns3:speed>
						<ns3:cad>82.0</ns3:cad>
						<ns3:hr>139</ns3:hr>
					</ns3:TrackPointExtension>
				</extensions>
			</trkpt>
			<trkpt lat="12.98333993" lon="77.69186635">
				<ele>893.67</ele>
				<time>2026-07-28T15:42:27Z</time>
				<extensions>
					<ns3:TrackPointExtension>
						<ns3:speed>2.02</ns3:speed>
						<ns3:cad>82.0</ns3:cad>
						<ns3:hr>139</ns3:hr>
					</ns3:TrackPointExtension>
				</extensions>
			</trkpt>
			<trkpt lat="12.9833216" lon="77.69186469">
				<ele>893.66</ele>
				<time>2026-07-28T15:42:28Z</time>
				<extensions>
					<ns3:TrackPointExtension>
						<ns3:speed>2.02</ns3:speed>
						<ns3:cad>82.0</ns3:cad>
						<ns3:hr>138</ns3:hr>
					</ns3:TrackPointExtension>
				</extensions>
			</trkpt>
			<trkpt lat="12.98330394" lon="77.69186403">
				<ele>893.67</ele>
				<time>2026-07-28T15:42:29Z</time>
				<extensions>
					<ns3:TrackPointExtension>
						<ns3:speed>2.03</ns3:speed>
						<ns3:cad>81.0</ns3:cad>
						<ns3:hr>139</ns3:hr>
					</ns3:TrackPointExtension>
				</extensions>
			</trkpt>
			<trkpt lat="12.98328728" lon="77.69186403">
				<ele>893.67</ele>
				<time>2026-07-28T15:42:30Z</time>
				<extensions>
					<ns3:TrackPointExtension>
						<ns3:speed>2.04</ns3:speed>
						<ns3:cad>81.0</ns3:cad>
						<ns3:hr>140</ns3:hr>
					</ns3:TrackPointExtension>
				</extensions>
			</trkpt>
			<trkpt lat="12.98326895" lon="77.69186337">
				<ele>893.67</ele>
				<time>2026-07-28T15:42:31Z</time>
				<extensions>
					<ns3:TrackPointExtension>
						<ns3:speed>2.04</ns3:speed>
						<ns3:cad>81.0</ns3:cad>
						<ns3:hr>139</ns3:hr>
					</ns3:TrackPointExtension>
				</extensions>
			</trkpt>
			<trkpt lat="12.98324995" lon="77.69186038">
				<ele>893.68</ele>
				<time>2026-07-28T15:42:32Z</time>
				<extensions>
					<ns3:TrackPointExtension>
						<ns3:speed>2.04</ns3:speed>
						<ns3:cad>81.0</ns3:cad>
						<ns3:hr>139</ns3:hr>
					</ns3:TrackPointExtension>
				</extensions>
			</trkpt>
			<trkpt lat="12.98323162" lon="77.69185939">
				<ele>893.69</ele>
				<time>2026-07-28T15:42:33Z</time>
				<extensions>
					<ns3:TrackPointExtension>
						<ns3:speed>2.03</ns3:speed>
						<ns3:cad>81.0</ns3:cad>
						<ns3:hr>139</ns3:hr>
					</ns3:TrackPointExtension>
				</extensions>
			</trkpt>
			<trkpt lat="12.98321196" lon="77.69185739">
				<ele>893.69</ele>
				<time>2026-07-28T15:42:34Z</time>
				<extensions>
					<ns3:TrackPointExtension>
						<ns3:speed>2.02</ns3:speed>
						<ns3:cad>81.0</ns3:cad>
						<ns3:hr>139</ns3:hr>
					</ns3:TrackPointExtension>
				</extensions>
			</trkpt>
			<trkpt lat="12.98319363" lon="77.69185805">
				<ele>893.69</ele>
				<time>2026-07-28T15:42:35Z</time>
				<extensions>
					<ns3:TrackPointExtension>
						<ns3:speed>2.02</ns3:speed>
						<ns3:cad>81.0</ns3:cad>
						<ns3:hr>139</ns3:hr>
					</ns3:TrackPointExtension>
				</extensions>
			</trkpt>
			<trkpt lat="12.9831793" lon="77.69186371">
				<ele>893.69</ele>
				<time>2026-07-28T15:42:36Z</time>
				<extensions>
					<ns3:TrackPointExtension>
						<ns3:speed>2.02</ns3:speed>
						<ns3:cad>81.0</ns3:cad>
						<ns3:hr>139</ns3:hr>
					</ns3:TrackPointExtension>
				</extensions>
			</trkpt>
			<trkpt lat="12.98316264" lon="77.69186771">
				<ele>893.69</ele>
				<time>2026-07-28T15:42:37Z</time>
				<extensions>
					<ns3:TrackPointExtension>
						<ns3:speed>2.0</ns3:speed>
						<ns3:cad>81.0</ns3:cad>
						<ns3:hr>139</ns3:hr>
					</ns3:TrackPointExtension>
				</extensions>
			</trkpt>
			<trkpt lat="12.98314798" lon="77.69187571">
				<ele>893.68</ele>
				<time>2026-07-28T15:42:38Z</time>
				<extensions>
					<ns3:TrackPointExtension>
						<ns3:speed>1.97</ns3:speed>
						<ns3:cad>81.0</ns3:cad>
						<ns3:hr>139</ns3:hr>
					</ns3:TrackPointExtension>
				</extensions>
			</trkpt>
			<trkpt lat="12.98313732" lon="77.69188837">
				<ele>893.68</ele>
				<time>2026-07-28T15:42:39Z</time>
				<extensions>
					<ns3:TrackPointExtension>
						<ns3:speed>1.94</ns3:speed>
						<ns3:cad>80.0</ns3:cad>
						<ns3:hr>138</ns3:hr>
					</ns3:TrackPointExtension>
				</extensions>
			</trkpt>
			<trkpt lat="12.98312866" lon="77.6919027">
				<ele>893.67</ele>
				<time>2026-07-28T15:42:40Z</time>
				<extensions>
					<ns3:TrackPointExtension>
						<ns3:speed>1.93</ns3:speed>
						<ns3:cad>80.0</ns3:cad>
						<ns3:hr>138</ns3:hr>
					</ns3:TrackPointExtension>
				</extensions>
			</trkpt>
			<trkpt lat="12.98312233" lon="77.69191903">
				<ele>893.66</ele>
				<time>2026-07-28T15:42:41Z</time>
				<extensions>
					<ns3:TrackPointExtension>
						<ns3:speed>1.91</ns3:speed>
						<ns3:cad>80.0</ns3:cad>
						<ns3:hr>139</ns3:hr>
					</ns3:TrackPointExtension>
				</extensions>
			</trkpt>
			<trkpt lat="12.983116" lon="77.69193702">
				<ele>893.65</ele>
				<time>2026-07-28T15:42:42Z</time>
				<extensions>
					<ns3:TrackPointExtension>
						<ns3:speed>1.9</ns3:speed>
						<ns3:cad>80.0</ns3:cad>
						<ns3:hr>138</ns3:hr>
					</ns3:TrackPointExtension>
				</extensions>
			</trkpt>
			<trkpt lat="12.98310734" lon="77.69195468">
				<ele>893.64</ele>
				<time>2026-07-28T15:42:43Z</time>
				<extensions>
					<ns3:TrackPointExtension>
						<ns3:speed>1.9</ns3:speed>
						<ns3:cad>80.0</ns3:cad>
						<ns3:hr>138</ns3:hr>
					</ns3:TrackPointExtension>
				</extensions>
			</trkpt>
			<trkpt lat="12.98309834" lon="77.69197101">
				<ele>893.64</ele>
				<time>2026-07-28T15:42:44Z</time>
				<extensions>
					<ns3:TrackPointExtension>
						<ns3:speed>1.9</ns3:speed>
						<ns3:cad>81.0</ns3:cad>
						<ns3:hr>138</ns3:hr>
					</ns3:TrackPointExtension>
				</extensions>
			</trkpt>
			<trkpt lat="12.98308801" lon="77.69198701">
				<ele>893.63</ele>
				<time>2026-07-28T15:42:45Z</time>
				<extensions>
					<ns3:TrackPointExtension>
						<ns3:speed>1.9</ns3:speed>
						<ns3:cad>81.0</ns3:cad>
						<ns3:hr>138</ns3:hr>
					</ns3:TrackPointExtension>
				</extensions>
			</trkpt>
			<trkpt lat="12.98307735" lon="77.69200167">
				<ele>893.62</ele>
				<time>2026-07-28T15:42:46Z</time>
				<extensions>
					<ns3:TrackPointExtension>
						<ns3:speed>1.9</ns3:speed>
						<ns3:cad>81.0</ns3:cad>
						<ns3:hr>138</ns3:hr>
					</ns3:TrackPointExtension>
				</extensions>
			</trkpt>
			<trkpt lat="12.98306569" lon="77.69201466">
				<ele>893.62</ele>
				<time>2026-07-28T15:42:47Z</time>
				<extensions>
					<ns3:TrackPointExtension>
						<ns3:speed>1.9</ns3:speed>
						<ns3:cad>81.0</ns3:cad>
						<ns3:hr>137</ns3:hr>
					</ns3:TrackPointExtension>
				</extensions>
			</trkpt>
			<trkpt lat="12.98305303" lon="77.69202599">
				<ele>893.61</ele>
				<time>2026-07-28T15:42:48Z</time>
				<extensions>
					<ns3:TrackPointExtension>
						<ns3:speed>1.9</ns3:speed>
						<ns3:cad>81.0</ns3:cad>
						<ns3:hr>137</ns3:hr>
					</ns3:TrackPointExtension>
				</extensions>
			</trkpt>
			<trkpt lat="12.9830407" lon="77.69203665">
				<ele>893.61</ele>
				<time>2026-07-28T15:42:49Z</time>
				<extensions>
					<ns3:TrackPointExtension>
						<ns3:speed>1.9</ns3:speed>
						<ns3:cad>81.0</ns3:cad>
						<ns3:hr>137</ns3:hr>
					</ns3:TrackPointExtension>
				</extensions>
			</trkpt>
			<trkpt lat="12.98302737" lon="77.69204598">
				<ele>893.6</ele>
				<time>2026-07-28T15:42:50Z</time>
				<extensions>
					<ns3:TrackPointExtension>
						<ns3:speed>1.88</ns3:speed>
						<ns3:cad>81.0</ns3:cad>
						<ns3:hr>138</ns3:hr>
					</ns3:TrackPointExtension>
				</extensions>
			</trkpt>
			<trkpt lat="12.98301438" lon="77.69205531">
				<ele>893.6</ele>
				<time>2026-07-28T15:42:51Z</time>
				<extensions>
					<ns3:TrackPointExtension>
						<ns3:speed>1.86</ns3:speed>
						<ns3:cad>81.0</ns3:cad>
						<ns3:hr>137</ns3:hr>
					</ns3:TrackPointExtension>
				</extensions>
			</trkpt>
			<trkpt lat="12.98299972" lon="77.69206264">
				<ele>893.58</ele>
				<time>2026-07-28T15:42:52Z</time>
				<extensions>
					<ns3:TrackPointExtension>
						<ns3:speed>1.85</ns3:speed>
						<ns3:cad>81.0</ns3:cad>
						<ns3:hr>137</ns3:hr>
					</ns3:TrackPointExtension>
				</extensions>
			</trkpt>
			<trkpt lat="12.98298506" lon="77.6920713">
				<ele>893.58</ele>
				<time>2026-07-28T15:42:53Z</time>
				<extensions>
					<ns3:TrackPointExtension>
						<ns3:speed>1.84</ns3:speed>
						<ns3:cad>81.0</ns3:cad>
						<ns3:hr>137</ns3:hr>
					</ns3:TrackPointExtension>
				</extensions>
			</trkpt>
			<trkpt lat="12.9829714" lon="77.6920803">
				<ele>893.57</ele>
				<time>2026-07-28T15:42:54Z</time>
				<extensions>
					<ns3:TrackPointExtension>
						<ns3:speed>1.83</ns3:speed>
						<ns3:cad>81.0</ns3:cad>
						<ns3:hr>138</ns3:hr>
					</ns3:TrackPointExtension>
				</extensions>
			</trkpt>
			<trkpt lat="12.98295807" lon="77.6920903">
				<ele>893.57</ele>
				<time>2026-07-28T15:42:55Z</time>
				<extensions>
					<ns3:TrackPointExtension>
						<ns3:speed>1.83</ns3:speed>
						<ns3:cad>81.0</ns3:cad>
						<ns3:hr>139</ns3:hr>
					</ns3:TrackPointExtension>
				</extensions>
			</trkpt>
			<trkpt lat="12.98294341" lon="77.69209863">
				<ele>893.57</ele>
				<time>2026-07-28T15:42:56Z</time>
				<extensions>
					<ns3:TrackPointExtension>
						<ns3:speed>1.83</ns3:speed>
						<ns3:cad>81.0</ns3:cad>
						<ns3:hr>139</ns3:hr>
					</ns3:TrackPointExtension>
				</extensions>
			</trkpt>
			<trkpt lat="12.98292775" lon="77.69210663">
				<ele>893.56</ele>
				<time>2026-07-28T15:42:57Z</time>
				<extensions>
					<ns3:TrackPointExtension>
						<ns3:speed>1.83</ns3:speed>
						<ns3:cad>81.0</ns3:cad>
						<ns3:hr>140</ns3:hr>
					</ns3:TrackPointExtension>
				</extensions>
			</trkpt>
			<trkpt lat="12.98291176" lon="77.69211296">
				<ele>893.56</ele>
				<time>2026-07-28T15:42:58Z</time>
				<extensions>
					<ns3:TrackPointExtension>
						<ns3:speed>1.84</ns3:speed>
						<ns3:cad>81.0</ns3:cad>
						<ns3:hr>139</ns3:hr>
					</ns3:TrackPointExtension>
				</extensions>
			</trkpt>
			<trkpt lat="12.9828951" lon="77.69212062">
				<ele>893.57</ele>
				<time>2026-07-28T15:42:59Z</time>
				<extensions>
					<ns3:TrackPointExtension>
						<ns3:speed>1.85</ns3:speed>
						<ns3:cad>81.0</ns3:cad>
						<ns3:hr>140</ns3:hr>
					</ns3:TrackPointExtension>
				</extensions>
			</trkpt>
			<trkpt lat="12.98287877" lon="77.69212728">
				<ele>893.57</ele>
				<time>2026-07-28T15:43:00Z</time>
				<extensions>
					<ns3:TrackPointExtension>
						<ns3:speed>1.86</ns3:speed>
						<ns3:cad>81.0</ns3:cad>
						<ns3:hr>140</ns3:hr>
					</ns3:TrackPointExtension>
				</extensions>
			</trkpt>
			<trkpt lat="12.98286311" lon="77.69213394">
				<ele>893.57</ele>
				<time>2026-07-28T15:43:01Z</time>
				<extensions>
					<ns3:TrackPointExtension>
						<ns3:speed>1.86</ns3:speed>
						<ns3:cad>81.0</ns3:cad>
						<ns3:hr>140</ns3:hr>
					</ns3:TrackPointExtension>
				</extensions>
			</trkpt>
			<trkpt lat="12.98284745" lon="77.69214127">
				<ele>893.57</ele>
				<time>2026-07-28T15:43:02Z</time>
				<extensions>
					<ns3:TrackPointExtension>
						<ns3:speed>1.87</ns3:speed>
						<ns3:cad>81.0</ns3:cad>
						<ns3:hr>140</ns3:hr>
					</ns3:TrackPointExtension>
				</extensions>
			</trkpt>
			<trkpt lat="12.98283212" lon="77.69214893">
				<ele>893.58</ele>
				<time>2026-07-28T15:43:03Z</time>
				<extensions>
					<ns3:TrackPointExtension>
						<ns3:speed>1.86</ns3:speed>
						<ns3:cad>81.0</ns3:cad>
						<ns3:hr>140</ns3:hr>
					</ns3:TrackPointExtension>
				</extensions>
			</trkpt>
			<trkpt lat="12.98281779" lon="77.69215759">
				<ele>893.58</ele>
				<time>2026-07-28T15:43:04Z</time>
				<extensions>
					<ns3:TrackPointExtension>
						<ns3:speed>1.86</ns3:speed>
						<ns3:cad>80.0</ns3:cad>
						<ns3:hr>139</ns3:hr>
					</ns3:TrackPointExtension>
				</extensions>
			</trkpt>
			<trkpt lat="12.98280379" lon="77.69216758">
				<ele>893.59</ele>
				<time>2026-07-28T15:43:05Z</time>
				<extensions>
					<ns3:TrackPointExtension>
						<ns3:speed>1.87</ns3:speed>
						<ns3:cad>80.0</ns3:cad>
						<ns3:hr>139</ns3:hr>
					</ns3:TrackPointExtension>
				</extensions>
			</trkpt>
			<trkpt lat="12.9827908" lon="77.69217824">
				<ele>893.6</ele>
				<time>2026-07-28T15:43:06Z</time>
				<extensions>
					<ns3:TrackPointExtension>
						<ns3:speed>1.87</ns3:speed>
						<ns3:cad>81.0</ns3:cad>
						<ns3:hr>141</ns3:hr>
					</ns3:TrackPointExtension>
				</extensions>
			</trkpt>
			<trkpt lat="12.9827778" lon="77.69218924">
				<ele>893.6</ele>
				<time>2026-07-28T15:43:07Z</time>
				<extensions>
					<ns3:TrackPointExtension>
						<ns3:speed>1.87</ns3:speed>
						<ns3:cad>81.0</ns3:cad>
						<ns3:hr>140</ns3:hr>
					</ns3:TrackPointExtension>
				</extensions>
			</trkpt>
			<trkpt lat="12.98276581" lon="77.6921999">
				<ele>893.61</ele>
				<time>2026-07-28T15:43:08Z</time>
				<extensions>
					<ns3:TrackPointExtension>
						<ns3:speed>1.87</ns3:speed>
						<ns3:cad>81.0</ns3:cad>
						<ns3:hr>141</ns3:hr>
					</ns3:TrackPointExtension>
				</extensions>
			</trkpt>
			<trkpt lat="12.98275415" lon="77.69221156">
				<ele>893.63</ele>
				<time>2026-07-28T15:43:09Z</time>
				<extensions>
					<ns3:TrackPointExtension>
						<ns3:speed>1.86</ns3:speed>
						<ns3:cad>80.0</ns3:cad>
						<ns3:hr>141</ns3:hr>
					</ns3:TrackPointExtension>
				</extensions>
			</trkpt>
			<trkpt lat="12.98274215" lon="77.69222389">
				<ele>893.64</ele>
				<time>2026-07-28T15:43:10Z</time>
				<extensions>
					<ns3:TrackPointExtension>
						<ns3:speed>1.86</ns3:speed>
						<ns3:cad>80.0</ns3:cad>
						<ns3:hr>141</ns3:hr>
					</ns3:TrackPointExtension>
				</extensions>
			</trkpt>
			<trkpt lat="12.98273116" lon="77.69223655">
				<ele>893.66</ele>
				<time>2026-07-28T15:43:11Z</time>
				<extensions>
					<ns3:TrackPointExtension>
						<ns3:speed>1.85</ns3:speed>
						<ns3:cad>80.0</ns3:cad>
						<ns3:hr>140</ns3:hr>
					</ns3:TrackPointExtension>
				</extensions>
			</trkpt>
			<trkpt lat="12.98272183" lon="77.69224888">
				<ele>893.67</ele>
				<time>2026-07-28T15:43:12Z</time>
				<extensions>
					<ns3:TrackPointExtension>
						<ns3:speed>1.84</ns3:speed>
						<ns3:cad>80.0</ns3:cad>
						<ns3:hr>140</ns3:hr>
					</ns3:TrackPointExtension>
				</extensions>
			</trkpt>
			<trkpt lat="12.9827125" lon="77.69226154">
				<ele>893.7</ele>
				<time>2026-07-28T15:43:13Z</time>
				<extensions>
					<ns3:TrackPointExtension>
						<ns3:speed>1.83</ns3:speed>
						<ns3:cad>80.0</ns3:cad>
						<ns3:hr>140</ns3:hr>
					</ns3:TrackPointExtension>
				</extensions>
			</trkpt>
			<trkpt lat="12.98270384" lon="77.6922752">
				<ele>893.71</ele>
				<time>2026-07-28T15:43:14Z</time>
				<extensions>
					<ns3:TrackPointExtension>
						<ns3:speed>1.82</ns3:speed>
						<ns3:cad>80.0</ns3:cad>
						<ns3:hr>140</ns3:hr>
					</ns3:TrackPointExtension>
				</extensions>
			</trkpt>
			<trkpt lat="12.98269618" lon="77.69228853">
				<ele>893.73</ele>
				<time>2026-07-28T15:43:15Z</time>
				<extensions>
					<ns3:TrackPointExtension>
						<ns3:speed>1.81</ns3:speed>
						<ns3:cad>81.0</ns3:cad>
						<ns3:hr>140</ns3:hr>
					</ns3:TrackPointExtension>
				</extensions>
			</trkpt>
			<trkpt lat="12.98268885" lon="77.69230186">
				<ele>893.74</ele>
				<time>2026-07-28T15:43:16Z</time>
				<extensions>
					<ns3:TrackPointExtension>
						<ns3:speed>1.8</ns3:speed>
						<ns3:cad>81.0</ns3:cad>
						<ns3:hr>139</ns3:hr>
					</ns3:TrackPointExtension>
				</extensions>
			</trkpt>
			<trkpt lat="12.98268052" lon="77.69231552">
				<ele>893.75</ele>
				<time>2026-07-28T15:43:17Z</time>
				<extensions>
					<ns3:TrackPointExtension>
						<ns3:speed>1.78</ns3:speed>
						<ns3:cad>81.0</ns3:cad>
						<ns3:hr>140</ns3:hr>
					</ns3:TrackPointExtension>
				</extensions>
			</trkpt>
			<trkpt lat="12.98267219" lon="77.69232818">
				<ele>893.76</ele>
				<time>2026-07-28T15:43:18Z</time>
				<extensions>
					<ns3:TrackPointExtension>
						<ns3:speed>1.77</ns3:speed>
						<ns3:cad>81.0</ns3:cad>
						<ns3:hr>140</ns3:hr>
					</ns3:TrackPointExtension>
				</extensions>
			</trkpt>
			<trkpt lat="12.98266119" lon="77.69233918">
				<ele>893.76</ele>
				<time>2026-07-28T15:43:19Z</time>
				<extensions>
					<ns3:TrackPointExtension>
						<ns3:speed>1.76</ns3:speed>
						<ns3:cad>81.0</ns3:cad>
						<ns3:hr>140</ns3:hr>
					</ns3:TrackPointExtension>
				</extensions>
			</trkpt>
			<trkpt lat="12.9826492" lon="77.69234918">
				<ele>893.77</ele>
				<time>2026-07-28T15:43:20Z</time>
				<extensions>
					<ns3:TrackPointExtension>
						<ns3:speed>1.75</ns3:speed>
						<ns3:cad>81.0</ns3:cad>
						<ns3:hr>140</ns3:hr>
					</ns3:TrackPointExtension>
				</extensions>
			</trkpt>
			<trkpt lat="12.98263621" lon="77.69235617">
				<ele>893.78</ele>
				<time>2026-07-28T15:43:21Z</time>
				<extensions>
					<ns3:TrackPointExtension>
						<ns3:speed>1.75</ns3:speed>
						<ns3:cad>81.0</ns3:cad>
						<ns3:hr>140</ns3:hr>
					</ns3:TrackPointExtension>
				</extensions>
			</trkpt>
			<trkpt lat="12.98262288" lon="77.6923595">
				<ele>893.79</ele>
				<time>2026-07-28T15:43:22Z</time>
				<extensions>
					<ns3:TrackPointExtension>
						<ns3:speed>1.74</ns3:speed>
						<ns3:cad>81.0</ns3:cad>
						<ns3:hr>140</ns3:hr>
					</ns3:TrackPointExtension>
				</extensions>
			</trkpt>
			<trkpt lat="12.98260822" lon="77.69236249">
				<ele>893.79</ele>
				<time>2026-07-28T15:43:23Z</time>
				<extensions>
					<ns3:TrackPointExtension>
						<ns3:speed>1.73</ns3:speed>
						<ns3:cad>81.0</ns3:cad>
						<ns3:hr>141</ns3:hr>
					</ns3:TrackPointExtension>
				</extensions>
			</trkpt>
			<trkpt lat="12.98259289" lon="77.69236415">
				<ele>893.79</ele>
				<time>2026-07-28T15:43:24Z</time>
				<extensions>
					<ns3:TrackPointExtension>
						<ns3:speed>1.73</ns3:speed>
						<ns3:cad>81.0</ns3:cad>
						<ns3:hr>141</ns3:hr>
					</ns3:TrackPointExtension>
				</extensions>
			</trkpt>
			<trkpt lat="12.98257756" lon="77.69236481">
				<ele>893.8</ele>
				<time>2026-07-28T15:43:25Z</time>
				<extensions>
					<ns3:TrackPointExtension>
						<ns3:speed>1.73</ns3:speed>
						<ns3:cad>81.0</ns3:cad>
						<ns3:hr>142</ns3:hr>
					</ns3:TrackPointExtension>
				</extensions>
			</trkpt>
			<trkpt lat="12.9825609" lon="77.69236547">
				<ele>893.8</ele>
				<time>2026-07-28T15:43:26Z</time>
				<extensions>
					<ns3:TrackPointExtension>
						<ns3:speed>1.73</ns3:speed>
						<ns3:cad>81.0</ns3:cad>
						<ns3:hr>142</ns3:hr>
					</ns3:TrackPointExtension>
				</extensions>
			</trkpt>
			<trkpt lat="12.98254391" lon="77.69236547">
				<ele>893.81</ele>
				<time>2026-07-28T15:43:27Z</time>
				<extensions>
					<ns3:TrackPointExtension>
						<ns3:speed>1.73</ns3:speed>
						<ns3:cad>81.0</ns3:cad>
						<ns3:hr>143</ns3:hr>
					</ns3:TrackPointExtension>
				</extensions>
			</trkpt>
			<trkpt lat="12.98252558" lon="77.69236281">
				<ele>893.82</ele>
				<time>2026-07-28T15:43:28Z</time>
				<extensions>
					<ns3:TrackPointExtension>
						<ns3:speed>1.74</ns3:speed>
						<ns3:cad>81.0</ns3:cad>
						<ns3:hr>143</ns3:hr>
					</ns3:TrackPointExtension>
				</extensions>
			</trkpt>
			<trkpt lat="12.98250659" lon="77.69235915">
				<ele>893.83</ele>
				<time>2026-07-28T15:43:29Z</time>
				<extensions>
					<ns3:TrackPointExtension>
						<ns3:speed>1.74</ns3:speed>
						<ns3:cad>81.0</ns3:cad>
						<ns3:hr>143</ns3:hr>
					</ns3:TrackPointExtension>
				</extensions>
			</trkpt>
			<trkpt lat="12.98248926" lon="77.69235649">
				<ele>893.83</ele>
				<time>2026-07-28T15:43:30Z</time>
				<extensions>
					<ns3:TrackPointExtension>
						<ns3:speed>1.75</ns3:speed>
						<ns3:cad>80.0</ns3:cad>
						<ns3:hr>144</ns3:hr>
					</ns3:TrackPointExtension>
				</extensions>
			</trkpt>
			<trkpt lat="12.9824726" lon="77.69235416">
				<ele>893.85</ele>
				<time>2026-07-28T15:43:31Z</time>
				<extensions>
					<ns3:TrackPointExtension>
						<ns3:speed>1.75</ns3:speed>
						<ns3:cad>80.0</ns3:cad>
						<ns3:hr>144</ns3:hr>
					</ns3:TrackPointExtension>
				</extensions>
			</trkpt>
			<trkpt lat="12.98245561" lon="77.69235216">
				<ele>893.85</ele>
				<time>2026-07-28T15:43:32Z</time>
				<extensions>
					<ns3:TrackPointExtension>
						<ns3:speed>1.75</ns3:speed>
						<ns3:cad>80.0</ns3:cad>
						<ns3:hr>144</ns3:hr>
					</ns3:TrackPointExtension>
				</extensions>
			</trkpt>
			<trkpt lat="12.98243828" lon="77.69235083">
				<ele>893.86</ele>
				<time>2026-07-28T15:43:33Z</time>
				<extensions>
					<ns3:TrackPointExtension>
						<ns3:speed>1.76</ns3:speed>
						<ns3:cad>80.0</ns3:cad>
						<ns3:hr>146</ns3:hr>
					</ns3:TrackPointExtension>
				</extensions>
			</trkpt>
			<trkpt lat="12.98242029" lon="77.69235149">
				<ele>893.88</ele>
				<time>2026-07-28T15:43:34Z</time>
				<extensions>
					<ns3:TrackPointExtension>
						<ns3:speed>1.76</ns3:speed>
						<ns3:cad>81.0</ns3:cad>
						<ns3:hr>146</ns3:hr>
					</ns3:TrackPointExtension>
				</extensions>
			</trkpt>
			<trkpt lat="12.9824013" lon="77.69235116">
				<ele>893.9</ele>
				<time>2026-07-28T15:43:35Z</time>
				<extensions>
					<ns3:TrackPointExtension>
						<ns3:speed>1.76</ns3:speed>
						<ns3:cad>81.0</ns3:cad>
						<ns3:hr>146</ns3:hr>
					</ns3:TrackPointExtension>
				</extensions>
			</trkpt>
			<trkpt lat="12.98238197" lon="77.69234883">
				<ele>893.93</ele>
				<time>2026-07-28T15:43:36Z</time>
				<extensions>
					<ns3:TrackPointExtension>
						<ns3:speed>1.76</ns3:speed>
						<ns3:cad>81.0</ns3:cad>
						<ns3:hr>146</ns3:hr>
					</ns3:TrackPointExtension>
				</extensions>
			</trkpt>
			<trkpt lat="12.98236331" lon="77.69234483">
				<ele>893.94</ele>
				<time>2026-07-28T15:43:37Z</time>
				<extensions>
					<ns3:TrackPointExtension>
						<ns3:speed>1.78</ns3:speed>
						<ns3:cad>81.0</ns3:cad>
						<ns3:hr>146</ns3:hr>
					</ns3:TrackPointExtension>
				</extensions>
			</trkpt>
			<trkpt lat="12.98234398" lon="77.69233917">
				<ele>893.97</ele>
				<time>2026-07-28T15:43:38Z</time>
				<extensions>
					<ns3:TrackPointExtension>
						<ns3:speed>1.79</ns3:speed>
						<ns3:cad>81.0</ns3:cad>
						<ns3:hr>147</ns3:hr>
					</ns3:TrackPointExtension>
				</extensions>
			</trkpt>
			<trkpt lat="12.98232632" lon="77.69233218">
				<ele>893.99</ele>
				<time>2026-07-28T15:43:39Z</time>
				<extensions>
					<ns3:TrackPointExtension>
						<ns3:speed>1.8</ns3:speed>
						<ns3:cad>81.0</ns3:cad>
						<ns3:hr>147</ns3:hr>
					</ns3:TrackPointExtension>
				</extensions>
			</trkpt>
			<trkpt lat="12.98230899" lon="77.69232352">
				<ele>894.02</ele>
				<time>2026-07-28T15:43:40Z</time>
				<extensions>
					<ns3:TrackPointExtension>
						<ns3:speed>1.81</ns3:speed>
						<ns3:cad>81.0</ns3:cad>
						<ns3:hr>147</ns3:hr>
					</ns3:TrackPointExtension>
				</extensions>
			</trkpt>
			<trkpt lat="12.98229399" lon="77.69231252">
				<ele>894.04</ele>
				<time>2026-07-28T15:43:41Z</time>
				<extensions>
					<ns3:TrackPointExtension>
						<ns3:speed>1.83</ns3:speed>
						<ns3:cad>80.0</ns3:cad>
						<ns3:hr>147</ns3:hr>
					</ns3:TrackPointExtension>
				</extensions>
			</trkpt>
			<trkpt lat="12.98227966" lon="77.69230019">
				<ele>894.04</ele>
				<time>2026-07-28T15:43:42Z</time>
				<extensions>
					<ns3:TrackPointExtension>
					</ns3:TrackPointExtension>
				</extensions>
			</trkpt>
			<trkpt lat="12.98226767" lon="77.69228786">
				<ele>894.06</ele>
				<time>2026-07-28T15:43:43Z</time>
				<extensions>
					<ns3:TrackPointExtension>
						<ns3:speed>1.84</ns3:speed>
						<ns3:cad>80.0</ns3:cad>
						<ns3:hr>147</ns3:hr>
					</ns3:TrackPointExtension>
				</extensions>
			</trkpt>
			<trkpt lat="12.98225701" lon="77.69227486">
				<ele>894.08</ele>
				<time>2026-07-28T15:43:44Z</time>
				<extensions>
					<ns3:TrackPointExtension>
						<ns3:speed>1.84</ns3:speed>
						<ns3:cad>81.0</ns3:cad>
						<ns3:hr>147</ns3:hr>
					</ns3:TrackPointExtension>
				</extensions>
			</trkpt>
			<trkpt lat="12.98224701" lon="77.69226187">
				<ele>894.09</ele>
				<time>2026-07-28T15:43:45Z</time>
				<extensions>
					<ns3:TrackPointExtension>
						<ns3:speed>1.84</ns3:speed>
						<ns3:cad>81.0</ns3:cad>
						<ns3:hr>147</ns3:hr>
					</ns3:TrackPointExtension>
				</extensions>
			</trkpt>
			<trkpt lat="12.98223602" lon="77.69224788">
				<ele>894.1</ele>
				<time>2026-07-28T15:43:46Z</time>
				<extensions>
					<ns3:TrackPointExtension>
						<ns3:speed>1.84</ns3:speed>
						<ns3:cad>80.0</ns3:cad>
						<ns3:hr>147</ns3:hr>
					</ns3:TrackPointExtension>
				</extensions>
			</trkpt>
			<trkpt lat="12.98222469" lon="77.69223488">
				<ele>894.12</ele>
				<time>2026-07-28T15:43:47Z</time>
				<extensions>
					<ns3:TrackPointExtension>
						<ns3:speed>1.84</ns3:speed>
						<ns3:cad>80.0</ns3:cad>
						<ns3:hr>146</ns3:hr>
					</ns3:TrackPointExtension>
				</extensions>
			</trkpt>
			<trkpt lat="12.98221336" lon="77.69222322">
				<ele>894.13</ele>
				<time>2026-07-28T15:43:48Z</time>
				<extensions>
					<ns3:TrackPointExtension>
						<ns3:speed>1.84</ns3:speed>
						<ns3:cad>80.0</ns3:cad>
						<ns3:hr>147</ns3:hr>
					</ns3:TrackPointExtension>
				</extensions>
			</trkpt>
			<trkpt lat="12.98220203" lon="77.69221089">
				<ele>894.14</ele>
				<time>2026-07-28T15:43:49Z</time>
				<extensions>
					<ns3:TrackPointExtension>
						<ns3:speed>1.84</ns3:speed>
						<ns3:cad>80.0</ns3:cad>
						<ns3:hr>148</ns3:hr>
					</ns3:TrackPointExtension>
				</extensions>
			</trkpt>
			<trkpt lat="12.98219104" lon="77.69219823">
				<ele>894.14</ele>
				<time>2026-07-28T15:43:50Z</time>
				<extensions>
					<ns3:TrackPointExtension>
						<ns3:speed>1.84</ns3:speed>
						<ns3:cad>80.0</ns3:cad>
						<ns3:hr>147</ns3:hr>
					</ns3:TrackPointExtension>
				</extensions>
			</trkpt>
			<trkpt lat="12.98218138" lon="77.69218457">
				<ele>894.14</ele>
				<time>2026-07-28T15:43:51Z</time>
				<extensions>
					<ns3:TrackPointExtension>
						<ns3:speed>1.84</ns3:speed>
						<ns3:cad>80.0</ns3:cad>
						<ns3:hr>147</ns3:hr>
					</ns3:TrackPointExtension>
				</extensions>
			</trkpt>
			<trkpt lat="12.98217072" lon="77.69217091">
				<ele>894.14</ele>
				<time>2026-07-28T15:43:52Z</time>
				<extensions>
					<ns3:TrackPointExtension>
						<ns3:speed>1.84</ns3:speed>
						<ns3:cad>80.0</ns3:cad>
						<ns3:hr>146</ns3:hr>
					</ns3:TrackPointExtension>
				</extensions>
			</trkpt>
			<trkpt lat="12.98216039" lon="77.69215758">
				<ele>894.14</ele>
				<time>2026-07-28T15:43:53Z</time>
				<extensions>
					<ns3:TrackPointExtension>
						<ns3:speed>1.84</ns3:speed>
						<ns3:cad>80.0</ns3:cad>
						<ns3:hr>145</ns3:hr>
					</ns3:TrackPointExtension>
				</extensions>
			</trkpt>
			<trkpt lat="12.98215006" lon="77.69214325">
				<ele>894.14</ele>
				<time>2026-07-28T15:43:54Z</time>
				<extensions>
					<ns3:TrackPointExtension>
						<ns3:speed>1.84</ns3:speed>
						<ns3:cad>80.0</ns3:cad>
						<ns3:hr>146</ns3:hr>
					</ns3:TrackPointExtension>
				</extensions>
			</trkpt>
			<trkpt lat="12.98214006" lon="77.69212959">
				<ele>894.14</ele>
				<time>2026-07-28T15:43:55Z</time>
				<extensions>
					<ns3:TrackPointExtension>
						<ns3:speed>1.84</ns3:speed>
						<ns3:cad>81.0</ns3:cad>
						<ns3:hr>146</ns3:hr>
					</ns3:TrackPointExtension>
				</extensions>
			</trkpt>
			<trkpt lat="12.98212907" lon="77.69211659">
				<ele>894.14</ele>
				<time>2026-07-28T15:43:56Z</time>
				<extensions>
					<ns3:TrackPointExtension>
						<ns3:speed>1.84</ns3:speed>
						<ns3:cad>81.0</ns3:cad>
						<ns3:hr>146</ns3:hr>
					</ns3:TrackPointExtension>
				</extensions>
			</trkpt>
			<trkpt lat="12.98211807" lon="77.69210293">
				<ele>894.14</ele>
				<time>2026-07-28T15:43:57Z</time>
				<extensions>
					<ns3:TrackPointExtension>
						<ns3:speed>1.84</ns3:speed>
						<ns3:cad>81.0</ns3:cad>
						<ns3:hr>146</ns3:hr>
					</ns3:TrackPointExtension>
				</extensions>
			</trkpt>
			<trkpt lat="12.98210674" lon="77.69208793">
				<ele>894.14</ele>
				<time>2026-07-28T15:43:58Z</time>
				<extensions>
					<ns3:TrackPointExtension>
						<ns3:speed>1.84</ns3:speed>
						<ns3:cad>81.0</ns3:cad>
						<ns3:hr>146</ns3:hr>
					</ns3:TrackPointExtension>
				</extensions>
			</trkpt>
			<trkpt lat="12.98209475" lon="77.69207327">
				<ele>894.15</ele>
				<time>2026-07-28T15:43:59Z</time>
				<extensions>
					<ns3:TrackPointExtension>
						<ns3:speed>1.84</ns3:speed>
						<ns3:cad>81.0</ns3:cad>
						<ns3:hr>145</ns3:hr>
					</ns3:TrackPointExtension>
				</extensions>
			</trkpt>
			<trkpt lat="12.98208209" lon="77.69205894">
				<ele>894.16</ele>
				<time>2026-07-28T15:44:00Z</time>
				<extensions>
					<ns3:TrackPointExtension>
						<ns3:speed>1.84</ns3:speed>
						<ns3:cad>81.0</ns3:cad>
						<ns3:hr>144</ns3:hr>
					</ns3:TrackPointExtension>
				</extensions>
			</trkpt>
			<trkpt lat="12.98206909" lon="77.69204695">
				<ele>894.17</ele>
				<time>2026-07-28T15:44:01Z</time>
				<extensions>
					<ns3:TrackPointExtension>
						<ns3:speed>1.85</ns3:speed>
						<ns3:cad>81.0</ns3:cad>
						<ns3:hr>144</ns3:hr>
					</ns3:TrackPointExtension>
				</extensions>
			</trkpt>
			<trkpt lat="12.98205543" lon="77.69203662">
				<ele>894.17</ele>
				<time>2026-07-28T15:44:02Z</time>
				<extensions>
					<ns3:TrackPointExtension>
						<ns3:speed>1.84</ns3:speed>
						<ns3:cad>81.0</ns3:cad>
						<ns3:hr>144</ns3:hr>
					</ns3:TrackPointExtension>
				</extensions>
			</trkpt>
			<trkpt lat="12.98204077" lon="77.69202696">
				<ele>894.17</ele>
				<time>2026-07-28T15:44:03Z</time>
				<extensions>
					<ns3:TrackPointExtension>
						<ns3:speed>1.84</ns3:speed>
						<ns3:cad>81.0</ns3:cad>
						<ns3:hr>143</ns3:hr>
					</ns3:TrackPointExtension>
				</extensions>
			</trkpt>
			<trkpt lat="12.98202578" lon="77.69201763">
				<ele>894.17</ele>
				<time>2026-07-28T15:44:04Z</time>
				<extensions>
					<ns3:TrackPointExtension>
						<ns3:speed>1.84</ns3:speed>
						<ns3:cad>81.0</ns3:cad>
						<ns3:hr>143</ns3:hr>
					</ns3:TrackPointExtension>
				</extensions>
			</trkpt>
			<trkpt lat="12.98201079" lon="77.69200963">
				<ele>894.18</ele>
				<time>2026-07-28T15:44:05Z</time>
				<extensions>
					<ns3:TrackPointExtension>
						<ns3:speed>1.84</ns3:speed>
						<ns3:cad>81.0</ns3:cad>
						<ns3:hr>142</ns3:hr>
					</ns3:TrackPointExtension>
				</extensions>
			</trkpt>
			<trkpt lat="12.98199713" lon="77.6920013">
				<ele>894.18</ele>
				<time>2026-07-28T15:44:06Z</time>
				<extensions>
					<ns3:TrackPointExtension>
						<ns3:speed>1.83</ns3:speed>
						<ns3:cad>81.0</ns3:cad>
						<ns3:hr>142</ns3:hr>
					</ns3:TrackPointExtension>
				</extensions>
			</trkpt>
			<trkpt lat="12.9819868" lon="77.69199197">
				<ele>894.17</ele>
				<time>2026-07-28T15:44:07Z</time>
				<extensions>
					<ns3:TrackPointExtension>
						<ns3:speed>1.83</ns3:speed>
						<ns3:cad>81.0</ns3:cad>
						<ns3:hr>142</ns3:hr>
					</ns3:TrackPointExtension>
				</extensions>
			</trkpt>
			<trkpt lat="12.98198081" lon="77.69197864">
				<ele>894.18</ele>
				<time>2026-07-28T15:44:08Z</time>
				<extensions>
					<ns3:TrackPointExtension>
						<ns3:speed>1.82</ns3:speed>
						<ns3:cad>81.0</ns3:cad>
						<ns3:hr>141</ns3:hr>
					</ns3:TrackPointExtension>
				</extensions>
			</trkpt>
			<trkpt lat="12.98197782" lon="77.69196398">
				<ele>894.17</ele>
				<time>2026-07-28T15:44:09Z</time>
				<extensions>
					<ns3:TrackPointExtension>
						<ns3:speed>1.82</ns3:speed>
						<ns3:cad>80.0</ns3:cad>
						<ns3:hr>141</ns3:hr>
					</ns3:TrackPointExtension>
				</extensions>
			</trkpt>
			<trkpt lat="12.98197815" lon="77.69194865">
				<ele>894.18</ele>
				<time>2026-07-28T15:44:10Z</time>
				<extensions>
					<ns3:TrackPointExtension>
						<ns3:speed>1.82</ns3:speed>
						<ns3:cad>80.0</ns3:cad>
						<ns3:hr>140</ns3:hr>
					</ns3:TrackPointExtension>
				</extensions>
			</trkpt>
			<trkpt lat="12.98198015" lon="77.69193232">
				<ele>894.17</ele>
				<time>2026-07-28T15:44:11Z</time>
				<extensions>
					<ns3:TrackPointExtension>
						<ns3:speed>1.82</ns3:speed>
						<ns3:cad>80.0</ns3:cad>
						<ns3:hr>140</ns3:hr>
					</ns3:TrackPointExtension>
				</extensions>
			</trkpt>
			<trkpt lat="12.98198215" lon="77.69191632">
				<ele>894.15</ele>
				<time>2026-07-28T15:44:12Z</time>
				<extensions>
					<ns3:TrackPointExtension>
						<ns3:speed>1.83</ns3:speed>
						<ns3:cad>80.0</ns3:cad>
						<ns3:hr>140</ns3:hr>
					</ns3:TrackPointExtension>
				</extensions>
			</trkpt>
			<trkpt lat="12.98198448" lon="77.69189999">
				<ele>894.14</ele>
				<time>2026-07-28T15:44:13Z</time>
				<extensions>
					<ns3:TrackPointExtension>
						<ns3:speed>1.83</ns3:speed>
						<ns3:cad>81.0</ns3:cad>
						<ns3:hr>141</ns3:hr>
					</ns3:TrackPointExtension>
				</extensions>
			</trkpt>
			<trkpt lat="12.98198747" lon="77.69188366">
				<ele>894.12</ele>
				<time>2026-07-28T15:44:14Z</time>
				<extensions>
					<ns3:TrackPointExtension>
						<ns3:speed>1.84</ns3:speed>
						<ns3:cad>81.0</ns3:cad>
						<ns3:hr>141</ns3:hr>
					</ns3:TrackPointExtension>
				</extensions>
			</trkpt>
			<trkpt lat="12.98199113" lon="77.69186766">
				<ele>894.09</ele>
				<time>2026-07-28T15:44:15Z</time>
				<extensions>
					<ns3:TrackPointExtension>
						<ns3:speed>1.83</ns3:speed>
						<ns3:cad>81.0</ns3:cad>
						<ns3:hr>141</ns3:hr>
					</ns3:TrackPointExtension>
				</extensions>
			</trkpt>
			<trkpt lat="12.98199546" lon="77.69185233">
				<ele>894.07</ele>
				<time>2026-07-28T15:44:16Z</time>
				<extensions>
					<ns3:TrackPointExtension>
						<ns3:speed>1.83</ns3:speed>
						<ns3:cad>81.0</ns3:cad>
						<ns3:hr>141</ns3:hr>
					</ns3:TrackPointExtension>
				</extensions>
			</trkpt>
			<trkpt lat="12.98199979" lon="77.691837">
				<ele>894.04</ele>
				<time>2026-07-28T15:44:17Z</time>
				<extensions>
					<ns3:TrackPointExtension>
						<ns3:speed>1.82</ns3:speed>
						<ns3:cad>81.0</ns3:cad>
						<ns3:hr>141</ns3:hr>
					</ns3:TrackPointExtension>
				</extensions>
			</trkpt>
			<trkpt lat="12.98200445" lon="77.69182167">
				<ele>894.01</ele>
				<time>2026-07-28T15:44:18Z</time>
				<extensions>
					<ns3:TrackPointExtension>
						<ns3:speed>1.82</ns3:speed>
						<ns3:cad>80.0</ns3:cad>
						<ns3:hr>142</ns3:hr>
					</ns3:TrackPointExtension>
				</extensions>
			</trkpt>
			<trkpt lat="12.98201011" lon="77.69180667">
				<ele>893.98</ele>
				<time>2026-07-28T15:44:19Z</time>
				<extensions>
					<ns3:TrackPointExtension>
						<ns3:speed>1.81</ns3:speed>
						<ns3:cad>80.0</ns3:cad>
						<ns3:hr>142</ns3:hr>
					</ns3:TrackPointExtension>
				</extensions>
			</trkpt>
			<trkpt lat="12.98201577" lon="77.69179101">
				<ele>893.95</ele>
				<time>2026-07-28T15:44:20Z</time>
				<extensions>
					<ns3:TrackPointExtension>
						<ns3:speed>1.81</ns3:speed>
						<ns3:cad>81.0</ns3:cad>
						<ns3:hr>142</ns3:hr>
					</ns3:TrackPointExtension>
				</extensions>
			</trkpt>
			<trkpt lat="12.9820221" lon="77.69177502">
				<ele>893.92</ele>
				<time>2026-07-28T15:44:21Z</time>
				<extensions>
					<ns3:TrackPointExtension>
						<ns3:speed>1.81</ns3:speed>
						<ns3:cad>81.0</ns3:cad>
						<ns3:hr>142</ns3:hr>
					</ns3:TrackPointExtension>
				</extensions>
			</trkpt>
			<trkpt lat="12.98202843" lon="77.69175869">
				<ele>893.9</ele>
				<time>2026-07-28T15:44:22Z</time>
				<extensions>
					<ns3:TrackPointExtension>
						<ns3:speed>1.8</ns3:speed>
						<ns3:cad>81.0</ns3:cad>
						<ns3:hr>142</ns3:hr>
					</ns3:TrackPointExtension>
				</extensions>
			</trkpt>
			<trkpt lat="12.98203576" lon="77.6917417">
				<ele>893.88</ele>
				<time>2026-07-28T15:44:23Z</time>
				<extensions>
					<ns3:TrackPointExtension>
						<ns3:speed>1.81</ns3:speed>
						<ns3:cad>81.0</ns3:cad>
						<ns3:hr>142</ns3:hr>
					</ns3:TrackPointExtension>
				</extensions>
			</trkpt>
			<trkpt lat="12.98204242" lon="77.69172504">
				<ele>893.86</ele>
				<time>2026-07-28T15:44:24Z</time>
				<extensions>
					<ns3:TrackPointExtension>
						<ns3:speed>1.81</ns3:speed>
						<ns3:cad>81.0</ns3:cad>
						<ns3:hr>142</ns3:hr>
					</ns3:TrackPointExtension>
				</extensions>
			</trkpt>
			<trkpt lat="12.98204942" lon="77.69170871">
				<ele>893.84</ele>
				<time>2026-07-28T15:44:25Z</time>
				<extensions>
					<ns3:TrackPointExtension>
						<ns3:speed>1.81</ns3:speed>
						<ns3:cad>81.0</ns3:cad>
						<ns3:hr>142</ns3:hr>
					</ns3:TrackPointExtension>
				</extensions>
			</trkpt>
			<trkpt lat="12.98205541" lon="77.69169072">
				<ele>893.84</ele>
				<time>2026-07-28T15:44:26Z</time>
				<extensions>
					<ns3:TrackPointExtension>
						<ns3:speed>1.82</ns3:speed>
						<ns3:cad>81.0</ns3:cad>
						<ns3:hr>142</ns3:hr>
					</ns3:TrackPointExtension>
				</extensions>
			</trkpt>
			<trkpt lat="12.9820634" lon="77.69167739">
				<ele>893.83</ele>
				<time>2026-07-28T15:44:27Z</time>
				<extensions>
					<ns3:TrackPointExtension>
						<ns3:speed>1.81</ns3:speed>
						<ns3:cad>81.0</ns3:cad>
						<ns3:hr>142</ns3:hr>
					</ns3:TrackPointExtension>
				</extensions>
			</trkpt>
			<trkpt lat="12.98207173" lon="77.6916654">
				<ele>893.82</ele>
				<time>2026-07-28T15:44:28Z</time>
				<extensions>
					<ns3:TrackPointExtension>
						<ns3:speed>1.81</ns3:speed>
						<ns3:cad>81.0</ns3:cad>
						<ns3:hr>142</ns3:hr>
					</ns3:TrackPointExtension>
				</extensions>
			</trkpt>
			<trkpt lat="12.98207973" lon="77.6916544">
				<ele>893.82</ele>
				<time>2026-07-28T15:44:29Z</time>
				<extensions>
					<ns3:TrackPointExtension>
						<ns3:speed>1.81</ns3:speed>
						<ns3:cad>81.0</ns3:cad>
						<ns3:hr>143</ns3:hr>
					</ns3:TrackPointExtension>
				</extensions>
			</trkpt>
			<trkpt lat="12.98208506" lon="77.69164174">
				<ele>893.82</ele>
				<time>2026-07-28T15:44:30Z</time>
				<extensions>
					<ns3:TrackPointExtension>
						<ns3:speed>1.8</ns3:speed>
						<ns3:cad>80.0</ns3:cad>
						<ns3:hr>142</ns3:hr>
					</ns3:TrackPointExtension>
				</extensions>
			</trkpt>
			<trkpt lat="12.98208939" lon="77.69162908">
				<ele>893.83</ele>
				<time>2026-07-28T15:44:31Z</time>
				<extensions>
					<ns3:TrackPointExtension>
						<ns3:speed>1.8</ns3:speed>
						<ns3:cad>80.0</ns3:cad>
						<ns3:hr>142</ns3:hr>
					</ns3:TrackPointExtension>
				</extensions>
			</trkpt>
			<trkpt lat="12.98209505" lon="77.69161642">
				<ele>893.83</ele>
				<time>2026-07-28T15:44:32Z</time>
				<extensions>
					<ns3:TrackPointExtension>
						<ns3:speed>1.8</ns3:speed>
						<ns3:cad>81.0</ns3:cad>
						<ns3:hr>142</ns3:hr>
					</ns3:TrackPointExtension>
				</extensions>
			</trkpt>
			<trkpt lat="12.98209705" lon="77.69160076">
				<ele>893.83</ele>
				<time>2026-07-28T15:44:33Z</time>
				<extensions>
					<ns3:TrackPointExtension>
						<ns3:speed>1.79</ns3:speed>
						<ns3:cad>81.0</ns3:cad>
						<ns3:hr>142</ns3:hr>
					</ns3:TrackPointExtension>
				</extensions>
			</trkpt>
			<trkpt lat="12.98210005" lon="77.69158676">
				<ele>893.84</ele>
				<time>2026-07-28T15:44:34Z</time>
				<extensions>
					<ns3:TrackPointExtension>
						<ns3:speed>1.78</ns3:speed>
						<ns3:cad>81.0</ns3:cad>
						<ns3:hr>143</ns3:hr>
					</ns3:TrackPointExtension>
				</extensions>
			</trkpt>
			<trkpt lat="12.98210138" lon="77.69156977">
				<ele>893.84</ele>
				<time>2026-07-28T15:44:35Z</time>
				<extensions>
					<ns3:TrackPointExtension>
						<ns3:speed>1.78</ns3:speed>
						<ns3:cad>82.0</ns3:cad>
						<ns3:hr>143</ns3:hr>
					</ns3:TrackPointExtension>
				</extensions>
			</trkpt>
			<trkpt lat="12.98210204" lon="77.69155144">
				<ele>893.85</ele>
				<time>2026-07-28T15:44:36Z</time>
				<extensions>
					<ns3:TrackPointExtension>
						<ns3:speed>1.76</ns3:speed>
						<ns3:cad>82.0</ns3:cad>
						<ns3:hr>142</ns3:hr>
					</ns3:TrackPointExtension>
				</extensions>
			</trkpt>
			<trkpt lat="12.98209671" lon="77.69152478">
				<ele>893.88</ele>
				<time>2026-07-28T15:44:37Z</time>
				<extensions>
					<ns3:TrackPointExtension>
						<ns3:speed>1.76</ns3:speed>
						<ns3:cad>81.0</ns3:cad>
						<ns3:hr>141</ns3:hr>
					</ns3:TrackPointExtension>
				</extensions>
			</trkpt>
			<trkpt lat="12.98209238" lon="77.69150112">
				<ele>893.91</ele>
				<time>2026-07-28T15:44:38Z</time>
				<extensions>
					<ns3:TrackPointExtension>
						<ns3:speed>1.76</ns3:speed>
						<ns3:cad>81.0</ns3:cad>
						<ns3:hr>141</ns3:hr>
					</ns3:TrackPointExtension>
				</extensions>
			</trkpt>
			<trkpt lat="12.98208205" lon="77.69146579">
				<ele>893.99</ele>
				<time>2026-07-28T15:44:39Z</time>
				<extensions>
					<ns3:TrackPointExtension>
						<ns3:speed>1.77</ns3:speed>
						<ns3:cad>81.0</ns3:cad>
						<ns3:hr>141</ns3:hr>
					</ns3:TrackPointExtension>
				</extensions>
			</trkpt>
			<trkpt lat="12.98207172" lon="77.69143579">
				<ele>894.04</ele>
				<time>2026-07-28T15:44:40Z</time>
				<extensions>
					<ns3:TrackPointExtension>
						<ns3:speed>1.78</ns3:speed>
						<ns3:cad>81.0</ns3:cad>
						<ns3:hr>141</ns3:hr>
					</ns3:TrackPointExtension>
				</extensions>
			</trkpt>
			<trkpt lat="12.98206239" lon="77.69141379">
				<ele>894.08</ele>
				<time>2026-07-28T15:44:41Z</time>
				<extensions>
					<ns3:TrackPointExtension>
						<ns3:speed>1.78</ns3:speed>
						<ns3:cad>81.0</ns3:cad>
						<ns3:hr>140</ns3:hr>
					</ns3:TrackPointExtension>
				</extensions>
			</trkpt>
			<trkpt lat="12.98205339" lon="77.69139646">
				<ele>894.09</ele>
				<time>2026-07-28T15:44:42Z</time>
				<extensions>
					<ns3:TrackPointExtension>
						<ns3:speed>1.78</ns3:speed>
						<ns3:cad>82.0</ns3:cad>
						<ns3:hr>139</ns3:hr>
					</ns3:TrackPointExtension>
				</extensions>
			</trkpt>
			<trkpt lat="12.98204406" lon="77.69138447">
				<ele>894.11</ele>
				<time>2026-07-28T15:44:43Z</time>
				<extensions>
					<ns3:TrackPointExtension>
						<ns3:speed>1.78</ns3:speed>
						<ns3:cad>81.0</ns3:cad>
						<ns3:hr>140</ns3:hr>
					</ns3:TrackPointExtension>
				</extensions>
			</trkpt>
			<trkpt lat="12.9820344" lon="77.69137614">
				<ele>894.13</ele>
				<time>2026-07-28T15:44:44Z</time>
				<extensions>
					<ns3:TrackPointExtension>
						<ns3:speed>1.78</ns3:speed>
						<ns3:cad>81.0</ns3:cad>
						<ns3:hr>140</ns3:hr>
					</ns3:TrackPointExtension>
				</extensions>
			</trkpt>
			<trkpt lat="12.98202341" lon="77.69137015">
				<ele>894.13</ele>
				<time>2026-07-28T15:44:45Z</time>
				<extensions>
					<ns3:TrackPointExtension>
						<ns3:speed>1.78</ns3:speed>
						<ns3:cad>81.0</ns3:cad>
						<ns3:hr>141</ns3:hr>
					</ns3:TrackPointExtension>
				</extensions>
			</trkpt>
			<trkpt lat="12.98201075" lon="77.69136515">
				<ele>894.13</ele>
				<time>2026-07-28T15:44:46Z</time>
				<extensions>
					<ns3:TrackPointExtension>
						<ns3:speed>1.77</ns3:speed>
						<ns3:cad>80.0</ns3:cad>
						<ns3:hr>141</ns3:hr>
					</ns3:TrackPointExtension>
				</extensions>
			</trkpt>
			<trkpt lat="12.98199842" lon="77.69136149">
				<ele>894.14</ele>
				<time>2026-07-28T15:44:47Z</time>
				<extensions>
					<ns3:TrackPointExtension>
						<ns3:speed>1.76</ns3:speed>
						<ns3:cad>80.0</ns3:cad>
						<ns3:hr>141</ns3:hr>
					</ns3:TrackPointExtension>
				</extensions>
			</trkpt>
			<trkpt lat="12.98198509" lon="77.69135916">
				<ele>894.13</ele>
				<time>2026-07-28T15:44:48Z</time>
				<extensions>
					<ns3:TrackPointExtension>
						<ns3:speed>1.76</ns3:speed>
						<ns3:cad>80.0</ns3:cad>
						<ns3:hr>141</ns3:hr>
					</ns3:TrackPointExtension>
				</extensions>
			</trkpt>
			<trkpt lat="12.98197109" lon="77.69135516">
				<ele>894.13</ele>
				<time>2026-07-28T15:44:49Z</time>
				<extensions>
					<ns3:TrackPointExtension>
						<ns3:speed>1.75</ns3:speed>
						<ns3:cad>81.0</ns3:cad>
						<ns3:hr>141</ns3:hr>
					</ns3:TrackPointExtension>
				</extensions>
			</trkpt>
			<trkpt lat="12.98195776" lon="77.6913495">
				<ele>894.13</ele>
				<time>2026-07-28T15:44:50Z</time>
				<extensions>
					<ns3:TrackPointExtension>
						<ns3:speed>1.75</ns3:speed>
						<ns3:cad>81.0</ns3:cad>
						<ns3:hr>141</ns3:hr>
					</ns3:TrackPointExtension>
				</extensions>
			</trkpt>
			<trkpt lat="12.98194343" lon="77.69134351">
				<ele>894.13</ele>
				<time>2026-07-28T15:44:51Z</time>
				<extensions>
					<ns3:TrackPointExtension>
						<ns3:speed>1.74</ns3:speed>
						<ns3:cad>81.0</ns3:cad>
						<ns3:hr>141</ns3:hr>
					</ns3:TrackPointExtension>
				</extensions>
			</trkpt>
			<trkpt lat="12.98192844" lon="77.69133552">
				<ele>894.11</ele>
				<time>2026-07-28T15:44:52Z</time>
				<extensions>
					<ns3:TrackPointExtension>
						<ns3:speed>1.74</ns3:speed>
						<ns3:cad>81.0</ns3:cad>
						<ns3:hr>143</ns3:hr>
					</ns3:TrackPointExtension>
				</extensions>
			</trkpt>
			<trkpt lat="12.98191578" lon="77.69132719">
				<ele>894.08</ele>
				<time>2026-07-28T15:44:53Z</time>
				<extensions>
					<ns3:TrackPointExtension>
						<ns3:speed>1.74</ns3:speed>
						<ns3:cad>81.0</ns3:cad>
						<ns3:hr>143</ns3:hr>
					</ns3:TrackPointExtension>
				</extensions>
			</trkpt>
			<trkpt lat="12.98189945" lon="77.69132153">
				<ele>894.07</ele>
				<time>2026-07-28T15:44:54Z</time>
				<extensions>
					<ns3:TrackPointExtension>
						<ns3:speed>1.74</ns3:speed>
						<ns3:cad>81.0</ns3:cad>
						<ns3:hr>143</ns3:hr>
					</ns3:TrackPointExtension>
				</extensions>
			</trkpt>
			<trkpt lat="12.98188346" lon="77.69131253">
				<ele>894.05</ele>
				<time>2026-07-28T15:44:55Z</time>
				<extensions>
					<ns3:TrackPointExtension>
						<ns3:speed>1.74</ns3:speed>
						<ns3:cad>81.0</ns3:cad>
						<ns3:hr>143</ns3:hr>
					</ns3:TrackPointExtension>
				</extensions>
			</trkpt>
			<trkpt lat="12.9818708" lon="77.69130187">
				<ele>894.02</ele>
				<time>2026-07-28T15:44:56Z</time>
				<extensions>
					<ns3:TrackPointExtension>
						<ns3:speed>1.73</ns3:speed>
						<ns3:cad>80.0</ns3:cad>
						<ns3:hr>143</ns3:hr>
					</ns3:TrackPointExtension>
				</extensions>
			</trkpt>
			<trkpt lat="12.98186247" lon="77.69128954">
				<ele>893.99</ele>
				<time>2026-07-28T15:44:57Z</time>
				<extensions>
					<ns3:TrackPointExtension>
						<ns3:speed>1.73</ns3:speed>
						<ns3:cad>80.0</ns3:cad>
						<ns3:hr>144</ns3:hr>
					</ns3:TrackPointExtension>
				</extensions>
			</trkpt>
			<trkpt lat="12.98185681" lon="77.69127555">
				<ele>893.95</ele>
				<time>2026-07-28T15:44:58Z</time>
				<extensions>
					<ns3:TrackPointExtension>
						<ns3:speed>1.73</ns3:speed>
						<ns3:cad>80.0</ns3:cad>
						<ns3:hr>144</ns3:hr>
					</ns3:TrackPointExtension>
				</extensions>
			</trkpt>
			<trkpt lat="12.98185415" lon="77.69126089">
				<ele>893.91</ele>
				<time>2026-07-28T15:44:59Z</time>
				<extensions>
					<ns3:TrackPointExtension>
						<ns3:speed>1.73</ns3:speed>
						<ns3:cad>80.0</ns3:cad>
						<ns3:hr>144</ns3:hr>
					</ns3:TrackPointExtension>
				</extensions>
			</trkpt>
			<trkpt lat="12.98185382" lon="77.69124556">
				<ele>893.87</ele>
				<time>2026-07-28T15:45:00Z</time>
				<extensions>
					<ns3:TrackPointExtension>
						<ns3:speed>1.73</ns3:speed>
						<ns3:cad>80.0</ns3:cad>
						<ns3:hr>143</ns3:hr>
					</ns3:TrackPointExtension>
				</extensions>
			</trkpt>
			<trkpt lat="12.98185482" lon="77.69123056">
				<ele>893.84</ele>
				<time>2026-07-28T15:45:01Z</time>
				<extensions>
					<ns3:TrackPointExtension>
						<ns3:speed>1.73</ns3:speed>
						<ns3:cad>80.0</ns3:cad>
						<ns3:hr>143</ns3:hr>
					</ns3:TrackPointExtension>
				</extensions>
			</trkpt>
			<trkpt lat="12.98185815" lon="77.69121523">
				<ele>893.8</ele>
				<time>2026-07-28T15:45:02Z</time>
				<extensions>
					<ns3:TrackPointExtension>
						<ns3:speed>1.74</ns3:speed>
						<ns3:cad>80.0</ns3:cad>
						<ns3:hr>142</ns3:hr>
					</ns3:TrackPointExtension>
				</extensions>
			</trkpt>
			<trkpt lat="12.98186281" lon="77.69119957">
				<ele>893.76</ele>
				<time>2026-07-28T15:45:03Z</time>
				<extensions>
					<ns3:TrackPointExtension>
						<ns3:speed>1.74</ns3:speed>
						<ns3:cad>80.0</ns3:cad>
						<ns3:hr>142</ns3:hr>
					</ns3:TrackPointExtension>
				</extensions>
			</trkpt>
			<trkpt lat="12.98186747" lon="77.69118424">
				<ele>893.72</ele>
				<time>2026-07-28T15:45:04Z</time>
				<extensions>
					<ns3:TrackPointExtension>
						<ns3:speed>1.75</ns3:speed>
						<ns3:cad>80.0</ns3:cad>
						<ns3:hr>143</ns3:hr>
					</ns3:TrackPointExtension>
				</extensions>
			</trkpt>
			<trkpt lat="12.98187246" lon="77.69116824">
				<ele>893.66</ele>
				<time>2026-07-28T15:45:05Z</time>
				<extensions>
					<ns3:TrackPointExtension>
						<ns3:speed>1.75</ns3:speed>
						<ns3:cad>80.0</ns3:cad>
						<ns3:hr>143</ns3:hr>
					</ns3:TrackPointExtension>
				</extensions>
			</trkpt>
			<trkpt lat="12.98187879" lon="77.69115258">
				<ele>893.62</ele>
				<time>2026-07-28T15:45:06Z</time>
				<extensions>
					<ns3:TrackPointExtension>
						<ns3:speed>1.76</ns3:speed>
						<ns3:cad>80.0</ns3:cad>
						<ns3:hr>144</ns3:hr>
					</ns3:TrackPointExtension>
				</extensions>
			</trkpt>
			<trkpt lat="12.98188512" lon="77.69113725">
				<ele>893.59</ele>
				<time>2026-07-28T15:45:07Z</time>
				<extensions>
					<ns3:TrackPointExtension>
						<ns3:speed>1.76</ns3:speed>
						<ns3:cad>81.0</ns3:cad>
						<ns3:hr>143</ns3:hr>
					</ns3:TrackPointExtension>
				</extensions>
			</trkpt>
			<trkpt lat="12.98189178" lon="77.69112159">
				<ele>893.59</ele>
				<time>2026-07-28T15:45:08Z</time>
				<extensions>
					<ns3:TrackPointExtension>
						<ns3:hr>143</ns3:hr>
					</ns3:TrackPointExtension>
				</extensions>
			</trkpt>
			<trkpt lat="12.98189844" lon="77.6911046">
				<ele>893.54</ele>
				<time>2026-07-28T15:45:09Z</time>
				<extensions>
					<ns3:TrackPointExtension>
						<ns3:speed>1.78</ns3:speed>
						<ns3:cad>81.0</ns3:cad>
					</ns3:TrackPointExtension>
				</extensions>
			</trkpt>
			<trkpt lat="12.9819051" lon="77.69108794">
				<ele>893.51</ele>
				<time>2026-07-28T15:45:10Z</time>
				<extensions>
					<ns3:TrackPointExtension>
						<ns3:speed>1.78</ns3:speed>
						<ns3:cad>81.0</ns3:cad>
						<ns3:hr>144</ns3:hr>
					</ns3:TrackPointExtension>
				</extensions>
			</trkpt>
			<trkpt lat="12.98191176" lon="77.69107128">
				<ele>893.49</ele>
				<time>2026-07-28T15:45:11Z</time>
				<extensions>
					<ns3:TrackPointExtension>
						<ns3:speed>1.8</ns3:speed>
						<ns3:cad>81.0</ns3:cad>
						<ns3:hr>144</ns3:hr>
					</ns3:TrackPointExtension>
				</extensions>
			</trkpt>
			<trkpt lat="12.98191876" lon="77.69105462">
				<ele>893.47</ele>
				<time>2026-07-28T15:45:12Z</time>
				<extensions>
					<ns3:TrackPointExtension>
						<ns3:speed>1.81</ns3:speed>
						<ns3:cad>82.0</ns3:cad>
						<ns3:hr>144</ns3:hr>
					</ns3:TrackPointExtension>
				</extensions>
			</trkpt>
			<trkpt lat="12.98192509" lon="77.69103696">
				<ele>893.46</ele>
				<time>2026-07-28T15:45:13Z</time>
				<extensions>
					<ns3:TrackPointExtension>
						<ns3:speed>1.82</ns3:speed>
						<ns3:cad>82.0</ns3:cad>
						<ns3:hr>145</ns3:hr>
					</ns3:TrackPointExtension>
				</extensions>
			</trkpt>
			<trkpt lat="12.98193175" lon="77.69101997">
				<ele>893.45</ele>
				<time>2026-07-28T15:45:14Z</time>
				<extensions>
					<ns3:TrackPointExtension>
						<ns3:speed>1.83</ns3:speed>
						<ns3:cad>82.0</ns3:cad>
						<ns3:hr>145</ns3:hr>
					</ns3:TrackPointExtension>
				</extensions>
			</trkpt>
			<trkpt lat="12.98193841" lon="77.69100298">
				<ele>893.45</ele>
				<time>2026-07-28T15:45:15Z</time>
				<extensions>
					<ns3:TrackPointExtension>
						<ns3:speed>1.85</ns3:speed>
						<ns3:cad>82.0</ns3:cad>
						<ns3:hr>145</ns3:hr>
					</ns3:TrackPointExtension>
				</extensions>
			</trkpt>
			<trkpt lat="12.98194507" lon="77.69098632">
				<ele>893.45</ele>
				<time>2026-07-28T15:45:16Z</time>
				<extensions>
					<ns3:TrackPointExtension>
						<ns3:speed>1.86</ns3:speed>
						<ns3:cad>82.0</ns3:cad>
						<ns3:hr>145</ns3:hr>
					</ns3:TrackPointExtension>
				</extensions>
			</trkpt>
			<trkpt lat="12.98195107" lon="77.69096933">
				<ele>893.45</ele>
				<time>2026-07-28T15:45:17Z</time>
				<extensions>
					<ns3:TrackPointExtension>
						<ns3:speed>1.86</ns3:speed>
						<ns3:cad>81.0</ns3:cad>
						<ns3:hr>145</ns3:hr>
					</ns3:TrackPointExtension>
				</extensions>
			</trkpt>
			<trkpt lat="12.98195773" lon="77.69095334">
				<ele>893.45</ele>
				<time>2026-07-28T15:45:18Z</time>
				<extensions>
					<ns3:TrackPointExtension>
						<ns3:speed>1.87</ns3:speed>
						<ns3:cad>81.0</ns3:cad>
						<ns3:hr>145</ns3:hr>
					</ns3:TrackPointExtension>
				</extensions>
			</trkpt>
			<trkpt lat="12.98196473" lon="77.69093834">
				<ele>893.45</ele>
				<time>2026-07-28T15:45:19Z</time>
				<extensions>
					<ns3:TrackPointExtension>
						<ns3:speed>1.87</ns3:speed>
						<ns3:cad>81.0</ns3:cad>
						<ns3:hr>145</ns3:hr>
					</ns3:TrackPointExtension>
				</extensions>
			</trkpt>
			<trkpt lat="12.98197073" lon="77.69092234">
				<ele>893.45</ele>
				<time>2026-07-28T15:45:20Z</time>
				<extensions>
					<ns3:TrackPointExtension>
						<ns3:speed>1.87</ns3:speed>
						<ns3:cad>81.0</ns3:cad>
						<ns3:hr>146</ns3:hr>
					</ns3:TrackPointExtension>
				</extensions>
			</trkpt>
			<trkpt lat="12.98197572" lon="77.69090501">
				<ele>893.47</ele>
				<time>2026-07-28T15:45:21Z</time>
				<extensions>
					<ns3:TrackPointExtension>
						<ns3:speed>1.86</ns3:speed>
						<ns3:cad>80.0</ns3:cad>
						<ns3:hr>146</ns3:hr>
					</ns3:TrackPointExtension>
				</extensions>
			</trkpt>
			<trkpt lat="12.98198005" lon="77.69088735">
				<ele>893.46</ele>
				<time>2026-07-28T15:45:22Z</time>
				<extensions>
					<ns3:TrackPointExtension>
						<ns3:speed>1.86</ns3:speed>
						<ns3:cad>80.0</ns3:cad>
						<ns3:hr>146</ns3:hr>
					</ns3:TrackPointExtension>
				</extensions>
			</trkpt>
			<trkpt lat="12.98198371" lon="77.69086969">
				<ele>893.46</ele>
				<time>2026-07-28T15:45:23Z</time>
				<extensions>
					<ns3:TrackPointExtension>
						<ns3:speed>1.86</ns3:speed>
						<ns3:cad>80.0</ns3:cad>
						<ns3:hr>146</ns3:hr>
					</ns3:TrackPointExtension>
				</extensions>
			</trkpt>
			<trkpt lat="12.98198804" lon="77.69085236">
				<ele>893.47</ele>
				<time>2026-07-28T15:45:24Z</time>
				<extensions>
					<ns3:TrackPointExtension>
						<ns3:speed>1.86</ns3:speed>
						<ns3:cad>80.0</ns3:cad>
					</ns3:TrackPointExtension>
				</extensions>
			</trkpt>
			<trkpt lat="12.9819927" lon="77.6908357">
				<ele>893.46</ele>
				<time>2026-07-28T15:45:25Z</time>
				<extensions>
					<ns3:TrackPointExtension>
						<ns3:speed>1.86</ns3:speed>
						<ns3:cad>80.0</ns3:cad>
						<ns3:hr>145</ns3:hr>
					</ns3:TrackPointExtension>
				</extensions>
			</trkpt>
			<trkpt lat="12.98199836" lon="77.69081871">
				<ele>893.46</ele>
				<time>2026-07-28T15:45:26Z</time>
				<extensions>
					<ns3:TrackPointExtension>
						<ns3:speed>1.86</ns3:speed>
						<ns3:cad>80.0</ns3:cad>
						<ns3:hr>145</ns3:hr>
					</ns3:TrackPointExtension>
				</extensions>
			</trkpt>
			<trkpt lat="12.98200302" lon="77.69080172">
				<ele>893.47</ele>
				<time>2026-07-28T15:45:27Z</time>
				<extensions>
					<ns3:TrackPointExtension>
						<ns3:speed>1.86</ns3:speed>
						<ns3:cad>81.0</ns3:cad>
						<ns3:hr>144</ns3:hr>
					</ns3:TrackPointExtension>
				</extensions>
			</trkpt>
			<trkpt lat="12.98200835" lon="77.69078473">
				<ele>893.47</ele>
				<time>2026-07-28T15:45:28Z</time>
				<extensions>
					<ns3:TrackPointExtension>
						<ns3:speed>1.86</ns3:speed>
						<ns3:cad>81.0</ns3:cad>
						<ns3:hr>143</ns3:hr>
					</ns3:TrackPointExtension>
				</extensions>
			</trkpt>
			<trkpt lat="12.98201435" lon="77.69076873">
				<ele>893.47</ele>
				<time>2026-07-28T15:45:29Z</time>
				<extensions>
					<ns3:TrackPointExtension>
						<ns3:speed>1.86</ns3:speed>
						<ns3:cad>81.0</ns3:cad>
						<ns3:hr>143</ns3:hr>
					</ns3:TrackPointExtension>
				</extensions>
			</trkpt>
			<trkpt lat="12.98202034" lon="77.69075207">
				<ele>893.48</ele>
				<time>2026-07-28T15:45:30Z</time>
				<extensions>
					<ns3:TrackPointExtension>
						<ns3:speed>1.86</ns3:speed>
						<ns3:cad>81.0</ns3:cad>
						<ns3:hr>143</ns3:hr>
					</ns3:TrackPointExtension>
				</extensions>
			</trkpt>
			<trkpt lat="12.98202634" lon="77.69073574">
				<ele>893.48</ele>
				<time>2026-07-28T15:45:31Z</time>
				<extensions>
					<ns3:TrackPointExtension>
						<ns3:speed>1.86</ns3:speed>
						<ns3:cad>81.0</ns3:cad>
						<ns3:hr>143</ns3:hr>
					</ns3:TrackPointExtension>
				</extensions>
			</trkpt>
			<trkpt lat="12.982033" lon="77.69071908">
				<ele>893.5</ele>
				<time>2026-07-28T15:45:32Z</time>
				<extensions>
					<ns3:TrackPointExtension>
						<ns3:speed>1.87</ns3:speed>
						<ns3:cad>82.0</ns3:cad>
						<ns3:hr>142</ns3:hr>
					</ns3:TrackPointExtension>
				</extensions>
			</trkpt>
			<trkpt lat="12.982039" lon="77.69070242">
				<ele>893.5</ele>
				<time>2026-07-28T15:45:33Z</time>
				<extensions>
					<ns3:TrackPointExtension>
						<ns3:speed>1.89</ns3:speed>
						<ns3:cad>82.0</ns3:cad>
						<ns3:hr>142</ns3:hr>
					</ns3:TrackPointExtension>
				</extensions>
			</trkpt>
			<trkpt lat="12.98204533" lon="77.69068576">
				<ele>893.49</ele>
				<time>2026-07-28T15:45:34Z</time>
				<extensions>
					<ns3:TrackPointExtension>
						<ns3:speed>1.89</ns3:speed>
						<ns3:cad>82.0</ns3:cad>
						<ns3:hr>142</ns3:hr>
					</ns3:TrackPointExtension>
				</extensions>
			</trkpt>
			<trkpt lat="12.98205166" lon="77.6906691">
				<ele>893.51</ele>
				<time>2026-07-28T15:45:35Z</time>
				<extensions>
					<ns3:TrackPointExtension>
						<ns3:speed>1.89</ns3:speed>
						<ns3:cad>82.0</ns3:cad>
						<ns3:hr>143</ns3:hr>
					</ns3:TrackPointExtension>
				</extensions>
			</trkpt>
			<trkpt lat="12.98205765" lon="77.69065211">
				<ele>893.51</ele>
				<time>2026-07-28T15:45:36Z</time>
				<extensions>
					<ns3:TrackPointExtension>
						<ns3:speed>1.88</ns3:speed>
						<ns3:cad>82.0</ns3:cad>
						<ns3:hr>143</ns3:hr>
					</ns3:TrackPointExtension>
				</extensions>
			</trkpt>
			<trkpt lat="12.98206398" lon="77.69063512">
				<ele>893.51</ele>
				<time>2026-07-28T15:45:37Z</time>
				<extensions>
					<ns3:TrackPointExtension>
						<ns3:speed>1.88</ns3:speed>
						<ns3:cad>81.0</ns3:cad>
						<ns3:hr>143</ns3:hr>
					</ns3:TrackPointExtension>
				</extensions>
			</trkpt>
			<trkpt lat="12.98206964" lon="77.69061813">
				<ele>893.5</ele>
				<time>2026-07-28T15:45:38Z</time>
				<extensions>
					<ns3:TrackPointExtension>
						<ns3:speed>1.89</ns3:speed>
						<ns3:cad>80.0</ns3:cad>
						<ns3:hr>143</ns3:hr>
					</ns3:TrackPointExtension>
				</extensions>
			</trkpt>
			<trkpt lat="12.9820743" lon="77.69060014">
				<ele>893.54</ele>
				<time>2026-07-28T15:45:39Z</time>
				<extensions>
					<ns3:TrackPointExtension>
						<ns3:speed>1.89</ns3:speed>
						<ns3:cad>79.0</ns3:cad>
						<ns3:hr>143</ns3:hr>
					</ns3:TrackPointExtension>
				</extensions>
			</trkpt>
			<trkpt lat="12.98207896" lon="77.69058181">
				<ele>893.55</ele>
				<time>2026-07-28T15:45:40Z</time>
				<extensions>
					<ns3:TrackPointExtension>
						<ns3:speed>1.89</ns3:speed>
						<ns3:cad>79.0</ns3:cad>
						<ns3:hr>145</ns3:hr>
					</ns3:TrackPointExtension>
				</extensions>
			</trkpt>
			<trkpt lat="12.98208462" lon="77.69056482">
				<ele>893.56</ele>
				<time>2026-07-28T15:45:41Z</time>
				<extensions>
					<ns3:TrackPointExtension>
						<ns3:speed>1.9</ns3:speed>
						<ns3:cad>79.0</ns3:cad>
						<ns3:hr>145</ns3:hr>
					</ns3:TrackPointExtension>
				</extensions>
			</trkpt>
			<trkpt lat="12.98208995" lon="77.69054749">
				<ele>893.57</ele>
				<time>2026-07-28T15:45:42Z</time>
				<extensions>
					<ns3:TrackPointExtension>
						<ns3:speed>1.9</ns3:speed>
						<ns3:cad>79.0</ns3:cad>
						<ns3:hr>145</ns3:hr>
					</ns3:TrackPointExtension>
				</extensions>
			</trkpt>
			<trkpt lat="12.98209528" lon="77.6905295">
				<ele>893.58</ele>
				<time>2026-07-28T15:45:43Z</time>
				<extensions>
					<ns3:TrackPointExtension>
						<ns3:speed>1.9</ns3:speed>
						<ns3:cad>80.0</ns3:cad>
						<ns3:hr>145</ns3:hr>
					</ns3:TrackPointExtension>
				</extensions>
			</trkpt>
			<trkpt lat="12.98210027" lon="77.69051284">
				<ele>893.6</ele>
				<time>2026-07-28T15:45:44Z</time>
				<extensions>
					<ns3:TrackPointExtension>
						<ns3:speed>1.9</ns3:speed>
						<ns3:cad>80.0</ns3:cad>
						<ns3:hr>145</ns3:hr>
					</ns3:TrackPointExtension>
				</extensions>
			</trkpt>
			<trkpt lat="12.98210627" lon="77.69049684">
				<ele>893.61</ele>
				<time>2026-07-28T15:45:45Z</time>
				<extensions>
					<ns3:TrackPointExtension>
						<ns3:speed>1.9</ns3:speed>
						<ns3:cad>80.0</ns3:cad>
						<ns3:hr>146</ns3:hr>
					</ns3:TrackPointExtension>
				</extensions>
			</trkpt>
			<trkpt lat="12.98211093" lon="77.69048051">
				<ele>893.63</ele>
				<time>2026-07-28T15:45:46Z</time>
				<extensions>
					<ns3:TrackPointExtension>
						<ns3:speed>1.91</ns3:speed>
						<ns3:cad>80.0</ns3:cad>
						<ns3:hr>147</ns3:hr>
					</ns3:TrackPointExtension>
				</extensions>
			</trkpt>
			<trkpt lat="12.98211659" lon="77.69046418">
				<ele>893.64</ele>
				<time>2026-07-28T15:45:47Z</time>
				<extensions>
					<ns3:TrackPointExtension>
						<ns3:speed>1.9</ns3:speed>
						<ns3:cad>80.0</ns3:cad>
						<ns3:hr>146</ns3:hr>
					</ns3:TrackPointExtension>
				</extensions>
			</trkpt>
			<trkpt lat="12.98212259" lon="77.69044752">
				<ele>893.66</ele>
				<time>2026-07-28T15:45:48Z</time>
				<extensions>
					<ns3:TrackPointExtension>
						<ns3:speed>1.9</ns3:speed>
						<ns3:cad>80.0</ns3:cad>
						<ns3:hr>147</ns3:hr>
					</ns3:TrackPointExtension>
				</extensions>
			</trkpt>
			<trkpt lat="12.98213192" lon="77.69043252">
				<ele>893.68</ele>
				<time>2026-07-28T15:45:49Z</time>
				<extensions>
					<ns3:TrackPointExtension>
						<ns3:speed>1.9</ns3:speed>
						<ns3:cad>80.0</ns3:cad>
						<ns3:hr>148</ns3:hr>
					</ns3:TrackPointExtension>
				</extensions>
			</trkpt>
			<trkpt lat="12.98214458" lon="77.69041986">
				<ele>893.71</ele>
				<time>2026-07-28T15:45:50Z</time>
				<extensions>
					<ns3:TrackPointExtension>
						<ns3:speed>1.9</ns3:speed>
						<ns3:cad>80.0</ns3:cad>
						<ns3:hr>148</ns3:hr>
					</ns3:TrackPointExtension>
				</extensions>
			</trkpt>
			<trkpt lat="12.98215924" lon="77.6904092">
				<ele>893.73</ele>
				<time>2026-07-28T15:45:51Z</time>
				<extensions>
					<ns3:TrackPointExtension>
						<ns3:speed>1.9</ns3:speed>
						<ns3:cad>80.0</ns3:cad>
						<ns3:hr>148</ns3:hr>
					</ns3:TrackPointExtension>
				</extensions>
			</trkpt>
			<trkpt lat="12.98217557" lon="77.69039954">
				<ele>893.76</ele>
				<time>2026-07-28T15:45:52Z</time>
				<extensions>
					<ns3:TrackPointExtension>
						<ns3:speed>1.91</ns3:speed>
						<ns3:cad>81.0</ns3:cad>
						<ns3:hr>149</ns3:hr>
					</ns3:TrackPointExtension>
				</extensions>
			</trkpt>
			<trkpt lat="12.98219223" lon="77.69039221">
				<ele>893.79</ele>
				<time>2026-07-28T15:45:53Z</time>
				<extensions>
					<ns3:TrackPointExtension>
						<ns3:speed>1.91</ns3:speed>
						<ns3:cad>81.0</ns3:cad>
						<ns3:hr>150</ns3:hr>
					</ns3:TrackPointExtension>
				</extensions>
			</trkpt>
			<trkpt lat="12.98221056" lon="77.69038721">
				<ele>893.83</ele>
				<time>2026-07-28T15:45:54Z</time>
				<extensions>
					<ns3:TrackPointExtension>
						<ns3:speed>1.91</ns3:speed>
						<ns3:cad>81.0</ns3:cad>
						<ns3:hr>150</ns3:hr>
					</ns3:TrackPointExtension>
				</extensions>
			</trkpt>
			<trkpt lat="12.98222755" lon="77.69038421">
				<ele>893.87</ele>
				<time>2026-07-28T15:45:55Z</time>
				<extensions>
					<ns3:TrackPointExtension>
						<ns3:speed>1.93</ns3:speed>
						<ns3:cad>81.0</ns3:cad>
						<ns3:hr>151</ns3:hr>
					</ns3:TrackPointExtension>
				</extensions>
			</trkpt>
			<trkpt lat="12.98224421" lon="77.69038388">
				<ele>893.91</ele>
				<time>2026-07-28T15:45:56Z</time>
				<extensions>
					<ns3:TrackPointExtension>
						<ns3:speed>1.93</ns3:speed>
						<ns3:cad>81.0</ns3:cad>
						<ns3:hr>151</ns3:hr>
					</ns3:TrackPointExtension>
				</extensions>
			</trkpt>
			<trkpt lat="12.9822612" lon="77.69038554">
				<ele>893.94</ele>
				<time>2026-07-28T15:45:57Z</time>
				<extensions>
					<ns3:TrackPointExtension>
						<ns3:speed>1.93</ns3:speed>
						<ns3:cad>81.0</ns3:cad>
						<ns3:hr>150</ns3:hr>
					</ns3:TrackPointExtension>
				</extensions>
			</trkpt>
			<trkpt lat="12.98227786" lon="77.69038787">
				<ele>893.97</ele>
				<time>2026-07-28T15:45:58Z</time>
				<extensions>
					<ns3:TrackPointExtension>
						<ns3:speed>1.93</ns3:speed>
						<ns3:cad>81.0</ns3:cad>
						<ns3:hr>149</ns3:hr>
					</ns3:TrackPointExtension>
				</extensions>
			</trkpt>
			<trkpt lat="12.98229519" lon="77.69039053">
				<ele>893.99</ele>
				<time>2026-07-28T15:45:59Z</time>
				<extensions>
					<ns3:TrackPointExtension>
						<ns3:speed>1.93</ns3:speed>
						<ns3:cad>81.0</ns3:cad>
						<ns3:hr>150</ns3:hr>
					</ns3:TrackPointExtension>
				</extensions>
			</trkpt>
			<trkpt lat="12.98231185" lon="77.69039486">
				<ele>894.02</ele>
				<time>2026-07-28T15:46:00Z</time>
				<extensions>
					<ns3:TrackPointExtension>
						<ns3:speed>1.93</ns3:speed>
						<ns3:cad>81.0</ns3:cad>
						<ns3:hr>150</ns3:hr>
					</ns3:TrackPointExtension>
				</extensions>
			</trkpt>
			<trkpt lat="12.98232818" lon="77.69040119">
				<ele>894.04</ele>
				<time>2026-07-28T15:46:01Z</time>
				<extensions>
					<ns3:TrackPointExtension>
						<ns3:speed>1.93</ns3:speed>
						<ns3:cad>81.0</ns3:cad>
						<ns3:hr>150</ns3:hr>
					</ns3:TrackPointExtension>
				</extensions>
			</trkpt>
			<trkpt lat="12.98234351" lon="77.69040985">
				<ele>894.05</ele>
				<time>2026-07-28T15:46:02Z</time>
				<extensions>
					<ns3:TrackPointExtension>
						<ns3:speed>1.93</ns3:speed>
						<ns3:cad>81.0</ns3:cad>
						<ns3:hr>150</ns3:hr>
					</ns3:TrackPointExtension>
				</extensions>
			</trkpt>
			<trkpt lat="12.98235717" lon="77.69042018">
				<ele>894.06</ele>
				<time>2026-07-28T15:46:03Z</time>
				<extensions>
					<ns3:TrackPointExtension>
						<ns3:speed>1.93</ns3:speed>
						<ns3:cad>81.0</ns3:cad>
						<ns3:hr>151</ns3:hr>
					</ns3:TrackPointExtension>
				</extensions>
			</trkpt>
			<trkpt lat="12.98237017" lon="77.69043251">
				<ele>894.06</ele>
				<time>2026-07-28T15:46:04Z</time>
				<extensions>
					<ns3:TrackPointExtension>
						<ns3:speed>1.93</ns3:speed>
						<ns3:cad>81.0</ns3:cad>
						<ns3:hr>151</ns3:hr>
					</ns3:TrackPointExtension>
				</extensions>
			</trkpt>
			<trkpt lat="12.9823815" lon="77.69044617">
				<ele>894.07</ele>
				<time>2026-07-28T15:46:05Z</time>
				<extensions>
					<ns3:TrackPointExtension>
						<ns3:speed>1.93</ns3:speed>
						<ns3:cad>81.0</ns3:cad>
						<ns3:hr>151</ns3:hr>
					</ns3:TrackPointExtension>
				</extensions>
			</trkpt>
			<trkpt lat="12.98238983" lon="77.69046083">
				<ele>894.07</ele>
				<time>2026-07-28T15:46:06Z</time>
				<extensions>
					<ns3:TrackPointExtension>
						<ns3:speed>1.93</ns3:speed>
						<ns3:cad>81.0</ns3:cad>
						<ns3:hr>151</ns3:hr>
					</ns3:TrackPointExtension>
				</extensions>
			</trkpt>
			<trkpt lat="12.98239582" lon="77.69047616">
				<ele>894.06</ele>
				<time>2026-07-28T15:46:07Z</time>
				<extensions>
					<ns3:TrackPointExtension>
						<ns3:speed>1.93</ns3:speed>
						<ns3:cad>81.0</ns3:cad>
						<ns3:hr>151</ns3:hr>
					</ns3:TrackPointExtension>
				</extensions>
			</trkpt>
			<trkpt lat="12.98239948" lon="77.69049149">
				<ele>894.06</ele>
				<time>2026-07-28T15:46:08Z</time>
				<extensions>
					<ns3:TrackPointExtension>
						<ns3:speed>1.93</ns3:speed>
						<ns3:cad>80.0</ns3:cad>
						<ns3:hr>151</ns3:hr>
					</ns3:TrackPointExtension>
				</extensions>
			</trkpt>
			<trkpt lat="12.98239948" lon="77.69050815">
				<ele>894.05</ele>
				<time>2026-07-28T15:46:09Z</time>
				<extensions>
					<ns3:TrackPointExtension>
						<ns3:speed>1.91</ns3:speed>
						<ns3:cad>80.0</ns3:cad>
						<ns3:hr>150</ns3:hr>
					</ns3:TrackPointExtension>
				</extensions>
			</trkpt>
			<trkpt lat="12.98239749" lon="77.69052548">
				<ele>894.04</ele>
				<time>2026-07-28T15:46:10Z</time>
				<extensions>
					<ns3:TrackPointExtension>
						<ns3:speed>1.91</ns3:speed>
						<ns3:cad>80.0</ns3:cad>
						<ns3:hr>150</ns3:hr>
					</ns3:TrackPointExtension>
				</extensions>
			</trkpt>
			<trkpt lat="12.98239449" lon="77.69054247">
				<ele>894.03</ele>
				<time>2026-07-28T15:46:11Z</time>
				<extensions>
					<ns3:TrackPointExtension>
						<ns3:speed>1.92</ns3:speed>
						<ns3:cad>80.0</ns3:cad>
						<ns3:hr>151</ns3:hr>
					</ns3:TrackPointExtension>
				</extensions>
			</trkpt>
			<trkpt lat="12.98239116" lon="77.69055946">
				<ele>894.02</ele>
				<time>2026-07-28T15:46:12Z</time>
				<extensions>
					<ns3:TrackPointExtension>
						<ns3:speed>1.92</ns3:speed>
						<ns3:cad>80.0</ns3:cad>
						<ns3:hr>150</ns3:hr>
					</ns3:TrackPointExtension>
				</extensions>
			</trkpt>
			<trkpt lat="12.9823865" lon="77.69057612">
				<ele>894.0</ele>
				<time>2026-07-28T15:46:13Z</time>
				<extensions>
					<ns3:TrackPointExtension>
						<ns3:speed>1.92</ns3:speed>
						<ns3:cad>81.0</ns3:cad>
						<ns3:hr>150</ns3:hr>
					</ns3:TrackPointExtension>
				</extensions>
			</trkpt>
			<trkpt lat="12.9823825" lon="77.69059278">
				<ele>893.99</ele>
				<time>2026-07-28T15:46:14Z</time>
				<extensions>
					<ns3:TrackPointExtension>
						<ns3:speed>1.92</ns3:speed>
						<ns3:cad>81.0</ns3:cad>
						<ns3:hr>149</ns3:hr>
					</ns3:TrackPointExtension>
				</extensions>
			</trkpt>
			<trkpt lat="12.98237784" lon="77.69060811">
				<ele>893.98</ele>
				<time>2026-07-28T15:46:15Z</time>
				<extensions>
					<ns3:TrackPointExtension>
						<ns3:speed>1.91</ns3:speed>
						<ns3:cad>81.0</ns3:cad>
						<ns3:hr>148</ns3:hr>
					</ns3:TrackPointExtension>
				</extensions>
			</trkpt>
			<trkpt lat="12.98237318" lon="77.69062344">
				<ele>893.97</ele>
				<time>2026-07-28T15:46:16Z</time>
				<extensions>
					<ns3:TrackPointExtension>
						<ns3:speed>1.91</ns3:speed>
						<ns3:cad>81.0</ns3:cad>
						<ns3:hr>148</ns3:hr>
					</ns3:TrackPointExtension>
				</extensions>
			</trkpt>
			<trkpt lat="12.98236985" lon="77.69063977">
				<ele>893.96</ele>
				<time>2026-07-28T15:46:17Z</time>
				<extensions>
					<ns3:TrackPointExtension>
						<ns3:speed>1.9</ns3:speed>
						<ns3:cad>81.0</ns3:cad>
						<ns3:hr>148</ns3:hr>
					</ns3:TrackPointExtension>
				</extensions>
			</trkpt>
			<trkpt lat="12.98236586" lon="77.69065643">
				<ele>893.96</ele>
				<time>2026-07-28T15:46:18Z</time>
				<extensions>
					<ns3:TrackPointExtension>
						<ns3:speed>1.9</ns3:speed>
						<ns3:cad>81.0</ns3:cad>
						<ns3:hr>148</ns3:hr>
					</ns3:TrackPointExtension>
				</extensions>
			</trkpt>
			<trkpt lat="12.98236153" lon="77.69067243">
				<ele>893.96</ele>
				<time>2026-07-28T15:46:19Z</time>
				<extensions>
					<ns3:TrackPointExtension>
						<ns3:speed>1.9</ns3:speed>
						<ns3:cad>81.0</ns3:cad>
						<ns3:hr>148</ns3:hr>
					</ns3:TrackPointExtension>
				</extensions>
			</trkpt>
			<trkpt lat="12.98235754" lon="77.69068843">
				<ele>893.95</ele>
				<time>2026-07-28T15:46:20Z</time>
				<extensions>
					<ns3:TrackPointExtension>
						<ns3:speed>1.9</ns3:speed>
						<ns3:cad>80.0</ns3:cad>
						<ns3:hr>148</ns3:hr>
					</ns3:TrackPointExtension>
				</extensions>
			</trkpt>
			<trkpt lat="12.98235221" lon="77.69070409">
				<ele>893.94</ele>
				<time>2026-07-28T15:46:21Z</time>
				<extensions>
					<ns3:TrackPointExtension>
						<ns3:speed>1.9</ns3:speed>
						<ns3:cad>80.0</ns3:cad>
						<ns3:hr>149</ns3:hr>
					</ns3:TrackPointExtension>
				</extensions>
			</trkpt>
			<trkpt lat="12.98234722" lon="77.69071975">
				<ele>893.68</ele>
				<time>2026-07-28T15:46:22Z</time>
				<extensions>
					<ns3:TrackPointExtension>
						<ns3:speed>1.89</ns3:speed>
						<ns3:cad>80.0</ns3:cad>
						<ns3:hr>148</ns3:hr>
					</ns3:TrackPointExtension>
				</extensions>
			</trkpt>
			<trkpt lat="12.98234289" lon="77.69073575">
				<ele>893.67</ele>
				<time>2026-07-28T15:46:23Z</time>
				<extensions>
					<ns3:TrackPointExtension>
						<ns3:speed>1.88</ns3:speed>
						<ns3:cad>80.0</ns3:cad>
						<ns3:hr>147</ns3:hr>
					</ns3:TrackPointExtension>
				</extensions>
			</trkpt>
			<trkpt lat="12.98233823" lon="77.69075175">
				<ele>893.66</ele>
				<time>2026-07-28T15:46:24Z</time>
				<extensions>
					<ns3:TrackPointExtension>
						<ns3:speed>1.87</ns3:speed>
						<ns3:cad>80.0</ns3:cad>
						<ns3:hr>148</ns3:hr>
					</ns3:TrackPointExtension>
				</extensions>
			</trkpt>
			<trkpt lat="12.98233357" lon="77.69076841">
				<ele>893.65</ele>
				<time>2026-07-28T15:46:25Z</time>
				<extensions>
					<ns3:TrackPointExtension>
						<ns3:speed>1.87</ns3:speed>
						<ns3:cad>80.0</ns3:cad>
						<ns3:hr>148</ns3:hr>
					</ns3:TrackPointExtension>
				</extensions>
			</trkpt>
			<trkpt lat="12.98232858" lon="77.69078007">
				<ele>893.65</ele>
				<time>2026-07-28T15:46:26Z</time>
				<extensions>
					<ns3:TrackPointExtension>
						<ns3:speed>1.87</ns3:speed>
						<ns3:cad>81.0</ns3:cad>
						<ns3:hr>148</ns3:hr>
					</ns3:TrackPointExtension>
				</extensions>
			</trkpt>
			<trkpt lat="12.98232225" lon="77.6907934">
				<ele>893.65</ele>
				<time>2026-07-28T15:46:27Z</time>
				<extensions>
					<ns3:TrackPointExtension>
						<ns3:speed>1.87</ns3:speed>
						<ns3:cad>81.0</ns3:cad>
						<ns3:hr>148</ns3:hr>
					</ns3:TrackPointExtension>
				</extensions>
			</trkpt>
			<trkpt lat="12.98231592" lon="77.69080773">
				<ele>893.5</ele>
				<time>2026-07-28T15:46:28Z</time>
				<extensions>
					<ns3:TrackPointExtension>
						<ns3:speed>1.84</ns3:speed>
						<ns3:cad>82.0</ns3:cad>
						<ns3:hr>148</ns3:hr>
					</ns3:TrackPointExtension>
				</extensions>
			</trkpt>
			<trkpt lat="12.98231026" lon="77.69082306">
				<ele>893.49</ele>
				<time>2026-07-28T15:46:29Z</time>
				<extensions>
					<ns3:TrackPointExtension>
						<ns3:speed>1.84</ns3:speed>
						<ns3:cad>82.0</ns3:cad>
						<ns3:hr>148</ns3:hr>
					</ns3:TrackPointExtension>
				</extensions>
			</trkpt>
			<trkpt lat="12.9823046" lon="77.69083772">
				<ele>893.49</ele>
				<time>2026-07-28T15:46:30Z</time>
				<extensions>
					<ns3:TrackPointExtension>
					</ns3:TrackPointExtension>
				</extensions>
			</trkpt>
			<trkpt lat="12.98230061" lon="77.69085038">
				<ele>893.48</ele>
				<time>2026-07-28T15:46:31Z</time>
				<extensions>
					<ns3:TrackPointExtension>
						<ns3:speed>1.83</ns3:speed>
						<ns3:cad>82.0</ns3:cad>
						<ns3:hr>148</ns3:hr>
					</ns3:TrackPointExtension>
				</extensions>
			</trkpt>
			<trkpt lat="12.98230094" lon="77.69086604">
				<ele>893.48</ele>
				<time>2026-07-28T15:46:32Z</time>
				<extensions>
					<ns3:TrackPointExtension>
						<ns3:speed>1.81</ns3:speed>
						<ns3:cad>81.0</ns3:cad>
						<ns3:hr>148</ns3:hr>
					</ns3:TrackPointExtension>
				</extensions>
			</trkpt>
			<trkpt lat="12.9823026" lon="77.69087604">
				<ele>893.46</ele>
				<time>2026-07-28T15:46:33Z</time>
				<extensions>
					<ns3:TrackPointExtension>
						<ns3:speed>1.81</ns3:speed>
						<ns3:cad>81.0</ns3:cad>
						<ns3:hr>148</ns3:hr>
					</ns3:TrackPointExtension>
				</extensions>
			</trkpt>
			<trkpt lat="12.98230926" lon="77.69088737">
				<ele>893.46</ele>
				<time>2026-07-28T15:46:34Z</time>
				<extensions>
					<ns3:TrackPointExtension>
						<ns3:speed>1.81</ns3:speed>
						<ns3:cad>80.0</ns3:cad>
						<ns3:hr>149</ns3:hr>
					</ns3:TrackPointExtension>
				</extensions>
			</trkpt>
			<trkpt lat="12.98232026" lon="77.69089803">
				<ele>893.45</ele>
				<time>2026-07-28T15:46:35Z</time>
				<extensions>
					<ns3:TrackPointExtension>
						<ns3:speed>1.81</ns3:speed>
						<ns3:cad>80.0</ns3:cad>
						<ns3:hr>148</ns3:hr>
					</ns3:TrackPointExtension>
				</extensions>
			</trkpt>
			<trkpt lat="12.98233192" lon="77.69090869">
				<ele>893.44</ele>
				<time>2026-07-28T15:46:36Z</time>
				<extensions>
					<ns3:TrackPointExtension>
						<ns3:speed>1.79</ns3:speed>
						<ns3:cad>80.0</ns3:cad>
						<ns3:hr>147</ns3:hr>
					</ns3:TrackPointExtension>
				</extensions>
			</trkpt>
			<trkpt lat="12.98234525" lon="77.69091768">
				<ele>893.44</ele>
				<time>2026-07-28T15:46:37Z</time>
				<extensions>
					<ns3:TrackPointExtension>
						<ns3:speed>1.78</ns3:speed>
						<ns3:cad>80.0</ns3:cad>
						<ns3:hr>147</ns3:hr>
					</ns3:TrackPointExtension>
				</extensions>
			</trkpt>
			<trkpt lat="12.98235891" lon="77.69092634">
				<ele>893.44</ele>
				<time>2026-07-28T15:46:38Z</time>
				<extensions>
					<ns3:TrackPointExtension>
						<ns3:speed>1.77</ns3:speed>
						<ns3:cad>80.0</ns3:cad>
						<ns3:hr>147</ns3:hr>
					</ns3:TrackPointExtension>
				</extensions>
			</trkpt>
			<trkpt lat="12.98237257" lon="77.690933">
				<ele>893.43</ele>
				<time>2026-07-28T15:46:39Z</time>
				<extensions>
					<ns3:TrackPointExtension>
						<ns3:speed>1.76</ns3:speed>
						<ns3:cad>81.0</ns3:cad>
						<ns3:hr>146</ns3:hr>
					</ns3:TrackPointExtension>
				</extensions>
			</trkpt>
			<trkpt lat="12.9823869" lon="77.69093833">
				<ele>893.43</ele>
				<time>2026-07-28T15:46:40Z</time>
				<extensions>
					<ns3:TrackPointExtension>
						<ns3:speed>1.76</ns3:speed>
						<ns3:cad>81.0</ns3:cad>
						<ns3:hr>146</ns3:hr>
					</ns3:TrackPointExtension>
				</extensions>
			</trkpt>
			<trkpt lat="12.98240056" lon="77.69094333">
				<ele>893.43</ele>
				<time>2026-07-28T15:46:41Z</time>
				<extensions>
					<ns3:TrackPointExtension>
						<ns3:speed>1.76</ns3:speed>
						<ns3:cad>82.0</ns3:cad>
						<ns3:hr>145</ns3:hr>
					</ns3:TrackPointExtension>
				</extensions>
			</trkpt>
			<trkpt lat="12.98241555" lon="77.69094866">
				<ele>893.44</ele>
				<time>2026-07-28T15:46:42Z</time>
				<extensions>
					<ns3:TrackPointExtension>
						<ns3:speed>1.76</ns3:speed>
						<ns3:cad>81.0</ns3:cad>
						<ns3:hr>144</ns3:hr>
					</ns3:TrackPointExtension>
				</extensions>
			</trkpt>
			<trkpt lat="12.98243121" lon="77.69095499">
				<ele>893.59</ele>
				<time>2026-07-28T15:46:43Z</time>
				<extensions>
					<ns3:TrackPointExtension>
						<ns3:speed>1.75</ns3:speed>
						<ns3:cad>81.0</ns3:cad>
						<ns3:hr>144</ns3:hr>
					</ns3:TrackPointExtension>
				</extensions>
			</trkpt>
			<trkpt lat="12.98244721" lon="77.69096065">
				<ele>893.6</ele>
				<time>2026-07-28T15:46:44Z</time>
				<extensions>
					<ns3:TrackPointExtension>
						<ns3:speed>1.75</ns3:speed>
						<ns3:cad>81.0</ns3:cad>
						<ns3:hr>144</ns3:hr>
					</ns3:TrackPointExtension>
				</extensions>
			</trkpt>
			<trkpt lat="12.98246354" lon="77.69096531">
				<ele>893.6</ele>
				<time>2026-07-28T15:46:45Z</time>
				<extensions>
					<ns3:TrackPointExtension>
						<ns3:speed>1.75</ns3:speed>
						<ns3:cad>80.0</ns3:cad>
						<ns3:hr>145</ns3:hr>
					</ns3:TrackPointExtension>
				</extensions>
			</trkpt>
			<trkpt lat="12.98247987" lon="77.69097097">
				<ele>893.6</ele>
				<time>2026-07-28T15:46:46Z</time>
				<extensions>
					<ns3:TrackPointExtension>
						<ns3:speed>1.75</ns3:speed>
						<ns3:cad>81.0</ns3:cad>
						<ns3:hr>145</ns3:hr>
					</ns3:TrackPointExtension>
				</extensions>
			</trkpt>
			<trkpt lat="12.98249586" lon="77.6909763">
				<ele>893.61</ele>
				<time>2026-07-28T15:46:47Z</time>
				<extensions>
					<ns3:TrackPointExtension>
						<ns3:speed>1.74</ns3:speed>
						<ns3:cad>81.0</ns3:cad>
						<ns3:hr>144</ns3:hr>
					</ns3:TrackPointExtension>
				</extensions>
			</trkpt>
			<trkpt lat="12.98251186" lon="77.69098229">
				<ele>893.61</ele>
				<time>2026-07-28T15:46:48Z</time>
				<extensions>
					<ns3:TrackPointExtension>
						<ns3:speed>1.75</ns3:speed>
						<ns3:cad>81.0</ns3:cad>
						<ns3:hr>145</ns3:hr>
					</ns3:TrackPointExtension>
				</extensions>
			</trkpt>
			<trkpt lat="12.98252786" lon="77.69098828">
				<ele>893.61</ele>
				<time>2026-07-28T15:46:49Z</time>
				<extensions>
					<ns3:TrackPointExtension>
						<ns3:speed>1.75</ns3:speed>
						<ns3:cad>81.0</ns3:cad>
						<ns3:hr>145</ns3:hr>
					</ns3:TrackPointExtension>
				</extensions>
			</trkpt>
			<trkpt lat="12.98254386" lon="77.69099427">
				<ele>893.6</ele>
				<time>2026-07-28T15:46:50Z</time>
				<extensions>
					<ns3:TrackPointExtension>
						<ns3:speed>1.75</ns3:speed>
						<ns3:cad>81.0</ns3:cad>
						<ns3:hr>144</ns3:hr>
					</ns3:TrackPointExtension>
				</extensions>
			</trkpt>
			<trkpt lat="12.98255985" lon="77.6909996">
				<ele>893.8</ele>
				<time>2026-07-28T15:46:51Z</time>
				<extensions>
					<ns3:TrackPointExtension>
						<ns3:speed>1.75</ns3:speed>
						<ns3:cad>81.0</ns3:cad>
						<ns3:hr>145</ns3:hr>
					</ns3:TrackPointExtension>
				</extensions>
			</trkpt>
			<trkpt lat="12.98257651" lon="77.69100693">
				<ele>893.8</ele>
				<time>2026-07-28T15:46:52Z</time>
				<extensions>
					<ns3:TrackPointExtension>
						<ns3:speed>1.76</ns3:speed>
						<ns3:cad>81.0</ns3:cad>
						<ns3:hr>145</ns3:hr>
					</ns3:TrackPointExtension>
				</extensions>
			</trkpt>
			<trkpt lat="12.98259317" lon="77.69101426">
				<ele>893.79</ele>
				<time>2026-07-28T15:46:53Z</time>
				<extensions>
					<ns3:TrackPointExtension>
						<ns3:speed>1.76</ns3:speed>
						<ns3:cad>81.0</ns3:cad>
						<ns3:hr>144</ns3:hr>
					</ns3:TrackPointExtension>
				</extensions>
			</trkpt>
			<trkpt lat="12.98260983" lon="77.69102159">
				<ele>893.79</ele>
				<time>2026-07-28T15:46:54Z</time>
				<extensions>
					<ns3:TrackPointExtension>
						<ns3:speed>1.76</ns3:speed>
						<ns3:cad>81.0</ns3:cad>
						<ns3:hr>144</ns3:hr>
					</ns3:TrackPointExtension>
				</extensions>
			</trkpt>
			<trkpt lat="12.98262783" lon="77.69102892">
				<ele>893.78</ele>
				<time>2026-07-28T15:46:55Z</time>
				<extensions>
					<ns3:TrackPointExtension>
						<ns3:speed>1.78</ns3:speed>
						<ns3:cad>80.0</ns3:cad>
						<ns3:hr>144</ns3:hr>
					</ns3:TrackPointExtension>
				</extensions>
			</trkpt>
			<trkpt lat="12.98264583" lon="77.69103558">
				<ele>893.77</ele>
				<time>2026-07-28T15:46:56Z</time>
				<extensions>
					<ns3:TrackPointExtension>
						<ns3:speed>1.79</ns3:speed>
						<ns3:cad>81.0</ns3:cad>
						<ns3:hr>144</ns3:hr>
					</ns3:TrackPointExtension>
				</extensions>
			</trkpt>
			<trkpt lat="12.98266316" lon="77.69104191">
				<ele>893.76</ele>
				<time>2026-07-28T15:46:57Z</time>
				<extensions>
					<ns3:TrackPointExtension>
						<ns3:speed>1.8</ns3:speed>
						<ns3:cad>81.0</ns3:cad>
						<ns3:hr>145</ns3:hr>
					</ns3:TrackPointExtension>
				</extensions>
			</trkpt>
			<trkpt lat="12.98268182" lon="77.69104757">
				<ele>893.75</ele>
				<time>2026-07-28T15:46:58Z</time>
				<extensions>
					<ns3:TrackPointExtension>
						<ns3:speed>1.81</ns3:speed>
						<ns3:cad>81.0</ns3:cad>
						<ns3:hr>144</ns3:hr>
					</ns3:TrackPointExtension>
				</extensions>
			</trkpt>
			<trkpt lat="12.98269948" lon="77.69105356">
				<ele>893.74</ele>
				<time>2026-07-28T15:46:59Z</time>
				<extensions>
					<ns3:TrackPointExtension>
						<ns3:speed>1.82</ns3:speed>
						<ns3:cad>81.0</ns3:cad>
						<ns3:hr>145</ns3:hr>
					</ns3:TrackPointExtension>
				</extensions>
			</trkpt>
			<trkpt lat="12.98271681" lon="77.69105989">
				<ele>893.73</ele>
				<time>2026-07-28T15:47:00Z</time>
				<extensions>
					<ns3:TrackPointExtension>
						<ns3:speed>1.83</ns3:speed>
						<ns3:cad>81.0</ns3:cad>
						<ns3:hr>145</ns3:hr>
					</ns3:TrackPointExtension>
				</extensions>
			</trkpt>
			<trkpt lat="12.98273447" lon="77.69106622">
				<ele>893.72</ele>
				<time>2026-07-28T15:47:01Z</time>
				<extensions>
					<ns3:TrackPointExtension>
						<ns3:speed>1.84</ns3:speed>
						<ns3:cad>81.0</ns3:cad>
						<ns3:hr>145</ns3:hr>
					</ns3:TrackPointExtension>
				</extensions>
			</trkpt>
			<trkpt lat="12.9827518" lon="77.69107221">
				<ele>893.89</ele>
				<time>2026-07-28T15:47:02Z</time>
				<extensions>
					<ns3:TrackPointExtension>
						<ns3:speed>1.84</ns3:speed>
						<ns3:cad>80.0</ns3:cad>
						<ns3:hr>145</ns3:hr>
					</ns3:TrackPointExtension>
				</extensions>
			</trkpt>
			<trkpt lat="12.98276946" lon="77.69107854">
				<ele>893.88</ele>
				<time>2026-07-28T15:47:03Z</time>
				<extensions>
					<ns3:TrackPointExtension>
						<ns3:speed>1.85</ns3:speed>
						<ns3:cad>80.0</ns3:cad>
						<ns3:hr>145</ns3:hr>
					</ns3:TrackPointExtension>
				</extensions>
			</trkpt>
			<trkpt lat="12.98278746" lon="77.69108453">
				<ele>893.87</ele>
				<time>2026-07-28T15:47:04Z</time>
				<extensions>
					<ns3:TrackPointExtension>
						<ns3:speed>1.86</ns3:speed>
						<ns3:cad>80.0</ns3:cad>
						<ns3:hr>145</ns3:hr>
					</ns3:TrackPointExtension>
				</extensions>
			</trkpt>
			<trkpt lat="12.98280579" lon="77.69109052">
				<ele>893.87</ele>
				<time>2026-07-28T15:47:05Z</time>
				<extensions>
					<ns3:TrackPointExtension>
						<ns3:speed>1.86</ns3:speed>
						<ns3:cad>80.0</ns3:cad>
						<ns3:hr>146</ns3:hr>
					</ns3:TrackPointExtension>
				</extensions>
			</trkpt>
			<trkpt lat="12.98282345" lon="77.69109585">
				<ele>893.86</ele>
				<time>2026-07-28T15:47:06Z</time>
				<extensions>
					<ns3:TrackPointExtension>
						<ns3:speed>1.87</ns3:speed>
						<ns3:cad>80.0</ns3:cad>
						<ns3:hr>146</ns3:hr>
					</ns3:TrackPointExtension>
				</extensions>
			</trkpt>
			<trkpt lat="12.98284111" lon="77.69110118">
				<ele>893.86</ele>
				<time>2026-07-28T15:47:07Z</time>
				<extensions>
					<ns3:TrackPointExtension>
						<ns3:speed>1.87</ns3:speed>
						<ns3:cad>80.0</ns3:cad>
						<ns3:hr>145</ns3:hr>
					</ns3:TrackPointExtension>
				</extensions>
			</trkpt>
			<trkpt lat="12.98285911" lon="77.69110651">
				<ele>893.86</ele>
				<time>2026-07-28T15:47:08Z</time>
				<extensions>
					<ns3:TrackPointExtension>
						<ns3:speed>1.87</ns3:speed>
						<ns3:cad>80.0</ns3:cad>
						<ns3:hr>146</ns3:hr>
					</ns3:TrackPointExtension>
				</extensions>
			</trkpt>
			<trkpt lat="12.98287744" lon="77.69111284">
				<ele>893.87</ele>
				<time>2026-07-28T15:47:09Z</time>
				<extensions>
					<ns3:TrackPointExtension>
						<ns3:speed>1.89</ns3:speed>
						<ns3:cad>81.0</ns3:cad>
						<ns3:hr>146</ns3:hr>
					</ns3:TrackPointExtension>
				</extensions>
			</trkpt>
			<trkpt lat="12.98289543" lon="77.69111883">
				<ele>893.87</ele>
				<time>2026-07-28T15:47:10Z</time>
				<extensions>
					<ns3:TrackPointExtension>
						<ns3:speed>1.89</ns3:speed>
						<ns3:cad>81.0</ns3:cad>
						<ns3:hr>146</ns3:hr>
					</ns3:TrackPointExtension>
				</extensions>
			</trkpt>
			<trkpt lat="12.98291376" lon="77.69112416">
				<ele>893.87</ele>
				<time>2026-07-28T15:47:11Z</time>
				<extensions>
					<ns3:TrackPointExtension>
						<ns3:speed>1.9</ns3:speed>
						<ns3:cad>81.0</ns3:cad>
						<ns3:hr>147</ns3:hr>
					</ns3:TrackPointExtension>
				</extensions>
			</trkpt>
			<trkpt lat="12.98293209" lon="77.69113015">
				<ele>893.87</ele>
				<time>2026-07-28T15:47:12Z</time>
				<extensions>
					<ns3:TrackPointExtension>
						<ns3:speed>1.91</ns3:speed>
						<ns3:cad>82.0</ns3:cad>
						<ns3:hr>146</ns3:hr>
					</ns3:TrackPointExtension>
				</extensions>
			</trkpt>
			<trkpt lat="12.98294942" lon="77.69113515">
				<ele>893.87</ele>
				<time>2026-07-28T15:47:13Z</time>
				<extensions>
					<ns3:TrackPointExtension>
						<ns3:speed>1.91</ns3:speed>
						<ns3:cad>82.0</ns3:cad>
						<ns3:hr>146</ns3:hr>
					</ns3:TrackPointExtension>
				</extensions>
			</trkpt>
			<trkpt lat="12.98296675" lon="77.69114015">
				<ele>893.87</ele>
				<time>2026-07-28T15:47:14Z</time>
				<extensions>
					<ns3:TrackPointExtension>
						<ns3:speed>1.92</ns3:speed>
						<ns3:cad>82.0</ns3:cad>
						<ns3:hr>146</ns3:hr>
					</ns3:TrackPointExtension>
				</extensions>
			</trkpt>
			<trkpt lat="12.98298408" lon="77.69114515">
				<ele>893.86</ele>
				<time>2026-07-28T15:47:15Z</time>
				<extensions>
					<ns3:TrackPointExtension>
						<ns3:speed>1.92</ns3:speed>
						<ns3:cad>81.0</ns3:cad>
						<ns3:hr>146</ns3:hr>
					</ns3:TrackPointExtension>
				</extensions>
			</trkpt>
			<trkpt lat="12.98300074" lon="77.69115015">
				<ele>893.87</ele>
				<time>2026-07-28T15:47:16Z</time>
				<extensions>
					<ns3:TrackPointExtension>
						<ns3:speed>1.91</ns3:speed>
						<ns3:cad>80.0</ns3:cad>
						<ns3:hr>146</ns3:hr>
					</ns3:TrackPointExtension>
				</extensions>
			</trkpt>
			<trkpt lat="12.98301707" lon="77.69115614">
				<ele>893.87</ele>
				<time>2026-07-28T15:47:17Z</time>
				<extensions>
					<ns3:TrackPointExtension>
						<ns3:speed>1.91</ns3:speed>
						<ns3:cad>80.0</ns3:cad>
						<ns3:hr>146</ns3:hr>
					</ns3:TrackPointExtension>
				</extensions>
			</trkpt>
			<trkpt lat="12.9830334" lon="77.6911628">
				<ele>893.68</ele>
				<time>2026-07-28T15:47:18Z</time>
				<extensions>
					<ns3:TrackPointExtension>
						<ns3:speed>1.91</ns3:speed>
						<ns3:cad>80.0</ns3:cad>
						<ns3:hr>146</ns3:hr>
					</ns3:TrackPointExtension>
				</extensions>
			</trkpt>
			<trkpt lat="12.98305039" lon="77.69116846">
				<ele>893.68</ele>
				<time>2026-07-28T15:47:19Z</time>
				<extensions>
					<ns3:TrackPointExtension>
						<ns3:speed>1.91</ns3:speed>
						<ns3:cad>80.0</ns3:cad>
						<ns3:hr>147</ns3:hr>
					</ns3:TrackPointExtension>
				</extensions>
			</trkpt>
			<trkpt lat="12.98306872" lon="77.69117479">
				<ele>893.68</ele>
				<time>2026-07-28T15:47:20Z</time>
				<extensions>
					<ns3:TrackPointExtension>
						<ns3:speed>1.91</ns3:speed>
						<ns3:cad>80.0</ns3:cad>
						<ns3:hr>146</ns3:hr>
					</ns3:TrackPointExtension>
				</extensions>
			</trkpt>
			<trkpt lat="12.98308705" lon="77.69118045">
				<ele>893.68</ele>
				<time>2026-07-28T15:47:21Z</time>
				<extensions>
					<ns3:TrackPointExtension>
						<ns3:speed>1.91</ns3:speed>
						<ns3:cad>81.0</ns3:cad>
						<ns3:hr>146</ns3:hr>
					</ns3:TrackPointExtension>
				</extensions>
			</trkpt>
			<trkpt lat="12.98310538" lon="77.69118578">
				<ele>893.67</ele>
				<time>2026-07-28T15:47:22Z</time>
				<extensions>
					<ns3:TrackPointExtension>
						<ns3:speed>1.91</ns3:speed>
						<ns3:cad>81.0</ns3:cad>
						<ns3:hr>146</ns3:hr>
					</ns3:TrackPointExtension>
				</extensions>
			</trkpt>
			<trkpt lat="12.98312371" lon="77.69119177">
				<ele>893.67</ele>
				<time>2026-07-28T15:47:23Z</time>
				<extensions>
					<ns3:TrackPointExtension>
						<ns3:speed>1.92</ns3:speed>
						<ns3:cad>81.0</ns3:cad>
						<ns3:hr>146</ns3:hr>
					</ns3:TrackPointExtension>
				</extensions>
			</trkpt>
			<trkpt lat="12.98314204" lon="77.69119743">
				<ele>893.66</ele>
				<time>2026-07-28T15:47:24Z</time>
				<extensions>
					<ns3:TrackPointExtension>
						<ns3:speed>1.92</ns3:speed>
						<ns3:cad>81.0</ns3:cad>
						<ns3:hr>145</ns3:hr>
					</ns3:TrackPointExtension>
				</extensions>
			</trkpt>
			<trkpt lat="12.98316103" lon="77.69120276">
				<ele>893.66</ele>
				<time>2026-07-28T15:47:25Z</time>
				<extensions>
					<ns3:TrackPointExtension>
						<ns3:speed>1.93</ns3:speed>
						<ns3:cad>81.0</ns3:cad>
						<ns3:hr>146</ns3:hr>
					</ns3:TrackPointExtension>
				</extensions>
			</trkpt>
			<trkpt lat="12.98318036" lon="77.69120709">
				<ele>893.65</ele>
				<time>2026-07-28T15:47:26Z</time>
				<extensions>
					<ns3:TrackPointExtension>
						<ns3:speed>1.94</ns3:speed>
						<ns3:cad>81.0</ns3:cad>
						<ns3:hr>146</ns3:hr>
					</ns3:TrackPointExtension>
				</extensions>
			</trkpt>
			<trkpt lat="12.98319935" lon="77.69121142">
				<ele>893.66</ele>
				<time>2026-07-28T15:47:27Z</time>
				<extensions>
					<ns3:TrackPointExtension>
						<ns3:speed>1.94</ns3:speed>
						<ns3:cad>81.0</ns3:cad>
						<ns3:hr>146</ns3:hr>
					</ns3:TrackPointExtension>
				</extensions>
			</trkpt>
			<trkpt lat="12.98321868" lon="77.69121575">
				<ele>893.66</ele>
				<time>2026-07-28T15:47:28Z</time>
				<extensions>
					<ns3:TrackPointExtension>
						<ns3:speed>1.95</ns3:speed>
						<ns3:cad>81.0</ns3:cad>
						<ns3:hr>146</ns3:hr>
					</ns3:TrackPointExtension>
				</extensions>
			</trkpt>
			<trkpt lat="12.98323767" lon="77.69122108">
				<ele>893.66</ele>
				<time>2026-07-28T15:47:29Z</time>
				<extensions>
					<ns3:TrackPointExtension>
						<ns3:speed>1.96</ns3:speed>
						<ns3:cad>81.0</ns3:cad>
						<ns3:hr>145</ns3:hr>
					</ns3:TrackPointExtension>
				</extensions>
			</trkpt>
			<trkpt lat="12.98325633" lon="77.69122641">
				<ele>893.66</ele>
				<time>2026-07-28T15:47:30Z</time>
				<extensions>
					<ns3:TrackPointExtension>
						<ns3:speed>1.96</ns3:speed>
						<ns3:cad>81.0</ns3:cad>
						<ns3:hr>146</ns3:hr>
					</ns3:TrackPointExtension>
				</extensions>
			</trkpt>
			<trkpt lat="12.98327499" lon="77.69123207">
				<ele>893.67</ele>
				<time>2026-07-28T15:47:31Z</time>
				<extensions>
					<ns3:TrackPointExtension>
						<ns3:speed>1.97</ns3:speed>
						<ns3:cad>81.0</ns3:cad>
						<ns3:hr>146</ns3:hr>
					</ns3:TrackPointExtension>
				</extensions>
			</trkpt>
			<trkpt lat="12.98329398" lon="77.69123906">
				<ele>893.67</ele>
				<time>2026-07-28T15:47:32Z</time>
				<extensions>
					<ns3:TrackPointExtension>
						<ns3:speed>1.97</ns3:speed>
						<ns3:cad>81.0</ns3:cad>
						<ns3:hr>146</ns3:hr>
					</ns3:TrackPointExtension>
				</extensions>
			</trkpt>
			<trkpt lat="12.98331198" lon="77.69124505">
				<ele>893.68</ele>
				<time>2026-07-28T15:47:33Z</time>
				<extensions>
					<ns3:TrackPointExtension>
						<ns3:speed>1.98</ns3:speed>
						<ns3:cad>80.0</ns3:cad>
						<ns3:hr>146</ns3:hr>
					</ns3:TrackPointExtension>
				</extensions>
			</trkpt>
			<trkpt lat="12.98333031" lon="77.69125071">
				<ele>893.68</ele>
				<time>2026-07-28T15:47:34Z</time>
				<extensions>
					<ns3:TrackPointExtension>
						<ns3:speed>1.98</ns3:speed>
						<ns3:cad>80.0</ns3:cad>
						<ns3:hr>146</ns3:hr>
					</ns3:TrackPointExtension>
				</extensions>
			</trkpt>
			<trkpt lat="12.98334864" lon="77.69125604">
				<ele>893.69</ele>
				<time>2026-07-28T15:47:35Z</time>
				<extensions>
					<ns3:TrackPointExtension>
						<ns3:speed>1.99</ns3:speed>
						<ns3:cad>80.0</ns3:cad>
						<ns3:hr>147</ns3:hr>
					</ns3:TrackPointExtension>
				</extensions>
			</trkpt>
			<trkpt lat="12.98336697" lon="77.69126137">
				<ele>893.69</ele>
				<time>2026-07-28T15:47:36Z</time>
				<extensions>
					<ns3:TrackPointExtension>
						<ns3:speed>1.99</ns3:speed>
						<ns3:cad>80.0</ns3:cad>
						<ns3:hr>147</ns3:hr>
					</ns3:TrackPointExtension>
				</extensions>
			</trkpt>
			<trkpt lat="12.98338463" lon="77.69126703">
				<ele>893.7</ele>
				<time>2026-07-28T15:47:37Z</time>
				<extensions>
					<ns3:TrackPointExtension>
						<ns3:speed>2.0</ns3:speed>
						<ns3:cad>81.0</ns3:cad>
						<ns3:hr>147</ns3:hr>
					</ns3:TrackPointExtension>
				</extensions>
			</trkpt>
			<trkpt lat="12.98340229" lon="77.69127236">
				<ele>893.71</ele>
				<time>2026-07-28T15:47:38Z</time>
				<extensions>
					<ns3:TrackPointExtension>
						<ns3:speed>2.0</ns3:speed>
						<ns3:cad>81.0</ns3:cad>
						<ns3:hr>148</ns3:hr>
					</ns3:TrackPointExtension>
				</extensions>
			</trkpt>
			<trkpt lat="12.98342062" lon="77.69127702">
				<ele>893.72</ele>
				<time>2026-07-28T15:47:39Z</time>
				<extensions>
					<ns3:TrackPointExtension>
						<ns3:speed>2.0</ns3:speed>
						<ns3:cad>81.0</ns3:cad>
						<ns3:hr>148</ns3:hr>
					</ns3:TrackPointExtension>
				</extensions>
			</trkpt>
			<trkpt lat="12.98343828" lon="77.69128202">
				<ele>893.73</ele>
				<time>2026-07-28T15:47:40Z</time>
				<extensions>
					<ns3:TrackPointExtension>
						<ns3:speed>2.0</ns3:speed>
						<ns3:cad>81.0</ns3:cad>
						<ns3:hr>148</ns3:hr>
					</ns3:TrackPointExtension>
				</extensions>
			</trkpt>
			<trkpt lat="12.98345527" lon="77.69128735">
				<ele>893.73</ele>
				<time>2026-07-28T15:47:41Z</time>
				<extensions>
					<ns3:TrackPointExtension>
						<ns3:speed>2.0</ns3:speed>
						<ns3:cad>81.0</ns3:cad>
						<ns3:hr>148</ns3:hr>
					</ns3:TrackPointExtension>
				</extensions>
			</trkpt>
			<trkpt lat="12.98347227" lon="77.69129334">
				<ele>893.74</ele>
				<time>2026-07-28T15:47:42Z</time>
				<extensions>
					<ns3:TrackPointExtension>
						<ns3:speed>2.0</ns3:speed>
						<ns3:cad>81.0</ns3:cad>
						<ns3:hr>148</ns3:hr>
					</ns3:TrackPointExtension>
				</extensions>
			</trkpt>
			<trkpt lat="12.9834896" lon="77.691299">
				<ele>893.75</ele>
				<time>2026-07-28T15:47:43Z</time>
				<extensions>
					<ns3:TrackPointExtension>
						<ns3:speed>2.0</ns3:speed>
						<ns3:cad>80.0</ns3:cad>
						<ns3:hr>149</ns3:hr>
					</ns3:TrackPointExtension>
				</extensions>
			</trkpt>
			<trkpt lat="12.98350693" lon="77.69130433">
				<ele>893.76</ele>
				<time>2026-07-28T15:47:44Z</time>
				<extensions>
					<ns3:TrackPointExtension>
						<ns3:speed>2.0</ns3:speed>
						<ns3:cad>80.0</ns3:cad>
						<ns3:hr>148</ns3:hr>
					</ns3:TrackPointExtension>
				</extensions>
			</trkpt>
			<trkpt lat="12.98352359" lon="77.69130899">
				<ele>893.77</ele>
				<time>2026-07-28T15:47:45Z</time>
				<extensions>
					<ns3:TrackPointExtension>
						<ns3:speed>1.99</ns3:speed>
						<ns3:cad>80.0</ns3:cad>
						<ns3:hr>149</ns3:hr>
					</ns3:TrackPointExtension>
				</extensions>
			</trkpt>
			<trkpt lat="12.98354059" lon="77.69131365">
				<ele>893.78</ele>
				<time>2026-07-28T15:47:46Z</time>
				<extensions>
					<ns3:TrackPointExtension>
						<ns3:speed>1.98</ns3:speed>
						<ns3:cad>81.0</ns3:cad>
						<ns3:hr>149</ns3:hr>
					</ns3:TrackPointExtension>
				</extensions>
			</trkpt>
			<trkpt lat="12.98355792" lon="77.69131764">
				<ele>893.79</ele>
				<time>2026-07-28T15:47:47Z</time>
				<extensions>
					<ns3:TrackPointExtension>
						<ns3:speed>1.97</ns3:speed>
						<ns3:cad>81.0</ns3:cad>
						<ns3:hr>149</ns3:hr>
					</ns3:TrackPointExtension>
				</extensions>
			</trkpt>
			<trkpt lat="12.98357525" lon="77.6913223">
				<ele>893.81</ele>
				<time>2026-07-28T15:47:48Z</time>
				<extensions>
					<ns3:TrackPointExtension>
						<ns3:speed>1.97</ns3:speed>
						<ns3:cad>80.0</ns3:cad>
						<ns3:hr>149</ns3:hr>
					</ns3:TrackPointExtension>
				</extensions>
			</trkpt>
			<trkpt lat="12.98359224" lon="77.69132829">
				<ele>893.82</ele>
				<time>2026-07-28T15:47:49Z</time>
				<extensions>
					<ns3:TrackPointExtension>
						<ns3:speed>1.97</ns3:speed>
						<ns3:cad>80.0</ns3:cad>
						<ns3:hr>150</ns3:hr>
					</ns3:TrackPointExtension>
				</extensions>
			</trkpt>
			<trkpt lat="12.9836079" lon="77.69133662">
				<ele>893.83</ele>
				<time>2026-07-28T15:47:50Z</time>
				<extensions>
					<ns3:TrackPointExtension>
						<ns3:speed>1.96</ns3:speed>
						<ns3:cad>80.0</ns3:cad>
						<ns3:hr>150</ns3:hr>
					</ns3:TrackPointExtension>
				</extensions>
			</trkpt>
			<trkpt lat="12.98361923" lon="77.69134828">
				<ele>893.84</ele>
				<time>2026-07-28T15:47:51Z</time>
				<extensions>
					<ns3:TrackPointExtension>
						<ns3:speed>1.96</ns3:speed>
						<ns3:cad>81.0</ns3:cad>
						<ns3:hr>149</ns3:hr>
					</ns3:TrackPointExtension>
				</extensions>
			</trkpt>
			<trkpt lat="12.98362589" lon="77.69136261">
				<ele>893.86</ele>
				<time>2026-07-28T15:47:52Z</time>
				<extensions>
					<ns3:TrackPointExtension>
						<ns3:speed>1.96</ns3:speed>
						<ns3:cad>81.0</ns3:cad>
						<ns3:hr>148</ns3:hr>
					</ns3:TrackPointExtension>
				</extensions>
			</trkpt>
			<trkpt lat="12.98362789" lon="77.69137794">
				<ele>893.87</ele>
				<time>2026-07-28T15:47:53Z</time>
				<extensions>
					<ns3:TrackPointExtension>
						<ns3:speed>1.96</ns3:speed>
						<ns3:cad>81.0</ns3:cad>
						<ns3:hr>148</ns3:hr>
					</ns3:TrackPointExtension>
				</extensions>
			</trkpt>
			<trkpt lat="12.98362789" lon="77.6913936">
				<ele>893.89</ele>
				<time>2026-07-28T15:47:54Z</time>
				<extensions>
					<ns3:TrackPointExtension>
						<ns3:speed>1.96</ns3:speed>
						<ns3:cad>81.0</ns3:cad>
						<ns3:hr>149</ns3:hr>
					</ns3:TrackPointExtension>
				</extensions>
			</trkpt>
			<trkpt lat="12.98362623" lon="77.69140993">
				<ele>893.91</ele>
				<time>2026-07-28T15:47:55Z</time>
				<extensions>
					<ns3:TrackPointExtension>
						<ns3:speed>1.96</ns3:speed>
						<ns3:cad>81.0</ns3:cad>
						<ns3:hr>148</ns3:hr>
					</ns3:TrackPointExtension>
				</extensions>
			</trkpt>
			<trkpt lat="12.98362424" lon="77.69142626">
				<ele>893.93</ele>
				<time>2026-07-28T15:47:56Z</time>
				<extensions>
					<ns3:TrackPointExtension>
						<ns3:speed>1.94</ns3:speed>
						<ns3:cad>80.0</ns3:cad>
						<ns3:hr>148</ns3:hr>
					</ns3:TrackPointExtension>
				</extensions>
			</trkpt>
			<trkpt lat="12.98362091" lon="77.69144192">
				<ele>893.96</ele>
				<time>2026-07-28T15:47:57Z</time>
				<extensions>
					<ns3:TrackPointExtension>
						<ns3:speed>1.93</ns3:speed>
						<ns3:cad>80.0</ns3:cad>
						<ns3:hr>149</ns3:hr>
					</ns3:TrackPointExtension>
				</extensions>
			</trkpt>
			<trkpt lat="12.98361625" lon="77.69145758">
				<ele>893.7</ele>
				<time>2026-07-28T15:47:58Z</time>
				<extensions>
					<ns3:TrackPointExtension>
						<ns3:speed>1.92</ns3:speed>
						<ns3:cad>80.0</ns3:cad>
						<ns3:hr>149</ns3:hr>
					</ns3:TrackPointExtension>
				</extensions>
			</trkpt>
			<trkpt lat="12.98361225" lon="77.69147324">
				<ele>893.72</ele>
				<time>2026-07-28T15:47:59Z</time>
				<extensions>
					<ns3:TrackPointExtension>
						<ns3:speed>1.91</ns3:speed>
						<ns3:cad>80.0</ns3:cad>
						<ns3:hr>148</ns3:hr>
					</ns3:TrackPointExtension>
				</extensions>
			</trkpt>
			<trkpt lat="12.98360792" lon="77.69148957">
				<ele>893.72</ele>
				<time>2026-07-28T15:48:00Z</time>
				<extensions>
					<ns3:TrackPointExtension>
					</ns3:TrackPointExtension>
				</extensions>
			</trkpt>
			<trkpt lat="12.98360393" lon="77.6915059">
				<ele>893.75</ele>
				<time>2026-07-28T15:48:01Z</time>
				<extensions>
					<ns3:TrackPointExtension>
						<ns3:speed>1.91</ns3:speed>
						<ns3:cad>80.0</ns3:cad>
						<ns3:hr>147</ns3:hr>
					</ns3:TrackPointExtension>
				</extensions>
			</trkpt>
			<trkpt lat="12.98359927" lon="77.69152256">
				<ele>893.77</ele>
				<time>2026-07-28T15:48:02Z</time>
				<extensions>
					<ns3:TrackPointExtension>
						<ns3:speed>1.91</ns3:speed>
						<ns3:cad>80.0</ns3:cad>
						<ns3:hr>147</ns3:hr>
					</ns3:TrackPointExtension>
				</extensions>
			</trkpt>
			<trkpt lat="12.98359394" lon="77.69153922">
				<ele>893.79</ele>
				<time>2026-07-28T15:48:03Z</time>
				<extensions>
					<ns3:TrackPointExtension>
						<ns3:speed>1.9</ns3:speed>
						<ns3:cad>81.0</ns3:cad>
						<ns3:hr>149</ns3:hr>
					</ns3:TrackPointExtension>
				</extensions>
			</trkpt>
			<trkpt lat="12.98358861" lon="77.69155522">
				<ele>893.8</ele>
				<time>2026-07-28T15:48:04Z</time>
				<extensions>
					<ns3:TrackPointExtension>
						<ns3:speed>1.9</ns3:speed>
						<ns3:cad>81.0</ns3:cad>
						<ns3:hr>149</ns3:hr>
					</ns3:TrackPointExtension>
				</extensions>
			</trkpt>
			<trkpt lat="12.98358295" lon="77.69157121">
				<ele>893.8</ele>
				<time>2026-07-28T15:48:05Z</time>
				<extensions>
					<ns3:TrackPointExtension>
						<ns3:speed>1.9</ns3:speed>
						<ns3:cad>81.0</ns3:cad>
						<ns3:hr>148</ns3:hr>
					</ns3:TrackPointExtension>
				</extensions>
			</trkpt>
			<trkpt lat="12.98357629" lon="77.69158687">
				<ele>893.8</ele>
				<time>2026-07-28T15:48:06Z</time>
				<extensions>
					<ns3:TrackPointExtension>
						<ns3:speed>1.91</ns3:speed>
						<ns3:cad>81.0</ns3:cad>
						<ns3:hr>148</ns3:hr>
					</ns3:TrackPointExtension>
				</extensions>
			</trkpt>
			<trkpt lat="12.98356963" lon="77.69160287">
				<ele>893.8</ele>
				<time>2026-07-28T15:48:07Z</time>
				<extensions>
					<ns3:TrackPointExtension>
						<ns3:speed>1.91</ns3:speed>
						<ns3:cad>81.0</ns3:cad>
						<ns3:hr>149</ns3:hr>
					</ns3:TrackPointExtension>
				</extensions>
			</trkpt>
			<trkpt lat="12.9835643" lon="77.6916192">
				<ele>893.8</ele>
				<time>2026-07-28T15:48:08Z</time>
				<extensions>
					<ns3:TrackPointExtension>
						<ns3:speed>1.91</ns3:speed>
						<ns3:cad>82.0</ns3:cad>
						<ns3:hr>148</ns3:hr>
					</ns3:TrackPointExtension>
				</extensions>
			</trkpt>
			<trkpt lat="12.98355897" lon="77.69163586">
				<ele>893.79</ele>
				<time>2026-07-28T15:48:09Z</time>
				<extensions>
					<ns3:TrackPointExtension>
						<ns3:speed>1.91</ns3:speed>
						<ns3:cad>82.0</ns3:cad>
						<ns3:hr>149</ns3:hr>
					</ns3:TrackPointExtension>
				</extensions>
			</trkpt>
			<trkpt lat="12.98355364" lon="77.69165252">
				<ele>893.79</ele>
				<time>2026-07-28T15:48:10Z</time>
				<extensions>
					<ns3:TrackPointExtension>
						<ns3:speed>1.91</ns3:speed>
						<ns3:cad>82.0</ns3:cad>
						<ns3:hr>148</ns3:hr>
					</ns3:TrackPointExtension>
				</extensions>
			</trkpt>
			<trkpt lat="12.98354865" lon="77.69166985">
				<ele>893.77</ele>
				<time>2026-07-28T15:48:11Z</time>
				<extensions>
					<ns3:TrackPointExtension>
						<ns3:speed>1.91</ns3:speed>
						<ns3:cad>81.0</ns3:cad>
						<ns3:hr>148</ns3:hr>
					</ns3:TrackPointExtension>
				</extensions>
			</trkpt>
			<trkpt lat="12.98354232" lon="77.69168618">
				<ele>893.76</ele>
				<time>2026-07-28T15:48:12Z</time>
				<extensions>
					<ns3:TrackPointExtension>
						<ns3:speed>1.9</ns3:speed>
						<ns3:cad>81.0</ns3:cad>
						<ns3:hr>148</ns3:hr>
					</ns3:TrackPointExtension>
				</extensions>
			</trkpt>
			<trkpt lat="12.98353299" lon="77.69170384">
				<ele>893.73</ele>
				<time>2026-07-28T15:48:13Z</time>
				<extensions>
					<ns3:TrackPointExtension>
						<ns3:speed>1.9</ns3:speed>
						<ns3:cad>81.0</ns3:cad>
						<ns3:hr>148</ns3:hr>
					</ns3:TrackPointExtension>
				</extensions>
			</trkpt>
			<trkpt lat="12.98352366" lon="77.69171984">
				<ele>893.71</ele>
				<time>2026-07-28T15:48:14Z</time>
				<extensions>
					<ns3:TrackPointExtension>
						<ns3:speed>1.9</ns3:speed>
						<ns3:cad>80.0</ns3:cad>
						<ns3:hr>147</ns3:hr>
					</ns3:TrackPointExtension>
				</extensions>
			</trkpt>
			<trkpt lat="12.983514" lon="77.69173617">
				<ele>893.68</ele>
				<time>2026-07-28T15:48:15Z</time>
				<extensions>
					<ns3:TrackPointExtension>
						<ns3:speed>1.9</ns3:speed>
						<ns3:cad>80.0</ns3:cad>
						<ns3:hr>147</ns3:hr>
					</ns3:TrackPointExtension>
				</extensions>
			</trkpt>
			<trkpt lat="12.98350401" lon="77.69175183">
				<ele>893.65</ele>
				<time>2026-07-28T15:48:16Z</time>
				<extensions>
					<ns3:TrackPointExtension>
						<ns3:speed>1.9</ns3:speed>
						<ns3:cad>80.0</ns3:cad>
						<ns3:hr>146</ns3:hr>
					</ns3:TrackPointExtension>
				</extensions>
			</trkpt>
			<trkpt lat="12.98348968" lon="77.69176449">
				<ele>893.63</ele>
				<time>2026-07-28T15:48:17Z</time>
				<extensions>
					<ns3:TrackPointExtension>
						<ns3:speed>1.89</ns3:speed>
						<ns3:cad>81.0</ns3:cad>
						<ns3:hr>147</ns3:hr>
					</ns3:TrackPointExtension>
				</extensions>
			</trkpt>
			<trkpt lat="12.98347435" lon="77.69177648">
				<ele>893.61</ele>
				<time>2026-07-28T15:48:18Z</time>
				<extensions>
					<ns3:TrackPointExtension>
						<ns3:speed>1.88</ns3:speed>
						<ns3:cad>81.0</ns3:cad>
						<ns3:hr>147</ns3:hr>
					</ns3:TrackPointExtension>
				</extensions>
			</trkpt>
			<trkpt lat="12.98345836" lon="77.69178614">
				<ele>893.59</ele>
				<time>2026-07-28T15:48:19Z</time>
				<extensions>
					<ns3:TrackPointExtension>
						<ns3:speed>1.88</ns3:speed>
						<ns3:cad>81.0</ns3:cad>
						<ns3:hr>147</ns3:hr>
					</ns3:TrackPointExtension>
				</extensions>
			</trkpt>
			<trkpt lat="12.98344203" lon="77.69179447">
				<ele>893.57</ele>
				<time>2026-07-28T15:48:20Z</time>
				<extensions>
					<ns3:TrackPointExtension>
						<ns3:speed>1.88</ns3:speed>
						<ns3:cad>81.0</ns3:cad>
						<ns3:hr>146</ns3:hr>
					</ns3:TrackPointExtension>
				</extensions>
			</trkpt>
			<trkpt lat="12.9834257" lon="77.69180213">
				<ele>893.56</ele>
				<time>2026-07-28T15:48:21Z</time>
				<extensions>
					<ns3:TrackPointExtension>
						<ns3:speed>1.88</ns3:speed>
						<ns3:cad>81.0</ns3:cad>
						<ns3:hr>146</ns3:hr>
					</ns3:TrackPointExtension>
				</extensions>
			</trkpt>
			<trkpt lat="12.98341004" lon="77.69181013">
				<ele>893.55</ele>
				<time>2026-07-28T15:48:22Z</time>
				<extensions>
					<ns3:TrackPointExtension>
						<ns3:speed>1.89</ns3:speed>
						<ns3:cad>81.0</ns3:cad>
						<ns3:hr>146</ns3:hr>
					</ns3:TrackPointExtension>
				</extensions>
			</trkpt>
			<trkpt lat="12.98339371" lon="77.69181712">
				<ele>893.55</ele>
				<time>2026-07-28T15:48:23Z</time>
				<extensions>
					<ns3:TrackPointExtension>
						<ns3:speed>1.89</ns3:speed>
						<ns3:cad>81.0</ns3:cad>
						<ns3:hr>146</ns3:hr>
					</ns3:TrackPointExtension>
				</extensions>
			</trkpt>
			<trkpt lat="12.98337805" lon="77.69182378">
				<ele>893.55</ele>
				<time>2026-07-28T15:48:24Z</time>
				<extensions>
					<ns3:TrackPointExtension>
						<ns3:speed>1.89</ns3:speed>
						<ns3:cad>81.0</ns3:cad>
						<ns3:hr>146</ns3:hr>
					</ns3:TrackPointExtension>
				</extensions>
			</trkpt>
			<trkpt lat="12.98336139" lon="77.69182844">
				<ele>893.54</ele>
				<time>2026-07-28T15:48:25Z</time>
				<extensions>
					<ns3:TrackPointExtension>
						<ns3:speed>1.9</ns3:speed>
						<ns3:cad>81.0</ns3:cad>
						<ns3:hr>146</ns3:hr>
					</ns3:TrackPointExtension>
				</extensions>
			</trkpt>
			<trkpt lat="12.98334539" lon="77.69183277">
				<ele>893.54</ele>
				<time>2026-07-28T15:48:26Z</time>
				<extensions>
					<ns3:TrackPointExtension>
						<ns3:speed>1.91</ns3:speed>
						<ns3:cad>82.0</ns3:cad>
						<ns3:hr>146</ns3:hr>
					</ns3:TrackPointExtension>
				</extensions>
			</trkpt>
			<trkpt lat="12.98333006" lon="77.69183843">
				<ele>893.54</ele>
				<time>2026-07-28T15:48:27Z</time>
				<extensions>
					<ns3:TrackPointExtension>
						<ns3:speed>1.91</ns3:speed>
						<ns3:cad>84.0</ns3:cad>
						<ns3:hr>146</ns3:hr>
					</ns3:TrackPointExtension>
				</extensions>
			</trkpt>
			<trkpt lat="12.9833144" lon="77.69184376">
				<ele>893.54</ele>
				<time>2026-07-28T15:48:28Z</time>
				<extensions>
					<ns3:TrackPointExtension>
						<ns3:speed>1.93</ns3:speed>
						<ns3:cad>85.0</ns3:cad>
						<ns3:hr>146</ns3:hr>
					</ns3:TrackPointExtension>
				</extensions>
			</trkpt>
			<trkpt lat="12.9832984" lon="77.69184975">
				<ele>893.56</ele>
				<time>2026-07-28T15:48:29Z</time>
				<extensions>
					<ns3:TrackPointExtension>
						<ns3:speed>1.93</ns3:speed>
						<ns3:cad>85.0</ns3:cad>
						<ns3:hr>146</ns3:hr>
					</ns3:TrackPointExtension>
				</extensions>
			</trkpt>
			<trkpt lat="12.98328174" lon="77.69185408">
				<ele>893.56</ele>
				<time>2026-07-28T15:48:30Z</time>
				<extensions>
					<ns3:TrackPointExtension>
						<ns3:speed>1.93</ns3:speed>
						<ns3:cad>85.0</ns3:cad>
						<ns3:hr>146</ns3:hr>
					</ns3:TrackPointExtension>
				</extensions>
			</trkpt>
			<trkpt lat="12.98326474" lon="77.69185974">
				<ele>893.56</ele>
				<time>2026-07-28T15:48:31Z</time>
				<extensions>
					<ns3:TrackPointExtension>
						<ns3:speed>1.93</ns3:speed>
						<ns3:cad>84.0</ns3:cad>
						<ns3:hr>146</ns3:hr>
					</ns3:TrackPointExtension>
				</extensions>
			</trkpt>
			<trkpt lat="12.98324875" lon="77.69186607">
				<ele>893.56</ele>
				<time>2026-07-28T15:48:32Z</time>
				<extensions>
					<ns3:TrackPointExtension>
						<ns3:speed>1.94</ns3:speed>
						<ns3:cad>83.0</ns3:cad>
						<ns3:hr>146</ns3:hr>
					</ns3:TrackPointExtension>
				</extensions>
			</trkpt>
			<trkpt lat="12.98323175" lon="77.69186973">
				<ele>893.57</ele>
				<time>2026-07-28T15:48:33Z</time>
				<extensions>
					<ns3:TrackPointExtension>
						<ns3:speed>1.94</ns3:speed>
						<ns3:cad>82.0</ns3:cad>
						<ns3:hr>147</ns3:hr>
					</ns3:TrackPointExtension>
				</extensions>
			</trkpt>
			<trkpt lat="12.98321409" lon="77.69187272">
				<ele>893.57</ele>
				<time>2026-07-28T15:48:34Z</time>
				<extensions>
					<ns3:TrackPointExtension>
						<ns3:speed>1.93</ns3:speed>
						<ns3:cad>82.0</ns3:cad>
						<ns3:hr>146</ns3:hr>
					</ns3:TrackPointExtension>
				</extensions>
			</trkpt>
			<trkpt lat="12.98319543" lon="77.69187538">
				<ele>893.57</ele>
				<time>2026-07-28T15:48:35Z</time>
				<extensions>
					<ns3:TrackPointExtension>
						<ns3:speed>1.93</ns3:speed>
						<ns3:cad>81.0</ns3:cad>
						<ns3:hr>147</ns3:hr>
					</ns3:TrackPointExtension>
				</extensions>
			</trkpt>
			<trkpt lat="12.98317844" lon="77.69188004">
				<ele>893.56</ele>
				<time>2026-07-28T15:48:36Z</time>
				<extensions>
					<ns3:TrackPointExtension>
						<ns3:speed>1.93</ns3:speed>
						<ns3:cad>81.0</ns3:cad>
						<ns3:hr>147</ns3:hr>
					</ns3:TrackPointExtension>
				</extensions>
			</trkpt>
			<trkpt lat="12.98316444" lon="77.69188804">
				<ele>893.56</ele>
				<time>2026-07-28T15:48:37Z</time>
				<extensions>
					<ns3:TrackPointExtension>
						<ns3:speed>1.93</ns3:speed>
						<ns3:cad>80.0</ns3:cad>
						<ns3:hr>146</ns3:hr>
					</ns3:TrackPointExtension>
				</extensions>
			</trkpt>
			<trkpt lat="12.98314711" lon="77.6918977">
				<ele>893.55</ele>
				<time>2026-07-28T15:48:38Z</time>
				<extensions>
					<ns3:TrackPointExtension>
						<ns3:speed>1.91</ns3:speed>
						<ns3:cad>80.0</ns3:cad>
						<ns3:hr>146</ns3:hr>
					</ns3:TrackPointExtension>
				</extensions>
			</trkpt>
			<trkpt lat="12.98313412" lon="77.69190936">
				<ele>893.55</ele>
				<time>2026-07-28T15:48:39Z</time>
				<extensions>
					<ns3:TrackPointExtension>
						<ns3:speed>1.89</ns3:speed>
						<ns3:cad>80.0</ns3:cad>
						<ns3:hr>146</ns3:hr>
					</ns3:TrackPointExtension>
				</extensions>
			</trkpt>
			<trkpt lat="12.98312312" lon="77.69192302">
				<ele>893.54</ele>
				<time>2026-07-28T15:48:40Z</time>
				<extensions>
					<ns3:TrackPointExtension>
						<ns3:speed>1.89</ns3:speed>
						<ns3:cad>81.0</ns3:cad>
						<ns3:hr>146</ns3:hr>
					</ns3:TrackPointExtension>
				</extensions>
			</trkpt>
			<trkpt lat="12.98311246" lon="77.69193802">
				<ele>893.53</ele>
				<time>2026-07-28T15:48:41Z</time>
				<extensions>
					<ns3:TrackPointExtension>
						<ns3:speed>1.89</ns3:speed>
						<ns3:cad>81.0</ns3:cad>
						<ns3:hr>146</ns3:hr>
					</ns3:TrackPointExtension>
				</extensions>
			</trkpt>
			<trkpt lat="12.98310313" lon="77.69195301">
				<ele>893.53</ele>
				<time>2026-07-28T15:48:42Z</time>
				<extensions>
					<ns3:TrackPointExtension>
						<ns3:speed>1.89</ns3:speed>
						<ns3:cad>81.0</ns3:cad>
						<ns3:hr>146</ns3:hr>
					</ns3:TrackPointExtension>
				</extensions>
			</trkpt>
			<trkpt lat="12.98309047" lon="77.69196601">
				<ele>893.52</ele>
				<time>2026-07-28T15:48:43Z</time>
				<extensions>
					<ns3:TrackPointExtension>
						<ns3:speed>1.9</ns3:speed>
						<ns3:cad>81.0</ns3:cad>
						<ns3:hr>147</ns3:hr>
					</ns3:TrackPointExtension>
				</extensions>
			</trkpt>
			<trkpt lat="12.98307947" lon="77.69197967">
				<ele>893.51</ele>
				<time>2026-07-28T15:48:44Z</time>
				<extensions>
					<ns3:TrackPointExtension>
						<ns3:speed>1.9</ns3:speed>
						<ns3:cad>82.0</ns3:cad>
						<ns3:hr>147</ns3:hr>
					</ns3:TrackPointExtension>
				</extensions>
			</trkpt>
			<trkpt lat="12.98307014" lon="77.691994">
				<ele>893.5</ele>
				<time>2026-07-28T15:48:45Z</time>
				<extensions>
					<ns3:TrackPointExtension>
						<ns3:speed>1.9</ns3:speed>
						<ns3:cad>82.0</ns3:cad>
						<ns3:hr>148</ns3:hr>
					</ns3:TrackPointExtension>
				</extensions>
			</trkpt>
			<trkpt lat="12.98306148" lon="77.69200799">
				<ele>893.5</ele>
				<time>2026-07-28T15:48:46Z</time>
				<extensions>
					<ns3:TrackPointExtension>
						<ns3:speed>1.9</ns3:speed>
						<ns3:cad>82.0</ns3:cad>
						<ns3:hr>148</ns3:hr>
					</ns3:TrackPointExtension>
				</extensions>
			</trkpt>
			<trkpt lat="12.98305149" lon="77.69202098">
				<ele>893.49</ele>
				<time>2026-07-28T15:48:47Z</time>
				<extensions>
					<ns3:TrackPointExtension>
						<ns3:speed>1.89</ns3:speed>
						<ns3:cad>81.0</ns3:cad>
						<ns3:hr>148</ns3:hr>
					</ns3:TrackPointExtension>
				</extensions>
			</trkpt>
			<trkpt lat="12.98304083" lon="77.69203464">
				<ele>893.49</ele>
				<time>2026-07-28T15:48:48Z</time>
				<extensions>
					<ns3:TrackPointExtension>
						<ns3:speed>1.89</ns3:speed>
						<ns3:cad>81.0</ns3:cad>
						<ns3:hr>148</ns3:hr>
					</ns3:TrackPointExtension>
				</extensions>
			</trkpt>
			<trkpt lat="12.98303017" lon="77.69204763">
				<ele>893.48</ele>
				<time>2026-07-28T15:48:49Z</time>
				<extensions>
					<ns3:TrackPointExtension>
						<ns3:speed>1.88</ns3:speed>
						<ns3:cad>80.0</ns3:cad>
						<ns3:hr>149</ns3:hr>
					</ns3:TrackPointExtension>
				</extensions>
			</trkpt>
			<trkpt lat="12.98301884" lon="77.69205796">
				<ele>893.47</ele>
				<time>2026-07-28T15:48:50Z</time>
				<extensions>
					<ns3:TrackPointExtension>
						<ns3:speed>1.87</ns3:speed>
						<ns3:cad>80.0</ns3:cad>
						<ns3:hr>149</ns3:hr>
					</ns3:TrackPointExtension>
				</extensions>
			</trkpt>
			<trkpt lat="12.98300551" lon="77.69206696">
				<ele>893.47</ele>
				<time>2026-07-28T15:48:51Z</time>
				<extensions>
					<ns3:TrackPointExtension>
						<ns3:speed>1.87</ns3:speed>
						<ns3:cad>80.0</ns3:cad>
						<ns3:hr>149</ns3:hr>
					</ns3:TrackPointExtension>
				</extensions>
			</trkpt>
			<trkpt lat="12.98299318" lon="77.69207629">
				<ele>893.46</ele>
				<time>2026-07-28T15:48:52Z</time>
				<extensions>
					<ns3:TrackPointExtension>
						<ns3:speed>1.87</ns3:speed>
						<ns3:cad>81.0</ns3:cad>
						<ns3:hr>149</ns3:hr>
					</ns3:TrackPointExtension>
				</extensions>
			</trkpt>
			<trkpt lat="12.98298052" lon="77.69208595">
				<ele>893.46</ele>
				<time>2026-07-28T15:48:53Z</time>
				<extensions>
					<ns3:TrackPointExtension>
						<ns3:speed>1.86</ns3:speed>
						<ns3:cad>81.0</ns3:cad>
						<ns3:hr>149</ns3:hr>
					</ns3:TrackPointExtension>
				</extensions>
			</trkpt>
			<trkpt lat="12.98296719" lon="77.69209495">
				<ele>893.46</ele>
				<time>2026-07-28T15:48:54Z</time>
				<extensions>
					<ns3:TrackPointExtension>
						<ns3:speed>1.85</ns3:speed>
						<ns3:cad>81.0</ns3:cad>
						<ns3:hr>148</ns3:hr>
					</ns3:TrackPointExtension>
				</extensions>
			</trkpt>
			<trkpt lat="12.9829542" lon="77.69210461">
				<ele>893.46</ele>
				<time>2026-07-28T15:48:55Z</time>
				<extensions>
					<ns3:TrackPointExtension>
						<ns3:speed>1.85</ns3:speed>
						<ns3:cad>81.0</ns3:cad>
						<ns3:hr>149</ns3:hr>
					</ns3:TrackPointExtension>
				</extensions>
			</trkpt>
			<trkpt lat="12.98294054" lon="77.69211361">
				<ele>893.46</ele>
				<time>2026-07-28T15:48:56Z</time>
				<extensions>
					<ns3:TrackPointExtension>
						<ns3:speed>1.84</ns3:speed>
						<ns3:cad>81.0</ns3:cad>
						<ns3:hr>149</ns3:hr>
					</ns3:TrackPointExtension>
				</extensions>
			</trkpt>
			<trkpt lat="12.98292755" lon="77.69212227">
				<ele>893.46</ele>
				<time>2026-07-28T15:48:57Z</time>
				<extensions>
					<ns3:TrackPointExtension>
						<ns3:speed>1.83</ns3:speed>
						<ns3:cad>81.0</ns3:cad>
						<ns3:hr>149</ns3:hr>
					</ns3:TrackPointExtension>
				</extensions>
			</trkpt>
			<trkpt lat="12.98291522" lon="77.6921316">
				<ele>893.45</ele>
				<time>2026-07-28T15:48:58Z</time>
				<extensions>
					<ns3:TrackPointExtension>
						<ns3:speed>1.83</ns3:speed>
						<ns3:cad>81.0</ns3:cad>
						<ns3:hr>149</ns3:hr>
					</ns3:TrackPointExtension>
				</extensions>
			</trkpt>
			<trkpt lat="12.98290223" lon="77.69213959">
				<ele>893.45</ele>
				<time>2026-07-28T15:48:59Z</time>
				<extensions>
					<ns3:TrackPointExtension>
						<ns3:speed>1.83</ns3:speed>
						<ns3:cad>81.0</ns3:cad>
						<ns3:hr>149</ns3:hr>
					</ns3:TrackPointExtension>
				</extensions>
			</trkpt>
			<trkpt lat="12.98288923" lon="77.69214792">
				<ele>893.45</ele>
				<time>2026-07-28T15:49:00Z</time>
				<extensions>
					<ns3:TrackPointExtension>
						<ns3:speed>1.82</ns3:speed>
						<ns3:cad>80.0</ns3:cad>
						<ns3:hr>149</ns3:hr>
					</ns3:TrackPointExtension>
				</extensions>
			</trkpt>
			<trkpt lat="12.98287657" lon="77.69215558">
				<ele>893.46</ele>
				<time>2026-07-28T15:49:01Z</time>
				<extensions>
					<ns3:TrackPointExtension>
						<ns3:speed>1.81</ns3:speed>
						<ns3:cad>80.0</ns3:cad>
						<ns3:hr>148</ns3:hr>
					</ns3:TrackPointExtension>
				</extensions>
			</trkpt>
			<trkpt lat="12.98286391" lon="77.69216358">
				<ele>893.45</ele>
				<time>2026-07-28T15:49:02Z</time>
				<extensions>
					<ns3:TrackPointExtension>
						<ns3:speed>1.8</ns3:speed>
						<ns3:cad>80.0</ns3:cad>
						<ns3:hr>147</ns3:hr>
					</ns3:TrackPointExtension>
				</extensions>
			</trkpt>
			<trkpt lat="12.98285158" lon="77.69217024">
				<ele>893.46</ele>
				<time>2026-07-28T15:49:03Z</time>
				<extensions>
					<ns3:TrackPointExtension>
						<ns3:speed>1.8</ns3:speed>
						<ns3:cad>80.0</ns3:cad>
						<ns3:hr>147</ns3:hr>
					</ns3:TrackPointExtension>
				</extensions>
			</trkpt>
			<trkpt lat="12.98284025" lon="77.69217757">
				<ele>893.45</ele>
				<time>2026-07-28T15:49:04Z</time>
				<extensions>
					<ns3:TrackPointExtension>
						<ns3:speed>1.79</ns3:speed>
						<ns3:cad>80.0</ns3:cad>
						<ns3:hr>148</ns3:hr>
					</ns3:TrackPointExtension>
				</extensions>
			</trkpt>
			<trkpt lat="12.98282859" lon="77.69218523">
				<ele>893.46</ele>
				<time>2026-07-28T15:49:05Z</time>
				<extensions>
					<ns3:TrackPointExtension>
						<ns3:speed>1.79</ns3:speed>
						<ns3:cad>81.0</ns3:cad>
						<ns3:hr>148</ns3:hr>
					</ns3:TrackPointExtension>
				</extensions>
			</trkpt>
			<trkpt lat="12.98281793" lon="77.69219322">
				<ele>893.46</ele>
				<time>2026-07-28T15:49:06Z</time>
				<extensions>
					<ns3:TrackPointExtension>
						<ns3:speed>1.77</ns3:speed>
						<ns3:cad>81.0</ns3:cad>
						<ns3:hr>147</ns3:hr>
					</ns3:TrackPointExtension>
				</extensions>
			</trkpt>
			<trkpt lat="12.98280527" lon="77.69219988">
				<ele>893.47</ele>
				<time>2026-07-28T15:49:07Z</time>
				<extensions>
					<ns3:TrackPointExtension>
						<ns3:speed>1.76</ns3:speed>
						<ns3:cad>81.0</ns3:cad>
						<ns3:hr>147</ns3:hr>
					</ns3:TrackPointExtension>
				</extensions>
			</trkpt>
			<trkpt lat="12.98279294" lon="77.69220721">
				<ele>893.48</ele>
				<time>2026-07-28T15:49:08Z</time>
				<extensions>
					<ns3:TrackPointExtension>
						<ns3:speed>1.75</ns3:speed>
						<ns3:cad>81.0</ns3:cad>
						<ns3:hr>147</ns3:hr>
					</ns3:TrackPointExtension>
				</extensions>
			</trkpt>
			<trkpt lat="12.98278028" lon="77.69221454">
				<ele>893.49</ele>
				<time>2026-07-28T15:49:09Z</time>
				<extensions>
					<ns3:TrackPointExtension>
						<ns3:speed>1.74</ns3:speed>
						<ns3:cad>81.0</ns3:cad>
						<ns3:hr>147</ns3:hr>
					</ns3:TrackPointExtension>
				</extensions>
			</trkpt>
			<trkpt lat="12.98276795" lon="77.69222253">
				<ele>893.5</ele>
				<time>2026-07-28T15:49:10Z</time>
				<extensions>
					<ns3:TrackPointExtension>
						<ns3:speed>1.74</ns3:speed>
						<ns3:cad>81.0</ns3:cad>
						<ns3:hr>146</ns3:hr>
					</ns3:TrackPointExtension>
				</extensions>
			</trkpt>
			<trkpt lat="12.98275662" lon="77.69223319">
				<ele>893.51</ele>
				<time>2026-07-28T15:49:11Z</time>
				<extensions>
					<ns3:TrackPointExtension>
						<ns3:speed>1.74</ns3:speed>
						<ns3:cad>81.0</ns3:cad>
						<ns3:hr>147</ns3:hr>
					</ns3:TrackPointExtension>
				</extensions>
			</trkpt>
			<trkpt lat="12.98274596" lon="77.69224452">
				<ele>893.52</ele>
				<time>2026-07-28T15:49:12Z</time>
				<extensions>
					<ns3:TrackPointExtension>
						<ns3:speed>1.75</ns3:speed>
						<ns3:cad>81.0</ns3:cad>
						<ns3:hr>148</ns3:hr>
					</ns3:TrackPointExtension>
				</extensions>
			</trkpt>
			<trkpt lat="12.98273563" lon="77.69225552">
				<ele>893.54</ele>
				<time>2026-07-28T15:49:13Z</time>
				<extensions>
					<ns3:TrackPointExtension>
						<ns3:speed>1.75</ns3:speed>
						<ns3:cad>81.0</ns3:cad>
						<ns3:hr>148</ns3:hr>
					</ns3:TrackPointExtension>
				</extensions>
			</trkpt>
			<trkpt lat="12.98272597" lon="77.69226751">
				<ele>893.55</ele>
				<time>2026-07-28T15:49:14Z</time>
				<extensions>
					<ns3:TrackPointExtension>
						<ns3:speed>1.75</ns3:speed>
						<ns3:cad>80.0</ns3:cad>
						<ns3:hr>148</ns3:hr>
					</ns3:TrackPointExtension>
				</extensions>
			</trkpt>
			<trkpt lat="12.98271731" lon="77.69227917">
				<ele>893.56</ele>
				<time>2026-07-28T15:49:15Z</time>
				<extensions>
					<ns3:TrackPointExtension>
						<ns3:speed>1.75</ns3:speed>
						<ns3:cad>80.0</ns3:cad>
						<ns3:hr>148</ns3:hr>
					</ns3:TrackPointExtension>
				</extensions>
			</trkpt>
			<trkpt lat="12.98270965" lon="77.69229217">
				<ele>893.58</ele>
				<time>2026-07-28T15:49:16Z</time>
				<extensions>
					<ns3:TrackPointExtension>
						<ns3:speed>1.74</ns3:speed>
						<ns3:cad>80.0</ns3:cad>
						<ns3:hr>148</ns3:hr>
					</ns3:TrackPointExtension>
				</extensions>
			</trkpt>
			<trkpt lat="12.98270299" lon="77.69230616">
				<ele>893.59</ele>
				<time>2026-07-28T15:49:17Z</time>
				<extensions>
					<ns3:TrackPointExtension>
						<ns3:speed>1.73</ns3:speed>
						<ns3:cad>80.0</ns3:cad>
						<ns3:hr>149</ns3:hr>
					</ns3:TrackPointExtension>
				</extensions>
			</trkpt>
			<trkpt lat="12.98269699" lon="77.69232049">
				<ele>893.6</ele>
				<time>2026-07-28T15:49:18Z</time>
				<extensions>
					<ns3:TrackPointExtension>
						<ns3:speed>1.72</ns3:speed>
						<ns3:cad>80.0</ns3:cad>
						<ns3:hr>149</ns3:hr>
					</ns3:TrackPointExtension>
				</extensions>
			</trkpt>
			<trkpt lat="12.98269033" lon="77.69233448">
				<ele>893.61</ele>
				<time>2026-07-28T15:49:19Z</time>
				<extensions>
					<ns3:TrackPointExtension>
						<ns3:speed>1.71</ns3:speed>
						<ns3:cad>80.0</ns3:cad>
						<ns3:hr>148</ns3:hr>
					</ns3:TrackPointExtension>
				</extensions>
			</trkpt>
			<trkpt lat="12.98268333" lon="77.69234781">
				<ele>893.62</ele>
				<time>2026-07-28T15:49:20Z</time>
				<extensions>
					<ns3:TrackPointExtension>
						<ns3:speed>1.7</ns3:speed>
						<ns3:cad>80.0</ns3:cad>
						<ns3:hr>148</ns3:hr>
					</ns3:TrackPointExtension>
				</extensions>
			</trkpt>
			<trkpt lat="12.982676" lon="77.69236147">
				<ele>893.62</ele>
				<time>2026-07-28T15:49:21Z</time>
				<extensions>
					<ns3:TrackPointExtension>
						<ns3:speed>1.7</ns3:speed>
						<ns3:cad>80.0</ns3:cad>
						<ns3:hr>148</ns3:hr>
					</ns3:TrackPointExtension>
				</extensions>
			</trkpt>
			<trkpt lat="12.98266834" lon="77.69237346">
				<ele>893.63</ele>
				<time>2026-07-28T15:49:22Z</time>
				<extensions>
					<ns3:TrackPointExtension>
						<ns3:speed>1.7</ns3:speed>
						<ns3:cad>81.0</ns3:cad>
						<ns3:hr>149</ns3:hr>
					</ns3:TrackPointExtension>
				</extensions>
			</trkpt>
			<trkpt lat="12.98265901" lon="77.69238412">
				<ele>893.63</ele>
				<time>2026-07-28T15:49:23Z</time>
				<extensions>
					<ns3:TrackPointExtension>
						<ns3:speed>1.69</ns3:speed>
						<ns3:cad>81.0</ns3:cad>
						<ns3:hr>148</ns3:hr>
					</ns3:TrackPointExtension>
				</extensions>
			</trkpt>
			<trkpt lat="12.98264801" lon="77.69239145">
				<ele>893.64</ele>
				<time>2026-07-28T15:49:24Z</time>
				<extensions>
					<ns3:TrackPointExtension>
						<ns3:speed>1.69</ns3:speed>
						<ns3:cad>81.0</ns3:cad>
						<ns3:hr>148</ns3:hr>
					</ns3:TrackPointExtension>
				</extensions>
			</trkpt>
			<trkpt lat="12.98263602" lon="77.69239545">
				<ele>893.64</ele>
				<time>2026-07-28T15:49:25Z</time>
				<extensions>
					<ns3:TrackPointExtension>
						<ns3:speed>1.69</ns3:speed>
						<ns3:cad>81.0</ns3:cad>
						<ns3:hr>148</ns3:hr>
					</ns3:TrackPointExtension>
				</extensions>
			</trkpt>
			<trkpt lat="12.98262236" lon="77.69239678">
				<ele>893.64</ele>
				<time>2026-07-28T15:49:26Z</time>
				<extensions>
					<ns3:TrackPointExtension>
						<ns3:speed>1.69</ns3:speed>
						<ns3:cad>81.0</ns3:cad>
						<ns3:hr>148</ns3:hr>
					</ns3:TrackPointExtension>
				</extensions>
			</trkpt>
			<trkpt lat="12.98260803" lon="77.69239612">
				<ele>893.64</ele>
				<time>2026-07-28T15:49:27Z</time>
				<extensions>
					<ns3:TrackPointExtension>
						<ns3:speed>1.7</ns3:speed>
						<ns3:cad>81.0</ns3:cad>
						<ns3:hr>149</ns3:hr>
					</ns3:TrackPointExtension>
				</extensions>
			</trkpt>
			<trkpt lat="12.98259337" lon="77.69239313">
				<ele>893.64</ele>
				<time>2026-07-28T15:49:28Z</time>
				<extensions>
					<ns3:TrackPointExtension>
					</ns3:TrackPointExtension>
				</extensions>
			</trkpt>
			<trkpt lat="12.98257871" lon="77.69238913">
				<ele>893.64</ele>
				<time>2026-07-28T15:49:29Z</time>
				<extensions>
					<ns3:TrackPointExtension>
						<ns3:speed>1.7</ns3:speed>
						<ns3:cad>81.0</ns3:cad>
						<ns3:hr>149</ns3:hr>
					</ns3:TrackPointExtension>
				</extensions>
			</trkpt>
			<trkpt lat="12.98256372" lon="77.6923858">
				<ele>893.64</ele>
				<time>2026-07-28T15:49:30Z</time>
				<extensions>
					<ns3:TrackPointExtension>
						<ns3:speed>1.7</ns3:speed>
						<ns3:cad>81.0</ns3:cad>
						<ns3:hr>148</ns3:hr>
					</ns3:TrackPointExtension>
				</extensions>
			</trkpt>
			<trkpt lat="12.98254906" lon="77.69238281">
				<ele>893.64</ele>
				<time>2026-07-28T15:49:31Z</time>
				<extensions>
					<ns3:TrackPointExtension>
						<ns3:speed>1.69</ns3:speed>
						<ns3:cad>81.0</ns3:cad>
						<ns3:hr>149</ns3:hr>
					</ns3:TrackPointExtension>
				</extensions>
			</trkpt>
			<trkpt lat="12.98253406" lon="77.69237981">
				<ele>893.64</ele>
				<time>2026-07-28T15:49:32Z</time>
				<extensions>
					<ns3:TrackPointExtension>
						<ns3:speed>1.69</ns3:speed>
						<ns3:cad>81.0</ns3:cad>
						<ns3:hr>149</ns3:hr>
					</ns3:TrackPointExtension>
				</extensions>
			</trkpt>
			<trkpt lat="12.98251907" lon="77.69237782">
				<ele>893.64</ele>
				<time>2026-07-28T15:49:33Z</time>
				<extensions>
					<ns3:TrackPointExtension>
						<ns3:speed>1.69</ns3:speed>
						<ns3:cad>81.0</ns3:cad>
						<ns3:hr>149</ns3:hr>
					</ns3:TrackPointExtension>
				</extensions>
			</trkpt>
			<trkpt lat="12.98250408" lon="77.69237749">
				<ele>893.65</ele>
				<time>2026-07-28T15:49:34Z</time>
				<extensions>
					<ns3:TrackPointExtension>
						<ns3:speed>1.69</ns3:speed>
						<ns3:cad>80.0</ns3:cad>
						<ns3:hr>149</ns3:hr>
					</ns3:TrackPointExtension>
				</extensions>
			</trkpt>
			<trkpt lat="12.98248975" lon="77.69237716">
				<ele>893.66</ele>
				<time>2026-07-28T15:49:35Z</time>
				<extensions>
					<ns3:TrackPointExtension>
						<ns3:speed>1.69</ns3:speed>
						<ns3:cad>80.0</ns3:cad>
						<ns3:hr>149</ns3:hr>
					</ns3:TrackPointExtension>
				</extensions>
			</trkpt>
			<trkpt lat="12.98247509" lon="77.69237683">
				<ele>893.66</ele>
				<time>2026-07-28T15:49:36Z</time>
				<extensions>
					<ns3:TrackPointExtension>
						<ns3:speed>1.69</ns3:speed>
						<ns3:cad>80.0</ns3:cad>
						<ns3:hr>149</ns3:hr>
					</ns3:TrackPointExtension>
				</extensions>
			</trkpt>
			<trkpt lat="12.98246043" lon="77.69237749">
				<ele>893.67</ele>
				<time>2026-07-28T15:49:37Z</time>
				<extensions>
					<ns3:TrackPointExtension>
						<ns3:speed>1.68</ns3:speed>
						<ns3:cad>81.0</ns3:cad>
						<ns3:hr>149</ns3:hr>
					</ns3:TrackPointExtension>
				</extensions>
			</trkpt>
			<trkpt lat="12.98244543" lon="77.69237716">
				<ele>893.67</ele>
				<time>2026-07-28T15:49:38Z</time>
				<extensions>
					<ns3:TrackPointExtension>
						<ns3:speed>1.67</ns3:speed>
						<ns3:cad>81.0</ns3:cad>
						<ns3:hr>149</ns3:hr>
					</ns3:TrackPointExtension>
				</extensions>
			</trkpt>
			<trkpt lat="12.98242944" lon="77.69237716">
				<ele>893.68</ele>
				<time>2026-07-28T15:49:39Z</time>
				<extensions>
					<ns3:TrackPointExtension>
						<ns3:speed>1.67</ns3:speed>
						<ns3:cad>81.0</ns3:cad>
						<ns3:hr>149</ns3:hr>
					</ns3:TrackPointExtension>
				</extensions>
			</trkpt>
			<trkpt lat="12.98241144" lon="77.69237583">
				<ele>893.69</ele>
				<time>2026-07-28T15:49:40Z</time>
				<extensions>
					<ns3:TrackPointExtension>
						<ns3:speed>1.67</ns3:speed>
						<ns3:cad>81.0</ns3:cad>
						<ns3:hr>150</ns3:hr>
					</ns3:TrackPointExtension>
				</extensions>
			</trkpt>
			<trkpt lat="12.98239411" lon="77.6923735">
				<ele>893.71</ele>
				<time>2026-07-28T15:49:41Z</time>
				<extensions>
					<ns3:TrackPointExtension>
						<ns3:speed>1.68</ns3:speed>
						<ns3:cad>81.0</ns3:cad>
						<ns3:hr>150</ns3:hr>
					</ns3:TrackPointExtension>
				</extensions>
			</trkpt>
			<trkpt lat="12.98237712" lon="77.6923695">
				<ele>893.73</ele>
				<time>2026-07-28T15:49:42Z</time>
				<extensions>
					<ns3:TrackPointExtension>
						<ns3:speed>1.68</ns3:speed>
						<ns3:cad>80.0</ns3:cad>
						<ns3:hr>149</ns3:hr>
					</ns3:TrackPointExtension>
				</extensions>
			</trkpt>
			<trkpt lat="12.98236112" lon="77.69236384">
				<ele>893.75</ele>
				<time>2026-07-28T15:49:43Z</time>
				<extensions>
					<ns3:TrackPointExtension>
						<ns3:speed>1.68</ns3:speed>
						<ns3:cad>80.0</ns3:cad>
						<ns3:hr>149</ns3:hr>
					</ns3:TrackPointExtension>
				</extensions>
			</trkpt>
			<trkpt lat="12.98234446" lon="77.69235685">
				<ele>893.77</ele>
				<time>2026-07-28T15:49:44Z</time>
				<extensions>
					<ns3:TrackPointExtension>
						<ns3:speed>1.69</ns3:speed>
						<ns3:cad>80.0</ns3:cad>
						<ns3:hr>148</ns3:hr>
					</ns3:TrackPointExtension>
				</extensions>
			</trkpt>
			<trkpt lat="12.9823288" lon="77.69234752">
				<ele>893.8</ele>
				<time>2026-07-28T15:49:45Z</time>
				<extensions>
					<ns3:TrackPointExtension>
						<ns3:speed>1.7</ns3:speed>
						<ns3:cad>80.0</ns3:cad>
						<ns3:hr>147</ns3:hr>
					</ns3:TrackPointExtension>
				</extensions>
			</trkpt>
			<trkpt lat="12.98231314" lon="77.69233719">
				<ele>893.82</ele>
				<time>2026-07-28T15:49:46Z</time>
				<extensions>
					<ns3:TrackPointExtension>
						<ns3:speed>1.73</ns3:speed>
						<ns3:cad>81.0</ns3:cad>
					</ns3:TrackPointExtension>
				</extensions>
			</trkpt>
			<trkpt lat="12.98229715" lon="77.69232586">
				<ele>893.84</ele>
				<time>2026-07-28T15:49:47Z</time>
				<extensions>
					<ns3:TrackPointExtension>
						<ns3:speed>1.74</ns3:speed>
						<ns3:cad>81.0</ns3:cad>
						<ns3:hr>146</ns3:hr>
					</ns3:TrackPointExtension>
				</extensions>
			</trkpt>
			<trkpt lat="12.98228315" lon="77.69231353">
				<ele>893.86</ele>
				<time>2026-07-28T15:49:48Z</time>
				<extensions>
					<ns3:TrackPointExtension>
						<ns3:speed>1.76</ns3:speed>
						<ns3:cad>81.0</ns3:cad>
					</ns3:TrackPointExtension>
				</extensions>
			</trkpt>
			<trkpt lat="12.98227116" lon="77.6923002">
				<ele>893.88</ele>
				<time>2026-07-28T15:49:49Z</time>
				<extensions>
					<ns3:TrackPointExtension>
						<ns3:speed>1.78</ns3:speed>
						<ns3:cad>81.0</ns3:cad>
						<ns3:hr>146</ns3:hr>
					</ns3:TrackPointExtension>
				</extensions>
			</trkpt>
			<trkpt lat="12.9822585" lon="77.69228554">
				<ele>893.9</ele>
				<time>2026-07-28T15:49:50Z</time>
				<extensions>
					<ns3:TrackPointExtension>
						<ns3:speed>1.8</ns3:speed>
						<ns3:cad>81.0</ns3:cad>
						<ns3:hr>145</ns3:hr>
					</ns3:TrackPointExtension>
				</extensions>
			</trkpt>
			<trkpt lat="12.98224584" lon="77.69227188">
				<ele>893.92</ele>
				<time>2026-07-28T15:49:51Z</time>
				<extensions>
					<ns3:TrackPointExtension>
						<ns3:speed>1.81</ns3:speed>
						<ns3:cad>81.0</ns3:cad>
						<ns3:hr>146</ns3:hr>
					</ns3:TrackPointExtension>
				</extensions>
			</trkpt>
			<trkpt lat="12.98223284" lon="77.69225922">
				<ele>893.94</ele>
				<time>2026-07-28T15:49:52Z</time>
				<extensions>
					<ns3:TrackPointExtension>
						<ns3:speed>1.82</ns3:speed>
						<ns3:cad>81.0</ns3:cad>
						<ns3:hr>146</ns3:hr>
					</ns3:TrackPointExtension>
				</extensions>
			</trkpt>
			<trkpt lat="12.98222051" lon="77.69224789">
				<ele>893.95</ele>
				<time>2026-07-28T15:49:53Z</time>
				<extensions>
					<ns3:TrackPointExtension>
						<ns3:speed>1.83</ns3:speed>
						<ns3:cad>81.0</ns3:cad>
						<ns3:hr>146</ns3:hr>
					</ns3:TrackPointExtension>
				</extensions>
			</trkpt>
			<trkpt lat="12.98220818" lon="77.69223556">
				<ele>893.99</ele>
				<time>2026-07-28T15:49:54Z</time>
				<extensions>
					<ns3:TrackPointExtension>
						<ns3:speed>1.83</ns3:speed>
						<ns3:cad>81.0</ns3:cad>
						<ns3:hr>146</ns3:hr>
					</ns3:TrackPointExtension>
				</extensions>
			</trkpt>
			<trkpt lat="12.98219552" lon="77.6922229">
				<ele>894.0</ele>
				<time>2026-07-28T15:49:55Z</time>
				<extensions>
					<ns3:TrackPointExtension>
						<ns3:speed>1.83</ns3:speed>
						<ns3:cad>81.0</ns3:cad>
						<ns3:hr>147</ns3:hr>
					</ns3:TrackPointExtension>
				</extensions>
			</trkpt>
			<trkpt lat="12.98218186" lon="77.69220857">
				<ele>894.01</ele>
				<time>2026-07-28T15:49:56Z</time>
				<extensions>
					<ns3:TrackPointExtension>
						<ns3:speed>1.83</ns3:speed>
						<ns3:cad>80.0</ns3:cad>
						<ns3:hr>147</ns3:hr>
					</ns3:TrackPointExtension>
				</extensions>
			</trkpt>
			<trkpt lat="12.98216853" lon="77.69219324">
				<ele>894.01</ele>
				<time>2026-07-28T15:49:57Z</time>
				<extensions>
					<ns3:TrackPointExtension>
						<ns3:speed>1.84</ns3:speed>
						<ns3:cad>80.0</ns3:cad>
						<ns3:hr>147</ns3:hr>
					</ns3:TrackPointExtension>
				</extensions>
			</trkpt>
			<trkpt lat="12.9821552" lon="77.69217824">
				<ele>894.01</ele>
				<time>2026-07-28T15:49:58Z</time>
				<extensions>
					<ns3:TrackPointExtension>
						<ns3:speed>1.84</ns3:speed>
						<ns3:cad>80.0</ns3:cad>
						<ns3:hr>147</ns3:hr>
					</ns3:TrackPointExtension>
				</extensions>
			</trkpt>
			<trkpt lat="12.98214321" lon="77.69216358">
				<ele>894.01</ele>
				<time>2026-07-28T15:49:59Z</time>
				<extensions>
					<ns3:TrackPointExtension>
						<ns3:speed>1.85</ns3:speed>
						<ns3:cad>80.0</ns3:cad>
						<ns3:hr>148</ns3:hr>
					</ns3:TrackPointExtension>
				</extensions>
			</trkpt>
			<trkpt lat="12.98213055" lon="77.69215025">
				<ele>894.01</ele>
				<time>2026-07-28T15:50:00Z</time>
				<extensions>
					<ns3:TrackPointExtension>
						<ns3:speed>1.86</ns3:speed>
						<ns3:cad>80.0</ns3:cad>
						<ns3:hr>148</ns3:hr>
					</ns3:TrackPointExtension>
				</extensions>
			</trkpt>
			<trkpt lat="12.98211822" lon="77.69213759">
				<ele>894.01</ele>
				<time>2026-07-28T15:50:01Z</time>
				<extensions>
					<ns3:TrackPointExtension>
						<ns3:speed>1.86</ns3:speed>
						<ns3:cad>81.0</ns3:cad>
						<ns3:hr>148</ns3:hr>
					</ns3:TrackPointExtension>
				</extensions>
			</trkpt>
			<trkpt lat="12.98210623" lon="77.6921236">
				<ele>894.0</ele>
				<time>2026-07-28T15:50:02Z</time>
				<extensions>
					<ns3:TrackPointExtension>
						<ns3:speed>1.86</ns3:speed>
						<ns3:cad>81.0</ns3:cad>
						<ns3:hr>147</ns3:hr>
					</ns3:TrackPointExtension>
				</extensions>
			</trkpt>
			<trkpt lat="12.98209457" lon="77.6921096">
				<ele>894.01</ele>
				<time>2026-07-28T15:50:03Z</time>
				<extensions>
					<ns3:TrackPointExtension>
						<ns3:speed>1.86</ns3:speed>
						<ns3:cad>81.0</ns3:cad>
						<ns3:hr>147</ns3:hr>
					</ns3:TrackPointExtension>
				</extensions>
			</trkpt>
			<trkpt lat="12.98208258" lon="77.69209394">
				<ele>894.02</ele>
				<time>2026-07-28T15:50:04Z</time>
				<extensions>
					<ns3:TrackPointExtension>
						<ns3:speed>1.86</ns3:speed>
						<ns3:cad>81.0</ns3:cad>
						<ns3:hr>149</ns3:hr>
					</ns3:TrackPointExtension>
				</extensions>
			</trkpt>
			<trkpt lat="12.98206959" lon="77.69207828">
				<ele>894.03</ele>
				<time>2026-07-28T15:50:05Z</time>
				<extensions>
					<ns3:TrackPointExtension>
						<ns3:speed>1.87</ns3:speed>
						<ns3:cad>81.0</ns3:cad>
						<ns3:hr>148</ns3:hr>
					</ns3:TrackPointExtension>
				</extensions>
			</trkpt>
			<trkpt lat="12.9820546" lon="77.69206528">
				<ele>894.03</ele>
				<time>2026-07-28T15:50:06Z</time>
				<extensions>
					<ns3:TrackPointExtension>
						<ns3:speed>1.88</ns3:speed>
						<ns3:cad>81.0</ns3:cad>
						<ns3:hr>148</ns3:hr>
					</ns3:TrackPointExtension>
				</extensions>
			</trkpt>
			<trkpt lat="12.98203794" lon="77.69205329">
				<ele>894.03</ele>
				<time>2026-07-28T15:50:07Z</time>
				<extensions>
					<ns3:TrackPointExtension>
						<ns3:speed>1.89</ns3:speed>
						<ns3:cad>81.0</ns3:cad>
						<ns3:hr>148</ns3:hr>
					</ns3:TrackPointExtension>
				</extensions>
			</trkpt>
			<trkpt lat="12.98202228" lon="77.69204063">
				<ele>894.04</ele>
				<time>2026-07-28T15:50:08Z</time>
				<extensions>
					<ns3:TrackPointExtension>
						<ns3:speed>1.9</ns3:speed>
						<ns3:cad>81.0</ns3:cad>
						<ns3:hr>148</ns3:hr>
					</ns3:TrackPointExtension>
				</extensions>
			</trkpt>
			<trkpt lat="12.98200662" lon="77.69202864">
				<ele>894.05</ele>
				<time>2026-07-28T15:50:09Z</time>
				<extensions>
					<ns3:TrackPointExtension>
						<ns3:speed>1.91</ns3:speed>
						<ns3:cad>81.0</ns3:cad>
						<ns3:hr>148</ns3:hr>
					</ns3:TrackPointExtension>
				</extensions>
			</trkpt>
			<trkpt lat="12.98199196" lon="77.69201598">
				<ele>894.05</ele>
				<time>2026-07-28T15:50:10Z</time>
				<extensions>
					<ns3:TrackPointExtension>
						<ns3:speed>1.93</ns3:speed>
						<ns3:cad>81.0</ns3:cad>
						<ns3:hr>147</ns3:hr>
					</ns3:TrackPointExtension>
				</extensions>
			</trkpt>
			<trkpt lat="12.98198196" lon="77.69200165">
				<ele>894.05</ele>
				<time>2026-07-28T15:50:11Z</time>
				<extensions>
					<ns3:TrackPointExtension>
						<ns3:speed>1.94</ns3:speed>
						<ns3:cad>81.0</ns3:cad>
						<ns3:hr>147</ns3:hr>
					</ns3:TrackPointExtension>
				</extensions>
			</trkpt>
			<trkpt lat="12.98197563" lon="77.69198532">
				<ele>894.05</ele>
				<time>2026-07-28T15:50:12Z</time>
				<extensions>
					<ns3:TrackPointExtension>
						<ns3:speed>1.95</ns3:speed>
						<ns3:cad>81.0</ns3:cad>
						<ns3:hr>148</ns3:hr>
					</ns3:TrackPointExtension>
				</extensions>
			</trkpt>
			<trkpt lat="12.9819743" lon="77.69196733">
				<ele>894.05</ele>
				<time>2026-07-28T15:50:13Z</time>
				<extensions>
					<ns3:TrackPointExtension>
						<ns3:speed>1.96</ns3:speed>
						<ns3:cad>81.0</ns3:cad>
						<ns3:hr>147</ns3:hr>
					</ns3:TrackPointExtension>
				</extensions>
			</trkpt>
			<trkpt lat="12.98197463" lon="77.69194934">
				<ele>894.04</ele>
				<time>2026-07-28T15:50:14Z</time>
				<extensions>
					<ns3:TrackPointExtension>
						<ns3:speed>1.97</ns3:speed>
						<ns3:cad>81.0</ns3:cad>
						<ns3:hr>147</ns3:hr>
					</ns3:TrackPointExtension>
				</extensions>
			</trkpt>
			<trkpt lat="12.98197596" lon="77.69193034">
				<ele>894.03</ele>
				<time>2026-07-28T15:50:15Z</time>
				<extensions>
					<ns3:TrackPointExtension>
						<ns3:speed>1.99</ns3:speed>
						<ns3:cad>81.0</ns3:cad>
						<ns3:hr>147</ns3:hr>
					</ns3:TrackPointExtension>
				</extensions>
			</trkpt>
			<trkpt lat="12.98197829" lon="77.69191168">
				<ele>894.01</ele>
				<time>2026-07-28T15:50:16Z</time>
				<extensions>
					<ns3:TrackPointExtension>
						<ns3:speed>2.0</ns3:speed>
						<ns3:cad>81.0</ns3:cad>
						<ns3:hr>148</ns3:hr>
					</ns3:TrackPointExtension>
				</extensions>
			</trkpt>
			<trkpt lat="12.98198229" lon="77.69189269">
				<ele>893.99</ele>
				<time>2026-07-28T15:50:17Z</time>
				<extensions>
					<ns3:TrackPointExtension>
						<ns3:speed>2.0</ns3:speed>
						<ns3:cad>81.0</ns3:cad>
						<ns3:hr>148</ns3:hr>
					</ns3:TrackPointExtension>
				</extensions>
			</trkpt>
			<trkpt lat="12.98198662" lon="77.69187369">
				<ele>893.96</ele>
				<time>2026-07-28T15:50:18Z</time>
				<extensions>
					<ns3:TrackPointExtension>
						<ns3:speed>2.01</ns3:speed>
						<ns3:cad>81.0</ns3:cad>
						<ns3:hr>148</ns3:hr>
					</ns3:TrackPointExtension>
				</extensions>
			</trkpt>
			<trkpt lat="12.98199195" lon="77.69185503">
				<ele>893.93</ele>
				<time>2026-07-28T15:50:19Z</time>
				<extensions>
					<ns3:TrackPointExtension>
						<ns3:speed>2.01</ns3:speed>
						<ns3:cad>80.0</ns3:cad>
						<ns3:hr>148</ns3:hr>
					</ns3:TrackPointExtension>
				</extensions>
			</trkpt>
			<trkpt lat="12.98199661" lon="77.69183503">
				<ele>893.89</ele>
				<time>2026-07-28T15:50:20Z</time>
				<extensions>
					<ns3:TrackPointExtension>
						<ns3:speed>2.02</ns3:speed>
						<ns3:cad>80.0</ns3:cad>
						<ns3:hr>148</ns3:hr>
					</ns3:TrackPointExtension>
				</extensions>
			</trkpt>
			<trkpt lat="12.98200127" lon="77.69181604">
				<ele>893.86</ele>
				<time>2026-07-28T15:50:21Z</time>
				<extensions>
					<ns3:TrackPointExtension>
						<ns3:speed>2.03</ns3:speed>
						<ns3:cad>81.0</ns3:cad>
						<ns3:hr>149</ns3:hr>
					</ns3:TrackPointExtension>
				</extensions>
			</trkpt>
			<trkpt lat="12.98200626" lon="77.69179705">
				<ele>893.83</ele>
				<time>2026-07-28T15:50:22Z</time>
				<extensions>
					<ns3:TrackPointExtension>
						<ns3:speed>2.03</ns3:speed>
						<ns3:cad>81.0</ns3:cad>
						<ns3:hr>149</ns3:hr>
					</ns3:TrackPointExtension>
				</extensions>
			</trkpt>
			<trkpt lat="12.98201092" lon="77.69177572">
				<ele>893.8</ele>
				<time>2026-07-28T15:50:23Z</time>
				<extensions>
					<ns3:TrackPointExtension>
						<ns3:speed>2.03</ns3:speed>
						<ns3:cad>81.0</ns3:cad>
						<ns3:hr>149</ns3:hr>
					</ns3:TrackPointExtension>
				</extensions>
			</trkpt>
			<trkpt lat="12.98201591" lon="77.69175372">
				<ele>893.77</ele>
				<time>2026-07-28T15:50:24Z</time>
				<extensions>
					<ns3:TrackPointExtension>
						<ns3:speed>2.03</ns3:speed>
						<ns3:cad>81.0</ns3:cad>
						<ns3:hr>149</ns3:hr>
					</ns3:TrackPointExtension>
				</extensions>
			</trkpt>
			<trkpt lat="12.98202157" lon="77.69173172">
				<ele>893.75</ele>
				<time>2026-07-28T15:50:25Z</time>
				<extensions>
					<ns3:TrackPointExtension>
						<ns3:speed>2.04</ns3:speed>
						<ns3:cad>81.0</ns3:cad>
						<ns3:hr>149</ns3:hr>
					</ns3:TrackPointExtension>
				</extensions>
			</trkpt>
			<trkpt lat="12.9820269" lon="77.69170873">
				<ele>893.73</ele>
				<time>2026-07-28T15:50:26Z</time>
				<extensions>
					<ns3:TrackPointExtension>
						<ns3:speed>2.05</ns3:speed>
						<ns3:cad>81.0</ns3:cad>
						<ns3:hr>149</ns3:hr>
					</ns3:TrackPointExtension>
				</extensions>
			</trkpt>
			<trkpt lat="12.98203223" lon="77.69168607">
				<ele>893.71</ele>
				<time>2026-07-28T15:50:27Z</time>
				<extensions>
					<ns3:TrackPointExtension>
						<ns3:speed>2.07</ns3:speed>
						<ns3:cad>81.0</ns3:cad>
						<ns3:hr>150</ns3:hr>
					</ns3:TrackPointExtension>
				</extensions>
			</trkpt>
			<trkpt lat="12.98203722" lon="77.69166441">
				<ele>893.71</ele>
				<time>2026-07-28T15:50:28Z</time>
				<extensions>
					<ns3:TrackPointExtension>
						<ns3:speed>2.08</ns3:speed>
						<ns3:cad>81.0</ns3:cad>
						<ns3:hr>150</ns3:hr>
					</ns3:TrackPointExtension>
				</extensions>
			</trkpt>
			<trkpt lat="12.98204355" lon="77.69164708">
				<ele>893.71</ele>
				<time>2026-07-28T15:50:29Z</time>
				<extensions>
					<ns3:TrackPointExtension>
						<ns3:speed>2.1</ns3:speed>
						<ns3:cad>81.0</ns3:cad>
						<ns3:hr>150</ns3:hr>
					</ns3:TrackPointExtension>
				</extensions>
			</trkpt>
			<trkpt lat="12.98205021" lon="77.69163442">
				<ele>893.71</ele>
				<time>2026-07-28T15:50:30Z</time>
				<extensions>
					<ns3:TrackPointExtension>
						<ns3:speed>2.1</ns3:speed>
						<ns3:cad>80.0</ns3:cad>
						<ns3:hr>150</ns3:hr>
					</ns3:TrackPointExtension>
				</extensions>
			</trkpt>
			<trkpt lat="12.98205687" lon="77.69162276">
				<ele>893.71</ele>
				<time>2026-07-28T15:50:31Z</time>
				<extensions>
					<ns3:TrackPointExtension>
						<ns3:speed>2.1</ns3:speed>
						<ns3:cad>80.0</ns3:cad>
						<ns3:hr>151</ns3:hr>
					</ns3:TrackPointExtension>
				</extensions>
			</trkpt>
			<trkpt lat="12.98206286" lon="77.6916111">
				<ele>893.72</ele>
				<time>2026-07-28T15:50:32Z</time>
				<extensions>
					<ns3:TrackPointExtension>
						<ns3:speed>2.1</ns3:speed>
						<ns3:cad>80.0</ns3:cad>
						<ns3:hr>151</ns3:hr>
					</ns3:TrackPointExtension>
				</extensions>
			</trkpt>
			<trkpt lat="12.98207419" lon="77.69160377">
				<ele>893.72</ele>
				<time>2026-07-28T15:50:33Z</time>
				<extensions>
					<ns3:TrackPointExtension>
						<ns3:speed>2.09</ns3:speed>
						<ns3:cad>80.0</ns3:cad>
						<ns3:hr>151</ns3:hr>
					</ns3:TrackPointExtension>
				</extensions>
			</trkpt>
			<trkpt lat="12.98208252" lon="77.69159377">
				<ele>893.72</ele>
				<time>2026-07-28T15:50:34Z</time>
				<extensions>
					<ns3:TrackPointExtension>
						<ns3:speed>2.08</ns3:speed>
						<ns3:cad>80.0</ns3:cad>
						<ns3:hr>152</ns3:hr>
					</ns3:TrackPointExtension>
				</extensions>
			</trkpt>
			<trkpt lat="12.98208952" lon="77.69158111">
				<ele>893.72</ele>
				<time>2026-07-28T15:50:35Z</time>
				<extensions>
					<ns3:TrackPointExtension>
						<ns3:speed>2.07</ns3:speed>
						<ns3:cad>80.0</ns3:cad>
						<ns3:hr>152</ns3:hr>
					</ns3:TrackPointExtension>
				</extensions>
			</trkpt>
			<trkpt lat="12.98209585" lon="77.69156678">
				<ele>893.73</ele>
				<time>2026-07-28T15:50:36Z</time>
				<extensions>
					<ns3:TrackPointExtension>
						<ns3:speed>2.07</ns3:speed>
						<ns3:cad>80.0</ns3:cad>
						<ns3:hr>153</ns3:hr>
					</ns3:TrackPointExtension>
				</extensions>
			</trkpt>
			<trkpt lat="12.98210218" lon="77.69155512">
				<ele>893.73</ele>
				<time>2026-07-28T15:50:37Z</time>
				<extensions>
					<ns3:TrackPointExtension>
						<ns3:speed>2.06</ns3:speed>
						<ns3:cad>81.0</ns3:cad>
						<ns3:hr>153</ns3:hr>
					</ns3:TrackPointExtension>
				</extensions>
			</trkpt>
			<trkpt lat="12.98210384" lon="77.69154412">
				<ele>893.73</ele>
				<time>2026-07-28T15:50:38Z</time>
				<extensions>
					<ns3:TrackPointExtension>
						<ns3:speed>2.05</ns3:speed>
						<ns3:cad>81.0</ns3:cad>
						<ns3:hr>153</ns3:hr>
					</ns3:TrackPointExtension>
				</extensions>
			</trkpt>
			<trkpt lat="12.98210184" lon="77.69153612">
				<ele>893.74</ele>
				<time>2026-07-28T15:50:39Z</time>
				<extensions>
					<ns3:TrackPointExtension>
						<ns3:speed>2.05</ns3:speed>
						<ns3:cad>80.0</ns3:cad>
						<ns3:hr>152</ns3:hr>
					</ns3:TrackPointExtension>
				</extensions>
			</trkpt>
			<trkpt lat="12.98209118" lon="77.69151579">
				<ele>893.75</ele>
				<time>2026-07-28T15:50:41Z</time>
				<extensions>
					<ns3:TrackPointExtension>
						<ns3:speed>2.04</ns3:speed>
						<ns3:cad>80.0</ns3:cad>
						<ns3:hr>152</ns3:hr>
					</ns3:TrackPointExtension>
				</extensions>
			</trkpt>
			<trkpt lat="12.98207985" lon="77.69150013">
				<ele>893.75</ele>
				<time>2026-07-28T15:50:41Z</time>
				<extensions>
					<ns3:TrackPointExtension>
						<ns3:speed>2.04</ns3:speed>
						<ns3:cad>80.0</ns3:cad>
						<ns3:hr>152</ns3:hr>
					</ns3:TrackPointExtension>
				</extensions>
			</trkpt>
			<trkpt lat="12.98206786" lon="77.69148314">
				<ele>893.81</ele>
				<time>2026-07-28T15:50:42Z</time>
				<extensions>
					<ns3:TrackPointExtension>
						<ns3:speed>2.04</ns3:speed>
						<ns3:cad>80.0</ns3:cad>
						<ns3:hr>152</ns3:hr>
					</ns3:TrackPointExtension>
				</extensions>
			</trkpt>
			<trkpt lat="12.98205486" lon="77.69146348">
				<ele>893.85</ele>
				<time>2026-07-28T15:50:44Z</time>
				<extensions>
					<ns3:TrackPointExtension>
						<ns3:speed>2.04</ns3:speed>
						<ns3:cad>80.0</ns3:cad>
						<ns3:hr>152</ns3:hr>
					</ns3:TrackPointExtension>
				</extensions>
			</trkpt>
			<trkpt lat="12.98204287" lon="77.69144148">
				<ele>893.85</ele>
				<time>2026-07-28T15:50:44Z</time>
				<extensions>
					<ns3:TrackPointExtension>
						<ns3:speed>2.04</ns3:speed>
						<ns3:cad>80.0</ns3:cad>
						<ns3:hr>152</ns3:hr>
					</ns3:TrackPointExtension>
				</extensions>
			</trkpt>
			<trkpt lat="12.98203021" lon="77.69142315">
				<ele>893.93</ele>
				<time>2026-07-28T15:50:45Z</time>
				<extensions>
					<ns3:TrackPointExtension>
						<ns3:speed>2.02</ns3:speed>
						<ns3:cad>79.0</ns3:cad>
						<ns3:hr>152</ns3:hr>
					</ns3:TrackPointExtension>
				</extensions>
			</trkpt>
			<trkpt lat="12.98201822" lon="77.69140882">
				<ele>893.95</ele>
				<time>2026-07-28T15:50:46Z</time>
				<extensions>
					<ns3:TrackPointExtension>
						<ns3:speed>2.02</ns3:speed>
						<ns3:cad>78.0</ns3:cad>
						<ns3:hr>152</ns3:hr>
					</ns3:TrackPointExtension>
				</extensions>
			</trkpt>
			<trkpt lat="12.98200489" lon="77.69139749">
				<ele>893.96</ele>
				<time>2026-07-28T15:50:47Z</time>
				<extensions>
					<ns3:TrackPointExtension>
						<ns3:speed>2.0</ns3:speed>
						<ns3:cad>78.0</ns3:cad>
						<ns3:hr>152</ns3:hr>
					</ns3:TrackPointExtension>
				</extensions>
			</trkpt>
			<trkpt lat="12.98199223" lon="77.69138816">
				<ele>893.98</ele>
				<time>2026-07-28T15:50:48Z</time>
				<extensions>
					<ns3:TrackPointExtension>
						<ns3:speed>1.97</ns3:speed>
						<ns3:cad>78.0</ns3:cad>
						<ns3:hr>152</ns3:hr>
					</ns3:TrackPointExtension>
				</extensions>
			</trkpt>
			<trkpt lat="12.98197823" lon="77.69137983">
				<ele>893.98</ele>
				<time>2026-07-28T15:50:49Z</time>
				<extensions>
					<ns3:TrackPointExtension>
					</ns3:TrackPointExtension>
				</extensions>
			</trkpt>
			<trkpt lat="12.9819629" lon="77.6913725">
				<ele>893.99</ele>
				<time>2026-07-28T15:50:50Z</time>
				<extensions>
					<ns3:TrackPointExtension>
						<ns3:speed>1.93</ns3:speed>
						<ns3:cad>78.0</ns3:cad>
						<ns3:hr>152</ns3:hr>
					</ns3:TrackPointExtension>
				</extensions>
			</trkpt>
			<trkpt lat="12.98194724" lon="77.69136517">
				<ele>893.99</ele>
				<time>2026-07-28T15:50:51Z</time>
				<extensions>
					<ns3:TrackPointExtension>
						<ns3:speed>1.91</ns3:speed>
						<ns3:cad>78.0</ns3:cad>
						<ns3:hr>151</ns3:hr>
					</ns3:TrackPointExtension>
				</extensions>
			</trkpt>
			<trkpt lat="12.98193225" lon="77.69135884">
				<ele>893.98</ele>
				<time>2026-07-28T15:50:52Z</time>
				<extensions>
					<ns3:TrackPointExtension>
						<ns3:speed>1.9</ns3:speed>
						<ns3:cad>79.0</ns3:cad>
						<ns3:hr>151</ns3:hr>
					</ns3:TrackPointExtension>
				</extensions>
			</trkpt>
			<trkpt lat="12.98191925" lon="77.69134951">
				<ele>893.98</ele>
				<time>2026-07-28T15:50:53Z</time>
				<extensions>
					<ns3:TrackPointExtension>
						<ns3:hr>150</ns3:hr>
					</ns3:TrackPointExtension>
				</extensions>
			</trkpt>
			<trkpt lat="12.98190626" lon="77.69133985">
				<ele>893.96</ele>
				<time>2026-07-28T15:50:54Z</time>
				<extensions>
					<ns3:TrackPointExtension>
						<ns3:speed>1.9</ns3:speed>
						<ns3:cad>79.0</ns3:cad>
					</ns3:TrackPointExtension>
				</extensions>
			</trkpt>
			<trkpt lat="12.9818936" lon="77.69132885">
				<ele>893.95</ele>
				<time>2026-07-28T15:50:55Z</time>
				<extensions>
					<ns3:TrackPointExtension>
						<ns3:speed>1.89</ns3:speed>
						<ns3:cad>79.0</ns3:cad>
						<ns3:hr>150</ns3:hr>
					</ns3:TrackPointExtension>
				</extensions>
			</trkpt>
			<trkpt lat="12.98188361" lon="77.69131619">
				<ele>893.93</ele>
				<time>2026-07-28T15:50:56Z</time>
				<extensions>
					<ns3:TrackPointExtension>
						<ns3:speed>1.89</ns3:speed>
						<ns3:cad>80.0</ns3:cad>
						<ns3:hr>150</ns3:hr>
					</ns3:TrackPointExtension>
				</extensions>
			</trkpt>
			<trkpt lat="12.98187628" lon="77.69130119">
				<ele>893.9</ele>
				<time>2026-07-28T15:50:57Z</time>
				<extensions>
					<ns3:TrackPointExtension>
						<ns3:speed>1.89</ns3:speed>
						<ns3:cad>80.0</ns3:cad>
						<ns3:hr>150</ns3:hr>
					</ns3:TrackPointExtension>
				</extensions>
			</trkpt>
			<trkpt lat="12.98187228" lon="77.6912852">
				<ele>893.87</ele>
				<time>2026-07-28T15:50:58Z</time>
				<extensions>
					<ns3:TrackPointExtension>
						<ns3:speed>1.9</ns3:speed>
						<ns3:cad>80.0</ns3:cad>
						<ns3:hr>149</ns3:hr>
					</ns3:TrackPointExtension>
				</extensions>
			</trkpt>
			<trkpt lat="12.98187162" lon="77.69126854">
				<ele>893.84</ele>
				<time>2026-07-28T15:50:59Z</time>
				<extensions>
					<ns3:TrackPointExtension>
						<ns3:speed>1.9</ns3:speed>
						<ns3:cad>81.0</ns3:cad>
						<ns3:hr>150</ns3:hr>
					</ns3:TrackPointExtension>
				</extensions>
			</trkpt>
			<trkpt lat="12.98187295" lon="77.69125155">
				<ele>893.79</ele>
				<time>2026-07-28T15:51:00Z</time>
				<extensions>
					<ns3:TrackPointExtension>
						<ns3:speed>1.9</ns3:speed>
						<ns3:cad>82.0</ns3:cad>
						<ns3:hr>151</ns3:hr>
					</ns3:TrackPointExtension>
				</extensions>
			</trkpt>
			<trkpt lat="12.98187561" lon="77.69123456">
				<ele>893.76</ele>
				<time>2026-07-28T15:51:01Z</time>
				<extensions>
					<ns3:TrackPointExtension>
						<ns3:speed>1.9</ns3:speed>
						<ns3:cad>82.0</ns3:cad>
						<ns3:hr>151</ns3:hr>
					</ns3:TrackPointExtension>
				</extensions>
			</trkpt>
			<trkpt lat="12.98187961" lon="77.6912169">
				<ele>893.72</ele>
				<time>2026-07-28T15:51:02Z</time>
				<extensions>
					<ns3:TrackPointExtension>
						<ns3:speed>1.9</ns3:speed>
						<ns3:cad>82.0</ns3:cad>
						<ns3:hr>151</ns3:hr>
					</ns3:TrackPointExtension>
				</extensions>
			</trkpt>
			<trkpt lat="12.98188361" lon="77.69119991">
				<ele>893.68</ele>
				<time>2026-07-28T15:51:03Z</time>
				<extensions>
					<ns3:TrackPointExtension>
						<ns3:speed>1.9</ns3:speed>
						<ns3:cad>81.0</ns3:cad>
						<ns3:hr>152</ns3:hr>
					</ns3:TrackPointExtension>
				</extensions>
			</trkpt>
			<trkpt lat="12.98188827" lon="77.69118258">
				<ele>893.64</ele>
				<time>2026-07-28T15:51:04Z</time>
				<extensions>
					<ns3:TrackPointExtension>
						<ns3:speed>1.9</ns3:speed>
						<ns3:cad>81.0</ns3:cad>
						<ns3:hr>153</ns3:hr>
					</ns3:TrackPointExtension>
				</extensions>
			</trkpt>
			<trkpt lat="12.98189293" lon="77.69116592">
				<ele>893.59</ele>
				<time>2026-07-28T15:51:05Z</time>
				<extensions>
					<ns3:TrackPointExtension>
						<ns3:speed>1.9</ns3:speed>
						<ns3:cad>80.0</ns3:cad>
						<ns3:hr>154</ns3:hr>
					</ns3:TrackPointExtension>
				</extensions>
			</trkpt>
			<trkpt lat="12.98189826" lon="77.69114926">
				<ele>893.54</ele>
				<time>2026-07-28T15:51:06Z</time>
				<extensions>
					<ns3:TrackPointExtension>
						<ns3:speed>1.9</ns3:speed>
						<ns3:cad>80.0</ns3:cad>
						<ns3:hr>155</ns3:hr>
					</ns3:TrackPointExtension>
				</extensions>
			</trkpt>
			<trkpt lat="12.98190292" lon="77.69113193">
				<ele>893.48</ele>
				<time>2026-07-28T15:51:07Z</time>
				<extensions>
					<ns3:TrackPointExtension>
						<ns3:speed>1.9</ns3:speed>
						<ns3:cad>80.0</ns3:cad>
						<ns3:hr>154</ns3:hr>
					</ns3:TrackPointExtension>
				</extensions>
			</trkpt>
			<trkpt lat="12.98190925" lon="77.69111594">
				<ele>893.43</ele>
				<time>2026-07-28T15:51:08Z</time>
				<extensions>
					<ns3:TrackPointExtension>
						<ns3:speed>1.9</ns3:speed>
						<ns3:cad>80.0</ns3:cad>
						<ns3:hr>155</ns3:hr>
					</ns3:TrackPointExtension>
				</extensions>
			</trkpt>
			<trkpt lat="12.98191491" lon="77.69109994">
				<ele>893.39</ele>
				<time>2026-07-28T15:51:09Z</time>
				<extensions>
					<ns3:TrackPointExtension>
						<ns3:speed>1.9</ns3:speed>
						<ns3:cad>80.0</ns3:cad>
						<ns3:hr>155</ns3:hr>
					</ns3:TrackPointExtension>
				</extensions>
			</trkpt>
			<trkpt lat="12.98192024" lon="77.69108361">
				<ele>893.36</ele>
				<time>2026-07-28T15:51:10Z</time>
				<extensions>
					<ns3:TrackPointExtension>
						<ns3:speed>1.89</ns3:speed>
						<ns3:cad>80.0</ns3:cad>
						<ns3:hr>155</ns3:hr>
					</ns3:TrackPointExtension>
				</extensions>
			</trkpt>
			<trkpt lat="12.98192557" lon="77.69106761">
				<ele>893.33</ele>
				<time>2026-07-28T15:51:11Z</time>
				<extensions>
					<ns3:TrackPointExtension>
						<ns3:speed>1.89</ns3:speed>
						<ns3:cad>80.0</ns3:cad>
						<ns3:hr>154</ns3:hr>
					</ns3:TrackPointExtension>
				</extensions>
			</trkpt>
			<trkpt lat="12.98193056" lon="77.69105161">
				<ele>893.31</ele>
				<time>2026-07-28T15:51:12Z</time>
				<extensions>
					<ns3:TrackPointExtension>
						<ns3:speed>1.89</ns3:speed>
						<ns3:cad>80.0</ns3:cad>
						<ns3:hr>154</ns3:hr>
					</ns3:TrackPointExtension>
				</extensions>
			</trkpt>
			<trkpt lat="12.98193589" lon="77.69103495">
				<ele>893.31</ele>
				<time>2026-07-28T15:51:13Z</time>
				<extensions>
					<ns3:TrackPointExtension>
						<ns3:speed>1.88</ns3:speed>
						<ns3:cad>80.0</ns3:cad>
						<ns3:hr>154</ns3:hr>
					</ns3:TrackPointExtension>
				</extensions>
			</trkpt>
			<trkpt lat="12.98193955" lon="77.69101862">
				<ele>893.3</ele>
				<time>2026-07-28T15:51:14Z</time>
				<extensions>
					<ns3:TrackPointExtension>
						<ns3:speed>1.87</ns3:speed>
						<ns3:cad>80.0</ns3:cad>
						<ns3:hr>155</ns3:hr>
					</ns3:TrackPointExtension>
				</extensions>
			</trkpt>
			<trkpt lat="12.98194355" lon="77.69100229">
				<ele>893.29</ele>
				<time>2026-07-28T15:51:15Z</time>
				<extensions>
					<ns3:TrackPointExtension>
						<ns3:speed>1.86</ns3:speed>
						<ns3:cad>80.0</ns3:cad>
						<ns3:hr>155</ns3:hr>
					</ns3:TrackPointExtension>
				</extensions>
			</trkpt>
			<trkpt lat="12.98194755" lon="77.6909863">
				<ele>893.28</ele>
				<time>2026-07-28T15:51:16Z</time>
				<extensions>
					<ns3:TrackPointExtension>
						<ns3:speed>1.85</ns3:speed>
						<ns3:cad>80.0</ns3:cad>
						<ns3:hr>155</ns3:hr>
					</ns3:TrackPointExtension>
				</extensions>
			</trkpt>
			<trkpt lat="12.98195188" lon="77.69097064">
				<ele>893.28</ele>
				<time>2026-07-28T15:51:17Z</time>
				<extensions>
					<ns3:TrackPointExtension>
						<ns3:speed>1.85</ns3:speed>
						<ns3:cad>80.0</ns3:cad>
						<ns3:hr>154</ns3:hr>
					</ns3:TrackPointExtension>
				</extensions>
			</trkpt>
			<trkpt lat="12.98195621" lon="77.69095531">
				<ele>893.28</ele>
				<time>2026-07-28T15:51:18Z</time>
				<extensions>
					<ns3:TrackPointExtension>
						<ns3:speed>1.84</ns3:speed>
						<ns3:cad>80.0</ns3:cad>
						<ns3:hr>153</ns3:hr>
					</ns3:TrackPointExtension>
				</extensions>
			</trkpt>
			<trkpt lat="12.9819612" lon="77.69094031">
				<ele>893.29</ele>
				<time>2026-07-28T15:51:19Z</time>
				<extensions>
					<ns3:TrackPointExtension>
						<ns3:speed>1.83</ns3:speed>
						<ns3:cad>81.0</ns3:cad>
						<ns3:hr>153</ns3:hr>
					</ns3:TrackPointExtension>
				</extensions>
			</trkpt>
			<trkpt lat="12.98196553" lon="77.69092431">
				<ele>893.28</ele>
				<time>2026-07-28T15:51:20Z</time>
				<extensions>
					<ns3:TrackPointExtension>
						<ns3:speed>1.82</ns3:speed>
						<ns3:cad>81.0</ns3:cad>
						<ns3:hr>152</ns3:hr>
					</ns3:TrackPointExtension>
				</extensions>
			</trkpt>
			<trkpt lat="12.98197119" lon="77.69090965">
				<ele>893.28</ele>
				<time>2026-07-28T15:51:21Z</time>
				<extensions>
					<ns3:TrackPointExtension>
						<ns3:speed>1.81</ns3:speed>
						<ns3:cad>81.0</ns3:cad>
						<ns3:hr>152</ns3:hr>
					</ns3:TrackPointExtension>
				</extensions>
			</trkpt>
			<trkpt lat="12.98197618" lon="77.69089465">
				<ele>893.32</ele>
				<time>2026-07-28T15:51:22Z</time>
				<extensions>
					<ns3:TrackPointExtension>
						<ns3:speed>1.8</ns3:speed>
						<ns3:cad>81.0</ns3:cad>
						<ns3:hr>152</ns3:hr>
					</ns3:TrackPointExtension>
				</extensions>
			</trkpt>
			<trkpt lat="12.98198018" lon="77.69087966">
				<ele>893.33</ele>
				<time>2026-07-28T15:51:23Z</time>
				<extensions>
					<ns3:TrackPointExtension>
						<ns3:speed>1.79</ns3:speed>
						<ns3:cad>81.0</ns3:cad>
						<ns3:hr>152</ns3:hr>
					</ns3:TrackPointExtension>
				</extensions>
			</trkpt>
			<trkpt lat="12.98198484" lon="77.69086466">
				<ele>893.34</ele>
				<time>2026-07-28T15:51:24Z</time>
				<extensions>
					<ns3:TrackPointExtension>
						<ns3:speed>1.78</ns3:speed>
						<ns3:cad>81.0</ns3:cad>
						<ns3:hr>152</ns3:hr>
					</ns3:TrackPointExtension>
				</extensions>
			</trkpt>
			<trkpt lat="12.98198883" lon="77.69084933">
				<ele>893.34</ele>
				<time>2026-07-28T15:51:25Z</time>
				<extensions>
					<ns3:TrackPointExtension>
						<ns3:speed>1.77</ns3:speed>
						<ns3:cad>81.0</ns3:cad>
						<ns3:hr>152</ns3:hr>
					</ns3:TrackPointExtension>
				</extensions>
			</trkpt>
			<trkpt lat="12.98199249" lon="77.69083267">
				<ele>893.34</ele>
				<time>2026-07-28T15:51:26Z</time>
				<extensions>
					<ns3:TrackPointExtension>
						<ns3:speed>1.76</ns3:speed>
						<ns3:cad>81.0</ns3:cad>
						<ns3:hr>152</ns3:hr>
					</ns3:TrackPointExtension>
				</extensions>
			</trkpt>
			<trkpt lat="12.98199682" lon="77.69081667">
				<ele>893.34</ele>
				<time>2026-07-28T15:51:27Z</time>
				<extensions>
					<ns3:TrackPointExtension>
						<ns3:speed>1.76</ns3:speed>
						<ns3:cad>81.0</ns3:cad>
						<ns3:hr>152</ns3:hr>
					</ns3:TrackPointExtension>
				</extensions>
			</trkpt>
			<trkpt lat="12.98200081" lon="77.69080034">
				<ele>893.35</ele>
				<time>2026-07-28T15:51:28Z</time>
				<extensions>
					<ns3:TrackPointExtension>
						<ns3:speed>1.76</ns3:speed>
						<ns3:cad>81.0</ns3:cad>
						<ns3:hr>151</ns3:hr>
					</ns3:TrackPointExtension>
				</extensions>
			</trkpt>
			<trkpt lat="12.98200447" lon="77.69078435">
				<ele>893.35</ele>
				<time>2026-07-28T15:51:29Z</time>
				<extensions>
					<ns3:TrackPointExtension>
						<ns3:speed>1.76</ns3:speed>
						<ns3:cad>81.0</ns3:cad>
						<ns3:hr>150</ns3:hr>
					</ns3:TrackPointExtension>
				</extensions>
			</trkpt>
			<trkpt lat="12.98200813" lon="77.69076802">
				<ele>893.36</ele>
				<time>2026-07-28T15:51:30Z</time>
				<extensions>
					<ns3:TrackPointExtension>
						<ns3:speed>1.76</ns3:speed>
						<ns3:cad>81.0</ns3:cad>
						<ns3:hr>149</ns3:hr>
					</ns3:TrackPointExtension>
				</extensions>
			</trkpt>
			<trkpt lat="12.98201212" lon="77.69075269">
				<ele>893.36</ele>
				<time>2026-07-28T15:51:31Z</time>
				<extensions>
					<ns3:TrackPointExtension>
						<ns3:speed>1.75</ns3:speed>
						<ns3:cad>81.0</ns3:cad>
						<ns3:hr>150</ns3:hr>
					</ns3:TrackPointExtension>
				</extensions>
			</trkpt>
			<trkpt lat="12.98201645" lon="77.69073736">
				<ele>893.36</ele>
				<time>2026-07-28T15:51:32Z</time>
				<extensions>
					<ns3:TrackPointExtension>
						<ns3:speed>1.75</ns3:speed>
						<ns3:cad>81.0</ns3:cad>
						<ns3:hr>149</ns3:hr>
					</ns3:TrackPointExtension>
				</extensions>
			</trkpt>
			<trkpt lat="12.98202178" lon="77.69072203">
				<ele>893.37</ele>
				<time>2026-07-28T15:51:33Z</time>
				<extensions>
					<ns3:TrackPointExtension>
						<ns3:speed>1.75</ns3:speed>
						<ns3:cad>81.0</ns3:cad>
						<ns3:hr>149</ns3:hr>
					</ns3:TrackPointExtension>
				</extensions>
			</trkpt>
			<trkpt lat="12.98202711" lon="77.69070703">
				<ele>893.38</ele>
				<time>2026-07-28T15:51:34Z</time>
				<extensions>
					<ns3:TrackPointExtension>
						<ns3:speed>1.74</ns3:speed>
						<ns3:cad>81.0</ns3:cad>
						<ns3:hr>148</ns3:hr>
					</ns3:TrackPointExtension>
				</extensions>
			</trkpt>
			<trkpt lat="12.9820321" lon="77.6906917">
				<ele>893.38</ele>
				<time>2026-07-28T15:51:35Z</time>
				<extensions>
					<ns3:TrackPointExtension>
						<ns3:speed>1.74</ns3:speed>
						<ns3:cad>81.0</ns3:cad>
						<ns3:hr>147</ns3:hr>
					</ns3:TrackPointExtension>
				</extensions>
			</trkpt>
			<trkpt lat="12.98203876" lon="77.69067737">
				<ele>893.39</ele>
				<time>2026-07-28T15:51:36Z</time>
				<extensions>
					<ns3:TrackPointExtension>
						<ns3:speed>1.74</ns3:speed>
						<ns3:cad>81.0</ns3:cad>
						<ns3:hr>146</ns3:hr>
					</ns3:TrackPointExtension>
				</extensions>
			</trkpt>
			<trkpt lat="12.98204509" lon="77.69066271">
				<ele>893.4</ele>
				<time>2026-07-28T15:51:37Z</time>
				<extensions>
					<ns3:TrackPointExtension>
						<ns3:speed>1.74</ns3:speed>
						<ns3:cad>80.0</ns3:cad>
						<ns3:hr>146</ns3:hr>
					</ns3:TrackPointExtension>
				</extensions>
			</trkpt>
			<trkpt lat="12.98205175" lon="77.69064805">
				<ele>893.4</ele>
				<time>2026-07-28T15:51:38Z</time>
				<extensions>
					<ns3:TrackPointExtension>
						<ns3:speed>1.75</ns3:speed>
						<ns3:cad>81.0</ns3:cad>
						<ns3:hr>145</ns3:hr>
					</ns3:TrackPointExtension>
				</extensions>
			</trkpt>
			<trkpt lat="12.98205841" lon="77.69063306">
				<ele>893.4</ele>
				<time>2026-07-28T15:51:39Z</time>
				<extensions>
					<ns3:TrackPointExtension>
						<ns3:speed>1.75</ns3:speed>
						<ns3:cad>81.0</ns3:cad>
						<ns3:hr>146</ns3:hr>
					</ns3:TrackPointExtension>
				</extensions>
			</trkpt>
			<trkpt lat="12.98206441" lon="77.6906184">
				<ele>893.39</ele>
				<time>2026-07-28T15:51:40Z</time>
				<extensions>
					<ns3:TrackPointExtension>
						<ns3:speed>1.75</ns3:speed>
						<ns3:cad>81.0</ns3:cad>
						<ns3:hr>146</ns3:hr>
					</ns3:TrackPointExtension>
				</extensions>
			</trkpt>
			<trkpt lat="12.9820704" lon="77.6906034">
				<ele>893.44</ele>
				<time>2026-07-28T15:51:41Z</time>
				<extensions>
					<ns3:TrackPointExtension>
						<ns3:speed>1.75</ns3:speed>
						<ns3:cad>81.0</ns3:cad>
						<ns3:hr>147</ns3:hr>
					</ns3:TrackPointExtension>
				</extensions>
			</trkpt>
			<trkpt lat="12.98207606" lon="77.69058741">
				<ele>893.45</ele>
				<time>2026-07-28T15:51:42Z</time>
				<extensions>
					<ns3:TrackPointExtension>
						<ns3:speed>1.75</ns3:speed>
						<ns3:cad>81.0</ns3:cad>
						<ns3:hr>147</ns3:hr>
					</ns3:TrackPointExtension>
				</extensions>
			</trkpt>
			<trkpt lat="12.98208239" lon="77.69057141">
				<ele>893.46</ele>
				<time>2026-07-28T15:51:43Z</time>
				<extensions>
					<ns3:TrackPointExtension>
						<ns3:speed>1.76</ns3:speed>
						<ns3:cad>81.0</ns3:cad>
						<ns3:hr>147</ns3:hr>
					</ns3:TrackPointExtension>
				</extensions>
			</trkpt>
			<trkpt lat="12.98208872" lon="77.69055575">
				<ele>893.47</ele>
				<time>2026-07-28T15:51:44Z</time>
				<extensions>
					<ns3:TrackPointExtension>
						<ns3:speed>1.76</ns3:speed>
						<ns3:cad>81.0</ns3:cad>
						<ns3:hr>148</ns3:hr>
					</ns3:TrackPointExtension>
				</extensions>
			</trkpt>
			<trkpt lat="12.98209438" lon="77.69054042">
				<ele>893.48</ele>
				<time>2026-07-28T15:51:45Z</time>
				<extensions>
					<ns3:TrackPointExtension>
						<ns3:speed>1.76</ns3:speed>
						<ns3:cad>80.0</ns3:cad>
						<ns3:hr>147</ns3:hr>
					</ns3:TrackPointExtension>
				</extensions>
			</trkpt>
			<trkpt lat="12.98210004" lon="77.69052476">
				<ele>893.5</ele>
				<time>2026-07-28T15:51:46Z</time>
				<extensions>
					<ns3:TrackPointExtension>
						<ns3:speed>1.76</ns3:speed>
						<ns3:cad>80.0</ns3:cad>
						<ns3:hr>148</ns3:hr>
					</ns3:TrackPointExtension>
				</extensions>
			</trkpt>
			<trkpt lat="12.98210503" lon="77.6905091">
				<ele>893.52</ele>
				<time>2026-07-28T15:51:47Z</time>
				<extensions>
					<ns3:TrackPointExtension>
						<ns3:speed>1.77</ns3:speed>
						<ns3:cad>80.0</ns3:cad>
						<ns3:hr>148</ns3:hr>
					</ns3:TrackPointExtension>
				</extensions>
			</trkpt>
			<trkpt lat="12.98210969" lon="77.69049377">
				<ele>893.53</ele>
				<time>2026-07-28T15:51:48Z</time>
				<extensions>
					<ns3:TrackPointExtension>
						<ns3:speed>1.78</ns3:speed>
						<ns3:cad>80.0</ns3:cad>
						<ns3:hr>148</ns3:hr>
					</ns3:TrackPointExtension>
				</extensions>
			</trkpt>
			<trkpt lat="12.98211435" lon="77.69047844">
				<ele>893.54</ele>
				<time>2026-07-28T15:51:49Z</time>
				<extensions>
					<ns3:TrackPointExtension>
						<ns3:speed>1.78</ns3:speed>
						<ns3:cad>81.0</ns3:cad>
						<ns3:hr>148</ns3:hr>
					</ns3:TrackPointExtension>
				</extensions>
			</trkpt>
			<trkpt lat="12.98211801" lon="77.69046278">
				<ele>893.56</ele>
				<time>2026-07-28T15:51:50Z</time>
				<extensions>
					<ns3:TrackPointExtension>
						<ns3:speed>1.77</ns3:speed>
						<ns3:cad>81.0</ns3:cad>
						<ns3:hr>148</ns3:hr>
					</ns3:TrackPointExtension>
				</extensions>
			</trkpt>
			<trkpt lat="12.98212201" lon="77.69044745">
				<ele>893.58</ele>
				<time>2026-07-28T15:51:51Z</time>
				<extensions>
					<ns3:TrackPointExtension>
						<ns3:speed>1.76</ns3:speed>
						<ns3:cad>81.0</ns3:cad>
						<ns3:hr>148</ns3:hr>
					</ns3:TrackPointExtension>
				</extensions>
			</trkpt>
			<trkpt lat="12.98212767" lon="77.69043345">
				<ele>893.6</ele>
				<time>2026-07-28T15:51:52Z</time>
				<extensions>
					<ns3:TrackPointExtension>
						<ns3:speed>1.76</ns3:speed>
						<ns3:cad>81.0</ns3:cad>
						<ns3:hr>148</ns3:hr>
					</ns3:TrackPointExtension>
				</extensions>
			</trkpt>
			<trkpt lat="12.98213933" lon="77.69042245">
				<ele>893.62</ele>
				<time>2026-07-28T15:51:53Z</time>
				<extensions>
					<ns3:TrackPointExtension>
						<ns3:speed>1.76</ns3:speed>
						<ns3:cad>80.0</ns3:cad>
						<ns3:hr>148</ns3:hr>
					</ns3:TrackPointExtension>
				</extensions>
			</trkpt>
			<trkpt lat="12.98215199" lon="77.69041312">
				<ele>893.64</ele>
				<time>2026-07-28T15:51:54Z</time>
				<extensions>
					<ns3:TrackPointExtension>
						<ns3:speed>1.76</ns3:speed>
						<ns3:cad>80.0</ns3:cad>
						<ns3:hr>148</ns3:hr>
					</ns3:TrackPointExtension>
				</extensions>
			</trkpt>
			<trkpt lat="12.98216765" lon="77.69040479">
				<ele>893.67</ele>
				<time>2026-07-28T15:51:55Z</time>
				<extensions>
					<ns3:TrackPointExtension>
						<ns3:speed>1.75</ns3:speed>
						<ns3:cad>80.0</ns3:cad>
						<ns3:hr>147</ns3:hr>
					</ns3:TrackPointExtension>
				</extensions>
			</trkpt>
			<trkpt lat="12.98218464" lon="77.69039813">
				<ele>893.69</ele>
				<time>2026-07-28T15:51:56Z</time>
				<extensions>
					<ns3:TrackPointExtension>
						<ns3:speed>1.75</ns3:speed>
						<ns3:cad>80.0</ns3:cad>
						<ns3:hr>148</ns3:hr>
					</ns3:TrackPointExtension>
				</extensions>
			</trkpt>
			<trkpt lat="12.9822013" lon="77.69039247">
				<ele>893.72</ele>
				<time>2026-07-28T15:51:57Z</time>
				<extensions>
					<ns3:TrackPointExtension>
						<ns3:speed>1.75</ns3:speed>
						<ns3:cad>80.0</ns3:cad>
						<ns3:hr>147</ns3:hr>
					</ns3:TrackPointExtension>
				</extensions>
			</trkpt>
			<trkpt lat="12.98221863" lon="77.69038981">
				<ele>893.76</ele>
				<time>2026-07-28T15:51:58Z</time>
				<extensions>
					<ns3:TrackPointExtension>
						<ns3:speed>1.76</ns3:speed>
						<ns3:cad>81.0</ns3:cad>
						<ns3:hr>147</ns3:hr>
					</ns3:TrackPointExtension>
				</extensions>
			</trkpt>
			<trkpt lat="12.98223529" lon="77.69038948">
				<ele>893.79</ele>
				<time>2026-07-28T15:51:59Z</time>
				<extensions>
					<ns3:TrackPointExtension>
						<ns3:speed>1.76</ns3:speed>
						<ns3:cad>81.0</ns3:cad>
						<ns3:hr>147</ns3:hr>
					</ns3:TrackPointExtension>
				</extensions>
			</trkpt>
			<trkpt lat="12.98225162" lon="77.69039148">
				<ele>893.82</ele>
				<time>2026-07-28T15:52:00Z</time>
				<extensions>
					<ns3:TrackPointExtension>
						<ns3:speed>1.77</ns3:speed>
						<ns3:cad>82.0</ns3:cad>
						<ns3:hr>146</ns3:hr>
					</ns3:TrackPointExtension>
				</extensions>
			</trkpt>
			<trkpt lat="12.98226895" lon="77.69039514">
				<ele>893.85</ele>
				<time>2026-07-28T15:52:01Z</time>
				<extensions>
					<ns3:TrackPointExtension>
						<ns3:speed>1.77</ns3:speed>
						<ns3:cad>83.0</ns3:cad>
						<ns3:hr>147</ns3:hr>
					</ns3:TrackPointExtension>
				</extensions>
			</trkpt>
			<trkpt lat="12.98228661" lon="77.6903988">
				<ele>893.89</ele>
				<time>2026-07-28T15:52:02Z</time>
				<extensions>
					<ns3:TrackPointExtension>
						<ns3:speed>1.79</ns3:speed>
						<ns3:cad>83.0</ns3:cad>
						<ns3:hr>146</ns3:hr>
					</ns3:TrackPointExtension>
				</extensions>
			</trkpt>
			<trkpt lat="12.98230294" lon="77.69040346">
				<ele>893.91</ele>
				<time>2026-07-28T15:52:03Z</time>
				<extensions>
					<ns3:TrackPointExtension>
						<ns3:speed>1.8</ns3:speed>
						<ns3:cad>83.0</ns3:cad>
						<ns3:hr>145</ns3:hr>
					</ns3:TrackPointExtension>
				</extensions>
			</trkpt>
			<trkpt lat="12.98231827" lon="77.69040979">
				<ele>893.93</ele>
				<time>2026-07-28T15:52:04Z</time>
				<extensions>
					<ns3:TrackPointExtension>
						<ns3:speed>1.8</ns3:speed>
						<ns3:cad>83.0</ns3:cad>
						<ns3:hr>145</ns3:hr>
					</ns3:TrackPointExtension>
				</extensions>
			</trkpt>
			<trkpt lat="12.98233293" lon="77.69041678">
				<ele>893.95</ele>
				<time>2026-07-28T15:52:05Z</time>
				<extensions>
					<ns3:TrackPointExtension>
						<ns3:speed>1.8</ns3:speed>
						<ns3:cad>82.0</ns3:cad>
						<ns3:hr>146</ns3:hr>
					</ns3:TrackPointExtension>
				</extensions>
			</trkpt>
			<trkpt lat="12.98234693" lon="77.69042578">
				<ele>893.96</ele>
				<time>2026-07-28T15:52:06Z</time>
				<extensions>
					<ns3:TrackPointExtension>
						<ns3:speed>1.8</ns3:speed>
						<ns3:cad>81.0</ns3:cad>
						<ns3:hr>147</ns3:hr>
					</ns3:TrackPointExtension>
				</extensions>
			</trkpt>
			<trkpt lat="12.98236059" lon="77.69043644">
				<ele>893.97</ele>
				<time>2026-07-28T15:52:07Z</time>
				<extensions>
					<ns3:TrackPointExtension>
						<ns3:speed>1.79</ns3:speed>
						<ns3:cad>79.0</ns3:cad>
						<ns3:hr>147</ns3:hr>
					</ns3:TrackPointExtension>
				</extensions>
			</trkpt>
			<trkpt lat="12.98237225" lon="77.69044877">
				<ele>893.97</ele>
				<time>2026-07-28T15:52:08Z</time>
				<extensions>
					<ns3:TrackPointExtension>
						<ns3:speed>1.79</ns3:speed>
						<ns3:cad>79.0</ns3:cad>
						<ns3:hr>147</ns3:hr>
					</ns3:TrackPointExtension>
				</extensions>
			</trkpt>
			<trkpt lat="12.98238191" lon="77.6904621">
				<ele>893.97</ele>
				<time>2026-07-28T15:52:09Z</time>
				<extensions>
					<ns3:TrackPointExtension>
						<ns3:speed>1.79</ns3:speed>
						<ns3:cad>78.0</ns3:cad>
						<ns3:hr>147</ns3:hr>
					</ns3:TrackPointExtension>
				</extensions>
			</trkpt>
			<trkpt lat="12.98238957" lon="77.69047643">
				<ele>893.97</ele>
				<time>2026-07-28T15:52:10Z</time>
				<extensions>
					<ns3:TrackPointExtension>
						<ns3:speed>1.79</ns3:speed>
						<ns3:cad>78.0</ns3:cad>
						<ns3:hr>147</ns3:hr>
					</ns3:TrackPointExtension>
				</extensions>
			</trkpt>
			<trkpt lat="12.98239423" lon="77.69049143">
				<ele>893.96</ele>
				<time>2026-07-28T15:52:11Z</time>
				<extensions>
					<ns3:TrackPointExtension>
						<ns3:speed>1.79</ns3:speed>
						<ns3:cad>78.0</ns3:cad>
						<ns3:hr>147</ns3:hr>
					</ns3:TrackPointExtension>
				</extensions>
			</trkpt>
			<trkpt lat="12.98239656" lon="77.69050809">
				<ele>893.95</ele>
				<time>2026-07-28T15:52:12Z</time>
				<extensions>
					<ns3:TrackPointExtension>
						<ns3:speed>1.79</ns3:speed>
						<ns3:cad>79.0</ns3:cad>
						<ns3:hr>148</ns3:hr>
					</ns3:TrackPointExtension>
				</extensions>
			</trkpt>
			<trkpt lat="12.98239722" lon="77.69052375">
				<ele>893.95</ele>
				<time>2026-07-28T15:52:13Z</time>
				<extensions>
					<ns3:TrackPointExtension>
						<ns3:speed>1.78</ns3:speed>
						<ns3:cad>79.0</ns3:cad>
						<ns3:hr>148</ns3:hr>
					</ns3:TrackPointExtension>
				</extensions>
			</trkpt>
			<trkpt lat="12.98239623" lon="77.69053908">
				<ele>893.93</ele>
				<time>2026-07-28T15:52:14Z</time>
				<extensions>
					<ns3:TrackPointExtension>
						<ns3:speed>1.78</ns3:speed>
						<ns3:cad>80.0</ns3:cad>
						<ns3:hr>148</ns3:hr>
					</ns3:TrackPointExtension>
				</extensions>
			</trkpt>
			<trkpt lat="12.98239357" lon="77.69055441">
				<ele>893.92</ele>
				<time>2026-07-28T15:52:15Z</time>
				<extensions>
					<ns3:TrackPointExtension>
						<ns3:speed>1.77</ns3:speed>
						<ns3:cad>80.0</ns3:cad>
						<ns3:hr>148</ns3:hr>
					</ns3:TrackPointExtension>
				</extensions>
			</trkpt>
			<trkpt lat="12.98238924" lon="77.69057007">
				<ele>893.9</ele>
				<time>2026-07-28T15:52:16Z</time>
				<extensions>
					<ns3:TrackPointExtension>
						<ns3:speed>1.76</ns3:speed>
						<ns3:cad>80.0</ns3:cad>
						<ns3:hr>148</ns3:hr>
					</ns3:TrackPointExtension>
				</extensions>
			</trkpt>
			<trkpt lat="12.98238558" lon="77.69058573">
				<ele>893.9</ele>
				<time>2026-07-28T15:52:17Z</time>
				<extensions>
					<ns3:TrackPointExtension>
						<ns3:speed>1.76</ns3:speed>
						<ns3:cad>80.0</ns3:cad>
						<ns3:hr>149</ns3:hr>
					</ns3:TrackPointExtension>
				</extensions>
			</trkpt>
			<trkpt lat="12.98238125" lon="77.69060173">
				<ele>893.88</ele>
				<time>2026-07-28T15:52:18Z</time>
				<extensions>
					<ns3:TrackPointExtension>
						<ns3:speed>1.76</ns3:speed>
						<ns3:cad>80.0</ns3:cad>
						<ns3:hr>149</ns3:hr>
					</ns3:TrackPointExtension>
				</extensions>
			</trkpt>
			<trkpt lat="12.98237659" lon="77.69061673">
				<ele>893.87</ele>
				<time>2026-07-28T15:52:19Z</time>
				<extensions>
					<ns3:TrackPointExtension>
						<ns3:speed>1.76</ns3:speed>
						<ns3:cad>80.0</ns3:cad>
						<ns3:hr>149</ns3:hr>
					</ns3:TrackPointExtension>
				</extensions>
			</trkpt>
			<trkpt lat="12.98237259" lon="77.69063173">
				<ele>893.87</ele>
				<time>2026-07-28T15:52:20Z</time>
				<extensions>
					<ns3:TrackPointExtension>
					</ns3:TrackPointExtension>
				</extensions>
			</trkpt>
			<trkpt lat="12.98236793" lon="77.69064672">
				<ele>893.86</ele>
				<time>2026-07-28T15:52:21Z</time>
				<extensions>
					<ns3:TrackPointExtension>
						<ns3:speed>1.76</ns3:speed>
						<ns3:cad>81.0</ns3:cad>
						<ns3:hr>149</ns3:hr>
					</ns3:TrackPointExtension>
				</extensions>
			</trkpt>
			<trkpt lat="12.98236327" lon="77.69066172">
				<ele>893.84</ele>
				<time>2026-07-28T15:52:22Z</time>
				<extensions>
					<ns3:TrackPointExtension>
						<ns3:speed>1.76</ns3:speed>
						<ns3:cad>81.0</ns3:cad>
						<ns3:hr>149</ns3:hr>
					</ns3:TrackPointExtension>
				</extensions>
			</trkpt>
			<trkpt lat="12.98235861" lon="77.69067805">
				<ele>893.84</ele>
				<time>2026-07-28T15:52:23Z</time>
				<extensions>
					<ns3:TrackPointExtension>
						<ns3:speed>1.76</ns3:speed>
						<ns3:cad>81.0</ns3:cad>
						<ns3:hr>149</ns3:hr>
					</ns3:TrackPointExtension>
				</extensions>
			</trkpt>
			<trkpt lat="12.98235362" lon="77.69069371">
				<ele>893.83</ele>
				<time>2026-07-28T15:52:24Z</time>
				<extensions>
					<ns3:TrackPointExtension>
						<ns3:speed>1.76</ns3:speed>
						<ns3:cad>81.0</ns3:cad>
						<ns3:hr>148</ns3:hr>
					</ns3:TrackPointExtension>
				</extensions>
			</trkpt>
			<trkpt lat="12.98234863" lon="77.6907097">
				<ele>893.82</ele>
				<time>2026-07-28T15:52:25Z</time>
				<extensions>
					<ns3:TrackPointExtension>
						<ns3:speed>1.76</ns3:speed>
						<ns3:cad>81.0</ns3:cad>
						<ns3:hr>148</ns3:hr>
					</ns3:TrackPointExtension>
				</extensions>
			</trkpt>
			<trkpt lat="12.9823433" lon="77.6907257">
				<ele>893.54</ele>
				<time>2026-07-28T15:52:26Z</time>
				<extensions>
					<ns3:TrackPointExtension>
						<ns3:speed>1.76</ns3:speed>
						<ns3:cad>81.0</ns3:cad>
						<ns3:hr>148</ns3:hr>
					</ns3:TrackPointExtension>
				</extensions>
			</trkpt>
			<trkpt lat="12.98233797" lon="77.69074103">
				<ele>893.52</ele>
				<time>2026-07-28T15:52:27Z</time>
				<extensions>
					<ns3:TrackPointExtension>
						<ns3:speed>1.76</ns3:speed>
						<ns3:cad>81.0</ns3:cad>
						<ns3:hr>148</ns3:hr>
					</ns3:TrackPointExtension>
				</extensions>
			</trkpt>
			<trkpt lat="12.98233197" lon="77.69076303">
				<ele>893.5</ele>
				<time>2026-07-28T15:52:28Z</time>
				<extensions>
					<ns3:TrackPointExtension>
						<ns3:speed>1.76</ns3:speed>
						<ns3:cad>81.0</ns3:cad>
						<ns3:hr>148</ns3:hr>
					</ns3:TrackPointExtension>
				</extensions>
			</trkpt>
			<trkpt lat="12.98232497" lon="77.69078336">
				<ele>893.48</ele>
				<time>2026-07-28T15:52:29Z</time>
				<extensions>
					<ns3:TrackPointExtension>
						<ns3:speed>1.76</ns3:speed>
						<ns3:cad>81.0</ns3:cad>
						<ns3:hr>148</ns3:hr>
					</ns3:TrackPointExtension>
				</extensions>
			</trkpt>
			<trkpt lat="12.98231831" lon="77.69080302">
				<ele>893.47</ele>
				<time>2026-07-28T15:52:30Z</time>
				<extensions>
					<ns3:TrackPointExtension>
						<ns3:speed>1.74</ns3:speed>
						<ns3:cad>80.0</ns3:cad>
						<ns3:hr>149</ns3:hr>
					</ns3:TrackPointExtension>
				</extensions>
			</trkpt>
			<trkpt lat="12.98231165" lon="77.69082335">
				<ele>893.28</ele>
				<time>2026-07-28T15:52:31Z</time>
				<extensions>
					<ns3:TrackPointExtension>
						<ns3:speed>1.73</ns3:speed>
						<ns3:cad>81.0</ns3:cad>
						<ns3:hr>149</ns3:hr>
					</ns3:TrackPointExtension>
				</extensions>
			</trkpt>
			<trkpt lat="12.98230432" lon="77.69084301">
				<ele>893.27</ele>
				<time>2026-07-28T15:52:32Z</time>
				<extensions>
					<ns3:TrackPointExtension>
						<ns3:speed>1.71</ns3:speed>
						<ns3:cad>81.0</ns3:cad>
						<ns3:hr>150</ns3:hr>
					</ns3:TrackPointExtension>
				</extensions>
			</trkpt>
			<trkpt lat="12.98229766" lon="77.69086167">
				<ele>893.26</ele>
				<time>2026-07-28T15:52:33Z</time>
				<extensions>
					<ns3:TrackPointExtension>
						<ns3:speed>1.69</ns3:speed>
						<ns3:cad>81.0</ns3:cad>
						<ns3:hr>152</ns3:hr>
					</ns3:TrackPointExtension>
				</extensions>
			</trkpt>
			<trkpt lat="12.98229333" lon="77.69088133">
				<ele>893.25</ele>
				<time>2026-07-28T15:52:34Z</time>
				<extensions>
					<ns3:TrackPointExtension>
						<ns3:speed>1.69</ns3:speed>
						<ns3:cad>81.0</ns3:cad>
						<ns3:hr>151</ns3:hr>
					</ns3:TrackPointExtension>
				</extensions>
			</trkpt>
			<trkpt lat="12.98229267" lon="77.69090032">
				<ele>893.25</ele>
				<time>2026-07-28T15:52:35Z</time>
				<extensions>
					<ns3:TrackPointExtension>
						<ns3:speed>1.69</ns3:speed>
						<ns3:cad>81.0</ns3:cad>
						<ns3:hr>150</ns3:hr>
					</ns3:TrackPointExtension>
				</extensions>
			</trkpt>
			<trkpt lat="12.98229467" lon="77.69091731">
				<ele>893.23</ele>
				<time>2026-07-28T15:52:36Z</time>
				<extensions>
					<ns3:TrackPointExtension>
						<ns3:speed>1.69</ns3:speed>
						<ns3:cad>81.0</ns3:cad>
						<ns3:hr>151</ns3:hr>
					</ns3:TrackPointExtension>
				</extensions>
			</trkpt>
			<trkpt lat="12.98230133" lon="77.6909293">
				<ele>893.22</ele>
				<time>2026-07-28T15:52:37Z</time>
				<extensions>
					<ns3:TrackPointExtension>
						<ns3:speed>1.67</ns3:speed>
						<ns3:cad>81.0</ns3:cad>
						<ns3:hr>151</ns3:hr>
					</ns3:TrackPointExtension>
				</extensions>
			</trkpt>
			<trkpt lat="12.98231399" lon="77.6909393">
				<ele>893.21</ele>
				<time>2026-07-28T15:52:38Z</time>
				<extensions>
					<ns3:TrackPointExtension>
						<ns3:speed>1.66</ns3:speed>
						<ns3:cad>80.0</ns3:cad>
						<ns3:hr>151</ns3:hr>
					</ns3:TrackPointExtension>
				</extensions>
			</trkpt>
			<trkpt lat="12.98232965" lon="77.69094696">
				<ele>893.2</ele>
				<time>2026-07-28T15:52:39Z</time>
				<extensions>
					<ns3:TrackPointExtension>
						<ns3:speed>1.66</ns3:speed>
						<ns3:cad>80.0</ns3:cad>
						<ns3:hr>151</ns3:hr>
					</ns3:TrackPointExtension>
				</extensions>
			</trkpt>
			<trkpt lat="12.98234698" lon="77.69095395">
				<ele>893.2</ele>
				<time>2026-07-28T15:52:40Z</time>
				<extensions>
					<ns3:TrackPointExtension>
						<ns3:speed>1.66</ns3:speed>
						<ns3:cad>80.0</ns3:cad>
						<ns3:hr>151</ns3:hr>
					</ns3:TrackPointExtension>
				</extensions>
			</trkpt>
			<trkpt lat="12.98236397" lon="77.69095994">
				<ele>893.2</ele>
				<time>2026-07-28T15:52:41Z</time>
				<extensions>
					<ns3:TrackPointExtension>
						<ns3:speed>1.67</ns3:speed>
						<ns3:cad>80.0</ns3:cad>
						<ns3:hr>150</ns3:hr>
					</ns3:TrackPointExtension>
				</extensions>
			</trkpt>
			<trkpt lat="12.98237963" lon="77.69096494">
				<ele>893.21</ele>
				<time>2026-07-28T15:52:42Z</time>
				<extensions>
					<ns3:TrackPointExtension>
						<ns3:speed>1.68</ns3:speed>
						<ns3:cad>80.0</ns3:cad>
						<ns3:hr>150</ns3:hr>
					</ns3:TrackPointExtension>
				</extensions>
			</trkpt>
			<trkpt lat="12.98239563" lon="77.69096994">
				<ele>893.21</ele>
				<time>2026-07-28T15:52:43Z</time>
				<extensions>
					<ns3:TrackPointExtension>
						<ns3:speed>1.69</ns3:speed>
						<ns3:cad>81.0</ns3:cad>
						<ns3:hr>151</ns3:hr>
					</ns3:TrackPointExtension>
				</extensions>
			</trkpt>
			<trkpt lat="12.98241129" lon="77.69097494">
				<ele>893.21</ele>
				<time>2026-07-28T15:52:44Z</time>
				<extensions>
					<ns3:TrackPointExtension>
						<ns3:speed>1.69</ns3:speed>
						<ns3:cad>81.0</ns3:cad>
						<ns3:hr>150</ns3:hr>
					</ns3:TrackPointExtension>
				</extensions>
			</trkpt>
			<trkpt lat="12.98242662" lon="77.69097993">
				<ele>893.23</ele>
				<time>2026-07-28T15:52:45Z</time>
				<extensions>
					<ns3:TrackPointExtension>
						<ns3:speed>1.69</ns3:speed>
						<ns3:cad>81.0</ns3:cad>
						<ns3:hr>151</ns3:hr>
					</ns3:TrackPointExtension>
				</extensions>
			</trkpt>
			<trkpt lat="12.98244328" lon="77.69098493">
				<ele>893.45</ele>
				<time>2026-07-28T15:52:46Z</time>
				<extensions>
					<ns3:TrackPointExtension>
						<ns3:speed>1.7</ns3:speed>
						<ns3:cad>81.0</ns3:cad>
						<ns3:hr>150</ns3:hr>
					</ns3:TrackPointExtension>
				</extensions>
			</trkpt>
			<trkpt lat="12.98245994" lon="77.69098926">
				<ele>893.46</ele>
				<time>2026-07-28T15:52:47Z</time>
				<extensions>
					<ns3:TrackPointExtension>
						<ns3:speed>1.71</ns3:speed>
						<ns3:cad>81.0</ns3:cad>
						<ns3:hr>150</ns3:hr>
					</ns3:TrackPointExtension>
				</extensions>
			</trkpt>
			<trkpt lat="12.98247594" lon="77.69099392">
				<ele>893.46</ele>
				<time>2026-07-28T15:52:48Z</time>
				<extensions>
					<ns3:TrackPointExtension>
						<ns3:speed>1.73</ns3:speed>
						<ns3:cad>81.0</ns3:cad>
						<ns3:hr>151</ns3:hr>
					</ns3:TrackPointExtension>
				</extensions>
			</trkpt>
			<trkpt lat="12.98249194" lon="77.69099858">
				<ele>893.46</ele>
				<time>2026-07-28T15:52:49Z</time>
				<extensions>
					<ns3:TrackPointExtension>
						<ns3:speed>1.73</ns3:speed>
						<ns3:cad>80.0</ns3:cad>
						<ns3:hr>151</ns3:hr>
					</ns3:TrackPointExtension>
				</extensions>
			</trkpt>
			<trkpt lat="12.9825096" lon="77.69100224">
				<ele>893.47</ele>
				<time>2026-07-28T15:52:50Z</time>
				<extensions>
					<ns3:TrackPointExtension>
						<ns3:speed>1.74</ns3:speed>
						<ns3:cad>80.0</ns3:cad>
						<ns3:hr>151</ns3:hr>
					</ns3:TrackPointExtension>
				</extensions>
			</trkpt>
			<trkpt lat="12.98252626" lon="77.6910069">
				<ele>893.48</ele>
				<time>2026-07-28T15:52:51Z</time>
				<extensions>
					<ns3:TrackPointExtension>
						<ns3:speed>1.75</ns3:speed>
						<ns3:cad>80.0</ns3:cad>
						<ns3:hr>151</ns3:hr>
					</ns3:TrackPointExtension>
				</extensions>
			</trkpt>
			<trkpt lat="12.98254226" lon="77.69101156">
				<ele>893.48</ele>
				<time>2026-07-28T15:52:52Z</time>
				<extensions>
					<ns3:TrackPointExtension>
						<ns3:speed>1.75</ns3:speed>
						<ns3:cad>80.0</ns3:cad>
						<ns3:hr>151</ns3:hr>
					</ns3:TrackPointExtension>
				</extensions>
			</trkpt>
			<trkpt lat="12.98255659" lon="77.69101855">
				<ele>893.48</ele>
				<time>2026-07-28T15:52:53Z</time>
				<extensions>
					<ns3:TrackPointExtension>
						<ns3:speed>1.75</ns3:speed>
						<ns3:cad>80.0</ns3:cad>
						<ns3:hr>151</ns3:hr>
					</ns3:TrackPointExtension>
				</extensions>
			</trkpt>
			<trkpt lat="12.98257058" lon="77.69102555">
				<ele>893.47</ele>
				<time>2026-07-28T15:52:54Z</time>
				<extensions>
					<ns3:TrackPointExtension>
						<ns3:speed>1.76</ns3:speed>
						<ns3:cad>80.0</ns3:cad>
						<ns3:hr>151</ns3:hr>
					</ns3:TrackPointExtension>
				</extensions>
			</trkpt>
			<trkpt lat="12.98258491" lon="77.69103221">
				<ele>893.47</ele>
				<time>2026-07-28T15:52:55Z</time>
				<extensions>
					<ns3:TrackPointExtension>
						<ns3:speed>1.76</ns3:speed>
						<ns3:cad>80.0</ns3:cad>
						<ns3:hr>151</ns3:hr>
					</ns3:TrackPointExtension>
				</extensions>
			</trkpt>
			<trkpt lat="12.98259891" lon="77.69103887">
				<ele>893.46</ele>
				<time>2026-07-28T15:52:56Z</time>
				<extensions>
					<ns3:TrackPointExtension>
						<ns3:speed>1.76</ns3:speed>
						<ns3:cad>80.0</ns3:cad>
						<ns3:hr>152</ns3:hr>
					</ns3:TrackPointExtension>
				</extensions>
			</trkpt>
			<trkpt lat="12.98261324" lon="77.69104553">
				<ele>893.46</ele>
				<time>2026-07-28T15:52:57Z</time>
				<extensions>
					<ns3:TrackPointExtension>
						<ns3:speed>1.76</ns3:speed>
						<ns3:cad>80.0</ns3:cad>
						<ns3:hr>152</ns3:hr>
					</ns3:TrackPointExtension>
				</extensions>
			</trkpt>
			<trkpt lat="12.98262657" lon="77.69105286">
				<ele>893.45</ele>
				<time>2026-07-28T15:52:58Z</time>
				<extensions>
					<ns3:TrackPointExtension>
						<ns3:speed>1.76</ns3:speed>
						<ns3:cad>80.0</ns3:cad>
						<ns3:hr>151</ns3:hr>
					</ns3:TrackPointExtension>
				</extensions>
			</trkpt>
			<trkpt lat="12.98264057" lon="77.69105986">
				<ele>893.44</ele>
				<time>2026-07-28T15:52:59Z</time>
				<extensions>
					<ns3:TrackPointExtension>
						<ns3:speed>1.76</ns3:speed>
						<ns3:cad>81.0</ns3:cad>
						<ns3:hr>151</ns3:hr>
					</ns3:TrackPointExtension>
				</extensions>
			</trkpt>
			<trkpt lat="12.9826539" lon="77.69106752">
				<ele>893.66</ele>
				<time>2026-07-28T15:53:00Z</time>
				<extensions>
					<ns3:TrackPointExtension>
						<ns3:speed>1.76</ns3:speed>
						<ns3:cad>81.0</ns3:cad>
						<ns3:hr>151</ns3:hr>
					</ns3:TrackPointExtension>
				</extensions>
			</trkpt>
			<trkpt lat="12.98266756" lon="77.69107551">
				<ele>893.66</ele>
				<time>2026-07-28T15:53:01Z</time>
				<extensions>
					<ns3:TrackPointExtension>
						<ns3:speed>1.76</ns3:speed>
						<ns3:cad>81.0</ns3:cad>
						<ns3:hr>152</ns3:hr>
					</ns3:TrackPointExtension>
				</extensions>
			</trkpt>
			<trkpt lat="12.98267989" lon="77.69108284">
				<ele>893.65</ele>
				<time>2026-07-28T15:53:02Z</time>
				<extensions>
					<ns3:TrackPointExtension>
						<ns3:speed>1.76</ns3:speed>
						<ns3:cad>81.0</ns3:cad>
						<ns3:hr>152</ns3:hr>
					</ns3:TrackPointExtension>
				</extensions>
			</trkpt>
			<trkpt lat="12.98269322" lon="77.69108917">
				<ele>893.83</ele>
				<time>2026-07-28T15:53:03Z</time>
				<extensions>
					<ns3:TrackPointExtension>
						<ns3:speed>1.76</ns3:speed>
						<ns3:cad>81.0</ns3:cad>
						<ns3:hr>152</ns3:hr>
					</ns3:TrackPointExtension>
				</extensions>
			</trkpt>
			<trkpt lat="12.98270722" lon="77.69109516">
				<ele>893.82</ele>
				<time>2026-07-28T15:53:04Z</time>
				<extensions>
					<ns3:TrackPointExtension>
						<ns3:speed>1.75</ns3:speed>
						<ns3:cad>81.0</ns3:cad>
						<ns3:hr>151</ns3:hr>
					</ns3:TrackPointExtension>
				</extensions>
			</trkpt>
			<trkpt lat="12.98272221" lon="77.69110049">
				<ele>893.82</ele>
				<time>2026-07-28T15:53:05Z</time>
				<extensions>
					<ns3:TrackPointExtension>
						<ns3:speed>1.75</ns3:speed>
						<ns3:cad>81.0</ns3:cad>
						<ns3:hr>150</ns3:hr>
					</ns3:TrackPointExtension>
				</extensions>
			</trkpt>
			<trkpt lat="12.98273654" lon="77.69110648">
				<ele>893.82</ele>
				<time>2026-07-28T15:53:06Z</time>
				<extensions>
					<ns3:TrackPointExtension>
						<ns3:speed>1.74</ns3:speed>
						<ns3:cad>80.0</ns3:cad>
						<ns3:hr>149</ns3:hr>
					</ns3:TrackPointExtension>
				</extensions>
			</trkpt>
			<trkpt lat="12.9827512" lon="77.69111281">
				<ele>893.81</ele>
				<time>2026-07-28T15:53:07Z</time>
				<extensions>
					<ns3:TrackPointExtension>
						<ns3:speed>1.73</ns3:speed>
						<ns3:cad>80.0</ns3:cad>
						<ns3:hr>149</ns3:hr>
					</ns3:TrackPointExtension>
				</extensions>
			</trkpt>
			<trkpt lat="12.98276586" lon="77.69111847">
				<ele>893.81</ele>
				<time>2026-07-28T15:53:08Z</time>
				<extensions>
					<ns3:TrackPointExtension>
						<ns3:speed>1.73</ns3:speed>
						<ns3:cad>80.0</ns3:cad>
						<ns3:hr>148</ns3:hr>
					</ns3:TrackPointExtension>
				</extensions>
			</trkpt>
			<trkpt lat="12.98278052" lon="77.6911248">
				<ele>893.81</ele>
				<time>2026-07-28T15:53:09Z</time>
				<extensions>
					<ns3:TrackPointExtension>
						<ns3:speed>1.73</ns3:speed>
						<ns3:cad>80.0</ns3:cad>
						<ns3:hr>147</ns3:hr>
					</ns3:TrackPointExtension>
				</extensions>
			</trkpt>
			<trkpt lat="12.98279618" lon="77.69113013">
				<ele>893.81</ele>
				<time>2026-07-28T15:53:10Z</time>
				<extensions>
					<ns3:TrackPointExtension>
						<ns3:speed>1.74</ns3:speed>
						<ns3:cad>81.0</ns3:cad>
						<ns3:hr>147</ns3:hr>
					</ns3:TrackPointExtension>
				</extensions>
			</trkpt>
			<trkpt lat="12.98281218" lon="77.69113646">
				<ele>893.81</ele>
				<time>2026-07-28T15:53:11Z</time>
				<extensions>
					<ns3:TrackPointExtension>
						<ns3:speed>1.74</ns3:speed>
						<ns3:cad>81.0</ns3:cad>
						<ns3:hr>147</ns3:hr>
					</ns3:TrackPointExtension>
				</extensions>
			</trkpt>
			<trkpt lat="12.98282784" lon="77.69114212">
				<ele>893.81</ele>
				<time>2026-07-28T15:53:12Z</time>
				<extensions>
					<ns3:TrackPointExtension>
						<ns3:speed>1.75</ns3:speed>
						<ns3:cad>82.0</ns3:cad>
						<ns3:hr>147</ns3:hr>
					</ns3:TrackPointExtension>
				</extensions>
			</trkpt>
			<trkpt lat="12.98284317" lon="77.69114745">
				<ele>893.81</ele>
				<time>2026-07-28T15:53:13Z</time>
				<extensions>
					<ns3:TrackPointExtension>
						<ns3:speed>1.75</ns3:speed>
						<ns3:cad>82.0</ns3:cad>
						<ns3:hr>147</ns3:hr>
					</ns3:TrackPointExtension>
				</extensions>
			</trkpt>
			<trkpt lat="12.98285783" lon="77.69115411">
				<ele>893.81</ele>
				<time>2026-07-28T15:53:14Z</time>
				<extensions>
					<ns3:TrackPointExtension>
						<ns3:speed>1.75</ns3:speed>
						<ns3:cad>82.0</ns3:cad>
						<ns3:hr>148</ns3:hr>
					</ns3:TrackPointExtension>
				</extensions>
			</trkpt>
			<trkpt lat="12.98287249" lon="77.69115977">
				<ele>893.81</ele>
				<time>2026-07-28T15:53:15Z</time>
				<extensions>
					<ns3:TrackPointExtension>
						<ns3:speed>1.75</ns3:speed>
						<ns3:cad>82.0</ns3:cad>
						<ns3:hr>148</ns3:hr>
					</ns3:TrackPointExtension>
				</extensions>
			</trkpt>
			<trkpt lat="12.98288748" lon="77.6911661">
				<ele>893.81</ele>
				<time>2026-07-28T15:53:16Z</time>
				<extensions>
					<ns3:TrackPointExtension>
						<ns3:speed>1.74</ns3:speed>
						<ns3:cad>82.0</ns3:cad>
						<ns3:hr>148</ns3:hr>
					</ns3:TrackPointExtension>
				</extensions>
			</trkpt>
			<trkpt lat="12.98290281" lon="77.69117176">
				<ele>893.8</ele>
				<time>2026-07-28T15:53:17Z</time>
				<extensions>
					<ns3:TrackPointExtension>
						<ns3:speed>1.74</ns3:speed>
						<ns3:cad>81.0</ns3:cad>
						<ns3:hr>149</ns3:hr>
					</ns3:TrackPointExtension>
				</extensions>
			</trkpt>
			<trkpt lat="12.98291881" lon="77.69117709">
				<ele>893.8</ele>
				<time>2026-07-28T15:53:18Z</time>
				<extensions>
					<ns3:TrackPointExtension>
						<ns3:speed>1.75</ns3:speed>
						<ns3:cad>81.0</ns3:cad>
						<ns3:hr>150</ns3:hr>
					</ns3:TrackPointExtension>
				</extensions>
			</trkpt>
			<trkpt lat="12.98293514" lon="77.69118175">
				<ele>893.8</ele>
				<time>2026-07-28T15:53:19Z</time>
				<extensions>
					<ns3:TrackPointExtension>
						<ns3:speed>1.75</ns3:speed>
						<ns3:cad>81.0</ns3:cad>
						<ns3:hr>150</ns3:hr>
					</ns3:TrackPointExtension>
				</extensions>
			</trkpt>
			<trkpt lat="12.98295213" lon="77.69118541">
				<ele>893.8</ele>
				<time>2026-07-28T15:53:20Z</time>
				<extensions>
					<ns3:TrackPointExtension>
						<ns3:speed>1.75</ns3:speed>
						<ns3:cad>81.0</ns3:cad>
						<ns3:hr>151</ns3:hr>
					</ns3:TrackPointExtension>
				</extensions>
			</trkpt>
			<trkpt lat="12.98296912" lon="77.69118941">
				<ele>893.8</ele>
				<time>2026-07-28T15:53:21Z</time>
				<extensions>
					<ns3:TrackPointExtension>
						<ns3:speed>1.75</ns3:speed>
						<ns3:cad>80.0</ns3:cad>
						<ns3:hr>150</ns3:hr>
					</ns3:TrackPointExtension>
				</extensions>
			</trkpt>
			<trkpt lat="12.98298545" lon="77.69119307">
				<ele>893.8</ele>
				<time>2026-07-28T15:53:22Z</time>
				<extensions>
					<ns3:TrackPointExtension>
						<ns3:speed>1.76</ns3:speed>
						<ns3:cad>80.0</ns3:cad>
						<ns3:hr>151</ns3:hr>
					</ns3:TrackPointExtension>
				</extensions>
			</trkpt>
			<trkpt lat="12.98300178" lon="77.69119807">
				<ele>893.8</ele>
				<time>2026-07-28T15:53:23Z</time>
				<extensions>
					<ns3:TrackPointExtension>
						<ns3:speed>1.76</ns3:speed>
						<ns3:cad>80.0</ns3:cad>
						<ns3:hr>151</ns3:hr>
					</ns3:TrackPointExtension>
				</extensions>
			</trkpt>
			<trkpt lat="12.98301744" lon="77.69120307">
				<ele>893.81</ele>
				<time>2026-07-28T15:53:24Z</time>
				<extensions>
					<ns3:TrackPointExtension>
						<ns3:speed>1.76</ns3:speed>
						<ns3:cad>80.0</ns3:cad>
						<ns3:hr>150</ns3:hr>
					</ns3:TrackPointExtension>
				</extensions>
			</trkpt>
			<trkpt lat="12.98303377" lon="77.69120707">
				<ele>893.6</ele>
				<time>2026-07-28T15:53:25Z</time>
				<extensions>
					<ns3:TrackPointExtension>
						<ns3:speed>1.76</ns3:speed>
						<ns3:cad>80.0</ns3:cad>
						<ns3:hr>150</ns3:hr>
					</ns3:TrackPointExtension>
				</extensions>
			</trkpt>
			<trkpt lat="12.9830501" lon="77.69121173">
				<ele>893.6</ele>
				<time>2026-07-28T15:53:26Z</time>
				<extensions>
					<ns3:TrackPointExtension>
						<ns3:speed>1.76</ns3:speed>
						<ns3:cad>80.0</ns3:cad>
						<ns3:hr>150</ns3:hr>
					</ns3:TrackPointExtension>
				</extensions>
			</trkpt>
			<trkpt lat="12.98306709" lon="77.69121672">
				<ele>893.6</ele>
				<time>2026-07-28T15:53:27Z</time>
				<extensions>
					<ns3:TrackPointExtension>
						<ns3:speed>1.76</ns3:speed>
						<ns3:cad>80.0</ns3:cad>
						<ns3:hr>150</ns3:hr>
					</ns3:TrackPointExtension>
				</extensions>
			</trkpt>
			<trkpt lat="12.98308409" lon="77.69122172">
				<ele>893.59</ele>
				<time>2026-07-28T15:53:28Z</time>
				<extensions>
					<ns3:TrackPointExtension>
						<ns3:speed>1.77</ns3:speed>
						<ns3:cad>80.0</ns3:cad>
						<ns3:hr>150</ns3:hr>
					</ns3:TrackPointExtension>
				</extensions>
			</trkpt>
			<trkpt lat="12.98310142" lon="77.69122505">
				<ele>893.58</ele>
				<time>2026-07-28T15:53:29Z</time>
				<extensions>
					<ns3:TrackPointExtension>
						<ns3:speed>1.78</ns3:speed>
						<ns3:cad>79.0</ns3:cad>
						<ns3:hr>149</ns3:hr>
					</ns3:TrackPointExtension>
				</extensions>
			</trkpt>
			<trkpt lat="12.98312008" lon="77.69122805">
				<ele>893.58</ele>
				<time>2026-07-28T15:53:30Z</time>
				<extensions>
					<ns3:TrackPointExtension>
						<ns3:speed>1.79</ns3:speed>
						<ns3:cad>80.0</ns3:cad>
						<ns3:hr>149</ns3:hr>
					</ns3:TrackPointExtension>
				</extensions>
			</trkpt>
			<trkpt lat="12.98313841" lon="77.69123038">
				<ele>893.57</ele>
				<time>2026-07-28T15:53:31Z</time>
				<extensions>
					<ns3:TrackPointExtension>
						<ns3:speed>1.79</ns3:speed>
						<ns3:cad>80.0</ns3:cad>
						<ns3:hr>149</ns3:hr>
					</ns3:TrackPointExtension>
				</extensions>
			</trkpt>
			<trkpt lat="12.98315707" lon="77.69123304">
				<ele>893.57</ele>
				<time>2026-07-28T15:53:32Z</time>
				<extensions>
					<ns3:TrackPointExtension>
						<ns3:speed>1.8</ns3:speed>
						<ns3:cad>80.0</ns3:cad>
						<ns3:hr>149</ns3:hr>
					</ns3:TrackPointExtension>
				</extensions>
			</trkpt>
			<trkpt lat="12.9831754" lon="77.69123537">
				<ele>893.56</ele>
				<time>2026-07-28T15:53:33Z</time>
				<extensions>
					<ns3:TrackPointExtension>
						<ns3:speed>1.8</ns3:speed>
						<ns3:cad>81.0</ns3:cad>
						<ns3:hr>148</ns3:hr>
					</ns3:TrackPointExtension>
				</extensions>
			</trkpt>
			<trkpt lat="12.98319373" lon="77.69123803">
				<ele>893.56</ele>
				<time>2026-07-28T15:53:34Z</time>
				<extensions>
					<ns3:TrackPointExtension>
						<ns3:speed>1.81</ns3:speed>
						<ns3:cad>81.0</ns3:cad>
						<ns3:hr>148</ns3:hr>
					</ns3:TrackPointExtension>
				</extensions>
			</trkpt>
			<trkpt lat="12.98321339" lon="77.69124003">
				<ele>893.57</ele>
				<time>2026-07-28T15:53:35Z</time>
				<extensions>
					<ns3:TrackPointExtension>
						<ns3:speed>1.82</ns3:speed>
						<ns3:cad>81.0</ns3:cad>
						<ns3:hr>148</ns3:hr>
					</ns3:TrackPointExtension>
				</extensions>
			</trkpt>
			<trkpt lat="12.98323305" lon="77.69124302">
				<ele>893.57</ele>
				<time>2026-07-28T15:53:36Z</time>
				<extensions>
					<ns3:TrackPointExtension>
						<ns3:speed>1.83</ns3:speed>
						<ns3:cad>81.0</ns3:cad>
						<ns3:hr>148</ns3:hr>
					</ns3:TrackPointExtension>
				</extensions>
			</trkpt>
			<trkpt lat="12.98325305" lon="77.69124535">
				<ele>893.57</ele>
				<time>2026-07-28T15:53:37Z</time>
				<extensions>
					<ns3:TrackPointExtension>
						<ns3:speed>1.84</ns3:speed>
						<ns3:cad>82.0</ns3:cad>
						<ns3:hr>148</ns3:hr>
					</ns3:TrackPointExtension>
				</extensions>
			</trkpt>
			<trkpt lat="12.98327238" lon="77.69124868">
				<ele>893.58</ele>
				<time>2026-07-28T15:53:39Z</time>
				<extensions>
					<ns3:TrackPointExtension>
						<ns3:speed>1.87</ns3:speed>
						<ns3:cad>82.0</ns3:cad>
						<ns3:hr>149</ns3:hr>
					</ns3:TrackPointExtension>
				</extensions>
			</trkpt>
			<trkpt lat="12.98329104" lon="77.69125201">
				<ele>893.58</ele>
				<time>2026-07-28T15:53:39Z</time>
				<extensions>
					<ns3:TrackPointExtension>
						<ns3:speed>1.87</ns3:speed>
						<ns3:cad>82.0</ns3:cad>
						<ns3:hr>149</ns3:hr>
					</ns3:TrackPointExtension>
				</extensions>
			</trkpt>
			<trkpt lat="12.9833097" lon="77.691256">
				<ele>893.59</ele>
				<time>2026-07-28T15:53:40Z</time>
				<extensions>
					<ns3:TrackPointExtension>
						<ns3:speed>1.89</ns3:speed>
						<ns3:cad>81.0</ns3:cad>
						<ns3:hr>149</ns3:hr>
					</ns3:TrackPointExtension>
				</extensions>
			</trkpt>
			<trkpt lat="12.98332903" lon="77.69126">
				<ele>893.6</ele>
				<time>2026-07-28T15:53:41Z</time>
				<extensions>
					<ns3:TrackPointExtension>
						<ns3:speed>1.9</ns3:speed>
						<ns3:cad>81.0</ns3:cad>
						<ns3:hr>149</ns3:hr>
					</ns3:TrackPointExtension>
				</extensions>
			</trkpt>
			<trkpt lat="12.98334869" lon="77.69126333">
				<ele>893.61</ele>
				<time>2026-07-28T15:53:42Z</time>
				<extensions>
					<ns3:TrackPointExtension>
						<ns3:speed>1.91</ns3:speed>
						<ns3:cad>81.0</ns3:cad>
						<ns3:hr>149</ns3:hr>
					</ns3:TrackPointExtension>
				</extensions>
			</trkpt>
			<trkpt lat="12.98336768" lon="77.69126666">
				<ele>893.62</ele>
				<time>2026-07-28T15:53:43Z</time>
				<extensions>
					<ns3:TrackPointExtension>
						<ns3:speed>1.91</ns3:speed>
						<ns3:cad>80.0</ns3:cad>
						<ns3:hr>149</ns3:hr>
					</ns3:TrackPointExtension>
				</extensions>
			</trkpt>
			<trkpt lat="12.98338701" lon="77.69127099">
				<ele>893.64</ele>
				<time>2026-07-28T15:53:44Z</time>
				<extensions>
					<ns3:TrackPointExtension>
						<ns3:speed>1.93</ns3:speed>
						<ns3:cad>80.0</ns3:cad>
						<ns3:hr>149</ns3:hr>
					</ns3:TrackPointExtension>
				</extensions>
			</trkpt>
			<trkpt lat="12.983406" lon="77.69127532">
				<ele>893.65</ele>
				<time>2026-07-28T15:53:45Z</time>
				<extensions>
					<ns3:TrackPointExtension>
						<ns3:speed>1.94</ns3:speed>
						<ns3:cad>80.0</ns3:cad>
						<ns3:hr>149</ns3:hr>
					</ns3:TrackPointExtension>
				</extensions>
			</trkpt>
			<trkpt lat="12.98342533" lon="77.69127998">
				<ele>893.65</ele>
				<time>2026-07-28T15:53:46Z</time>
				<extensions>
					<ns3:TrackPointExtension>
						<ns3:hr>149</ns3:hr>
					</ns3:TrackPointExtension>
				</extensions>
			</trkpt>
			<trkpt lat="12.98344432" lon="77.69128498">
				<ele>893.66</ele>
				<time>2026-07-28T15:53:47Z</time>
				<extensions>
					<ns3:TrackPointExtension>
						<ns3:speed>1.94</ns3:speed>
						<ns3:cad>80.0</ns3:cad>
					</ns3:TrackPointExtension>
				</extensions>
			</trkpt>
			<trkpt lat="12.98346231" lon="77.69128964">
				<ele>893.67</ele>
				<time>2026-07-28T15:53:48Z</time>
				<extensions>
					<ns3:TrackPointExtension>
						<ns3:speed>1.95</ns3:speed>
						<ns3:cad>81.0</ns3:cad>
						<ns3:hr>149</ns3:hr>
					</ns3:TrackPointExtension>
				</extensions>
			</trkpt>
			<trkpt lat="12.98347964" lon="77.69129397">
				<ele>893.68</ele>
				<time>2026-07-28T15:53:49Z</time>
				<extensions>
					<ns3:TrackPointExtension>
						<ns3:speed>1.96</ns3:speed>
						<ns3:cad>81.0</ns3:cad>
						<ns3:hr>149</ns3:hr>
					</ns3:TrackPointExtension>
				</extensions>
			</trkpt>
			<trkpt lat="12.98349764" lon="77.69129797">
				<ele>893.68</ele>
				<time>2026-07-28T15:53:50Z</time>
				<extensions>
					<ns3:TrackPointExtension>
						<ns3:speed>1.96</ns3:speed>
						<ns3:cad>81.0</ns3:cad>
						<ns3:hr>149</ns3:hr>
					</ns3:TrackPointExtension>
				</extensions>
			</trkpt>
			<trkpt lat="12.98351497" lon="77.6913023">
				<ele>893.69</ele>
				<time>2026-07-28T15:53:51Z</time>
				<extensions>
					<ns3:TrackPointExtension>
						<ns3:speed>1.96</ns3:speed>
						<ns3:cad>81.0</ns3:cad>
						<ns3:hr>149</ns3:hr>
					</ns3:TrackPointExtension>
				</extensions>
			</trkpt>
			<trkpt lat="12.98353196" lon="77.69130696">
				<ele>893.7</ele>
				<time>2026-07-28T15:53:52Z</time>
				<extensions>
					<ns3:TrackPointExtension>
						<ns3:speed>1.96</ns3:speed>
						<ns3:cad>81.0</ns3:cad>
						<ns3:hr>149</ns3:hr>
					</ns3:TrackPointExtension>
				</extensions>
			</trkpt>
			<trkpt lat="12.98354962" lon="77.69131162">
				<ele>893.71</ele>
				<time>2026-07-28T15:53:53Z</time>
				<extensions>
					<ns3:TrackPointExtension>
						<ns3:speed>1.96</ns3:speed>
						<ns3:cad>81.0</ns3:cad>
						<ns3:hr>149</ns3:hr>
					</ns3:TrackPointExtension>
				</extensions>
			</trkpt>
			<trkpt lat="12.98356695" lon="77.69131562">
				<ele>893.73</ele>
				<time>2026-07-28T15:53:54Z</time>
				<extensions>
					<ns3:TrackPointExtension>
						<ns3:speed>1.96</ns3:speed>
						<ns3:cad>81.0</ns3:cad>
						<ns3:hr>149</ns3:hr>
					</ns3:TrackPointExtension>
				</extensions>
			</trkpt>
			<trkpt lat="12.98358394" lon="77.69132161">
				<ele>893.74</ele>
				<time>2026-07-28T15:53:55Z</time>
				<extensions>
					<ns3:TrackPointExtension>
						<ns3:speed>1.95</ns3:speed>
						<ns3:cad>80.0</ns3:cad>
						<ns3:hr>149</ns3:hr>
					</ns3:TrackPointExtension>
				</extensions>
			</trkpt>
			<trkpt lat="12.9835996" lon="77.6913286">
				<ele>893.75</ele>
				<time>2026-07-28T15:53:56Z</time>
				<extensions>
					<ns3:TrackPointExtension>
						<ns3:speed>1.95</ns3:speed>
						<ns3:cad>80.0</ns3:cad>
						<ns3:hr>148</ns3:hr>
					</ns3:TrackPointExtension>
				</extensions>
			</trkpt>
			<trkpt lat="12.9836136" lon="77.69133726">
				<ele>893.75</ele>
				<time>2026-07-28T15:53:57Z</time>
				<extensions>
					<ns3:TrackPointExtension>
						<ns3:speed>1.95</ns3:speed>
						<ns3:cad>80.0</ns3:cad>
						<ns3:hr>148</ns3:hr>
					</ns3:TrackPointExtension>
				</extensions>
			</trkpt>
			<trkpt lat="12.98362326" lon="77.69134859">
				<ele>893.76</ele>
				<time>2026-07-28T15:53:58Z</time>
				<extensions>
					<ns3:TrackPointExtension>
						<ns3:speed>1.94</ns3:speed>
						<ns3:cad>80.0</ns3:cad>
						<ns3:hr>148</ns3:hr>
					</ns3:TrackPointExtension>
				</extensions>
			</trkpt>
			<trkpt lat="12.98362825" lon="77.69136192">
				<ele>893.77</ele>
				<time>2026-07-28T15:53:59Z</time>
				<extensions>
					<ns3:TrackPointExtension>
						<ns3:speed>1.93</ns3:speed>
						<ns3:cad>80.0</ns3:cad>
						<ns3:hr>147</ns3:hr>
					</ns3:TrackPointExtension>
				</extensions>
			</trkpt>
			<trkpt lat="12.98362958" lon="77.69137592">
				<ele>893.78</ele>
				<time>2026-07-28T15:54:00Z</time>
				<extensions>
					<ns3:TrackPointExtension>
						<ns3:speed>1.91</ns3:speed>
						<ns3:cad>80.0</ns3:cad>
						<ns3:hr>147</ns3:hr>
					</ns3:TrackPointExtension>
				</extensions>
			</trkpt>
			<trkpt lat="12.98362892" lon="77.69139025">
				<ele>893.79</ele>
				<time>2026-07-28T15:54:01Z</time>
				<extensions>
					<ns3:TrackPointExtension>
						<ns3:speed>1.9</ns3:speed>
						<ns3:cad>80.0</ns3:cad>
						<ns3:hr>148</ns3:hr>
					</ns3:TrackPointExtension>
				</extensions>
			</trkpt>
			<trkpt lat="12.98362626" lon="77.69140558">
				<ele>893.81</ele>
				<time>2026-07-28T15:54:02Z</time>
				<extensions>
					<ns3:TrackPointExtension>
						<ns3:speed>1.89</ns3:speed>
						<ns3:cad>80.0</ns3:cad>
						<ns3:hr>147</ns3:hr>
					</ns3:TrackPointExtension>
				</extensions>
			</trkpt>
			<trkpt lat="12.98362293" lon="77.69142091">
				<ele>893.82</ele>
				<time>2026-07-28T15:54:03Z</time>
				<extensions>
					<ns3:TrackPointExtension>
						<ns3:speed>1.86</ns3:speed>
						<ns3:cad>80.0</ns3:cad>
						<ns3:hr>148</ns3:hr>
					</ns3:TrackPointExtension>
				</extensions>
			</trkpt>
			<trkpt lat="12.9836176" lon="77.6914359">
				<ele>893.84</ele>
				<time>2026-07-28T15:54:04Z</time>
				<extensions>
					<ns3:TrackPointExtension>
						<ns3:speed>1.86</ns3:speed>
						<ns3:cad>80.0</ns3:cad>
						<ns3:hr>148</ns3:hr>
					</ns3:TrackPointExtension>
				</extensions>
			</trkpt>
			<trkpt lat="12.98361227" lon="77.69145223">
				<ele>893.86</ele>
				<time>2026-07-28T15:54:05Z</time>
				<extensions>
					<ns3:TrackPointExtension>
						<ns3:speed>1.85</ns3:speed>
						<ns3:cad>81.0</ns3:cad>
						<ns3:hr>148</ns3:hr>
					</ns3:TrackPointExtension>
				</extensions>
			</trkpt>
			<trkpt lat="12.98360728" lon="77.69146823">
				<ele>893.59</ele>
				<time>2026-07-28T15:54:06Z</time>
				<extensions>
					<ns3:TrackPointExtension>
						<ns3:speed>1.85</ns3:speed>
						<ns3:cad>81.0</ns3:cad>
						<ns3:hr>149</ns3:hr>
					</ns3:TrackPointExtension>
				</extensions>
			</trkpt>
			<trkpt lat="12.98360195" lon="77.69148356">
				<ele>893.61</ele>
				<time>2026-07-28T15:54:07Z</time>
				<extensions>
					<ns3:TrackPointExtension>
						<ns3:speed>1.85</ns3:speed>
						<ns3:cad>81.0</ns3:cad>
						<ns3:hr>149</ns3:hr>
					</ns3:TrackPointExtension>
				</extensions>
			</trkpt>
			<trkpt lat="12.98359696" lon="77.69149956">
				<ele>893.64</ele>
				<time>2026-07-28T15:54:08Z</time>
				<extensions>
					<ns3:TrackPointExtension>
						<ns3:speed>1.85</ns3:speed>
						<ns3:cad>81.0</ns3:cad>
						<ns3:hr>149</ns3:hr>
					</ns3:TrackPointExtension>
				</extensions>
			</trkpt>
			<trkpt lat="12.98359197" lon="77.69151589">
				<ele>893.65</ele>
				<time>2026-07-28T15:54:09Z</time>
				<extensions>
					<ns3:TrackPointExtension>
						<ns3:speed>1.84</ns3:speed>
						<ns3:cad>81.0</ns3:cad>
						<ns3:hr>149</ns3:hr>
					</ns3:TrackPointExtension>
				</extensions>
			</trkpt>
			<trkpt lat="12.98358631" lon="77.69153189">
				<ele>893.66</ele>
				<time>2026-07-28T15:54:10Z</time>
				<extensions>
					<ns3:TrackPointExtension>
						<ns3:speed>1.84</ns3:speed>
						<ns3:cad>81.0</ns3:cad>
						<ns3:hr>149</ns3:hr>
					</ns3:TrackPointExtension>
				</extensions>
			</trkpt>
			<trkpt lat="12.98358165" lon="77.69154655">
				<ele>893.68</ele>
				<time>2026-07-28T15:54:11Z</time>
				<extensions>
					<ns3:TrackPointExtension>
						<ns3:speed>1.84</ns3:speed>
						<ns3:cad>81.0</ns3:cad>
						<ns3:hr>149</ns3:hr>
					</ns3:TrackPointExtension>
				</extensions>
			</trkpt>
			<trkpt lat="12.98357666" lon="77.69156221">
				<ele>893.69</ele>
				<time>2026-07-28T15:54:12Z</time>
				<extensions>
					<ns3:TrackPointExtension>
						<ns3:speed>1.84</ns3:speed>
						<ns3:cad>81.0</ns3:cad>
						<ns3:hr>148</ns3:hr>
					</ns3:TrackPointExtension>
				</extensions>
			</trkpt>
			<trkpt lat="12.98357167" lon="77.69157754">
				<ele>893.69</ele>
				<time>2026-07-28T15:54:13Z</time>
				<extensions>
					<ns3:TrackPointExtension>
						<ns3:speed>1.83</ns3:speed>
						<ns3:cad>81.0</ns3:cad>
						<ns3:hr>147</ns3:hr>
					</ns3:TrackPointExtension>
				</extensions>
			</trkpt>
			<trkpt lat="12.98356701" lon="77.69159253">
				<ele>893.69</ele>
				<time>2026-07-28T15:54:14Z</time>
				<extensions>
					<ns3:TrackPointExtension>
						<ns3:speed>1.81</ns3:speed>
						<ns3:cad>81.0</ns3:cad>
						<ns3:hr>148</ns3:hr>
					</ns3:TrackPointExtension>
				</extensions>
			</trkpt>
			<trkpt lat="12.98356268" lon="77.69160819">
				<ele>893.69</ele>
				<time>2026-07-28T15:54:15Z</time>
				<extensions>
					<ns3:TrackPointExtension>
						<ns3:speed>1.81</ns3:speed>
						<ns3:cad>81.0</ns3:cad>
						<ns3:hr>148</ns3:hr>
					</ns3:TrackPointExtension>
				</extensions>
			</trkpt>
			<trkpt lat="12.98355802" lon="77.69162452">
				<ele>893.68</ele>
				<time>2026-07-28T15:54:16Z</time>
				<extensions>
					<ns3:TrackPointExtension>
						<ns3:speed>1.8</ns3:speed>
						<ns3:cad>80.0</ns3:cad>
						<ns3:hr>148</ns3:hr>
					</ns3:TrackPointExtension>
				</extensions>
			</trkpt>
			<trkpt lat="12.98355203" lon="77.69164085">
				<ele>893.67</ele>
				<time>2026-07-28T15:54:17Z</time>
				<extensions>
					<ns3:TrackPointExtension>
						<ns3:speed>1.8</ns3:speed>
						<ns3:cad>80.0</ns3:cad>
						<ns3:hr>148</ns3:hr>
					</ns3:TrackPointExtension>
				</extensions>
			</trkpt>
			<trkpt lat="12.9835457" lon="77.69165718">
				<ele>893.66</ele>
				<time>2026-07-28T15:54:18Z</time>
				<extensions>
					<ns3:TrackPointExtension>
						<ns3:speed>1.8</ns3:speed>
						<ns3:cad>80.0</ns3:cad>
						<ns3:hr>148</ns3:hr>
					</ns3:TrackPointExtension>
				</extensions>
			</trkpt>
			<trkpt lat="12.98354037" lon="77.69167318">
				<ele>893.64</ele>
				<time>2026-07-28T15:54:19Z</time>
				<extensions>
					<ns3:TrackPointExtension>
						<ns3:speed>1.81</ns3:speed>
						<ns3:cad>79.0</ns3:cad>
						<ns3:hr>149</ns3:hr>
					</ns3:TrackPointExtension>
				</extensions>
			</trkpt>
			<trkpt lat="12.98353471" lon="77.69168951">
				<ele>893.62</ele>
				<time>2026-07-28T15:54:20Z</time>
				<extensions>
					<ns3:TrackPointExtension>
						<ns3:speed>1.8</ns3:speed>
						<ns3:cad>79.0</ns3:cad>
						<ns3:hr>148</ns3:hr>
					</ns3:TrackPointExtension>
				</extensions>
			</trkpt>
			<trkpt lat="12.98352838" lon="77.6917055">
				<ele>893.6</ele>
				<time>2026-07-28T15:54:21Z</time>
				<extensions>
					<ns3:TrackPointExtension>
						<ns3:speed>1.8</ns3:speed>
						<ns3:cad>78.0</ns3:cad>
						<ns3:hr>148</ns3:hr>
					</ns3:TrackPointExtension>
				</extensions>
			</trkpt>
			<trkpt lat="12.98351572" lon="77.6917235">
				<ele>893.56</ele>
				<time>2026-07-28T15:54:22Z</time>
				<extensions>
					<ns3:TrackPointExtension>
						<ns3:speed>1.8</ns3:speed>
						<ns3:cad>78.0</ns3:cad>
						<ns3:hr>149</ns3:hr>
					</ns3:TrackPointExtension>
				</extensions>
			</trkpt>
			<trkpt lat="12.98350172" lon="77.69174016">
				<ele>893.54</ele>
				<time>2026-07-28T15:54:23Z</time>
				<extensions>
					<ns3:TrackPointExtension>
						<ns3:speed>1.8</ns3:speed>
						<ns3:cad>78.0</ns3:cad>
						<ns3:hr>149</ns3:hr>
					</ns3:TrackPointExtension>
				</extensions>
			</trkpt>
			<trkpt lat="12.98348973" lon="77.69175749">
				<ele>893.52</ele>
				<time>2026-07-28T15:54:24Z</time>
				<extensions>
					<ns3:TrackPointExtension>
						<ns3:speed>1.8</ns3:speed>
						<ns3:cad>78.0</ns3:cad>
						<ns3:hr>149</ns3:hr>
					</ns3:TrackPointExtension>
				</extensions>
			</trkpt>
			<trkpt lat="12.98347674" lon="77.69177282">
				<ele>893.5</ele>
				<time>2026-07-28T15:54:25Z</time>
				<extensions>
					<ns3:TrackPointExtension>
						<ns3:speed>1.81</ns3:speed>
						<ns3:cad>78.0</ns3:cad>
						<ns3:hr>148</ns3:hr>
					</ns3:TrackPointExtension>
				</extensions>
			</trkpt>
			<trkpt lat="12.98346408" lon="77.69178548">
				<ele>893.48</ele>
				<time>2026-07-28T15:54:26Z</time>
				<extensions>
					<ns3:TrackPointExtension>
						<ns3:speed>1.82</ns3:speed>
						<ns3:cad>78.0</ns3:cad>
						<ns3:hr>147</ns3:hr>
					</ns3:TrackPointExtension>
				</extensions>
			</trkpt>
			<trkpt lat="12.98345075" lon="77.69179681">
				<ele>893.47</ele>
				<time>2026-07-28T15:54:27Z</time>
				<extensions>
					<ns3:TrackPointExtension>
						<ns3:speed>1.82</ns3:speed>
						<ns3:cad>78.0</ns3:cad>
						<ns3:hr>147</ns3:hr>
					</ns3:TrackPointExtension>
				</extensions>
			</trkpt>
			<trkpt lat="12.98343842" lon="77.6918068">
				<ele>893.47</ele>
				<time>2026-07-28T15:54:28Z</time>
				<extensions>
					<ns3:TrackPointExtension>
						<ns3:speed>1.82</ns3:speed>
						<ns3:cad>79.0</ns3:cad>
						<ns3:hr>148</ns3:hr>
					</ns3:TrackPointExtension>
				</extensions>
			</trkpt>
			<trkpt lat="12.98342476" lon="77.69181613">
				<ele>893.46</ele>
				<time>2026-07-28T15:54:29Z</time>
				<extensions>
					<ns3:TrackPointExtension>
						<ns3:speed>1.82</ns3:speed>
						<ns3:cad>79.0</ns3:cad>
						<ns3:hr>148</ns3:hr>
					</ns3:TrackPointExtension>
				</extensions>
			</trkpt>
			<trkpt lat="12.98341143" lon="77.69182513">
				<ele>893.45</ele>
				<time>2026-07-28T15:54:30Z</time>
				<extensions>
					<ns3:TrackPointExtension>
						<ns3:speed>1.82</ns3:speed>
						<ns3:cad>79.0</ns3:cad>
						<ns3:hr>148</ns3:hr>
					</ns3:TrackPointExtension>
				</extensions>
			</trkpt>
			<trkpt lat="12.98339743" lon="77.69183379">
				<ele>893.46</ele>
				<time>2026-07-28T15:54:31Z</time>
				<extensions>
					<ns3:TrackPointExtension>
						<ns3:speed>1.82</ns3:speed>
						<ns3:cad>78.0</ns3:cad>
						<ns3:hr>147</ns3:hr>
					</ns3:TrackPointExtension>
				</extensions>
			</trkpt>
			<trkpt lat="12.9833821" lon="77.69183978">
				<ele>893.45</ele>
				<time>2026-07-28T15:54:32Z</time>
				<extensions>
					<ns3:TrackPointExtension>
						<ns3:speed>1.83</ns3:speed>
						<ns3:cad>78.0</ns3:cad>
						<ns3:hr>147</ns3:hr>
					</ns3:TrackPointExtension>
				</extensions>
			</trkpt>
			<trkpt lat="12.98336644" lon="77.69184278">
				<ele>893.45</ele>
				<time>2026-07-28T15:54:33Z</time>
				<extensions>
					<ns3:TrackPointExtension>
						<ns3:speed>1.83</ns3:speed>
						<ns3:cad>78.0</ns3:cad>
						<ns3:hr>147</ns3:hr>
					</ns3:TrackPointExtension>
				</extensions>
			</trkpt>
			<trkpt lat="12.98335044" lon="77.69184444">
				<ele>893.45</ele>
				<time>2026-07-28T15:54:34Z</time>
				<extensions>
					<ns3:TrackPointExtension>
						<ns3:speed>1.83</ns3:speed>
						<ns3:cad>78.0</ns3:cad>
						<ns3:hr>147</ns3:hr>
					</ns3:TrackPointExtension>
				</extensions>
			</trkpt>
			<trkpt lat="12.98333411" lon="77.69184477">
				<ele>893.45</ele>
				<time>2026-07-28T15:54:35Z</time>
				<extensions>
					<ns3:TrackPointExtension>
						<ns3:speed>1.83</ns3:speed>
						<ns3:cad>77.0</ns3:cad>
						<ns3:hr>147</ns3:hr>
					</ns3:TrackPointExtension>
				</extensions>
			</trkpt>
			<trkpt lat="12.98331778" lon="77.69184543">
				<ele>893.45</ele>
				<time>2026-07-28T15:54:36Z</time>
				<extensions>
					<ns3:TrackPointExtension>
						<ns3:speed>1.84</ns3:speed>
						<ns3:cad>78.0</ns3:cad>
						<ns3:hr>148</ns3:hr>
					</ns3:TrackPointExtension>
				</extensions>
			</trkpt>
			<trkpt lat="12.98330112" lon="77.69184609">
				<ele>893.45</ele>
				<time>2026-07-28T15:54:37Z</time>
				<extensions>
					<ns3:TrackPointExtension>
						<ns3:speed>1.85</ns3:speed>
						<ns3:cad>78.0</ns3:cad>
						<ns3:hr>148</ns3:hr>
					</ns3:TrackPointExtension>
				</extensions>
			</trkpt>
			<trkpt lat="12.98328512" lon="77.69184842">
				<ele>893.45</ele>
				<time>2026-07-28T15:54:38Z</time>
				<extensions>
					<ns3:TrackPointExtension>
						<ns3:speed>1.85</ns3:speed>
						<ns3:cad>78.0</ns3:cad>
						<ns3:hr>147</ns3:hr>
					</ns3:TrackPointExtension>
				</extensions>
			</trkpt>
			<trkpt lat="12.98326879" lon="77.69185308">
				<ele>893.45</ele>
				<time>2026-07-28T15:54:39Z</time>
				<extensions>
					<ns3:TrackPointExtension>
						<ns3:speed>1.86</ns3:speed>
						<ns3:cad>79.0</ns3:cad>
						<ns3:hr>147</ns3:hr>
					</ns3:TrackPointExtension>
				</extensions>
			</trkpt>
			<trkpt lat="12.9832518" lon="77.69185707">
				<ele>893.45</ele>
				<time>2026-07-28T15:54:40Z</time>
				<extensions>
					<ns3:TrackPointExtension>
						<ns3:speed>1.86</ns3:speed>
						<ns3:cad>80.0</ns3:cad>
						<ns3:hr>148</ns3:hr>
					</ns3:TrackPointExtension>
				</extensions>
			</trkpt>
			<trkpt lat="12.98323447" lon="77.6918644">
				<ele>893.45</ele>
				<time>2026-07-28T15:54:41Z</time>
				<extensions>
					<ns3:TrackPointExtension>
						<ns3:speed>1.86</ns3:speed>
						<ns3:cad>80.0</ns3:cad>
						<ns3:hr>147</ns3:hr>
					</ns3:TrackPointExtension>
				</extensions>
			</trkpt>
			<trkpt lat="12.98321714" lon="77.69187073">
				<ele>893.46</ele>
				<time>2026-07-28T15:54:42Z</time>
				<extensions>
					<ns3:TrackPointExtension>
						<ns3:speed>1.87</ns3:speed>
						<ns3:cad>80.0</ns3:cad>
						<ns3:hr>147</ns3:hr>
					</ns3:TrackPointExtension>
				</extensions>
			</trkpt>
			<trkpt lat="12.98319748" lon="77.69187439">
				<ele>893.46</ele>
				<time>2026-07-28T15:54:43Z</time>
				<extensions>
					<ns3:TrackPointExtension>
						<ns3:speed>1.87</ns3:speed>
						<ns3:cad>80.0</ns3:cad>
						<ns3:hr>147</ns3:hr>
					</ns3:TrackPointExtension>
				</extensions>
			</trkpt>
			<trkpt lat="12.98318082" lon="77.69188139">
				<ele>893.45</ele>
				<time>2026-07-28T15:54:44Z</time>
				<extensions>
					<ns3:TrackPointExtension>
						<ns3:speed>1.87</ns3:speed>
						<ns3:cad>80.0</ns3:cad>
						<ns3:hr>147</ns3:hr>
					</ns3:TrackPointExtension>
				</extensions>
			</trkpt>
			<trkpt lat="12.98316649" lon="77.69189172">
				<ele>893.45</ele>
				<time>2026-07-28T15:54:45Z</time>
				<extensions>
					<ns3:TrackPointExtension>
						<ns3:speed>1.87</ns3:speed>
						<ns3:cad>80.0</ns3:cad>
						<ns3:hr>147</ns3:hr>
					</ns3:TrackPointExtension>
				</extensions>
			</trkpt>
			<trkpt lat="12.98315249" lon="77.69190372">
				<ele>893.45</ele>
				<time>2026-07-28T15:54:46Z</time>
				<extensions>
					<ns3:TrackPointExtension>
						<ns3:speed>1.87</ns3:speed>
						<ns3:cad>80.0</ns3:cad>
						<ns3:hr>147</ns3:hr>
					</ns3:TrackPointExtension>
				</extensions>
			</trkpt>
			<trkpt lat="12.9831405" lon="77.69191705">
				<ele>893.44</ele>
				<time>2026-07-28T15:54:47Z</time>
				<extensions>
					<ns3:TrackPointExtension>
						<ns3:speed>1.87</ns3:speed>
						<ns3:cad>80.0</ns3:cad>
						<ns3:hr>147</ns3:hr>
					</ns3:TrackPointExtension>
				</extensions>
			</trkpt>
			<trkpt lat="12.98313084" lon="77.69193171">
				<ele>893.43</ele>
				<time>2026-07-28T15:54:48Z</time>
				<extensions>
					<ns3:TrackPointExtension>
						<ns3:speed>1.87</ns3:speed>
						<ns3:cad>80.0</ns3:cad>
						<ns3:hr>146</ns3:hr>
					</ns3:TrackPointExtension>
				</extensions>
			</trkpt>
			<trkpt lat="12.98312318" lon="77.6919477">
				<ele>893.43</ele>
				<time>2026-07-28T15:54:49Z</time>
				<extensions>
					<ns3:TrackPointExtension>
						<ns3:speed>1.87</ns3:speed>
						<ns3:cad>80.0</ns3:cad>
						<ns3:hr>146</ns3:hr>
					</ns3:TrackPointExtension>
				</extensions>
			</trkpt>
			<trkpt lat="12.98311585" lon="77.69196403">
				<ele>893.42</ele>
				<time>2026-07-28T15:54:50Z</time>
				<extensions>
					<ns3:TrackPointExtension>
						<ns3:speed>1.88</ns3:speed>
						<ns3:cad>80.0</ns3:cad>
						<ns3:hr>145</ns3:hr>
					</ns3:TrackPointExtension>
				</extensions>
			</trkpt>
			<trkpt lat="12.98310852" lon="77.69197903">
				<ele>893.41</ele>
				<time>2026-07-28T15:54:51Z</time>
				<extensions>
					<ns3:TrackPointExtension>
						<ns3:speed>1.87</ns3:speed>
						<ns3:cad>80.0</ns3:cad>
						<ns3:hr>145</ns3:hr>
					</ns3:TrackPointExtension>
				</extensions>
			</trkpt>
			<trkpt lat="12.98309753" lon="77.69199269">
				<ele>893.41</ele>
				<time>2026-07-28T15:54:52Z</time>
				<extensions>
					<ns3:TrackPointExtension>
						<ns3:speed>1.87</ns3:speed>
						<ns3:cad>79.0</ns3:cad>
						<ns3:hr>144</ns3:hr>
					</ns3:TrackPointExtension>
				</extensions>
			</trkpt>
			<trkpt lat="12.9830872" lon="77.69200569">
				<ele>893.4</ele>
				<time>2026-07-28T15:54:53Z</time>
				<extensions>
					<ns3:TrackPointExtension>
						<ns3:speed>1.87</ns3:speed>
						<ns3:cad>79.0</ns3:cad>
						<ns3:hr>144</ns3:hr>
					</ns3:TrackPointExtension>
				</extensions>
			</trkpt>
			<trkpt lat="12.98307687" lon="77.69202102">
				<ele>893.4</ele>
				<time>2026-07-28T15:54:54Z</time>
				<extensions>
					<ns3:TrackPointExtension>
						<ns3:speed>1.86</ns3:speed>
						<ns3:cad>79.0</ns3:cad>
						<ns3:hr>144</ns3:hr>
					</ns3:TrackPointExtension>
				</extensions>
			</trkpt>
			<trkpt lat="12.98306721" lon="77.69203502">
				<ele>893.39</ele>
				<time>2026-07-28T15:54:55Z</time>
				<extensions>
					<ns3:TrackPointExtension>
						<ns3:speed>1.86</ns3:speed>
						<ns3:cad>79.0</ns3:cad>
						<ns3:hr>145</ns3:hr>
					</ns3:TrackPointExtension>
				</extensions>
			</trkpt>
			<trkpt lat="12.98305622" lon="77.69204768">
				<ele>893.39</ele>
				<time>2026-07-28T15:54:56Z</time>
				<extensions>
					<ns3:TrackPointExtension>
						<ns3:speed>1.86</ns3:speed>
						<ns3:cad>78.0</ns3:cad>
						<ns3:hr>145</ns3:hr>
					</ns3:TrackPointExtension>
				</extensions>
			</trkpt>
			<trkpt lat="12.98304489" lon="77.69206001">
				<ele>893.38</ele>
				<time>2026-07-28T15:54:57Z</time>
				<extensions>
					<ns3:TrackPointExtension>
						<ns3:speed>1.85</ns3:speed>
						<ns3:cad>78.0</ns3:cad>
						<ns3:hr>145</ns3:hr>
					</ns3:TrackPointExtension>
				</extensions>
			</trkpt>
			<trkpt lat="12.98303223" lon="77.69207134">
				<ele>893.38</ele>
				<time>2026-07-28T15:54:58Z</time>
				<extensions>
					<ns3:TrackPointExtension>
						<ns3:speed>1.85</ns3:speed>
						<ns3:cad>78.0</ns3:cad>
						<ns3:hr>145</ns3:hr>
					</ns3:TrackPointExtension>
				</extensions>
			</trkpt>
			<trkpt lat="12.98301857" lon="77.69208134">
				<ele>893.37</ele>
				<time>2026-07-28T15:54:59Z</time>
				<extensions>
					<ns3:TrackPointExtension>
						<ns3:speed>1.85</ns3:speed>
						<ns3:cad>78.0</ns3:cad>
						<ns3:hr>146</ns3:hr>
					</ns3:TrackPointExtension>
				</extensions>
			</trkpt>
			<trkpt lat="12.98300424" lon="77.69209167">
				<ele>893.37</ele>
				<time>2026-07-28T15:55:00Z</time>
				<extensions>
					<ns3:TrackPointExtension>
						<ns3:speed>1.85</ns3:speed>
						<ns3:cad>79.0</ns3:cad>
						<ns3:hr>146</ns3:hr>
					</ns3:TrackPointExtension>
				</extensions>
			</trkpt>
			<trkpt lat="12.98298925" lon="77.69209966">
				<ele>893.36</ele>
				<time>2026-07-28T15:55:01Z</time>
				<extensions>
					<ns3:TrackPointExtension>
						<ns3:speed>1.86</ns3:speed>
						<ns3:cad>80.0</ns3:cad>
						<ns3:hr>146</ns3:hr>
					</ns3:TrackPointExtension>
				</extensions>
			</trkpt>
			<trkpt lat="12.98297492" lon="77.69210832">
				<ele>893.36</ele>
				<time>2026-07-28T15:55:02Z</time>
				<extensions>
					<ns3:TrackPointExtension>
						<ns3:speed>1.86</ns3:speed>
						<ns3:cad>80.0</ns3:cad>
						<ns3:hr>146</ns3:hr>
					</ns3:TrackPointExtension>
				</extensions>
			</trkpt>
			<trkpt lat="12.98296159" lon="77.69211898">
				<ele>893.36</ele>
				<time>2026-07-28T15:55:03Z</time>
				<extensions>
					<ns3:TrackPointExtension>
						<ns3:speed>1.86</ns3:speed>
						<ns3:cad>80.0</ns3:cad>
						<ns3:hr>146</ns3:hr>
					</ns3:TrackPointExtension>
				</extensions>
			</trkpt>
			<trkpt lat="12.98294759" lon="77.69212731">
				<ele>893.36</ele>
				<time>2026-07-28T15:55:04Z</time>
				<extensions>
					<ns3:TrackPointExtension>
						<ns3:speed>1.87</ns3:speed>
						<ns3:cad>80.0</ns3:cad>
						<ns3:hr>146</ns3:hr>
					</ns3:TrackPointExtension>
				</extensions>
			</trkpt>
			<trkpt lat="12.98293293" lon="77.69213431">
				<ele>893.35</ele>
				<time>2026-07-28T15:55:05Z</time>
				<extensions>
					<ns3:TrackPointExtension>
						<ns3:speed>1.88</ns3:speed>
						<ns3:cad>80.0</ns3:cad>
						<ns3:hr>146</ns3:hr>
					</ns3:TrackPointExtension>
				</extensions>
			</trkpt>
			<trkpt lat="12.98291827" lon="77.6921413">
				<ele>893.35</ele>
				<time>2026-07-28T15:55:06Z</time>
				<extensions>
					<ns3:TrackPointExtension>
						<ns3:speed>1.88</ns3:speed>
						<ns3:cad>80.0</ns3:cad>
						<ns3:hr>147</ns3:hr>
					</ns3:TrackPointExtension>
				</extensions>
			</trkpt>
			<trkpt lat="12.98290361" lon="77.69214729">
				<ele>893.35</ele>
				<time>2026-07-28T15:55:07Z</time>
				<extensions>
					<ns3:TrackPointExtension>
						<ns3:speed>1.87</ns3:speed>
						<ns3:cad>80.0</ns3:cad>
						<ns3:hr>148</ns3:hr>
					</ns3:TrackPointExtension>
				</extensions>
			</trkpt>
			<trkpt lat="12.98288861" lon="77.69215395">
				<ele>893.35</ele>
				<time>2026-07-28T15:55:08Z</time>
				<extensions>
					<ns3:TrackPointExtension>
						<ns3:speed>1.86</ns3:speed>
						<ns3:cad>80.0</ns3:cad>
						<ns3:hr>149</ns3:hr>
					</ns3:TrackPointExtension>
				</extensions>
			</trkpt>
			<trkpt lat="12.98287362" lon="77.69216161">
				<ele>893.35</ele>
				<time>2026-07-28T15:55:09Z</time>
				<extensions>
					<ns3:TrackPointExtension>
						<ns3:speed>1.86</ns3:speed>
						<ns3:cad>81.0</ns3:cad>
						<ns3:hr>149</ns3:hr>
					</ns3:TrackPointExtension>
				</extensions>
			</trkpt>
			<trkpt lat="12.98285896" lon="77.69216827">
				<ele>893.35</ele>
				<time>2026-07-28T15:55:10Z</time>
				<extensions>
					<ns3:TrackPointExtension>
						<ns3:hr>149</ns3:hr>
					</ns3:TrackPointExtension>
				</extensions>
			</trkpt>
			<trkpt lat="12.98284397" lon="77.69217493">
				<ele>893.35</ele>
				<time>2026-07-28T15:55:11Z</time>
				<extensions>
					<ns3:TrackPointExtension>
						<ns3:speed>1.86</ns3:speed>
						<ns3:cad>81.0</ns3:cad>
					</ns3:TrackPointExtension>
				</extensions>
			</trkpt>
			<trkpt lat="12.98282898" lon="77.69218292">
				<ele>893.36</ele>
				<time>2026-07-28T15:55:12Z</time>
				<extensions>
					<ns3:TrackPointExtension>
						<ns3:speed>1.86</ns3:speed>
						<ns3:cad>81.0</ns3:cad>
						<ns3:hr>150</ns3:hr>
					</ns3:TrackPointExtension>
				</extensions>
			</trkpt>
			<trkpt lat="12.98281432" lon="77.69219125">
				<ele>893.36</ele>
				<time>2026-07-28T15:55:13Z</time>
				<extensions>
					<ns3:TrackPointExtension>
						<ns3:speed>1.86</ns3:speed>
						<ns3:cad>81.0</ns3:cad>
						<ns3:hr>150</ns3:hr>
					</ns3:TrackPointExtension>
				</extensions>
			</trkpt>
			<trkpt lat="12.98280066" lon="77.69219924">
				<ele>893.37</ele>
				<time>2026-07-28T15:55:14Z</time>
				<extensions>
					<ns3:TrackPointExtension>
						<ns3:speed>1.86</ns3:speed>
						<ns3:cad>81.0</ns3:cad>
						<ns3:hr>151</ns3:hr>
					</ns3:TrackPointExtension>
				</extensions>
			</trkpt>
			<trkpt lat="12.982787" lon="77.6922089">
				<ele>893.37</ele>
				<time>2026-07-28T15:55:15Z</time>
				<extensions>
					<ns3:TrackPointExtension>
						<ns3:speed>1.86</ns3:speed>
						<ns3:cad>81.0</ns3:cad>
						<ns3:hr>151</ns3:hr>
					</ns3:TrackPointExtension>
				</extensions>
			</trkpt>
			<trkpt lat="12.982774" lon="77.6922199">
				<ele>893.38</ele>
				<time>2026-07-28T15:55:16Z</time>
				<extensions>
					<ns3:TrackPointExtension>
						<ns3:speed>1.85</ns3:speed>
						<ns3:cad>81.0</ns3:cad>
						<ns3:hr>151</ns3:hr>
					</ns3:TrackPointExtension>
				</extensions>
			</trkpt>
			<trkpt lat="12.98276234" lon="77.69223056">
				<ele>893.39</ele>
				<time>2026-07-28T15:55:17Z</time>
				<extensions>
					<ns3:TrackPointExtension>
						<ns3:speed>1.85</ns3:speed>
						<ns3:cad>80.0</ns3:cad>
						<ns3:hr>151</ns3:hr>
					</ns3:TrackPointExtension>
				</extensions>
			</trkpt>
			<trkpt lat="12.98275134" lon="77.69224156">
				<ele>893.41</ele>
				<time>2026-07-28T15:55:18Z</time>
				<extensions>
					<ns3:TrackPointExtension>
						<ns3:speed>1.84</ns3:speed>
						<ns3:cad>80.0</ns3:cad>
						<ns3:hr>151</ns3:hr>
					</ns3:TrackPointExtension>
				</extensions>
			</trkpt>
			<trkpt lat="12.98274068" lon="77.69225289">
				<ele>893.42</ele>
				<time>2026-07-28T15:55:19Z</time>
				<extensions>
					<ns3:TrackPointExtension>
						<ns3:speed>1.84</ns3:speed>
						<ns3:cad>80.0</ns3:cad>
						<ns3:hr>150</ns3:hr>
					</ns3:TrackPointExtension>
				</extensions>
			</trkpt>
			<trkpt lat="12.98273168" lon="77.69226555">
				<ele>893.43</ele>
				<time>2026-07-28T15:55:20Z</time>
				<extensions>
					<ns3:TrackPointExtension>
						<ns3:speed>1.82</ns3:speed>
						<ns3:cad>80.0</ns3:cad>
						<ns3:hr>150</ns3:hr>
					</ns3:TrackPointExtension>
				</extensions>
			</trkpt>
			<trkpt lat="12.98272302" lon="77.69227988">
				<ele>893.45</ele>
				<time>2026-07-28T15:55:21Z</time>
				<extensions>
					<ns3:TrackPointExtension>
						<ns3:speed>1.81</ns3:speed>
						<ns3:cad>81.0</ns3:cad>
						<ns3:hr>149</ns3:hr>
					</ns3:TrackPointExtension>
				</extensions>
			</trkpt>
			<trkpt lat="12.98271503" lon="77.69229454">
				<ele>893.46</ele>
				<time>2026-07-28T15:55:22Z</time>
				<extensions>
					<ns3:TrackPointExtension>
						<ns3:speed>1.81</ns3:speed>
						<ns3:cad>81.0</ns3:cad>
						<ns3:hr>149</ns3:hr>
					</ns3:TrackPointExtension>
				</extensions>
			</trkpt>
			<trkpt lat="12.98270837" lon="77.69231087">
				<ele>893.48</ele>
				<time>2026-07-28T15:55:23Z</time>
				<extensions>
					<ns3:TrackPointExtension>
						<ns3:speed>1.81</ns3:speed>
						<ns3:cad>81.0</ns3:cad>
						<ns3:hr>150</ns3:hr>
					</ns3:TrackPointExtension>
				</extensions>
			</trkpt>
			<trkpt lat="12.98270137" lon="77.69232653">
				<ele>893.49</ele>
				<time>2026-07-28T15:55:24Z</time>
				<extensions>
					<ns3:TrackPointExtension>
						<ns3:speed>1.81</ns3:speed>
						<ns3:cad>81.0</ns3:cad>
						<ns3:hr>149</ns3:hr>
					</ns3:TrackPointExtension>
				</extensions>
			</trkpt>
			<trkpt lat="12.98269471" lon="77.69234253">
				<ele>893.5</ele>
				<time>2026-07-28T15:55:25Z</time>
				<extensions>
					<ns3:TrackPointExtension>
						<ns3:speed>1.8</ns3:speed>
						<ns3:cad>81.0</ns3:cad>
						<ns3:hr>148</ns3:hr>
					</ns3:TrackPointExtension>
				</extensions>
			</trkpt>
			<trkpt lat="12.98268605" lon="77.69235686">
				<ele>893.5</ele>
				<time>2026-07-28T15:55:26Z</time>
				<extensions>
					<ns3:TrackPointExtension>
						<ns3:speed>1.8</ns3:speed>
						<ns3:cad>81.0</ns3:cad>
						<ns3:hr>148</ns3:hr>
					</ns3:TrackPointExtension>
				</extensions>
			</trkpt>
			<trkpt lat="12.98267539" lon="77.69236885">
				<ele>893.51</ele>
				<time>2026-07-28T15:55:27Z</time>
				<extensions>
					<ns3:TrackPointExtension>
						<ns3:speed>1.8</ns3:speed>
						<ns3:cad>81.0</ns3:cad>
						<ns3:hr>149</ns3:hr>
					</ns3:TrackPointExtension>
				</extensions>
			</trkpt>
			<trkpt lat="12.98266406" lon="77.69237651">
				<ele>893.51</ele>
				<time>2026-07-28T15:55:28Z</time>
				<extensions>
					<ns3:TrackPointExtension>
						<ns3:speed>1.79</ns3:speed>
						<ns3:cad>81.0</ns3:cad>
						<ns3:hr>149</ns3:hr>
					</ns3:TrackPointExtension>
				</extensions>
			</trkpt>
			<trkpt lat="12.98265006" lon="77.69238184">
				<ele>893.52</ele>
				<time>2026-07-28T15:55:29Z</time>
				<extensions>
					<ns3:TrackPointExtension>
						<ns3:speed>1.79</ns3:speed>
						<ns3:cad>81.0</ns3:cad>
						<ns3:hr>149</ns3:hr>
					</ns3:TrackPointExtension>
				</extensions>
			</trkpt>
			<trkpt lat="12.9826354" lon="77.69238317">
				<ele>893.52</ele>
				<time>2026-07-28T15:55:30Z</time>
				<extensions>
					<ns3:TrackPointExtension>
						<ns3:speed>1.78</ns3:speed>
						<ns3:cad>81.0</ns3:cad>
						<ns3:hr>148</ns3:hr>
					</ns3:TrackPointExtension>
				</extensions>
			</trkpt>
			<trkpt lat="12.98261974" lon="77.69238184">
				<ele>893.53</ele>
				<time>2026-07-28T15:55:31Z</time>
				<extensions>
					<ns3:TrackPointExtension>
						<ns3:speed>1.79</ns3:speed>
						<ns3:cad>81.0</ns3:cad>
						<ns3:hr>149</ns3:hr>
					</ns3:TrackPointExtension>
				</extensions>
			</trkpt>
			<trkpt lat="12.98260441" lon="77.69238051">
				<ele>893.53</ele>
				<time>2026-07-28T15:55:32Z</time>
				<extensions>
					<ns3:TrackPointExtension>
						<ns3:speed>1.79</ns3:speed>
						<ns3:cad>80.0</ns3:cad>
						<ns3:hr>149</ns3:hr>
					</ns3:TrackPointExtension>
				</extensions>
			</trkpt>
			<trkpt lat="12.98258908" lon="77.69237885">
				<ele>893.53</ele>
				<time>2026-07-28T15:55:33Z</time>
				<extensions>
					<ns3:TrackPointExtension>
						<ns3:speed>1.79</ns3:speed>
						<ns3:cad>81.0</ns3:cad>
						<ns3:hr>149</ns3:hr>
					</ns3:TrackPointExtension>
				</extensions>
			</trkpt>
			<trkpt lat="12.98257408" lon="77.69237786">
				<ele>893.54</ele>
				<time>2026-07-28T15:55:34Z</time>
				<extensions>
					<ns3:TrackPointExtension>
						<ns3:speed>1.79</ns3:speed>
						<ns3:cad>81.0</ns3:cad>
						<ns3:hr>149</ns3:hr>
					</ns3:TrackPointExtension>
				</extensions>
			</trkpt>
			<trkpt lat="12.98255909" lon="77.69237653">
				<ele>893.54</ele>
				<time>2026-07-28T15:55:35Z</time>
				<extensions>
					<ns3:TrackPointExtension>
						<ns3:speed>1.79</ns3:speed>
						<ns3:cad>81.0</ns3:cad>
						<ns3:hr>149</ns3:hr>
					</ns3:TrackPointExtension>
				</extensions>
			</trkpt>
			<trkpt lat="12.98254343" lon="77.69237587">
				<ele>893.54</ele>
				<time>2026-07-28T15:55:36Z</time>
				<extensions>
					<ns3:TrackPointExtension>
						<ns3:speed>1.78</ns3:speed>
						<ns3:cad>81.0</ns3:cad>
						<ns3:hr>150</ns3:hr>
					</ns3:TrackPointExtension>
				</extensions>
			</trkpt>
			<trkpt lat="12.9825271" lon="77.6923762">
				<ele>893.54</ele>
				<time>2026-07-28T15:55:37Z</time>
				<extensions>
					<ns3:TrackPointExtension>
						<ns3:speed>1.78</ns3:speed>
						<ns3:cad>81.0</ns3:cad>
						<ns3:hr>150</ns3:hr>
					</ns3:TrackPointExtension>
				</extensions>
			</trkpt>
			<trkpt lat="12.98251244" lon="77.6923762">
				<ele>893.55</ele>
				<time>2026-07-28T15:55:38Z</time>
				<extensions>
					<ns3:TrackPointExtension>
						<ns3:speed>1.76</ns3:speed>
						<ns3:cad>81.0</ns3:cad>
						<ns3:hr>150</ns3:hr>
					</ns3:TrackPointExtension>
				</extensions>
			</trkpt>
			<trkpt lat="12.98249678" lon="77.69237786">
				<ele>893.56</ele>
				<time>2026-07-28T15:55:39Z</time>
				<extensions>
					<ns3:TrackPointExtension>
						<ns3:speed>1.76</ns3:speed>
						<ns3:cad>81.0</ns3:cad>
						<ns3:hr>150</ns3:hr>
					</ns3:TrackPointExtension>
				</extensions>
			</trkpt>
			<trkpt lat="12.98248145" lon="77.69237852">
				<ele>893.57</ele>
				<time>2026-07-28T15:55:40Z</time>
				<extensions>
					<ns3:TrackPointExtension>
						<ns3:speed>1.75</ns3:speed>
						<ns3:cad>80.0</ns3:cad>
						<ns3:hr>150</ns3:hr>
					</ns3:TrackPointExtension>
				</extensions>
			</trkpt>
			<trkpt lat="12.98246545" lon="77.69237852">
				<ele>893.58</ele>
				<time>2026-07-28T15:55:41Z</time>
				<extensions>
					<ns3:TrackPointExtension>
						<ns3:speed>1.75</ns3:speed>
						<ns3:cad>80.0</ns3:cad>
						<ns3:hr>150</ns3:hr>
					</ns3:TrackPointExtension>
				</extensions>
			</trkpt>
			<trkpt lat="12.98244846" lon="77.69237753">
				<ele>893.59</ele>
				<time>2026-07-28T15:55:42Z</time>
				<extensions>
					<ns3:TrackPointExtension>
						<ns3:speed>1.75</ns3:speed>
						<ns3:cad>80.0</ns3:cad>
						<ns3:hr>150</ns3:hr>
					</ns3:TrackPointExtension>
				</extensions>
			</trkpt>
			<trkpt lat="12.9824318" lon="77.69237587">
				<ele>893.61</ele>
				<time>2026-07-28T15:55:43Z</time>
				<extensions>
					<ns3:TrackPointExtension>
						<ns3:speed>1.75</ns3:speed>
						<ns3:cad>80.0</ns3:cad>
						<ns3:hr>150</ns3:hr>
					</ns3:TrackPointExtension>
				</extensions>
			</trkpt>
			<trkpt lat="12.98241514" lon="77.69237287">
				<ele>893.62</ele>
				<time>2026-07-28T15:55:44Z</time>
				<extensions>
					<ns3:TrackPointExtension>
						<ns3:speed>1.76</ns3:speed>
						<ns3:cad>81.0</ns3:cad>
						<ns3:hr>150</ns3:hr>
					</ns3:TrackPointExtension>
				</extensions>
			</trkpt>
			<trkpt lat="12.98239781" lon="77.69237021">
				<ele>893.64</ele>
				<time>2026-07-28T15:55:45Z</time>
				<extensions>
					<ns3:TrackPointExtension>
						<ns3:speed>1.76</ns3:speed>
						<ns3:cad>81.0</ns3:cad>
						<ns3:hr>150</ns3:hr>
					</ns3:TrackPointExtension>
				</extensions>
			</trkpt>
			<trkpt lat="12.98238048" lon="77.69236755">
				<ele>893.67</ele>
				<time>2026-07-28T15:55:46Z</time>
				<extensions>
					<ns3:TrackPointExtension>
						<ns3:speed>1.76</ns3:speed>
						<ns3:cad>81.0</ns3:cad>
						<ns3:hr>150</ns3:hr>
					</ns3:TrackPointExtension>
				</extensions>
			</trkpt>
			<trkpt lat="12.98236448" lon="77.69236255">
				<ele>893.69</ele>
				<time>2026-07-28T15:55:47Z</time>
				<extensions>
					<ns3:TrackPointExtension>
						<ns3:speed>1.76</ns3:speed>
						<ns3:cad>81.0</ns3:cad>
						<ns3:hr>151</ns3:hr>
					</ns3:TrackPointExtension>
				</extensions>
			</trkpt>
			<trkpt lat="12.98234782" lon="77.69235689">
				<ele>893.71</ele>
				<time>2026-07-28T15:55:48Z</time>
				<extensions>
					<ns3:TrackPointExtension>
						<ns3:speed>1.77</ns3:speed>
						<ns3:cad>80.0</ns3:cad>
						<ns3:hr>151</ns3:hr>
					</ns3:TrackPointExtension>
				</extensions>
			</trkpt>
			<trkpt lat="12.98233249" lon="77.69235023">
				<ele>893.73</ele>
				<time>2026-07-28T15:55:49Z</time>
				<extensions>
					<ns3:TrackPointExtension>
						<ns3:speed>1.78</ns3:speed>
						<ns3:cad>80.0</ns3:cad>
						<ns3:hr>151</ns3:hr>
					</ns3:TrackPointExtension>
				</extensions>
			</trkpt>
			<trkpt lat="12.98231749" lon="77.6923409">
				<ele>893.75</ele>
				<time>2026-07-28T15:55:50Z</time>
				<extensions>
					<ns3:TrackPointExtension>
						<ns3:speed>1.79</ns3:speed>
						<ns3:cad>80.0</ns3:cad>
						<ns3:hr>152</ns3:hr>
					</ns3:TrackPointExtension>
				</extensions>
			</trkpt>
			<trkpt lat="12.98230183" lon="77.69233124">
				<ele>893.78</ele>
				<time>2026-07-28T15:55:51Z</time>
				<extensions>
					<ns3:TrackPointExtension>
						<ns3:speed>1.79</ns3:speed>
						<ns3:cad>80.0</ns3:cad>
						<ns3:hr>152</ns3:hr>
					</ns3:TrackPointExtension>
				</extensions>
			</trkpt>
			<trkpt lat="12.98228783" lon="77.69231991">
				<ele>893.8</ele>
				<time>2026-07-28T15:55:52Z</time>
				<extensions>
					<ns3:TrackPointExtension>
						<ns3:speed>1.79</ns3:speed>
						<ns3:cad>80.0</ns3:cad>
						<ns3:hr>152</ns3:hr>
					</ns3:TrackPointExtension>
				</extensions>
			</trkpt>
			<trkpt lat="12.98227584" lon="77.69230791">
				<ele>893.82</ele>
				<time>2026-07-28T15:55:53Z</time>
				<extensions>
					<ns3:TrackPointExtension>
						<ns3:speed>1.81</ns3:speed>
						<ns3:cad>80.0</ns3:cad>
						<ns3:hr>153</ns3:hr>
					</ns3:TrackPointExtension>
				</extensions>
			</trkpt>
			<trkpt lat="12.98226551" lon="77.69229492">
				<ele>893.83</ele>
				<time>2026-07-28T15:55:54Z</time>
				<extensions>
					<ns3:TrackPointExtension>
						<ns3:speed>1.81</ns3:speed>
						<ns3:cad>80.0</ns3:cad>
						<ns3:hr>153</ns3:hr>
					</ns3:TrackPointExtension>
				</extensions>
			</trkpt>
			<trkpt lat="12.98225451" lon="77.69228226">
				<ele>893.85</ele>
				<time>2026-07-28T15:55:55Z</time>
				<extensions>
					<ns3:TrackPointExtension>
						<ns3:speed>1.82</ns3:speed>
						<ns3:cad>81.0</ns3:cad>
						<ns3:hr>153</ns3:hr>
					</ns3:TrackPointExtension>
				</extensions>
			</trkpt>
			<trkpt lat="12.98224351" lon="77.69226993">
				<ele>893.86</ele>
				<time>2026-07-28T15:55:56Z</time>
				<extensions>
					<ns3:TrackPointExtension>
						<ns3:speed>1.81</ns3:speed>
						<ns3:cad>81.0</ns3:cad>
						<ns3:hr>153</ns3:hr>
					</ns3:TrackPointExtension>
				</extensions>
			</trkpt>
			<trkpt lat="12.98223285" lon="77.69225727">
				<ele>893.87</ele>
				<time>2026-07-28T15:55:57Z</time>
				<extensions>
					<ns3:TrackPointExtension>
						<ns3:speed>1.81</ns3:speed>
						<ns3:cad>81.0</ns3:cad>
						<ns3:hr>153</ns3:hr>
					</ns3:TrackPointExtension>
				</extensions>
			</trkpt>
			<trkpt lat="12.98222219" lon="77.69224494">
				<ele>893.88</ele>
				<time>2026-07-28T15:55:58Z</time>
				<extensions>
					<ns3:TrackPointExtension>
						<ns3:speed>1.81</ns3:speed>
						<ns3:cad>81.0</ns3:cad>
						<ns3:hr>152</ns3:hr>
					</ns3:TrackPointExtension>
				</extensions>
			</trkpt>
			<trkpt lat="12.9822122" lon="77.69223161">
				<ele>893.89</ele>
				<time>2026-07-28T15:55:59Z</time>
				<extensions>
					<ns3:TrackPointExtension>
						<ns3:speed>1.81</ns3:speed>
						<ns3:cad>81.0</ns3:cad>
						<ns3:hr>152</ns3:hr>
					</ns3:TrackPointExtension>
				</extensions>
			</trkpt>
			<trkpt lat="12.98220187" lon="77.69221761">
				<ele>893.89</ele>
				<time>2026-07-28T15:56:00Z</time>
				<extensions>
					<ns3:TrackPointExtension>
						<ns3:speed>1.81</ns3:speed>
						<ns3:cad>80.0</ns3:cad>
						<ns3:hr>152</ns3:hr>
					</ns3:TrackPointExtension>
				</extensions>
			</trkpt>
			<trkpt lat="12.98219121" lon="77.69220395">
				<ele>893.9</ele>
				<time>2026-07-28T15:56:01Z</time>
				<extensions>
					<ns3:TrackPointExtension>
						<ns3:speed>1.81</ns3:speed>
						<ns3:cad>80.0</ns3:cad>
						<ns3:hr>152</ns3:hr>
					</ns3:TrackPointExtension>
				</extensions>
			</trkpt>
			<trkpt lat="12.98218088" lon="77.69218962">
				<ele>893.9</ele>
				<time>2026-07-28T15:56:02Z</time>
				<extensions>
					<ns3:TrackPointExtension>
						<ns3:speed>1.81</ns3:speed>
						<ns3:cad>80.0</ns3:cad>
						<ns3:hr>153</ns3:hr>
					</ns3:TrackPointExtension>
				</extensions>
			</trkpt>
			<trkpt lat="12.98217122" lon="77.69217529">
				<ele>893.91</ele>
				<time>2026-07-28T15:56:03Z</time>
				<extensions>
					<ns3:TrackPointExtension>
						<ns3:speed>1.81</ns3:speed>
						<ns3:cad>81.0</ns3:cad>
						<ns3:hr>153</ns3:hr>
					</ns3:TrackPointExtension>
				</extensions>
			</trkpt>
			<trkpt lat="12.98216056" lon="77.69216096">
				<ele>893.91</ele>
				<time>2026-07-28T15:56:04Z</time>
				<extensions>
					<ns3:TrackPointExtension>
						<ns3:speed>1.82</ns3:speed>
						<ns3:cad>81.0</ns3:cad>
						<ns3:hr>152</ns3:hr>
					</ns3:TrackPointExtension>
				</extensions>
			</trkpt>
			<trkpt lat="12.98214957" lon="77.69214663">
				<ele>893.91</ele>
				<time>2026-07-28T15:56:05Z</time>
				<extensions>
					<ns3:TrackPointExtension>
						<ns3:speed>1.83</ns3:speed>
						<ns3:cad>81.0</ns3:cad>
						<ns3:hr>152</ns3:hr>
					</ns3:TrackPointExtension>
				</extensions>
			</trkpt>
			<trkpt lat="12.98213857" lon="77.69213397">
				<ele>893.91</ele>
				<time>2026-07-28T15:56:06Z</time>
				<extensions>
					<ns3:TrackPointExtension>
						<ns3:speed>1.83</ns3:speed>
						<ns3:cad>81.0</ns3:cad>
						<ns3:hr>151</ns3:hr>
					</ns3:TrackPointExtension>
				</extensions>
			</trkpt>
			<trkpt lat="12.98212791" lon="77.69212331">
				<ele>893.92</ele>
				<time>2026-07-28T15:56:07Z</time>
				<extensions>
					<ns3:TrackPointExtension>
						<ns3:speed>1.82</ns3:speed>
						<ns3:cad>81.0</ns3:cad>
						<ns3:hr>150</ns3:hr>
					</ns3:TrackPointExtension>
				</extensions>
			</trkpt>
			<trkpt lat="12.98211658" lon="77.69211132">
				<ele>893.92</ele>
				<time>2026-07-28T15:56:08Z</time>
				<extensions>
					<ns3:TrackPointExtension>
						<ns3:speed>1.82</ns3:speed>
						<ns3:cad>81.0</ns3:cad>
						<ns3:hr>151</ns3:hr>
					</ns3:TrackPointExtension>
				</extensions>
			</trkpt>
			<trkpt lat="12.98210592" lon="77.69209866">
				<ele>893.92</ele>
				<time>2026-07-28T15:56:09Z</time>
				<extensions>
					<ns3:TrackPointExtension>
						<ns3:speed>1.82</ns3:speed>
						<ns3:cad>81.0</ns3:cad>
						<ns3:hr>151</ns3:hr>
					</ns3:TrackPointExtension>
				</extensions>
			</trkpt>
			<trkpt lat="12.98209492" lon="77.692086">
				<ele>893.93</ele>
				<time>2026-07-28T15:56:10Z</time>
				<extensions>
					<ns3:TrackPointExtension>
						<ns3:speed>1.81</ns3:speed>
						<ns3:cad>80.0</ns3:cad>
						<ns3:hr>150</ns3:hr>
					</ns3:TrackPointExtension>
				</extensions>
			</trkpt>
			<trkpt lat="12.98208293" lon="77.69207334">
				<ele>893.94</ele>
				<time>2026-07-28T15:56:11Z</time>
				<extensions>
					<ns3:TrackPointExtension>
						<ns3:speed>1.81</ns3:speed>
						<ns3:cad>80.0</ns3:cad>
						<ns3:hr>150</ns3:hr>
					</ns3:TrackPointExtension>
				</extensions>
			</trkpt>
			<trkpt lat="12.9820706" lon="77.69206268">
				<ele>893.94</ele>
				<time>2026-07-28T15:56:12Z</time>
				<extensions>
					<ns3:TrackPointExtension>
						<ns3:speed>1.8</ns3:speed>
						<ns3:cad>80.0</ns3:cad>
						<ns3:hr>150</ns3:hr>
					</ns3:TrackPointExtension>
				</extensions>
			</trkpt>
			<trkpt lat="12.98205694" lon="77.69205368">
				<ele>893.94</ele>
				<time>2026-07-28T15:56:13Z</time>
				<extensions>
					<ns3:TrackPointExtension>
						<ns3:speed>1.8</ns3:speed>
						<ns3:cad>80.0</ns3:cad>
						<ns3:hr>150</ns3:hr>
					</ns3:TrackPointExtension>
				</extensions>
			</trkpt>
			<trkpt lat="12.98204228" lon="77.69204502">
				<ele>893.95</ele>
				<time>2026-07-28T15:56:14Z</time>
				<extensions>
					<ns3:TrackPointExtension>
						<ns3:speed>1.8</ns3:speed>
						<ns3:cad>80.0</ns3:cad>
						<ns3:hr>151</ns3:hr>
					</ns3:TrackPointExtension>
				</extensions>
			</trkpt>
			<trkpt lat="12.98202729" lon="77.69203636">
				<ele>893.95</ele>
				<time>2026-07-28T15:56:15Z</time>
				<extensions>
					<ns3:TrackPointExtension>
						<ns3:speed>1.8</ns3:speed>
						<ns3:cad>81.0</ns3:cad>
						<ns3:hr>150</ns3:hr>
					</ns3:TrackPointExtension>
				</extensions>
			</trkpt>
			<trkpt lat="12.98201329" lon="77.69202803">
				<ele>893.95</ele>
				<time>2026-07-28T15:56:16Z</time>
				<extensions>
					<ns3:TrackPointExtension>
						<ns3:speed>1.8</ns3:speed>
						<ns3:cad>81.0</ns3:cad>
						<ns3:hr>149</ns3:hr>
					</ns3:TrackPointExtension>
				</extensions>
			</trkpt>
			<trkpt lat="12.98199996" lon="77.69201803">
				<ele>893.95</ele>
				<time>2026-07-28T15:56:17Z</time>
				<extensions>
					<ns3:TrackPointExtension>
						<ns3:speed>1.8</ns3:speed>
						<ns3:cad>81.0</ns3:cad>
						<ns3:hr>148</ns3:hr>
					</ns3:TrackPointExtension>
				</extensions>
			</trkpt>
			<trkpt lat="12.98198997" lon="77.6920057">
				<ele>893.95</ele>
				<time>2026-07-28T15:56:18Z</time>
				<extensions>
					<ns3:TrackPointExtension>
						<ns3:speed>1.79</ns3:speed>
						<ns3:cad>80.0</ns3:cad>
						<ns3:hr>147</ns3:hr>
					</ns3:TrackPointExtension>
				</extensions>
			</trkpt>
			<trkpt lat="12.98198397" lon="77.69199137">
				<ele>893.95</ele>
				<time>2026-07-28T15:56:19Z</time>
				<extensions>
					<ns3:TrackPointExtension>
						<ns3:speed>1.79</ns3:speed>
						<ns3:cad>80.0</ns3:cad>
						<ns3:hr>147</ns3:hr>
					</ns3:TrackPointExtension>
				</extensions>
			</trkpt>
			<trkpt lat="12.98198197" lon="77.69197638">
				<ele>893.95</ele>
				<time>2026-07-28T15:56:20Z</time>
				<extensions>
					<ns3:TrackPointExtension>
						<ns3:speed>1.8</ns3:speed>
						<ns3:cad>81.0</ns3:cad>
						<ns3:hr>147</ns3:hr>
					</ns3:TrackPointExtension>
				</extensions>
			</trkpt>
			<trkpt lat="12.98198197" lon="77.69196038">
				<ele>893.94</ele>
				<time>2026-07-28T15:56:21Z</time>
				<extensions>
					<ns3:TrackPointExtension>
						<ns3:speed>1.8</ns3:speed>
						<ns3:cad>82.0</ns3:cad>
						<ns3:hr>147</ns3:hr>
					</ns3:TrackPointExtension>
				</extensions>
			</trkpt>
			<trkpt lat="12.98198497" lon="77.69194505">
				<ele>893.93</ele>
				<time>2026-07-28T15:56:22Z</time>
				<extensions>
					<ns3:TrackPointExtension>
						<ns3:speed>1.8</ns3:speed>
						<ns3:cad>82.0</ns3:cad>
						<ns3:hr>148</ns3:hr>
					</ns3:TrackPointExtension>
				</extensions>
			</trkpt>
			<trkpt lat="12.98198896" lon="77.69192972">
				<ele>893.92</ele>
				<time>2026-07-28T15:56:23Z</time>
				<extensions>
					<ns3:TrackPointExtension>
						<ns3:speed>1.8</ns3:speed>
						<ns3:cad>82.0</ns3:cad>
						<ns3:hr>148</ns3:hr>
					</ns3:TrackPointExtension>
				</extensions>
			</trkpt>
			<trkpt lat="12.98199329" lon="77.69191406">
				<ele>893.91</ele>
				<time>2026-07-28T15:56:24Z</time>
				<extensions>
					<ns3:TrackPointExtension>
						<ns3:speed>1.8</ns3:speed>
						<ns3:cad>82.0</ns3:cad>
						<ns3:hr>148</ns3:hr>
					</ns3:TrackPointExtension>
				</extensions>
			</trkpt>
			<trkpt lat="12.98199862" lon="77.69189773">
				<ele>893.89</ele>
				<time>2026-07-28T15:56:25Z</time>
				<extensions>
					<ns3:TrackPointExtension>
						<ns3:speed>1.8</ns3:speed>
						<ns3:cad>81.0</ns3:cad>
						<ns3:hr>148</ns3:hr>
					</ns3:TrackPointExtension>
				</extensions>
			</trkpt>
			<trkpt lat="12.98200462" lon="77.6918814">
				<ele>893.87</ele>
				<time>2026-07-28T15:56:26Z</time>
				<extensions>
					<ns3:TrackPointExtension>
						<ns3:speed>1.79</ns3:speed>
						<ns3:cad>81.0</ns3:cad>
						<ns3:hr>148</ns3:hr>
					</ns3:TrackPointExtension>
				</extensions>
			</trkpt>
			<trkpt lat="12.98201095" lon="77.69186441">
				<ele>893.84</ele>
				<time>2026-07-28T15:56:27Z</time>
				<extensions>
					<ns3:TrackPointExtension>
						<ns3:speed>1.79</ns3:speed>
						<ns3:cad>81.0</ns3:cad>
						<ns3:hr>147</ns3:hr>
					</ns3:TrackPointExtension>
				</extensions>
			</trkpt>
			<trkpt lat="12.98201628" lon="77.69184742">
				<ele>893.81</ele>
				<time>2026-07-28T15:56:28Z</time>
				<extensions>
					<ns3:TrackPointExtension>
						<ns3:speed>1.79</ns3:speed>
						<ns3:cad>80.0</ns3:cad>
						<ns3:hr>148</ns3:hr>
					</ns3:TrackPointExtension>
				</extensions>
			</trkpt>
			<trkpt lat="12.98202261" lon="77.69183043">
				<ele>893.79</ele>
				<time>2026-07-28T15:56:29Z</time>
				<extensions>
					<ns3:TrackPointExtension>
						<ns3:speed>1.79</ns3:speed>
						<ns3:cad>80.0</ns3:cad>
						<ns3:hr>148</ns3:hr>
					</ns3:TrackPointExtension>
				</extensions>
			</trkpt>
			<trkpt lat="12.9820276" lon="77.6918131">
				<ele>893.76</ele>
				<time>2026-07-28T15:56:30Z</time>
				<extensions>
					<ns3:TrackPointExtension>
						<ns3:speed>1.79</ns3:speed>
						<ns3:cad>80.0</ns3:cad>
						<ns3:hr>148</ns3:hr>
					</ns3:TrackPointExtension>
				</extensions>
			</trkpt>
			<trkpt lat="12.98203259" lon="77.69179444">
				<ele>893.73</ele>
				<time>2026-07-28T15:56:31Z</time>
				<extensions>
					<ns3:TrackPointExtension>
						<ns3:speed>1.79</ns3:speed>
						<ns3:cad>81.0</ns3:cad>
						<ns3:hr>147</ns3:hr>
					</ns3:TrackPointExtension>
				</extensions>
			</trkpt>
			<trkpt lat="12.98203692" lon="77.69177611">
				<ele>893.71</ele>
				<time>2026-07-28T15:56:32Z</time>
				<extensions>
					<ns3:TrackPointExtension>
						<ns3:speed>1.79</ns3:speed>
						<ns3:cad>81.0</ns3:cad>
						<ns3:hr>148</ns3:hr>
					</ns3:TrackPointExtension>
				</extensions>
			</trkpt>
			<trkpt lat="12.98204092" lon="77.69175845">
				<ele>893.69</ele>
				<time>2026-07-28T15:56:33Z</time>
				<extensions>
					<ns3:TrackPointExtension>
						<ns3:speed>1.79</ns3:speed>
						<ns3:cad>81.0</ns3:cad>
						<ns3:hr>148</ns3:hr>
					</ns3:TrackPointExtension>
				</extensions>
			</trkpt>
			<trkpt lat="12.98204525" lon="77.69174112">
				<ele>893.69</ele>
				<time>2026-07-28T15:56:34Z</time>
				<extensions>
					<ns3:TrackPointExtension>
						<ns3:hr>148</ns3:hr>
					</ns3:TrackPointExtension>
				</extensions>
			</trkpt>
			<trkpt lat="12.98204958" lon="77.69172413">
				<ele>893.68</ele>
				<time>2026-07-28T15:56:35Z</time>
				<extensions>
					<ns3:TrackPointExtension>
						<ns3:speed>1.8</ns3:speed>
						<ns3:cad>81.0</ns3:cad>
					</ns3:TrackPointExtension>
				</extensions>
			</trkpt>
			<trkpt lat="12.98205557" lon="77.69170813">
				<ele>893.66</ele>
				<time>2026-07-28T15:56:36Z</time>
				<extensions>
					<ns3:TrackPointExtension>
						<ns3:speed>1.8</ns3:speed>
						<ns3:cad>81.0</ns3:cad>
						<ns3:hr>149</ns3:hr>
					</ns3:TrackPointExtension>
				</extensions>
			</trkpt>
			<trkpt lat="12.98206123" lon="77.69169213">
				<ele>893.65</ele>
				<time>2026-07-28T15:56:37Z</time>
				<extensions>
					<ns3:TrackPointExtension>
						<ns3:speed>1.8</ns3:speed>
						<ns3:cad>81.0</ns3:cad>
						<ns3:hr>149</ns3:hr>
					</ns3:TrackPointExtension>
				</extensions>
			</trkpt>
			<trkpt lat="12.98206622" lon="77.6916748">
				<ele>893.64</ele>
				<time>2026-07-28T15:56:38Z</time>
				<extensions>
					<ns3:TrackPointExtension>
						<ns3:speed>1.8</ns3:speed>
						<ns3:cad>80.0</ns3:cad>
						<ns3:hr>149</ns3:hr>
					</ns3:TrackPointExtension>
				</extensions>
			</trkpt>
			<trkpt lat="12.98207088" lon="77.69165714">
				<ele>893.63</ele>
				<time>2026-07-28T15:56:39Z</time>
				<extensions>
					<ns3:TrackPointExtension>
						<ns3:speed>1.8</ns3:speed>
						<ns3:cad>80.0</ns3:cad>
						<ns3:hr>149</ns3:hr>
					</ns3:TrackPointExtension>
				</extensions>
			</trkpt>
			<trkpt lat="12.98207587" lon="77.69163915">
				<ele>893.63</ele>
				<time>2026-07-28T15:56:40Z</time>
				<extensions>
					<ns3:TrackPointExtension>
						<ns3:speed>1.79</ns3:speed>
						<ns3:cad>81.0</ns3:cad>
						<ns3:hr>149</ns3:hr>
					</ns3:TrackPointExtension>
				</extensions>
			</trkpt>
			<trkpt lat="12.9820782" lon="77.69161682">
				<ele>893.63</ele>
				<time>2026-07-28T15:56:41Z</time>
				<extensions>
					<ns3:TrackPointExtension>
						<ns3:speed>1.79</ns3:speed>
						<ns3:cad>81.0</ns3:cad>
						<ns3:hr>149</ns3:hr>
					</ns3:TrackPointExtension>
				</extensions>
			</trkpt>
			<trkpt lat="12.98208286" lon="77.69159749">
				<ele>893.64</ele>
				<time>2026-07-28T15:56:42Z</time>
				<extensions>
					<ns3:TrackPointExtension>
						<ns3:speed>1.79</ns3:speed>
						<ns3:cad>81.0</ns3:cad>
						<ns3:hr>149</ns3:hr>
					</ns3:TrackPointExtension>
				</extensions>
			</trkpt>
			<trkpt lat="12.98209019" lon="77.69158216">
				<ele>893.65</ele>
				<time>2026-07-28T15:56:43Z</time>
				<extensions>
					<ns3:TrackPointExtension>
						<ns3:speed>1.8</ns3:speed>
						<ns3:cad>81.0</ns3:cad>
						<ns3:hr>148</ns3:hr>
					</ns3:TrackPointExtension>
				</extensions>
			</trkpt>
			<trkpt lat="12.98209619" lon="77.69156417">
				<ele>893.66</ele>
				<time>2026-07-28T15:56:44Z</time>
				<extensions>
					<ns3:TrackPointExtension>
						<ns3:speed>1.78</ns3:speed>
						<ns3:cad>81.0</ns3:cad>
						<ns3:hr>147</ns3:hr>
					</ns3:TrackPointExtension>
				</extensions>
			</trkpt>
			<trkpt lat="12.98209918" lon="77.69154451">
				<ele>893.67</ele>
				<time>2026-07-28T15:56:45Z</time>
				<extensions>
					<ns3:TrackPointExtension>
						<ns3:speed>1.79</ns3:speed>
						<ns3:cad>81.0</ns3:cad>
						<ns3:hr>148</ns3:hr>
					</ns3:TrackPointExtension>
				</extensions>
			</trkpt>
			<trkpt lat="12.98209285" lon="77.69150018">
				<ele>893.68</ele>
				<time>2026-07-28T15:56:46Z</time>
				<extensions>
					<ns3:TrackPointExtension>
						<ns3:speed>1.79</ns3:speed>
						<ns3:cad>81.0</ns3:cad>
						<ns3:hr>148</ns3:hr>
					</ns3:TrackPointExtension>
				</extensions>
			</trkpt>
			<trkpt lat="12.98208885" lon="77.69147085">
				<ele>893.72</ele>
				<time>2026-07-28T15:56:47Z</time>
				<extensions>
					<ns3:TrackPointExtension>
						<ns3:speed>1.8</ns3:speed>
						<ns3:cad>81.0</ns3:cad>
						<ns3:hr>149</ns3:hr>
					</ns3:TrackPointExtension>
				</extensions>
			</trkpt>
			<trkpt lat="12.98208552" lon="77.69145119">
				<ele>893.75</ele>
				<time>2026-07-28T15:56:48Z</time>
				<extensions>
					<ns3:TrackPointExtension>
						<ns3:speed>1.8</ns3:speed>
						<ns3:cad>80.0</ns3:cad>
					</ns3:TrackPointExtension>
				</extensions>
			</trkpt>
			<trkpt lat="12.98208053" lon="77.69143086">
				<ele>893.77</ele>
				<time>2026-07-28T15:56:49Z</time>
				<extensions>
					<ns3:TrackPointExtension>
						<ns3:speed>1.81</ns3:speed>
						<ns3:cad>80.0</ns3:cad>
						<ns3:hr>150</ns3:hr>
					</ns3:TrackPointExtension>
				</extensions>
			</trkpt>
			<trkpt lat="12.9820752" lon="77.69141387">
				<ele>893.8</ele>
				<time>2026-07-28T15:56:50Z</time>
				<extensions>
					<ns3:TrackPointExtension>
						<ns3:speed>1.81</ns3:speed>
						<ns3:cad>80.0</ns3:cad>
						<ns3:hr>151</ns3:hr>
					</ns3:TrackPointExtension>
				</extensions>
			</trkpt>
			<trkpt lat="12.98206854" lon="77.69140121">
				<ele>893.82</ele>
				<time>2026-07-28T15:56:51Z</time>
				<extensions>
					<ns3:TrackPointExtension>
						<ns3:speed>1.81</ns3:speed>
						<ns3:cad>80.0</ns3:cad>
						<ns3:hr>151</ns3:hr>
					</ns3:TrackPointExtension>
				</extensions>
			</trkpt>
			<trkpt lat="12.98206054" lon="77.69138955">
				<ele>893.83</ele>
				<time>2026-07-28T15:56:52Z</time>
				<extensions>
					<ns3:TrackPointExtension>
						<ns3:speed>1.81</ns3:speed>
						<ns3:cad>80.0</ns3:cad>
						<ns3:hr>150</ns3:hr>
					</ns3:TrackPointExtension>
				</extensions>
			</trkpt>
			<trkpt lat="12.98205021" lon="77.69137722">
				<ele>893.85</ele>
				<time>2026-07-28T15:56:53Z</time>
				<extensions>
					<ns3:TrackPointExtension>
						<ns3:speed>1.8</ns3:speed>
						<ns3:cad>80.0</ns3:cad>
						<ns3:hr>149</ns3:hr>
					</ns3:TrackPointExtension>
				</extensions>
			</trkpt>
			<trkpt lat="12.98203988" lon="77.69136489">
				<ele>893.86</ele>
				<time>2026-07-28T15:56:54Z</time>
				<extensions>
					<ns3:TrackPointExtension>
						<ns3:speed>1.8</ns3:speed>
						<ns3:cad>80.0</ns3:cad>
						<ns3:hr>149</ns3:hr>
					</ns3:TrackPointExtension>
				</extensions>
			</trkpt>
			<trkpt lat="12.98202855" lon="77.69135389">
				<ele>893.88</ele>
				<time>2026-07-28T15:56:55Z</time>
				<extensions>
					<ns3:TrackPointExtension>
						<ns3:speed>1.8</ns3:speed>
						<ns3:cad>80.0</ns3:cad>
						<ns3:hr>149</ns3:hr>
					</ns3:TrackPointExtension>
				</extensions>
			</trkpt>
			<trkpt lat="12.98201656" lon="77.69134523">
				<ele>893.89</ele>
				<time>2026-07-28T15:56:56Z</time>
				<extensions>
					<ns3:TrackPointExtension>
						<ns3:speed>1.8</ns3:speed>
						<ns3:cad>80.0</ns3:cad>
						<ns3:hr>150</ns3:hr>
					</ns3:TrackPointExtension>
				</extensions>
			</trkpt>
			<trkpt lat="12.98200323" lon="77.69133857">
				<ele>893.9</ele>
				<time>2026-07-28T15:56:57Z</time>
				<extensions>
					<ns3:TrackPointExtension>
						<ns3:speed>1.8</ns3:speed>
						<ns3:cad>80.0</ns3:cad>
						<ns3:hr>150</ns3:hr>
					</ns3:TrackPointExtension>
				</extensions>
			</trkpt>
			<trkpt lat="12.98198857" lon="77.69133324">
				<ele>893.9</ele>
				<time>2026-07-28T15:56:58Z</time>
				<extensions>
					<ns3:TrackPointExtension>
						<ns3:speed>1.8</ns3:speed>
						<ns3:cad>80.0</ns3:cad>
						<ns3:hr>150</ns3:hr>
					</ns3:TrackPointExtension>
				</extensions>
			</trkpt>
			<trkpt lat="12.98197257" lon="77.69132858">
				<ele>893.9</ele>
				<time>2026-07-28T15:56:59Z</time>
				<extensions>
					<ns3:TrackPointExtension>
						<ns3:speed>1.79</ns3:speed>
						<ns3:cad>80.0</ns3:cad>
						<ns3:hr>150</ns3:hr>
					</ns3:TrackPointExtension>
				</extensions>
			</trkpt>
			<trkpt lat="12.98195691" lon="77.69132325">
				<ele>893.88</ele>
				<time>2026-07-28T15:57:00Z</time>
				<extensions>
					<ns3:TrackPointExtension>
						<ns3:speed>1.8</ns3:speed>
						<ns3:cad>81.0</ns3:cad>
						<ns3:hr>149</ns3:hr>
					</ns3:TrackPointExtension>
				</extensions>
			</trkpt>
			<trkpt lat="12.98194158" lon="77.69131626">
				<ele>893.86</ele>
				<time>2026-07-28T15:57:01Z</time>
				<extensions>
					<ns3:TrackPointExtension>
						<ns3:speed>1.8</ns3:speed>
						<ns3:cad>81.0</ns3:cad>
						<ns3:hr>149</ns3:hr>
					</ns3:TrackPointExtension>
				</extensions>
			</trkpt>
			<trkpt lat="12.98192558" lon="77.6913086">
				<ele>893.84</ele>
				<time>2026-07-28T15:57:02Z</time>
				<extensions>
					<ns3:TrackPointExtension>
						<ns3:speed>1.81</ns3:speed>
						<ns3:cad>81.0</ns3:cad>
						<ns3:hr>149</ns3:hr>
					</ns3:TrackPointExtension>
				</extensions>
			</trkpt>
			<trkpt lat="12.98191125" lon="77.69130127">
				<ele>893.82</ele>
				<time>2026-07-28T15:57:03Z</time>
				<extensions>
					<ns3:TrackPointExtension>
						<ns3:speed>1.82</ns3:speed>
						<ns3:cad>81.0</ns3:cad>
						<ns3:hr>150</ns3:hr>
					</ns3:TrackPointExtension>
				</extensions>
			</trkpt>
			<trkpt lat="12.98189892" lon="77.69129227">
				<ele>893.8</ele>
				<time>2026-07-28T15:57:04Z</time>
				<extensions>
					<ns3:TrackPointExtension>
						<ns3:speed>1.82</ns3:speed>
						<ns3:cad>81.0</ns3:cad>
						<ns3:hr>150</ns3:hr>
					</ns3:TrackPointExtension>
				</extensions>
			</trkpt>
			<trkpt lat="12.98188459" lon="77.69128261">
				<ele>893.76</ele>
				<time>2026-07-28T15:57:05Z</time>
				<extensions>
					<ns3:TrackPointExtension>
						<ns3:speed>1.82</ns3:speed>
						<ns3:cad>81.0</ns3:cad>
						<ns3:hr>150</ns3:hr>
					</ns3:TrackPointExtension>
				</extensions>
			</trkpt>
			<trkpt lat="12.98187359" lon="77.69127261">
				<ele>893.73</ele>
				<time>2026-07-28T15:57:06Z</time>
				<extensions>
					<ns3:TrackPointExtension>
						<ns3:speed>1.82</ns3:speed>
						<ns3:cad>81.0</ns3:cad>
						<ns3:hr>150</ns3:hr>
					</ns3:TrackPointExtension>
				</extensions>
			</trkpt>
			<trkpt lat="12.98186493" lon="77.69126028">
				<ele>893.7</ele>
				<time>2026-07-28T15:57:07Z</time>
				<extensions>
					<ns3:TrackPointExtension>
						<ns3:speed>1.82</ns3:speed>
						<ns3:cad>80.0</ns3:cad>
						<ns3:hr>150</ns3:hr>
					</ns3:TrackPointExtension>
				</extensions>
			</trkpt>
			<trkpt lat="12.98185894" lon="77.69124562">
				<ele>893.67</ele>
				<time>2026-07-28T15:57:08Z</time>
				<extensions>
					<ns3:TrackPointExtension>
						<ns3:speed>1.82</ns3:speed>
						<ns3:cad>80.0</ns3:cad>
						<ns3:hr>150</ns3:hr>
					</ns3:TrackPointExtension>
				</extensions>
			</trkpt>
			<trkpt lat="12.98185461" lon="77.69122929">
				<ele>893.63</ele>
				<time>2026-07-28T15:57:09Z</time>
				<extensions>
					<ns3:TrackPointExtension>
						<ns3:speed>1.82</ns3:speed>
						<ns3:cad>80.0</ns3:cad>
						<ns3:hr>151</ns3:hr>
					</ns3:TrackPointExtension>
				</extensions>
			</trkpt>
			<trkpt lat="12.98185428" lon="77.69121329">
				<ele>893.59</ele>
				<time>2026-07-28T15:57:10Z</time>
				<extensions>
					<ns3:TrackPointExtension>
						<ns3:speed>1.82</ns3:speed>
						<ns3:cad>80.0</ns3:cad>
						<ns3:hr>151</ns3:hr>
					</ns3:TrackPointExtension>
				</extensions>
			</trkpt>
			<trkpt lat="12.98185527" lon="77.69119663">
				<ele>893.55</ele>
				<time>2026-07-28T15:57:11Z</time>
				<extensions>
					<ns3:TrackPointExtension>
						<ns3:speed>1.83</ns3:speed>
						<ns3:cad>81.0</ns3:cad>
						<ns3:hr>151</ns3:hr>
					</ns3:TrackPointExtension>
				</extensions>
			</trkpt>
			<trkpt lat="12.98185693" lon="77.69117997">
				<ele>893.51</ele>
				<time>2026-07-28T15:57:12Z</time>
				<extensions>
					<ns3:TrackPointExtension>
						<ns3:speed>1.83</ns3:speed>
						<ns3:cad>82.0</ns3:cad>
						<ns3:hr>151</ns3:hr>
					</ns3:TrackPointExtension>
				</extensions>
			</trkpt>
			<trkpt lat="12.98186026" lon="77.69116331">
				<ele>893.45</ele>
				<time>2026-07-28T15:57:13Z</time>
				<extensions>
					<ns3:TrackPointExtension>
						<ns3:speed>1.83</ns3:speed>
						<ns3:cad>82.0</ns3:cad>
						<ns3:hr>151</ns3:hr>
					</ns3:TrackPointExtension>
				</extensions>
			</trkpt>
			<trkpt lat="12.98186459" lon="77.69114698">
				<ele>893.41</ele>
				<time>2026-07-28T15:57:14Z</time>
				<extensions>
					<ns3:TrackPointExtension>
						<ns3:speed>1.83</ns3:speed>
						<ns3:cad>82.0</ns3:cad>
						<ns3:hr>151</ns3:hr>
					</ns3:TrackPointExtension>
				</extensions>
			</trkpt>
			<trkpt lat="12.98186958" lon="77.69113032">
				<ele>893.36</ele>
				<time>2026-07-28T15:57:15Z</time>
				<extensions>
					<ns3:TrackPointExtension>
						<ns3:speed>1.83</ns3:speed>
						<ns3:cad>82.0</ns3:cad>
						<ns3:hr>151</ns3:hr>
					</ns3:TrackPointExtension>
				</extensions>
			</trkpt>
			<trkpt lat="12.98187391" lon="77.69111299">
				<ele>893.33</ele>
				<time>2026-07-28T15:57:16Z</time>
				<extensions>
					<ns3:TrackPointExtension>
						<ns3:speed>1.83</ns3:speed>
						<ns3:cad>81.0</ns3:cad>
						<ns3:hr>150</ns3:hr>
					</ns3:TrackPointExtension>
				</extensions>
			</trkpt>
			<trkpt lat="12.98187824" lon="77.69109666">
				<ele>893.3</ele>
				<time>2026-07-28T15:57:17Z</time>
				<extensions>
					<ns3:TrackPointExtension>
						<ns3:speed>1.84</ns3:speed>
						<ns3:cad>81.0</ns3:cad>
						<ns3:hr>149</ns3:hr>
					</ns3:TrackPointExtension>
				</extensions>
			</trkpt>
			<trkpt lat="12.98188424" lon="77.69108133">
				<ele>893.27</ele>
				<time>2026-07-28T15:57:18Z</time>
				<extensions>
					<ns3:TrackPointExtension>
						<ns3:speed>1.84</ns3:speed>
						<ns3:cad>80.0</ns3:cad>
						<ns3:hr>148</ns3:hr>
					</ns3:TrackPointExtension>
				</extensions>
			</trkpt>
			<trkpt lat="12.98189057" lon="77.69106634">
				<ele>893.25</ele>
				<time>2026-07-28T15:57:19Z</time>
				<extensions>
					<ns3:TrackPointExtension>
						<ns3:speed>1.84</ns3:speed>
						<ns3:cad>80.0</ns3:cad>
						<ns3:hr>149</ns3:hr>
					</ns3:TrackPointExtension>
				</extensions>
			</trkpt>
			<trkpt lat="12.98189623" lon="77.69105068">
				<ele>893.23</ele>
				<time>2026-07-28T15:57:20Z</time>
				<extensions>
					<ns3:TrackPointExtension>
						<ns3:speed>1.84</ns3:speed>
						<ns3:cad>80.0</ns3:cad>
						<ns3:hr>149</ns3:hr>
					</ns3:TrackPointExtension>
				</extensions>
			</trkpt>
			<trkpt lat="12.98190189" lon="77.69103435">
				<ele>893.21</ele>
				<time>2026-07-28T15:57:21Z</time>
				<extensions>
					<ns3:TrackPointExtension>
						<ns3:speed>1.83</ns3:speed>
						<ns3:cad>80.0</ns3:cad>
						<ns3:hr>149</ns3:hr>
					</ns3:TrackPointExtension>
				</extensions>
			</trkpt>
			<trkpt lat="12.98190588" lon="77.69101802">
				<ele>893.2</ele>
				<time>2026-07-28T15:57:22Z</time>
				<extensions>
					<ns3:TrackPointExtension>
						<ns3:speed>1.83</ns3:speed>
						<ns3:cad>79.0</ns3:cad>
						<ns3:hr>149</ns3:hr>
					</ns3:TrackPointExtension>
				</extensions>
			</trkpt>
			<trkpt lat="12.98191021" lon="77.69100169">
				<ele>893.19</ele>
				<time>2026-07-28T15:57:23Z</time>
				<extensions>
					<ns3:TrackPointExtension>
						<ns3:speed>1.83</ns3:speed>
						<ns3:cad>79.0</ns3:cad>
						<ns3:hr>149</ns3:hr>
					</ns3:TrackPointExtension>
				</extensions>
			</trkpt>
			<trkpt lat="12.98191487" lon="77.69098603">
				<ele>893.19</ele>
				<time>2026-07-28T15:57:24Z</time>
				<extensions>
					<ns3:TrackPointExtension>
						<ns3:speed>1.83</ns3:speed>
						<ns3:cad>79.0</ns3:cad>
						<ns3:hr>149</ns3:hr>
					</ns3:TrackPointExtension>
				</extensions>
			</trkpt>
			<trkpt lat="12.98191953" lon="77.6909697">
				<ele>893.18</ele>
				<time>2026-07-28T15:57:25Z</time>
				<extensions>
					<ns3:TrackPointExtension>
						<ns3:speed>1.82</ns3:speed>
						<ns3:cad>78.0</ns3:cad>
						<ns3:hr>148</ns3:hr>
					</ns3:TrackPointExtension>
				</extensions>
			</trkpt>
			<trkpt lat="12.98192552" lon="77.69095404">
				<ele>893.18</ele>
				<time>2026-07-28T15:57:26Z</time>
				<extensions>
					<ns3:TrackPointExtension>
						<ns3:speed>1.82</ns3:speed>
						<ns3:cad>78.0</ns3:cad>
						<ns3:hr>148</ns3:hr>
					</ns3:TrackPointExtension>
				</extensions>
			</trkpt>
			<trkpt lat="12.98193352" lon="77.69093871">
				<ele>893.17</ele>
				<time>2026-07-28T15:57:27Z</time>
				<extensions>
					<ns3:TrackPointExtension>
						<ns3:speed>1.82</ns3:speed>
						<ns3:cad>78.0</ns3:cad>
						<ns3:hr>146</ns3:hr>
					</ns3:TrackPointExtension>
				</extensions>
			</trkpt>
			<trkpt lat="12.98194151" lon="77.69092338">
				<ele>893.17</ele>
				<time>2026-07-28T15:57:28Z</time>
				<extensions>
					<ns3:TrackPointExtension>
						<ns3:speed>1.82</ns3:speed>
						<ns3:cad>78.0</ns3:cad>
						<ns3:hr>146</ns3:hr>
					</ns3:TrackPointExtension>
				</extensions>
			</trkpt>
			<trkpt lat="12.9819495" lon="77.69090872">
				<ele>893.22</ele>
				<time>2026-07-28T15:57:29Z</time>
				<extensions>
					<ns3:TrackPointExtension>
						<ns3:speed>1.83</ns3:speed>
						<ns3:cad>78.0</ns3:cad>
						<ns3:hr>146</ns3:hr>
					</ns3:TrackPointExtension>
				</extensions>
			</trkpt>
			<trkpt lat="12.98195683" lon="77.69089472">
				<ele>893.22</ele>
				<time>2026-07-28T15:57:30Z</time>
				<extensions>
					<ns3:TrackPointExtension>
						<ns3:speed>1.83</ns3:speed>
						<ns3:cad>78.0</ns3:cad>
						<ns3:hr>146</ns3:hr>
					</ns3:TrackPointExtension>
				</extensions>
			</trkpt>
			<trkpt lat="12.98196482" lon="77.69088039">
				<ele>893.22</ele>
				<time>2026-07-28T15:57:31Z</time>
				<extensions>
					<ns3:TrackPointExtension>
						<ns3:speed>1.83</ns3:speed>
						<ns3:cad>78.0</ns3:cad>
						<ns3:hr>147</ns3:hr>
					</ns3:TrackPointExtension>
				</extensions>
			</trkpt>
			<trkpt lat="12.98197148" lon="77.69086506">
				<ele>893.23</ele>
				<time>2026-07-28T15:57:32Z</time>
				<extensions>
					<ns3:TrackPointExtension>
						<ns3:speed>1.82</ns3:speed>
						<ns3:cad>78.0</ns3:cad>
						<ns3:hr>148</ns3:hr>
					</ns3:TrackPointExtension>
				</extensions>
			</trkpt>
			<trkpt lat="12.98197547" lon="77.6908494">
				<ele>893.23</ele>
				<time>2026-07-28T15:57:33Z</time>
				<extensions>
					<ns3:TrackPointExtension>
						<ns3:speed>1.81</ns3:speed>
						<ns3:cad>78.0</ns3:cad>
						<ns3:hr>149</ns3:hr>
					</ns3:TrackPointExtension>
				</extensions>
			</trkpt>
			<trkpt lat="12.98198113" lon="77.69083374">
				<ele>893.24</ele>
				<time>2026-07-28T15:57:34Z</time>
				<extensions>
					<ns3:TrackPointExtension>
						<ns3:speed>1.81</ns3:speed>
						<ns3:cad>79.0</ns3:cad>
						<ns3:hr>149</ns3:hr>
					</ns3:TrackPointExtension>
				</extensions>
			</trkpt>
			<trkpt lat="12.98198646" lon="77.69081841">
				<ele>893.24</ele>
				<time>2026-07-28T15:57:35Z</time>
				<extensions>
					<ns3:TrackPointExtension>
						<ns3:speed>1.81</ns3:speed>
						<ns3:cad>79.0</ns3:cad>
						<ns3:hr>149</ns3:hr>
					</ns3:TrackPointExtension>
				</extensions>
			</trkpt>
			<trkpt lat="12.98199179" lon="77.69080341">
				<ele>893.25</ele>
				<time>2026-07-28T15:57:36Z</time>
				<extensions>
					<ns3:TrackPointExtension>
						<ns3:speed>1.81</ns3:speed>
						<ns3:cad>79.0</ns3:cad>
						<ns3:hr>150</ns3:hr>
					</ns3:TrackPointExtension>
				</extensions>
			</trkpt>
			<trkpt lat="12.98199712" lon="77.69078808">
				<ele>893.26</ele>
				<time>2026-07-28T15:57:37Z</time>
				<extensions>
					<ns3:TrackPointExtension>
						<ns3:speed>1.81</ns3:speed>
						<ns3:cad>80.0</ns3:cad>
						<ns3:hr>149</ns3:hr>
					</ns3:TrackPointExtension>
				</extensions>
			</trkpt>
			<trkpt lat="12.98200211" lon="77.69077242">
				<ele>893.27</ele>
				<time>2026-07-28T15:57:38Z</time>
				<extensions>
					<ns3:TrackPointExtension>
						<ns3:speed>1.81</ns3:speed>
						<ns3:cad>80.0</ns3:cad>
						<ns3:hr>149</ns3:hr>
					</ns3:TrackPointExtension>
				</extensions>
			</trkpt>
			<trkpt lat="12.98200811" lon="77.69075709">
				<ele>893.28</ele>
				<time>2026-07-28T15:57:39Z</time>
				<extensions>
					<ns3:TrackPointExtension>
						<ns3:speed>1.81</ns3:speed>
						<ns3:cad>81.0</ns3:cad>
						<ns3:hr>150</ns3:hr>
					</ns3:TrackPointExtension>
				</extensions>
			</trkpt>
			<trkpt lat="12.98201344" lon="77.69074109">
				<ele>893.29</ele>
				<time>2026-07-28T15:57:40Z</time>
				<extensions>
					<ns3:TrackPointExtension>
						<ns3:speed>1.81</ns3:speed>
						<ns3:cad>81.0</ns3:cad>
						<ns3:hr>150</ns3:hr>
					</ns3:TrackPointExtension>
				</extensions>
			</trkpt>
			<trkpt lat="12.98201843" lon="77.69072476">
				<ele>893.3</ele>
				<time>2026-07-28T15:57:41Z</time>
				<extensions>
					<ns3:TrackPointExtension>
						<ns3:speed>1.82</ns3:speed>
						<ns3:cad>82.0</ns3:cad>
						<ns3:hr>150</ns3:hr>
					</ns3:TrackPointExtension>
				</extensions>
			</trkpt>
			<trkpt lat="12.98202443" lon="77.69070843">
				<ele>893.31</ele>
				<time>2026-07-28T15:57:42Z</time>
				<extensions>
					<ns3:TrackPointExtension>
						<ns3:speed>1.82</ns3:speed>
						<ns3:cad>82.0</ns3:cad>
						<ns3:hr>150</ns3:hr>
					</ns3:TrackPointExtension>
				</extensions>
			</trkpt>
			<trkpt lat="12.98203076" lon="77.6906921">
				<ele>893.33</ele>
				<time>2026-07-28T15:57:43Z</time>
				<extensions>
					<ns3:TrackPointExtension>
						<ns3:speed>1.83</ns3:speed>
						<ns3:cad>81.0</ns3:cad>
						<ns3:hr>150</ns3:hr>
					</ns3:TrackPointExtension>
				</extensions>
			</trkpt>
			<trkpt lat="12.98203709" lon="77.69067544">
				<ele>893.34</ele>
				<time>2026-07-28T15:57:44Z</time>
				<extensions>
					<ns3:TrackPointExtension>
						<ns3:speed>1.84</ns3:speed>
						<ns3:cad>81.0</ns3:cad>
						<ns3:hr>150</ns3:hr>
					</ns3:TrackPointExtension>
				</extensions>
			</trkpt>
			<trkpt lat="12.98204275" lon="77.69065878">
				<ele>893.36</ele>
				<time>2026-07-28T15:57:45Z</time>
				<extensions>
					<ns3:TrackPointExtension>
						<ns3:speed>1.85</ns3:speed>
						<ns3:cad>80.0</ns3:cad>
						<ns3:hr>150</ns3:hr>
					</ns3:TrackPointExtension>
				</extensions>
			</trkpt>
			<trkpt lat="12.98204808" lon="77.69064212">
				<ele>893.37</ele>
				<time>2026-07-28T15:57:46Z</time>
				<extensions>
					<ns3:TrackPointExtension>
						<ns3:speed>1.86</ns3:speed>
						<ns3:cad>80.0</ns3:cad>
						<ns3:hr>149</ns3:hr>
					</ns3:TrackPointExtension>
				</extensions>
			</trkpt>
			<trkpt lat="12.98205407" lon="77.69062546">
				<ele>893.36</ele>
				<time>2026-07-28T15:57:47Z</time>
				<extensions>
					<ns3:TrackPointExtension>
						<ns3:speed>1.86</ns3:speed>
						<ns3:cad>81.0</ns3:cad>
						<ns3:hr>149</ns3:hr>
					</ns3:TrackPointExtension>
				</extensions>
			</trkpt>
			<trkpt lat="12.9820604" lon="77.6906088">
				<ele>893.38</ele>
				<time>2026-07-28T15:57:48Z</time>
				<extensions>
					<ns3:TrackPointExtension>
						<ns3:speed>1.86</ns3:speed>
						<ns3:cad>81.0</ns3:cad>
						<ns3:hr>150</ns3:hr>
					</ns3:TrackPointExtension>
				</extensions>
			</trkpt>
			<trkpt lat="12.98206606" lon="77.69059214">
				<ele>893.43</ele>
				<time>2026-07-28T15:57:49Z</time>
				<extensions>
					<ns3:TrackPointExtension>
						<ns3:speed>1.88</ns3:speed>
						<ns3:cad>81.0</ns3:cad>
						<ns3:hr>150</ns3:hr>
					</ns3:TrackPointExtension>
				</extensions>
			</trkpt>
			<trkpt lat="12.98207306" lon="77.69057548">
				<ele>893.45</ele>
				<time>2026-07-28T15:57:50Z</time>
				<extensions>
					<ns3:TrackPointExtension>
						<ns3:speed>1.88</ns3:speed>
						<ns3:cad>81.0</ns3:cad>
						<ns3:hr>149</ns3:hr>
					</ns3:TrackPointExtension>
				</extensions>
			</trkpt>
			<trkpt lat="12.98207906" lon="77.69055882">
				<ele>893.46</ele>
				<time>2026-07-28T15:57:51Z</time>
				<extensions>
					<ns3:TrackPointExtension>
						<ns3:speed>1.89</ns3:speed>
						<ns3:cad>81.0</ns3:cad>
						<ns3:hr>150</ns3:hr>
					</ns3:TrackPointExtension>
				</extensions>
			</trkpt>
			<trkpt lat="12.98208539" lon="77.69054216">
				<ele>893.48</ele>
				<time>2026-07-28T15:57:52Z</time>
				<extensions>
					<ns3:TrackPointExtension>
						<ns3:speed>1.9</ns3:speed>
						<ns3:cad>81.0</ns3:cad>
						<ns3:hr>150</ns3:hr>
					</ns3:TrackPointExtension>
				</extensions>
			</trkpt>
			<trkpt lat="12.98209239" lon="77.69052616">
				<ele>893.49</ele>
				<time>2026-07-28T15:57:53Z</time>
				<extensions>
					<ns3:TrackPointExtension>
						<ns3:speed>1.9</ns3:speed>
						<ns3:cad>81.0</ns3:cad>
						<ns3:hr>150</ns3:hr>
					</ns3:TrackPointExtension>
				</extensions>
			</trkpt>
			<trkpt lat="12.98210005" lon="77.6905105">
				<ele>893.51</ele>
				<time>2026-07-28T15:57:54Z</time>
				<extensions>
					<ns3:TrackPointExtension>
						<ns3:speed>1.9</ns3:speed>
						<ns3:cad>81.0</ns3:cad>
						<ns3:hr>150</ns3:hr>
					</ns3:TrackPointExtension>
				</extensions>
			</trkpt>
			<trkpt lat="12.98210671" lon="77.6904945">
				<ele>893.52</ele>
				<time>2026-07-28T15:57:55Z</time>
				<extensions>
					<ns3:TrackPointExtension>
						<ns3:speed>1.91</ns3:speed>
						<ns3:cad>81.0</ns3:cad>
						<ns3:hr>150</ns3:hr>
					</ns3:TrackPointExtension>
				</extensions>
			</trkpt>
			<trkpt lat="12.98211404" lon="77.69047884">
				<ele>893.54</ele>
				<time>2026-07-28T15:57:56Z</time>
				<extensions>
					<ns3:TrackPointExtension>
						<ns3:speed>1.91</ns3:speed>
						<ns3:cad>81.0</ns3:cad>
						<ns3:hr>150</ns3:hr>
					</ns3:TrackPointExtension>
				</extensions>
			</trkpt>
			<trkpt lat="12.98212104" lon="77.69046285">
				<ele>893.56</ele>
				<time>2026-07-28T15:57:57Z</time>
				<extensions>
					<ns3:TrackPointExtension>
						<ns3:speed>1.91</ns3:speed>
						<ns3:cad>81.0</ns3:cad>
						<ns3:hr>150</ns3:hr>
					</ns3:TrackPointExtension>
				</extensions>
			</trkpt>
			<trkpt lat="12.98212837" lon="77.69044652">
				<ele>893.59</ele>
				<time>2026-07-28T15:57:58Z</time>
				<extensions>
					<ns3:TrackPointExtension>
						<ns3:speed>1.91</ns3:speed>
						<ns3:cad>81.0</ns3:cad>
						<ns3:hr>150</ns3:hr>
					</ns3:TrackPointExtension>
				</extensions>
			</trkpt>
			<trkpt lat="12.98213636" lon="77.69043019">
				<ele>893.61</ele>
				<time>2026-07-28T15:57:59Z</time>
				<extensions>
					<ns3:TrackPointExtension>
						<ns3:speed>1.91</ns3:speed>
						<ns3:cad>81.0</ns3:cad>
						<ns3:hr>150</ns3:hr>
					</ns3:TrackPointExtension>
				</extensions>
			</trkpt>
			<trkpt lat="12.98214569" lon="77.69041486">
				<ele>893.61</ele>
				<time>2026-07-28T15:58:00Z</time>
				<extensions>
					<ns3:TrackPointExtension>
						<ns3:hr>150</ns3:hr>
					</ns3:TrackPointExtension>
				</extensions>
			</trkpt>
			<trkpt lat="12.98216069" lon="77.6904032">
				<ele>893.63</ele>
				<time>2026-07-28T15:58:01Z</time>
				<extensions>
					<ns3:TrackPointExtension>
						<ns3:speed>1.91</ns3:speed>
						<ns3:cad>81.0</ns3:cad>
						<ns3:hr>150</ns3:hr>
					</ns3:TrackPointExtension>
				</extensions>
			</trkpt>
			<trkpt lat="12.98217635" lon="77.69039287">
				<ele>893.63</ele>
				<time>2026-07-28T15:58:02Z</time>
				<extensions>
					<ns3:TrackPointExtension>
					</ns3:TrackPointExtension>
				</extensions>
			</trkpt>
			<trkpt lat="12.98219435" lon="77.69038588">
				<ele>893.69</ele>
				<time>2026-07-28T15:58:03Z</time>
				<extensions>
					<ns3:TrackPointExtension>
						<ns3:speed>1.92</ns3:speed>
						<ns3:cad>81.0</ns3:cad>
						<ns3:hr>150</ns3:hr>
					</ns3:TrackPointExtension>
				</extensions>
			</trkpt>
			<trkpt lat="12.98221401" lon="77.69038188">
				<ele>893.72</ele>
				<time>2026-07-28T15:58:04Z</time>
				<extensions>
					<ns3:TrackPointExtension>
						<ns3:speed>1.93</ns3:speed>
						<ns3:cad>81.0</ns3:cad>
						<ns3:hr>149</ns3:hr>
					</ns3:TrackPointExtension>
				</extensions>
			</trkpt>
			<trkpt lat="12.982233" lon="77.69037989">
				<ele>893.76</ele>
				<time>2026-07-28T15:58:05Z</time>
				<extensions>
					<ns3:TrackPointExtension>
						<ns3:speed>1.93</ns3:speed>
						<ns3:cad>81.0</ns3:cad>
						<ns3:hr>150</ns3:hr>
					</ns3:TrackPointExtension>
				</extensions>
			</trkpt>
			<trkpt lat="12.98225233" lon="77.69038155">
				<ele>893.79</ele>
				<time>2026-07-28T15:58:06Z</time>
				<extensions>
					<ns3:TrackPointExtension>
						<ns3:speed>1.94</ns3:speed>
						<ns3:cad>81.0</ns3:cad>
						<ns3:hr>149</ns3:hr>
					</ns3:TrackPointExtension>
				</extensions>
			</trkpt>
			<trkpt lat="12.98227132" lon="77.69038455">
				<ele>893.82</ele>
				<time>2026-07-28T15:58:07Z</time>
				<extensions>
					<ns3:TrackPointExtension>
						<ns3:speed>1.94</ns3:speed>
						<ns3:cad>81.0</ns3:cad>
						<ns3:hr>149</ns3:hr>
					</ns3:TrackPointExtension>
				</extensions>
			</trkpt>
			<trkpt lat="12.98228998" lon="77.69038888">
				<ele>893.85</ele>
				<time>2026-07-28T15:58:08Z</time>
				<extensions>
					<ns3:TrackPointExtension>
						<ns3:speed>1.95</ns3:speed>
						<ns3:cad>80.0</ns3:cad>
						<ns3:hr>148</ns3:hr>
					</ns3:TrackPointExtension>
				</extensions>
			</trkpt>
			<trkpt lat="12.98230864" lon="77.69039354">
				<ele>893.88</ele>
				<time>2026-07-28T15:58:09Z</time>
				<extensions>
					<ns3:TrackPointExtension>
						<ns3:speed>1.95</ns3:speed>
						<ns3:cad>80.0</ns3:cad>
						<ns3:hr>148</ns3:hr>
					</ns3:TrackPointExtension>
				</extensions>
			</trkpt>
			<trkpt lat="12.98232697" lon="77.6903982">
				<ele>893.91</ele>
				<time>2026-07-28T15:58:10Z</time>
				<extensions>
					<ns3:TrackPointExtension>
						<ns3:speed>1.96</ns3:speed>
						<ns3:cad>80.0</ns3:cad>
						<ns3:hr>149</ns3:hr>
					</ns3:TrackPointExtension>
				</extensions>
			</trkpt>
			<trkpt lat="12.9823453" lon="77.6904032">
				<ele>893.93</ele>
				<time>2026-07-28T15:58:11Z</time>
				<extensions>
					<ns3:TrackPointExtension>
						<ns3:speed>1.96</ns3:speed>
						<ns3:cad>80.0</ns3:cad>
						<ns3:hr>149</ns3:hr>
					</ns3:TrackPointExtension>
				</extensions>
			</trkpt>
			<trkpt lat="12.98236263" lon="77.69040919">
				<ele>893.95</ele>
				<time>2026-07-28T15:58:12Z</time>
				<extensions>
					<ns3:TrackPointExtension>
						<ns3:speed>1.97</ns3:speed>
						<ns3:cad>80.0</ns3:cad>
						<ns3:hr>149</ns3:hr>
					</ns3:TrackPointExtension>
				</extensions>
			</trkpt>
			<trkpt lat="12.98237863" lon="77.69041852">
				<ele>893.96</ele>
				<time>2026-07-28T15:58:13Z</time>
				<extensions>
					<ns3:TrackPointExtension>
						<ns3:speed>1.97</ns3:speed>
						<ns3:cad>80.0</ns3:cad>
						<ns3:hr>150</ns3:hr>
					</ns3:TrackPointExtension>
				</extensions>
			</trkpt>
			<trkpt lat="12.98239296" lon="77.69042952">
				<ele>893.96</ele>
				<time>2026-07-28T15:58:14Z</time>
				<extensions>
					<ns3:TrackPointExtension>
						<ns3:speed>1.97</ns3:speed>
						<ns3:cad>80.0</ns3:cad>
						<ns3:hr>151</ns3:hr>
					</ns3:TrackPointExtension>
				</extensions>
			</trkpt>
			<trkpt lat="12.98240562" lon="77.69044318">
				<ele>893.96</ele>
				<time>2026-07-28T15:58:15Z</time>
				<extensions>
					<ns3:TrackPointExtension>
						<ns3:speed>1.97</ns3:speed>
						<ns3:cad>80.0</ns3:cad>
						<ns3:hr>152</ns3:hr>
					</ns3:TrackPointExtension>
				</extensions>
			</trkpt>
			<trkpt lat="12.98241595" lon="77.69045784">
				<ele>893.96</ele>
				<time>2026-07-28T15:58:16Z</time>
				<extensions>
					<ns3:TrackPointExtension>
						<ns3:speed>1.97</ns3:speed>
						<ns3:cad>80.0</ns3:cad>
						<ns3:hr>153</ns3:hr>
					</ns3:TrackPointExtension>
				</extensions>
			</trkpt>
			<trkpt lat="12.98242161" lon="77.6904755">
				<ele>893.95</ele>
				<time>2026-07-28T15:58:17Z</time>
				<extensions>
					<ns3:TrackPointExtension>
						<ns3:speed>1.97</ns3:speed>
						<ns3:cad>80.0</ns3:cad>
						<ns3:hr>152</ns3:hr>
					</ns3:TrackPointExtension>
				</extensions>
			</trkpt>
			<trkpt lat="12.9824256" lon="77.69049349">
				<ele>893.95</ele>
				<time>2026-07-28T15:58:18Z</time>
				<extensions>
					<ns3:TrackPointExtension>
						<ns3:speed>1.97</ns3:speed>
						<ns3:cad>80.0</ns3:cad>
						<ns3:hr>152</ns3:hr>
					</ns3:TrackPointExtension>
				</extensions>
			</trkpt>
			<trkpt lat="12.98242593" lon="77.69051115">
				<ele>893.94</ele>
				<time>2026-07-28T15:58:19Z</time>
				<extensions>
					<ns3:TrackPointExtension>
						<ns3:speed>1.98</ns3:speed>
						<ns3:cad>81.0</ns3:cad>
						<ns3:hr>152</ns3:hr>
					</ns3:TrackPointExtension>
				</extensions>
			</trkpt>
			<trkpt lat="12.98242393" lon="77.69052814">
				<ele>893.92</ele>
				<time>2026-07-28T15:58:20Z</time>
				<extensions>
					<ns3:TrackPointExtension>
						<ns3:speed>1.98</ns3:speed>
						<ns3:cad>81.0</ns3:cad>
						<ns3:hr>152</ns3:hr>
					</ns3:TrackPointExtension>
				</extensions>
			</trkpt>
			<trkpt lat="12.98242094" lon="77.69054447">
				<ele>893.91</ele>
				<time>2026-07-28T15:58:21Z</time>
				<extensions>
					<ns3:TrackPointExtension>
						<ns3:speed>1.97</ns3:speed>
						<ns3:cad>81.0</ns3:cad>
						<ns3:hr>151</ns3:hr>
					</ns3:TrackPointExtension>
				</extensions>
			</trkpt>
			<trkpt lat="12.98241728" lon="77.6905608">
				<ele>893.91</ele>
				<time>2026-07-28T15:58:22Z</time>
				<extensions>
					<ns3:TrackPointExtension>
						<ns3:speed>1.96</ns3:speed>
						<ns3:cad>82.0</ns3:cad>
						<ns3:hr>150</ns3:hr>
					</ns3:TrackPointExtension>
				</extensions>
			</trkpt>
			<trkpt lat="12.98241295" lon="77.69057813">
				<ele>893.9</ele>
				<time>2026-07-28T15:58:23Z</time>
				<extensions>
					<ns3:TrackPointExtension>
						<ns3:speed>1.96</ns3:speed>
						<ns3:cad>82.0</ns3:cad>
						<ns3:hr>150</ns3:hr>
					</ns3:TrackPointExtension>
				</extensions>
			</trkpt>
			<trkpt lat="12.98240829" lon="77.69059446">
				<ele>893.89</ele>
				<time>2026-07-28T15:58:24Z</time>
				<extensions>
					<ns3:TrackPointExtension>
						<ns3:speed>1.95</ns3:speed>
						<ns3:cad>82.0</ns3:cad>
						<ns3:hr>149</ns3:hr>
					</ns3:TrackPointExtension>
				</extensions>
			</trkpt>
			<trkpt lat="12.98240363" lon="77.69061079">
				<ele>893.87</ele>
				<time>2026-07-28T15:58:25Z</time>
				<extensions>
					<ns3:TrackPointExtension>
						<ns3:speed>1.95</ns3:speed>
						<ns3:cad>82.0</ns3:cad>
						<ns3:hr>147</ns3:hr>
					</ns3:TrackPointExtension>
				</extensions>
			</trkpt>
			<trkpt lat="12.98239797" lon="77.69062712">
				<ele>893.86</ele>
				<time>2026-07-28T15:58:26Z</time>
				<extensions>
					<ns3:TrackPointExtension>
						<ns3:speed>1.94</ns3:speed>
						<ns3:cad>81.0</ns3:cad>
						<ns3:hr>147</ns3:hr>
					</ns3:TrackPointExtension>
				</extensions>
			</trkpt>
			<trkpt lat="12.98239264" lon="77.69064245">
				<ele>893.84</ele>
				<time>2026-07-28T15:58:27Z</time>
				<extensions>
					<ns3:TrackPointExtension>
						<ns3:speed>1.93</ns3:speed>
						<ns3:cad>80.0</ns3:cad>
						<ns3:hr>148</ns3:hr>
					</ns3:TrackPointExtension>
				</extensions>
			</trkpt>
			<trkpt lat="12.98238765" lon="77.69065645">
				<ele>893.83</ele>
				<time>2026-07-28T15:58:28Z</time>
				<extensions>
					<ns3:TrackPointExtension>
						<ns3:speed>1.93</ns3:speed>
						<ns3:cad>80.0</ns3:cad>
						<ns3:hr>148</ns3:hr>
					</ns3:TrackPointExtension>
				</extensions>
			</trkpt>
			<trkpt lat="12.98238232" lon="77.69067145">
				<ele>893.8</ele>
				<time>2026-07-28T15:58:29Z</time>
				<extensions>
					<ns3:TrackPointExtension>
						<ns3:speed>1.9</ns3:speed>
						<ns3:cad>80.0</ns3:cad>
						<ns3:hr>148</ns3:hr>
					</ns3:TrackPointExtension>
				</extensions>
			</trkpt>
			<trkpt lat="12.98237799" lon="77.69068311">
				<ele>893.79</ele>
				<time>2026-07-28T15:58:30Z</time>
				<extensions>
					<ns3:TrackPointExtension>
						<ns3:speed>1.9</ns3:speed>
						<ns3:cad>80.0</ns3:cad>
						<ns3:hr>148</ns3:hr>
					</ns3:TrackPointExtension>
				</extensions>
			</trkpt>
			<trkpt lat="12.98237266" lon="77.69069677">
				<ele>893.79</ele>
				<time>2026-07-28T15:58:31Z</time>
				<extensions>
					<ns3:TrackPointExtension>
						<ns3:speed>1.9</ns3:speed>
						<ns3:cad>80.0</ns3:cad>
						<ns3:hr>149</ns3:hr>
					</ns3:TrackPointExtension>
				</extensions>
			</trkpt>
			<trkpt lat="12.982367" lon="77.69071043">
				<ele>893.78</ele>
				<time>2026-07-28T15:58:32Z</time>
				<extensions>
					<ns3:TrackPointExtension>
						<ns3:speed>1.9</ns3:speed>
						<ns3:cad>81.0</ns3:cad>
						<ns3:hr>149</ns3:hr>
					</ns3:TrackPointExtension>
				</extensions>
			</trkpt>
			<trkpt lat="12.98236134" lon="77.69072309">
				<ele>893.49</ele>
				<time>2026-07-28T15:58:33Z</time>
				<extensions>
					<ns3:TrackPointExtension>
						<ns3:speed>1.9</ns3:speed>
						<ns3:cad>81.0</ns3:cad>
						<ns3:hr>148</ns3:hr>
					</ns3:TrackPointExtension>
				</extensions>
			</trkpt>
			<trkpt lat="12.98235068" lon="77.69075009">
				<ele>893.44</ele>
				<time>2026-07-28T15:58:34Z</time>
				<extensions>
					<ns3:TrackPointExtension>
						<ns3:speed>1.87</ns3:speed>
						<ns3:cad>81.0</ns3:cad>
						<ns3:hr>148</ns3:hr>
					</ns3:TrackPointExtension>
				</extensions>
			</trkpt>
			<trkpt lat="12.98233968" lon="77.69077675">
				<ele>893.4</ele>
				<time>2026-07-28T15:58:35Z</time>
				<extensions>
					<ns3:TrackPointExtension>
						<ns3:speed>1.89</ns3:speed>
						<ns3:cad>81.0</ns3:cad>
						<ns3:hr>148</ns3:hr>
					</ns3:TrackPointExtension>
				</extensions>
			</trkpt>
			<trkpt lat="12.98233035" lon="77.69079908">
				<ele>893.37</ele>
				<time>2026-07-28T15:58:36Z</time>
				<extensions>
					<ns3:TrackPointExtension>
						<ns3:speed>1.87</ns3:speed>
						<ns3:cad>82.0</ns3:cad>
						<ns3:hr>149</ns3:hr>
					</ns3:TrackPointExtension>
				</extensions>
			</trkpt>
			<trkpt lat="12.98232202" lon="77.69081908">
				<ele>893.16</ele>
				<time>2026-07-28T15:58:37Z</time>
				<extensions>
					<ns3:TrackPointExtension>
						<ns3:speed>1.87</ns3:speed>
						<ns3:cad>82.0</ns3:cad>
						<ns3:hr>149</ns3:hr>
					</ns3:TrackPointExtension>
				</extensions>
			</trkpt>
			<trkpt lat="12.98231536" lon="77.69083408">
				<ele>893.14</ele>
				<time>2026-07-28T15:58:38Z</time>
				<extensions>
					<ns3:TrackPointExtension>
						<ns3:speed>1.87</ns3:speed>
						<ns3:cad>81.0</ns3:cad>
						<ns3:hr>149</ns3:hr>
					</ns3:TrackPointExtension>
				</extensions>
			</trkpt>
			<trkpt lat="12.98230903" lon="77.69085374">
				<ele>893.12</ele>
				<time>2026-07-28T15:58:39Z</time>
				<extensions>
					<ns3:TrackPointExtension>
						<ns3:speed>1.87</ns3:speed>
						<ns3:cad>81.0</ns3:cad>
						<ns3:hr>149</ns3:hr>
					</ns3:TrackPointExtension>
				</extensions>
			</trkpt>
			<trkpt lat="12.98230603" lon="77.6908724">
				<ele>893.11</ele>
				<time>2026-07-28T15:58:40Z</time>
				<extensions>
					<ns3:TrackPointExtension>
						<ns3:speed>1.85</ns3:speed>
						<ns3:cad>81.0</ns3:cad>
						<ns3:hr>150</ns3:hr>
					</ns3:TrackPointExtension>
				</extensions>
			</trkpt>
			<trkpt lat="12.98230703" lon="77.69088973">
				<ele>893.1</ele>
				<time>2026-07-28T15:58:41Z</time>
				<extensions>
					<ns3:TrackPointExtension>
						<ns3:speed>1.84</ns3:speed>
						<ns3:cad>80.0</ns3:cad>
						<ns3:hr>150</ns3:hr>
					</ns3:TrackPointExtension>
				</extensions>
			</trkpt>
			<trkpt lat="12.98231069" lon="77.69090273">
				<ele>893.1</ele>
				<time>2026-07-28T15:58:42Z</time>
				<extensions>
					<ns3:TrackPointExtension>
						<ns3:speed>1.83</ns3:speed>
						<ns3:cad>80.0</ns3:cad>
						<ns3:hr>150</ns3:hr>
					</ns3:TrackPointExtension>
				</extensions>
			</trkpt>
			<trkpt lat="12.98232035" lon="77.69091439">
				<ele>893.09</ele>
				<time>2026-07-28T15:58:43Z</time>
				<extensions>
					<ns3:TrackPointExtension>
						<ns3:speed>1.82</ns3:speed>
						<ns3:cad>80.0</ns3:cad>
						<ns3:hr>150</ns3:hr>
					</ns3:TrackPointExtension>
				</extensions>
			</trkpt>
			<trkpt lat="12.98233068" lon="77.69092472">
				<ele>893.09</ele>
				<time>2026-07-28T15:58:44Z</time>
				<extensions>
					<ns3:TrackPointExtension>
						<ns3:speed>1.82</ns3:speed>
						<ns3:cad>80.0</ns3:cad>
						<ns3:hr>150</ns3:hr>
					</ns3:TrackPointExtension>
				</extensions>
			</trkpt>
			<trkpt lat="12.98234234" lon="77.69093438">
				<ele>893.1</ele>
				<time>2026-07-28T15:58:45Z</time>
				<extensions>
					<ns3:TrackPointExtension>
						<ns3:speed>1.81</ns3:speed>
						<ns3:cad>80.0</ns3:cad>
						<ns3:hr>150</ns3:hr>
					</ns3:TrackPointExtension>
				</extensions>
			</trkpt>
			<trkpt lat="12.98235533" lon="77.69094338">
				<ele>893.1</ele>
				<time>2026-07-28T15:58:46Z</time>
				<extensions>
					<ns3:TrackPointExtension>
						<ns3:speed>1.81</ns3:speed>
						<ns3:cad>80.0</ns3:cad>
						<ns3:hr>150</ns3:hr>
					</ns3:TrackPointExtension>
				</extensions>
			</trkpt>
			<trkpt lat="12.98236866" lon="77.69095171">
				<ele>893.1</ele>
				<time>2026-07-28T15:58:47Z</time>
				<extensions>
					<ns3:TrackPointExtension>
						<ns3:speed>1.81</ns3:speed>
						<ns3:cad>80.0</ns3:cad>
						<ns3:hr>150</ns3:hr>
					</ns3:TrackPointExtension>
				</extensions>
			</trkpt>
			<trkpt lat="12.98238232" lon="77.69095837">
				<ele>893.11</ele>
				<time>2026-07-28T15:58:48Z</time>
				<extensions>
					<ns3:TrackPointExtension>
						<ns3:speed>1.81</ns3:speed>
						<ns3:cad>81.0</ns3:cad>
						<ns3:hr>151</ns3:hr>
					</ns3:TrackPointExtension>
				</extensions>
			</trkpt>
			<trkpt lat="12.98239632" lon="77.69096603">
				<ele>893.12</ele>
				<time>2026-07-28T15:58:49Z</time>
				<extensions>
					<ns3:TrackPointExtension>
						<ns3:speed>1.81</ns3:speed>
						<ns3:cad>81.0</ns3:cad>
						<ns3:hr>151</ns3:hr>
					</ns3:TrackPointExtension>
				</extensions>
			</trkpt>
			<trkpt lat="12.98241032" lon="77.69097369">
				<ele>893.13</ele>
				<time>2026-07-28T15:58:50Z</time>
				<extensions>
					<ns3:TrackPointExtension>
						<ns3:speed>1.81</ns3:speed>
						<ns3:cad>81.0</ns3:cad>
						<ns3:hr>150</ns3:hr>
					</ns3:TrackPointExtension>
				</extensions>
			</trkpt>
			<trkpt lat="12.98242498" lon="77.69098169">
				<ele>893.33</ele>
				<time>2026-07-28T15:58:51Z</time>
				<extensions>
					<ns3:TrackPointExtension>
						<ns3:speed>1.8</ns3:speed>
						<ns3:cad>81.0</ns3:cad>
						<ns3:hr>149</ns3:hr>
					</ns3:TrackPointExtension>
				</extensions>
			</trkpt>
			<trkpt lat="12.98243931" lon="77.69098935">
				<ele>893.35</ele>
				<time>2026-07-28T15:58:52Z</time>
				<extensions>
					<ns3:TrackPointExtension>
						<ns3:speed>1.81</ns3:speed>
						<ns3:cad>81.0</ns3:cad>
						<ns3:hr>149</ns3:hr>
					</ns3:TrackPointExtension>
				</extensions>
			</trkpt>
			<trkpt lat="12.98245397" lon="77.69099634">
				<ele>893.36</ele>
				<time>2026-07-28T15:58:53Z</time>
				<extensions>
					<ns3:TrackPointExtension>
						<ns3:speed>1.81</ns3:speed>
						<ns3:cad>81.0</ns3:cad>
						<ns3:hr>149</ns3:hr>
					</ns3:TrackPointExtension>
				</extensions>
			</trkpt>
			<trkpt lat="12.98246963" lon="77.69100334">
				<ele>893.37</ele>
				<time>2026-07-28T15:58:54Z</time>
				<extensions>
					<ns3:TrackPointExtension>
						<ns3:speed>1.81</ns3:speed>
						<ns3:cad>81.0</ns3:cad>
						<ns3:hr>149</ns3:hr>
					</ns3:TrackPointExtension>
				</extensions>
			</trkpt>
			<trkpt lat="12.98248629" lon="77.69101">
				<ele>893.39</ele>
				<time>2026-07-28T15:58:55Z</time>
				<extensions>
					<ns3:TrackPointExtension>
						<ns3:speed>1.82</ns3:speed>
						<ns3:cad>80.0</ns3:cad>
						<ns3:hr>149</ns3:hr>
					</ns3:TrackPointExtension>
				</extensions>
			</trkpt>
			<trkpt lat="12.98250228" lon="77.69101666">
				<ele>893.4</ele>
				<time>2026-07-28T15:58:56Z</time>
				<extensions>
					<ns3:TrackPointExtension>
						<ns3:speed>1.82</ns3:speed>
						<ns3:cad>80.0</ns3:cad>
						<ns3:hr>149</ns3:hr>
					</ns3:TrackPointExtension>
				</extensions>
			</trkpt>
			<trkpt lat="12.98251794" lon="77.69102299">
				<ele>893.4</ele>
				<time>2026-07-28T15:58:57Z</time>
				<extensions>
					<ns3:TrackPointExtension>
						<ns3:speed>1.83</ns3:speed>
						<ns3:cad>80.0</ns3:cad>
						<ns3:hr>150</ns3:hr>
					</ns3:TrackPointExtension>
				</extensions>
			</trkpt>
			<trkpt lat="12.98253393" lon="77.69102932">
				<ele>893.41</ele>
				<time>2026-07-28T15:58:58Z</time>
				<extensions>
					<ns3:TrackPointExtension>
						<ns3:speed>1.83</ns3:speed>
						<ns3:cad>81.0</ns3:cad>
						<ns3:hr>150</ns3:hr>
					</ns3:TrackPointExtension>
				</extensions>
			</trkpt>
			<trkpt lat="12.98255093" lon="77.69103432">
				<ele>893.42</ele>
				<time>2026-07-28T15:58:59Z</time>
				<extensions>
					<ns3:TrackPointExtension>
						<ns3:speed>1.83</ns3:speed>
						<ns3:cad>81.0</ns3:cad>
						<ns3:hr>150</ns3:hr>
					</ns3:TrackPointExtension>
				</extensions>
			</trkpt>
			<trkpt lat="12.98256826" lon="77.69103998">
				<ele>893.42</ele>
				<time>2026-07-28T15:59:00Z</time>
				<extensions>
					<ns3:TrackPointExtension>
						<ns3:speed>1.83</ns3:speed>
						<ns3:cad>81.0</ns3:cad>
						<ns3:hr>150</ns3:hr>
					</ns3:TrackPointExtension>
				</extensions>
			</trkpt>
			<trkpt lat="12.98258559" lon="77.69104564">
				<ele>893.42</ele>
				<time>2026-07-28T15:59:01Z</time>
				<extensions>
					<ns3:TrackPointExtension>
						<ns3:speed>1.83</ns3:speed>
						<ns3:cad>81.0</ns3:cad>
						<ns3:hr>149</ns3:hr>
					</ns3:TrackPointExtension>
				</extensions>
			</trkpt>
			<trkpt lat="12.98260392" lon="77.69105097">
				<ele>893.42</ele>
				<time>2026-07-28T15:59:02Z</time>
				<extensions>
					<ns3:TrackPointExtension>
						<ns3:speed>1.84</ns3:speed>
						<ns3:cad>81.0</ns3:cad>
						<ns3:hr>150</ns3:hr>
					</ns3:TrackPointExtension>
				</extensions>
			</trkpt>
			<trkpt lat="12.98262225" lon="77.69105663">
				<ele>893.42</ele>
				<time>2026-07-28T15:59:03Z</time>
				<extensions>
					<ns3:TrackPointExtension>
						<ns3:speed>1.84</ns3:speed>
						<ns3:cad>81.0</ns3:cad>
						<ns3:hr>150</ns3:hr>
					</ns3:TrackPointExtension>
				</extensions>
			</trkpt>
			<trkpt lat="12.98263991" lon="77.69106262">
				<ele>893.41</ele>
				<time>2026-07-28T15:59:04Z</time>
				<extensions>
					<ns3:TrackPointExtension>
						<ns3:speed>1.86</ns3:speed>
						<ns3:cad>81.0</ns3:cad>
						<ns3:hr>150</ns3:hr>
					</ns3:TrackPointExtension>
				</extensions>
			</trkpt>
			<trkpt lat="12.98265791" lon="77.69106861">
				<ele>893.64</ele>
				<time>2026-07-28T15:59:05Z</time>
				<extensions>
					<ns3:TrackPointExtension>
						<ns3:speed>1.87</ns3:speed>
						<ns3:cad>81.0</ns3:cad>
						<ns3:hr>150</ns3:hr>
					</ns3:TrackPointExtension>
				</extensions>
			</trkpt>
			<trkpt lat="12.9826759" lon="77.6910746">
				<ele>893.64</ele>
				<time>2026-07-28T15:59:06Z</time>
				<extensions>
					<ns3:TrackPointExtension>
						<ns3:speed>1.88</ns3:speed>
						<ns3:cad>80.0</ns3:cad>
						<ns3:hr>150</ns3:hr>
					</ns3:TrackPointExtension>
				</extensions>
			</trkpt>
			<trkpt lat="12.98269323" lon="77.6910816">
				<ele>893.64</ele>
				<time>2026-07-28T15:59:07Z</time>
				<extensions>
					<ns3:TrackPointExtension>
						<ns3:speed>1.89</ns3:speed>
						<ns3:cad>80.0</ns3:cad>
						<ns3:hr>150</ns3:hr>
					</ns3:TrackPointExtension>
				</extensions>
			</trkpt>
			<trkpt lat="12.98271056" lon="77.69108793">
				<ele>893.82</ele>
				<time>2026-07-28T15:59:08Z</time>
				<extensions>
					<ns3:TrackPointExtension>
						<ns3:speed>1.9</ns3:speed>
						<ns3:cad>81.0</ns3:cad>
						<ns3:hr>150</ns3:hr>
					</ns3:TrackPointExtension>
				</extensions>
			</trkpt>
			<trkpt lat="12.98272889" lon="77.69109426">
				<ele>893.82</ele>
				<time>2026-07-28T15:59:09Z</time>
				<extensions>
					<ns3:TrackPointExtension>
						<ns3:speed>1.9</ns3:speed>
						<ns3:cad>81.0</ns3:cad>
						<ns3:hr>150</ns3:hr>
					</ns3:TrackPointExtension>
				</extensions>
			</trkpt>
			<trkpt lat="12.98274655" lon="77.69110059">
				<ele>893.82</ele>
				<time>2026-07-28T15:59:10Z</time>
				<extensions>
					<ns3:TrackPointExtension>
						<ns3:speed>1.91</ns3:speed>
						<ns3:cad>81.0</ns3:cad>
						<ns3:hr>150</ns3:hr>
					</ns3:TrackPointExtension>
				</extensions>
			</trkpt>
			<trkpt lat="12.98276488" lon="77.69110725">
				<ele>893.82</ele>
				<time>2026-07-28T15:59:11Z</time>
				<extensions>
					<ns3:TrackPointExtension>
						<ns3:speed>1.91</ns3:speed>
						<ns3:cad>81.0</ns3:cad>
						<ns3:hr>150</ns3:hr>
					</ns3:TrackPointExtension>
				</extensions>
			</trkpt>
			<trkpt lat="12.98278287" lon="77.69111324">
				<ele>893.83</ele>
				<time>2026-07-28T15:59:12Z</time>
				<extensions>
					<ns3:TrackPointExtension>
						<ns3:speed>1.9</ns3:speed>
						<ns3:cad>81.0</ns3:cad>
						<ns3:hr>150</ns3:hr>
					</ns3:TrackPointExtension>
				</extensions>
			</trkpt>
			<trkpt lat="12.98280087" lon="77.69111923">
				<ele>893.83</ele>
				<time>2026-07-28T15:59:13Z</time>
				<extensions>
					<ns3:TrackPointExtension>
						<ns3:speed>1.9</ns3:speed>
						<ns3:cad>81.0</ns3:cad>
						<ns3:hr>150</ns3:hr>
					</ns3:TrackPointExtension>
				</extensions>
			</trkpt>
			<trkpt lat="12.9828192" lon="77.69112522">
				<ele>893.83</ele>
				<time>2026-07-28T15:59:14Z</time>
				<extensions>
					<ns3:TrackPointExtension>
						<ns3:speed>1.9</ns3:speed>
						<ns3:cad>80.0</ns3:cad>
						<ns3:hr>149</ns3:hr>
					</ns3:TrackPointExtension>
				</extensions>
			</trkpt>
			<trkpt lat="12.98283719" lon="77.69113055">
				<ele>893.84</ele>
				<time>2026-07-28T15:59:15Z</time>
				<extensions>
					<ns3:TrackPointExtension>
						<ns3:speed>1.9</ns3:speed>
						<ns3:cad>80.0</ns3:cad>
						<ns3:hr>149</ns3:hr>
					</ns3:TrackPointExtension>
				</extensions>
			</trkpt>
			<trkpt lat="12.98285485" lon="77.69113588">
				<ele>893.84</ele>
				<time>2026-07-28T15:59:16Z</time>
				<extensions>
					<ns3:TrackPointExtension>
						<ns3:speed>1.91</ns3:speed>
						<ns3:cad>80.0</ns3:cad>
						<ns3:hr>150</ns3:hr>
					</ns3:TrackPointExtension>
				</extensions>
			</trkpt>
			<trkpt lat="12.98287218" lon="77.69114154">
				<ele>893.84</ele>
				<time>2026-07-28T15:59:17Z</time>
				<extensions>
					<ns3:TrackPointExtension>
						<ns3:speed>1.91</ns3:speed>
						<ns3:cad>80.0</ns3:cad>
						<ns3:hr>150</ns3:hr>
					</ns3:TrackPointExtension>
				</extensions>
			</trkpt>
			<trkpt lat="12.98288851" lon="77.69114753">
				<ele>893.84</ele>
				<time>2026-07-28T15:59:18Z</time>
				<extensions>
					<ns3:TrackPointExtension>
						<ns3:speed>1.91</ns3:speed>
						<ns3:cad>81.0</ns3:cad>
						<ns3:hr>150</ns3:hr>
					</ns3:TrackPointExtension>
				</extensions>
			</trkpt>
			<trkpt lat="12.98290551" lon="77.69115419">
				<ele>893.83</ele>
				<time>2026-07-28T15:59:19Z</time>
				<extensions>
					<ns3:TrackPointExtension>
						<ns3:speed>1.91</ns3:speed>
						<ns3:cad>81.0</ns3:cad>
						<ns3:hr>150</ns3:hr>
					</ns3:TrackPointExtension>
				</extensions>
			</trkpt>
			<trkpt lat="12.98292317" lon="77.69115985">
				<ele>893.83</ele>
				<time>2026-07-28T15:59:20Z</time>
				<extensions>
					<ns3:TrackPointExtension>
						<ns3:speed>1.91</ns3:speed>
						<ns3:cad>81.0</ns3:cad>
						<ns3:hr>150</ns3:hr>
					</ns3:TrackPointExtension>
				</extensions>
			</trkpt>
			<trkpt lat="12.98294116" lon="77.69116518">
				<ele>893.82</ele>
				<time>2026-07-28T15:59:21Z</time>
				<extensions>
					<ns3:TrackPointExtension>
						<ns3:speed>1.91</ns3:speed>
						<ns3:cad>81.0</ns3:cad>
						<ns3:hr>150</ns3:hr>
					</ns3:TrackPointExtension>
				</extensions>
			</trkpt>
			<trkpt lat="12.98295849" lon="77.69117117">
				<ele>893.82</ele>
				<time>2026-07-28T15:59:22Z</time>
				<extensions>
					<ns3:TrackPointExtension>
						<ns3:speed>1.91</ns3:speed>
						<ns3:cad>81.0</ns3:cad>
						<ns3:hr>151</ns3:hr>
					</ns3:TrackPointExtension>
				</extensions>
			</trkpt>
			<trkpt lat="12.98297548" lon="77.6911775">
				<ele>893.82</ele>
				<time>2026-07-28T15:59:23Z</time>
				<extensions>
					<ns3:TrackPointExtension>
						<ns3:speed>1.91</ns3:speed>
						<ns3:cad>81.0</ns3:cad>
						<ns3:hr>150</ns3:hr>
					</ns3:TrackPointExtension>
				</extensions>
			</trkpt>
			<trkpt lat="12.98299247" lon="77.69118349">
				<ele>893.82</ele>
				<time>2026-07-28T15:59:24Z</time>
				<extensions>
					<ns3:TrackPointExtension>
						<ns3:speed>1.91</ns3:speed>
						<ns3:cad>81.0</ns3:cad>
						<ns3:hr>150</ns3:hr>
					</ns3:TrackPointExtension>
				</extensions>
			</trkpt>
			<trkpt lat="12.98300913" lon="77.69118948">
				<ele>893.82</ele>
				<time>2026-07-28T15:59:25Z</time>
				<extensions>
					<ns3:TrackPointExtension>
						<ns3:speed>1.91</ns3:speed>
						<ns3:cad>81.0</ns3:cad>
						<ns3:hr>150</ns3:hr>
					</ns3:TrackPointExtension>
				</extensions>
			</trkpt>
			<trkpt lat="12.98302679" lon="77.69119448">
				<ele>893.61</ele>
				<time>2026-07-28T15:59:26Z</time>
				<extensions>
					<ns3:TrackPointExtension>
						<ns3:speed>1.91</ns3:speed>
						<ns3:cad>81.0</ns3:cad>
						<ns3:hr>150</ns3:hr>
					</ns3:TrackPointExtension>
				</extensions>
			</trkpt>
			<trkpt lat="12.98304378" lon="77.69119947">
				<ele>893.61</ele>
				<time>2026-07-28T15:59:27Z</time>
				<extensions>
					<ns3:TrackPointExtension>
						<ns3:speed>1.9</ns3:speed>
						<ns3:cad>81.0</ns3:cad>
						<ns3:hr>150</ns3:hr>
					</ns3:TrackPointExtension>
				</extensions>
			</trkpt>
			<trkpt lat="12.98306144" lon="77.69120447">
				<ele>893.61</ele>
				<time>2026-07-28T15:59:28Z</time>
				<extensions>
					<ns3:TrackPointExtension>
						<ns3:hr>150</ns3:hr>
					</ns3:TrackPointExtension>
				</extensions>
			</trkpt>
			<trkpt lat="12.9830801" lon="77.69120947">
				<ele>893.61</ele>
				<time>2026-07-28T15:59:29Z</time>
				<extensions>
					<ns3:TrackPointExtension>
						<ns3:speed>1.9</ns3:speed>
						<ns3:cad>80.0</ns3:cad>
					</ns3:TrackPointExtension>
				</extensions>
			</trkpt>
			<trkpt lat="12.98309776" lon="77.69121413">
				<ele>893.6</ele>
				<time>2026-07-28T15:59:30Z</time>
				<extensions>
					<ns3:TrackPointExtension>
						<ns3:speed>1.9</ns3:speed>
						<ns3:cad>80.0</ns3:cad>
						<ns3:hr>150</ns3:hr>
					</ns3:TrackPointExtension>
				</extensions>
			</trkpt>
			<trkpt lat="12.98311642" lon="77.69121946">
				<ele>893.59</ele>
				<time>2026-07-28T15:59:31Z</time>
				<extensions>
					<ns3:TrackPointExtension>
						<ns3:speed>1.9</ns3:speed>
						<ns3:cad>80.0</ns3:cad>
						<ns3:hr>150</ns3:hr>
					</ns3:TrackPointExtension>
				</extensions>
			</trkpt>
			<trkpt lat="12.98313508" lon="77.69122446">
				<ele>893.58</ele>
				<time>2026-07-28T15:59:32Z</time>
				<extensions>
					<ns3:TrackPointExtension>
						<ns3:speed>1.91</ns3:speed>
						<ns3:cad>81.0</ns3:cad>
						<ns3:hr>150</ns3:hr>
					</ns3:TrackPointExtension>
				</extensions>
			</trkpt>
			<trkpt lat="12.98315407" lon="77.69122812">
				<ele>893.57</ele>
				<time>2026-07-28T15:59:33Z</time>
				<extensions>
					<ns3:TrackPointExtension>
						<ns3:speed>1.91</ns3:speed>
						<ns3:cad>81.0</ns3:cad>
						<ns3:hr>150</ns3:hr>
					</ns3:TrackPointExtension>
				</extensions>
			</trkpt>
			<trkpt lat="12.98317373" lon="77.69123178">
				<ele>893.56</ele>
				<time>2026-07-28T15:59:34Z</time>
				<extensions>
					<ns3:TrackPointExtension>
						<ns3:speed>1.91</ns3:speed>
						<ns3:cad>81.0</ns3:cad>
						<ns3:hr>150</ns3:hr>
					</ns3:TrackPointExtension>
				</extensions>
			</trkpt>
			<trkpt lat="12.98319406" lon="77.69123444">
				<ele>893.56</ele>
				<time>2026-07-28T15:59:35Z</time>
				<extensions>
					<ns3:TrackPointExtension>
						<ns3:speed>1.92</ns3:speed>
						<ns3:cad>81.0</ns3:cad>
						<ns3:hr>150</ns3:hr>
					</ns3:TrackPointExtension>
				</extensions>
			</trkpt>
			<trkpt lat="12.98321372" lon="77.6912371">
				<ele>893.56</ele>
				<time>2026-07-28T15:59:36Z</time>
				<extensions>
					<ns3:TrackPointExtension>
						<ns3:speed>1.93</ns3:speed>
						<ns3:cad>81.0</ns3:cad>
						<ns3:hr>150</ns3:hr>
					</ns3:TrackPointExtension>
				</extensions>
			</trkpt>
			<trkpt lat="12.98323171" lon="77.69124043">
				<ele>893.56</ele>
				<time>2026-07-28T15:59:37Z</time>
				<extensions>
					<ns3:TrackPointExtension>
						<ns3:speed>1.94</ns3:speed>
						<ns3:cad>81.0</ns3:cad>
						<ns3:hr>151</ns3:hr>
					</ns3:TrackPointExtension>
				</extensions>
			</trkpt>
			<trkpt lat="12.98325104" lon="77.69124409">
				<ele>893.56</ele>
				<time>2026-07-28T15:59:38Z</time>
				<extensions>
					<ns3:TrackPointExtension>
						<ns3:speed>1.94</ns3:speed>
						<ns3:cad>81.0</ns3:cad>
						<ns3:hr>153</ns3:hr>
					</ns3:TrackPointExtension>
				</extensions>
			</trkpt>
			<trkpt lat="12.9832697" lon="77.69124875">
				<ele>893.57</ele>
				<time>2026-07-28T15:59:39Z</time>
				<extensions>
					<ns3:TrackPointExtension>
						<ns3:speed>1.95</ns3:speed>
						<ns3:cad>81.0</ns3:cad>
						<ns3:hr>153</ns3:hr>
					</ns3:TrackPointExtension>
				</extensions>
			</trkpt>
			<trkpt lat="12.9832897" lon="77.69125275">
				<ele>893.58</ele>
				<time>2026-07-28T15:59:40Z</time>
				<extensions>
					<ns3:TrackPointExtension>
						<ns3:speed>1.96</ns3:speed>
						<ns3:cad>81.0</ns3:cad>
						<ns3:hr>154</ns3:hr>
					</ns3:TrackPointExtension>
				</extensions>
			</trkpt>
			<trkpt lat="12.98330903" lon="77.69125708">
				<ele>893.58</ele>
				<time>2026-07-28T15:59:41Z</time>
				<extensions>
					<ns3:TrackPointExtension>
						<ns3:speed>1.97</ns3:speed>
						<ns3:cad>80.0</ns3:cad>
						<ns3:hr>154</ns3:hr>
					</ns3:TrackPointExtension>
				</extensions>
			</trkpt>
			<trkpt lat="12.98332769" lon="77.69126074">
				<ele>893.59</ele>
				<time>2026-07-28T15:59:42Z</time>
				<extensions>
					<ns3:TrackPointExtension>
						<ns3:speed>1.97</ns3:speed>
						<ns3:cad>80.0</ns3:cad>
						<ns3:hr>154</ns3:hr>
					</ns3:TrackPointExtension>
				</extensions>
			</trkpt>
			<trkpt lat="12.98334635" lon="77.69126507">
				<ele>893.6</ele>
				<time>2026-07-28T15:59:43Z</time>
				<extensions>
					<ns3:TrackPointExtension>
						<ns3:speed>1.98</ns3:speed>
						<ns3:cad>80.0</ns3:cad>
						<ns3:hr>154</ns3:hr>
					</ns3:TrackPointExtension>
				</extensions>
			</trkpt>
			<trkpt lat="12.98336501" lon="77.69126907">
				<ele>893.61</ele>
				<time>2026-07-28T15:59:44Z</time>
				<extensions>
					<ns3:TrackPointExtension>
						<ns3:speed>1.98</ns3:speed>
						<ns3:cad>80.0</ns3:cad>
						<ns3:hr>152</ns3:hr>
					</ns3:TrackPointExtension>
				</extensions>
			</trkpt>
			<trkpt lat="12.983384" lon="77.69127307">
				<ele>893.62</ele>
				<time>2026-07-28T15:59:45Z</time>
				<extensions>
					<ns3:TrackPointExtension>
						<ns3:speed>1.99</ns3:speed>
						<ns3:cad>80.0</ns3:cad>
						<ns3:hr>152</ns3:hr>
					</ns3:TrackPointExtension>
				</extensions>
			</trkpt>
			<trkpt lat="12.98340299" lon="77.69127573">
				<ele>893.64</ele>
				<time>2026-07-28T15:59:46Z</time>
				<extensions>
					<ns3:TrackPointExtension>
						<ns3:speed>2.0</ns3:speed>
						<ns3:cad>81.0</ns3:cad>
						<ns3:hr>152</ns3:hr>
					</ns3:TrackPointExtension>
				</extensions>
			</trkpt>
			<trkpt lat="12.98342232" lon="77.69127873">
				<ele>893.65</ele>
				<time>2026-07-28T15:59:47Z</time>
				<extensions>
					<ns3:TrackPointExtension>
						<ns3:speed>2.0</ns3:speed>
						<ns3:cad>81.0</ns3:cad>
						<ns3:hr>152</ns3:hr>
					</ns3:TrackPointExtension>
				</extensions>
			</trkpt>
			<trkpt lat="12.98344098" lon="77.69128206">
				<ele>893.66</ele>
				<time>2026-07-28T15:59:48Z</time>
				<extensions>
					<ns3:TrackPointExtension>
						<ns3:speed>2.0</ns3:speed>
						<ns3:cad>81.0</ns3:cad>
						<ns3:hr>151</ns3:hr>
					</ns3:TrackPointExtension>
				</extensions>
			</trkpt>
			<trkpt lat="12.98345831" lon="77.69128472">
				<ele>893.67</ele>
				<time>2026-07-28T15:59:49Z</time>
				<extensions>
					<ns3:TrackPointExtension>
						<ns3:speed>2.0</ns3:speed>
						<ns3:cad>81.0</ns3:cad>
						<ns3:hr>150</ns3:hr>
					</ns3:TrackPointExtension>
				</extensions>
			</trkpt>
			<trkpt lat="12.9834753" lon="77.69128738">
				<ele>893.68</ele>
				<time>2026-07-28T15:59:50Z</time>
				<extensions>
					<ns3:TrackPointExtension>
						<ns3:speed>2.0</ns3:speed>
						<ns3:cad>80.0</ns3:cad>
						<ns3:hr>150</ns3:hr>
					</ns3:TrackPointExtension>
				</extensions>
			</trkpt>
			<trkpt lat="12.98349229" lon="77.69129104">
				<ele>893.68</ele>
				<time>2026-07-28T15:59:51Z</time>
				<extensions>
					<ns3:TrackPointExtension>
						<ns3:speed>2.0</ns3:speed>
						<ns3:cad>80.0</ns3:cad>
						<ns3:hr>150</ns3:hr>
					</ns3:TrackPointExtension>
				</extensions>
			</trkpt>
			<trkpt lat="12.98350928" lon="77.6912947">
				<ele>893.69</ele>
				<time>2026-07-28T15:59:52Z</time>
				<extensions>
					<ns3:TrackPointExtension>
						<ns3:speed>1.99</ns3:speed>
						<ns3:cad>80.0</ns3:cad>
						<ns3:hr>150</ns3:hr>
					</ns3:TrackPointExtension>
				</extensions>
			</trkpt>
			<trkpt lat="12.98352528" lon="77.69129836">
				<ele>893.7</ele>
				<time>2026-07-28T15:59:53Z</time>
				<extensions>
					<ns3:TrackPointExtension>
						<ns3:speed>1.97</ns3:speed>
						<ns3:cad>80.0</ns3:cad>
						<ns3:hr>150</ns3:hr>
					</ns3:TrackPointExtension>
				</extensions>
			</trkpt>
			<trkpt lat="12.98354061" lon="77.69130102">
				<ele>893.71</ele>
				<time>2026-07-28T15:59:54Z</time>
				<extensions>
					<ns3:TrackPointExtension>
						<ns3:speed>1.96</ns3:speed>
						<ns3:cad>80.0</ns3:cad>
						<ns3:hr>150</ns3:hr>
					</ns3:TrackPointExtension>
				</extensions>
			</trkpt>
			<trkpt lat="12.98355594" lon="77.69130335">
				<ele>893.71</ele>
				<time>2026-07-28T15:59:55Z</time>
				<extensions>
					<ns3:TrackPointExtension>
						<ns3:speed>1.95</ns3:speed>
						<ns3:cad>81.0</ns3:cad>
						<ns3:hr>150</ns3:hr>
					</ns3:TrackPointExtension>
				</extensions>
			</trkpt>
			<trkpt lat="12.98357194" lon="77.69130601">
				<ele>893.72</ele>
				<time>2026-07-28T15:59:56Z</time>
				<extensions>
					<ns3:TrackPointExtension>
						<ns3:speed>1.93</ns3:speed>
						<ns3:cad>81.0</ns3:cad>
						<ns3:hr>149</ns3:hr>
					</ns3:TrackPointExtension>
				</extensions>
			</trkpt>
			<trkpt lat="12.9835876" lon="77.69130967">
				<ele>893.74</ele>
				<time>2026-07-28T15:59:57Z</time>
				<extensions>
					<ns3:TrackPointExtension>
						<ns3:speed>1.91</ns3:speed>
						<ns3:cad>82.0</ns3:cad>
						<ns3:hr>149</ns3:hr>
					</ns3:TrackPointExtension>
				</extensions>
			</trkpt>
			<trkpt lat="12.98360293" lon="77.69131433">
				<ele>893.74</ele>
				<time>2026-07-28T15:59:58Z</time>
				<extensions>
					<ns3:TrackPointExtension>
						<ns3:speed>1.9</ns3:speed>
						<ns3:cad>82.0</ns3:cad>
						<ns3:hr>149</ns3:hr>
					</ns3:TrackPointExtension>
				</extensions>
			</trkpt>
			<trkpt lat="12.98361793" lon="77.69132066">
				<ele>893.75</ele>
				<time>2026-07-28T15:59:59Z</time>
				<extensions>
					<ns3:TrackPointExtension>
						<ns3:speed>1.89</ns3:speed>
						<ns3:cad>81.0</ns3:cad>
						<ns3:hr>149</ns3:hr>
					</ns3:TrackPointExtension>
				</extensions>
			</trkpt>
			<trkpt lat="12.98363192" lon="77.69132865">
				<ele>893.76</ele>
				<time>2026-07-28T16:00:00Z</time>
				<extensions>
					<ns3:TrackPointExtension>
						<ns3:speed>1.87</ns3:speed>
						<ns3:cad>81.0</ns3:cad>
						<ns3:hr>149</ns3:hr>
					</ns3:TrackPointExtension>
				</extensions>
			</trkpt>
			<trkpt lat="12.98364292" lon="77.69133898">
				<ele>893.76</ele>
				<time>2026-07-28T16:00:01Z</time>
				<extensions>
					<ns3:TrackPointExtension>
						<ns3:speed>1.86</ns3:speed>
						<ns3:cad>81.0</ns3:cad>
						<ns3:hr>149</ns3:hr>
					</ns3:TrackPointExtension>
				</extensions>
			</trkpt>
			<trkpt lat="12.98364958" lon="77.69135198">
				<ele>893.78</ele>
				<time>2026-07-28T16:00:02Z</time>
				<extensions>
					<ns3:TrackPointExtension>
						<ns3:speed>1.86</ns3:speed>
						<ns3:cad>81.0</ns3:cad>
						<ns3:hr>149</ns3:hr>
					</ns3:TrackPointExtension>
				</extensions>
			</trkpt>
			<trkpt lat="12.98365191" lon="77.69136664">
				<ele>893.78</ele>
				<time>2026-07-28T16:00:03Z</time>
				<extensions>
					<ns3:TrackPointExtension>
						<ns3:speed>1.85</ns3:speed>
						<ns3:cad>81.0</ns3:cad>
						<ns3:hr>149</ns3:hr>
					</ns3:TrackPointExtension>
				</extensions>
			</trkpt>
			<trkpt lat="12.98365158" lon="77.6913813">
				<ele>893.79</ele>
				<time>2026-07-28T16:00:04Z</time>
				<extensions>
					<ns3:TrackPointExtension>
						<ns3:speed>1.84</ns3:speed>
						<ns3:cad>81.0</ns3:cad>
						<ns3:hr>149</ns3:hr>
					</ns3:TrackPointExtension>
				</extensions>
			</trkpt>
			<trkpt lat="12.98364992" lon="77.69139696">
				<ele>893.81</ele>
				<time>2026-07-28T16:00:05Z</time>
				<extensions>
					<ns3:TrackPointExtension>
						<ns3:speed>1.84</ns3:speed>
						<ns3:cad>81.0</ns3:cad>
						<ns3:hr>149</ns3:hr>
					</ns3:TrackPointExtension>
				</extensions>
			</trkpt>
			<trkpt lat="12.98364792" lon="77.69141195">
				<ele>893.82</ele>
				<time>2026-07-28T16:00:06Z</time>
				<extensions>
					<ns3:TrackPointExtension>
						<ns3:speed>1.83</ns3:speed>
						<ns3:cad>81.0</ns3:cad>
						<ns3:hr>149</ns3:hr>
					</ns3:TrackPointExtension>
				</extensions>
			</trkpt>
			<trkpt lat="12.98364392" lon="77.69142795">
				<ele>893.84</ele>
				<time>2026-07-28T16:00:07Z</time>
				<extensions>
					<ns3:TrackPointExtension>
						<ns3:speed>1.83</ns3:speed>
						<ns3:cad>81.0</ns3:cad>
						<ns3:hr>149</ns3:hr>
					</ns3:TrackPointExtension>
				</extensions>
			</trkpt>
			<trkpt lat="12.98363926" lon="77.69144328">
				<ele>893.56</ele>
				<time>2026-07-28T16:00:08Z</time>
				<extensions>
					<ns3:TrackPointExtension>
						<ns3:speed>1.82</ns3:speed>
						<ns3:cad>81.0</ns3:cad>
						<ns3:hr>148</ns3:hr>
					</ns3:TrackPointExtension>
				</extensions>
			</trkpt>
			<trkpt lat="12.9836346" lon="77.69145861">
				<ele>893.57</ele>
				<time>2026-07-28T16:00:09Z</time>
				<extensions>
					<ns3:TrackPointExtension>
						<ns3:speed>1.81</ns3:speed>
						<ns3:cad>81.0</ns3:cad>
						<ns3:hr>148</ns3:hr>
					</ns3:TrackPointExtension>
				</extensions>
			</trkpt>
			<trkpt lat="12.98362994" lon="77.69147394">
				<ele>893.59</ele>
				<time>2026-07-28T16:00:10Z</time>
				<extensions>
					<ns3:TrackPointExtension>
						<ns3:speed>1.81</ns3:speed>
						<ns3:cad>81.0</ns3:cad>
						<ns3:hr>147</ns3:hr>
					</ns3:TrackPointExtension>
				</extensions>
			</trkpt>
			<trkpt lat="12.98362428" lon="77.69148827">
				<ele>893.6</ele>
				<time>2026-07-28T16:00:11Z</time>
				<extensions>
					<ns3:TrackPointExtension>
						<ns3:speed>1.8</ns3:speed>
						<ns3:cad>81.0</ns3:cad>
						<ns3:hr>147</ns3:hr>
					</ns3:TrackPointExtension>
				</extensions>
			</trkpt>
			<trkpt lat="12.98361895" lon="77.6915036">
				<ele>893.61</ele>
				<time>2026-07-28T16:00:12Z</time>
				<extensions>
					<ns3:TrackPointExtension>
						<ns3:speed>1.8</ns3:speed>
						<ns3:cad>81.0</ns3:cad>
						<ns3:hr>147</ns3:hr>
					</ns3:TrackPointExtension>
				</extensions>
			</trkpt>
			<trkpt lat="12.98361529" lon="77.69151959">
				<ele>893.62</ele>
				<time>2026-07-28T16:00:13Z</time>
				<extensions>
					<ns3:TrackPointExtension>
						<ns3:speed>1.8</ns3:speed>
						<ns3:cad>81.0</ns3:cad>
						<ns3:hr>147</ns3:hr>
					</ns3:TrackPointExtension>
				</extensions>
			</trkpt>
			<trkpt lat="12.98361096" lon="77.69153492">
				<ele>893.63</ele>
				<time>2026-07-28T16:00:14Z</time>
				<extensions>
					<ns3:TrackPointExtension>
						<ns3:speed>1.79</ns3:speed>
						<ns3:cad>81.0</ns3:cad>
						<ns3:hr>147</ns3:hr>
					</ns3:TrackPointExtension>
				</extensions>
			</trkpt>
			<trkpt lat="12.98360496" lon="77.69155092">
				<ele>893.63</ele>
				<time>2026-07-28T16:00:15Z</time>
				<extensions>
					<ns3:TrackPointExtension>
						<ns3:speed>1.8</ns3:speed>
						<ns3:cad>80.0</ns3:cad>
						<ns3:hr>146</ns3:hr>
					</ns3:TrackPointExtension>
				</extensions>
			</trkpt>
			<trkpt lat="12.98359863" lon="77.69156725">
				<ele>893.64</ele>
				<time>2026-07-28T16:00:16Z</time>
				<extensions>
					<ns3:TrackPointExtension>
						<ns3:speed>1.8</ns3:speed>
						<ns3:cad>80.0</ns3:cad>
						<ns3:hr>144</ns3:hr>
					</ns3:TrackPointExtension>
				</extensions>
			</trkpt>
			<trkpt lat="12.98359163" lon="77.69158391">
				<ele>893.64</ele>
				<time>2026-07-28T16:00:17Z</time>
				<extensions>
					<ns3:TrackPointExtension>
						<ns3:speed>1.81</ns3:speed>
						<ns3:cad>80.0</ns3:cad>
						<ns3:hr>144</ns3:hr>
					</ns3:TrackPointExtension>
				</extensions>
			</trkpt>
			<trkpt lat="12.98358597" lon="77.6916009">
				<ele>893.65</ele>
				<time>2026-07-28T16:00:18Z</time>
				<extensions>
					<ns3:TrackPointExtension>
						<ns3:speed>1.82</ns3:speed>
						<ns3:cad>80.0</ns3:cad>
						<ns3:hr>144</ns3:hr>
					</ns3:TrackPointExtension>
				</extensions>
			</trkpt>
			<trkpt lat="12.98358131" lon="77.69161756">
				<ele>893.65</ele>
				<time>2026-07-28T16:00:19Z</time>
				<extensions>
					<ns3:TrackPointExtension>
						<ns3:speed>1.83</ns3:speed>
						<ns3:cad>80.0</ns3:cad>
						<ns3:hr>145</ns3:hr>
					</ns3:TrackPointExtension>
				</extensions>
			</trkpt>
			<trkpt lat="12.98357665" lon="77.69163455">
				<ele>893.65</ele>
				<time>2026-07-28T16:00:20Z</time>
				<extensions>
					<ns3:TrackPointExtension>
						<ns3:speed>1.84</ns3:speed>
						<ns3:cad>81.0</ns3:cad>
						<ns3:hr>145</ns3:hr>
					</ns3:TrackPointExtension>
				</extensions>
			</trkpt>
			<trkpt lat="12.98357099" lon="77.69165154">
				<ele>893.64</ele>
				<time>2026-07-28T16:00:21Z</time>
				<extensions>
					<ns3:TrackPointExtension>
						<ns3:speed>1.84</ns3:speed>
						<ns3:cad>81.0</ns3:cad>
						<ns3:hr>146</ns3:hr>
					</ns3:TrackPointExtension>
				</extensions>
			</trkpt>
			<trkpt lat="12.98356433" lon="77.69166887">
				<ele>893.62</ele>
				<time>2026-07-28T16:00:22Z</time>
				<extensions>
					<ns3:TrackPointExtension>
						<ns3:speed>1.84</ns3:speed>
						<ns3:cad>81.0</ns3:cad>
						<ns3:hr>146</ns3:hr>
					</ns3:TrackPointExtension>
				</extensions>
			</trkpt>
			<trkpt lat="12.98355634" lon="77.69168586">
				<ele>893.6</ele>
				<time>2026-07-28T16:00:23Z</time>
				<extensions>
					<ns3:TrackPointExtension>
						<ns3:speed>1.85</ns3:speed>
						<ns3:cad>81.0</ns3:cad>
						<ns3:hr>147</ns3:hr>
					</ns3:TrackPointExtension>
				</extensions>
			</trkpt>
			<trkpt lat="12.98354435" lon="77.69170285">
				<ele>893.58</ele>
				<time>2026-07-28T16:00:24Z</time>
				<extensions>
					<ns3:TrackPointExtension>
						<ns3:speed>1.85</ns3:speed>
						<ns3:cad>81.0</ns3:cad>
						<ns3:hr>147</ns3:hr>
					</ns3:TrackPointExtension>
				</extensions>
			</trkpt>
			<trkpt lat="12.98352969" lon="77.69171951">
				<ele>893.56</ele>
				<time>2026-07-28T16:00:25Z</time>
				<extensions>
					<ns3:TrackPointExtension>
						<ns3:speed>1.85</ns3:speed>
						<ns3:cad>81.0</ns3:cad>
						<ns3:hr>147</ns3:hr>
					</ns3:TrackPointExtension>
				</extensions>
			</trkpt>
			<trkpt lat="12.98351569" lon="77.6917365">
				<ele>893.53</ele>
				<time>2026-07-28T16:00:26Z</time>
				<extensions>
					<ns3:TrackPointExtension>
						<ns3:speed>1.85</ns3:speed>
						<ns3:cad>81.0</ns3:cad>
						<ns3:hr>148</ns3:hr>
					</ns3:TrackPointExtension>
				</extensions>
			</trkpt>
			<trkpt lat="12.9835027" lon="77.69175316">
				<ele>893.5</ele>
				<time>2026-07-28T16:00:27Z</time>
				<extensions>
					<ns3:TrackPointExtension>
						<ns3:speed>1.85</ns3:speed>
						<ns3:cad>81.0</ns3:cad>
						<ns3:hr>148</ns3:hr>
					</ns3:TrackPointExtension>
				</extensions>
			</trkpt>
			<trkpt lat="12.98348804" lon="77.69176782">
				<ele>893.48</ele>
				<time>2026-07-28T16:00:28Z</time>
				<extensions>
					<ns3:TrackPointExtension>
						<ns3:speed>1.86</ns3:speed>
						<ns3:cad>80.0</ns3:cad>
						<ns3:hr>149</ns3:hr>
					</ns3:TrackPointExtension>
				</extensions>
			</trkpt>
			<trkpt lat="12.98347271" lon="77.69178081">
				<ele>893.46</ele>
				<time>2026-07-28T16:00:29Z</time>
				<extensions>
					<ns3:TrackPointExtension>
						<ns3:speed>1.87</ns3:speed>
						<ns3:cad>80.0</ns3:cad>
						<ns3:hr>150</ns3:hr>
					</ns3:TrackPointExtension>
				</extensions>
			</trkpt>
			<trkpt lat="12.98345671" lon="77.69179314">
				<ele>893.45</ele>
				<time>2026-07-28T16:00:30Z</time>
				<extensions>
					<ns3:TrackPointExtension>
						<ns3:speed>1.88</ns3:speed>
						<ns3:cad>79.0</ns3:cad>
						<ns3:hr>150</ns3:hr>
					</ns3:TrackPointExtension>
				</extensions>
			</trkpt>
			<trkpt lat="12.98344038" lon="77.69180314">
				<ele>893.44</ele>
				<time>2026-07-28T16:00:31Z</time>
				<extensions>
					<ns3:TrackPointExtension>
						<ns3:speed>1.89</ns3:speed>
						<ns3:cad>79.0</ns3:cad>
						<ns3:hr>150</ns3:hr>
					</ns3:TrackPointExtension>
				</extensions>
			</trkpt>
			<trkpt lat="12.98342405" lon="77.6918118">
				<ele>893.43</ele>
				<time>2026-07-28T16:00:32Z</time>
				<extensions>
					<ns3:TrackPointExtension>
						<ns3:speed>1.9</ns3:speed>
						<ns3:cad>79.0</ns3:cad>
						<ns3:hr>149</ns3:hr>
					</ns3:TrackPointExtension>
				</extensions>
			</trkpt>
			<trkpt lat="12.98340739" lon="77.69181846">
				<ele>893.43</ele>
				<time>2026-07-28T16:00:33Z</time>
				<extensions>
					<ns3:TrackPointExtension>
						<ns3:speed>1.9</ns3:speed>
						<ns3:cad>79.0</ns3:cad>
						<ns3:hr>149</ns3:hr>
					</ns3:TrackPointExtension>
				</extensions>
			</trkpt>
			<trkpt lat="12.98339073" lon="77.69182479">
				<ele>893.42</ele>
				<time>2026-07-28T16:00:34Z</time>
				<extensions>
					<ns3:TrackPointExtension>
						<ns3:speed>1.91</ns3:speed>
						<ns3:cad>80.0</ns3:cad>
						<ns3:hr>149</ns3:hr>
					</ns3:TrackPointExtension>
				</extensions>
			</trkpt>
			<trkpt lat="12.98337474" lon="77.69183212">
				<ele>893.42</ele>
				<time>2026-07-28T16:00:35Z</time>
				<extensions>
					<ns3:TrackPointExtension>
						<ns3:speed>1.91</ns3:speed>
						<ns3:cad>81.0</ns3:cad>
						<ns3:hr>149</ns3:hr>
					</ns3:TrackPointExtension>
				</extensions>
			</trkpt>
			<trkpt lat="12.98335941" lon="77.69183911">
				<ele>893.42</ele>
				<time>2026-07-28T16:00:36Z</time>
				<extensions>
					<ns3:TrackPointExtension>
						<ns3:speed>1.92</ns3:speed>
						<ns3:cad>82.0</ns3:cad>
						<ns3:hr>148</ns3:hr>
					</ns3:TrackPointExtension>
				</extensions>
			</trkpt>
			<trkpt lat="12.98334341" lon="77.69184477">
				<ele>893.42</ele>
				<time>2026-07-28T16:00:37Z</time>
				<extensions>
					<ns3:TrackPointExtension>
						<ns3:speed>1.93</ns3:speed>
						<ns3:cad>82.0</ns3:cad>
						<ns3:hr>148</ns3:hr>
					</ns3:TrackPointExtension>
				</extensions>
			</trkpt>
			<trkpt lat="12.98332708" lon="77.69184943">
				<ele>893.42</ele>
				<time>2026-07-28T16:00:38Z</time>
				<extensions>
					<ns3:TrackPointExtension>
						<ns3:speed>1.92</ns3:speed>
						<ns3:cad>82.0</ns3:cad>
						<ns3:hr>147</ns3:hr>
					</ns3:TrackPointExtension>
				</extensions>
			</trkpt>
			<trkpt lat="12.98331075" lon="77.69185343">
				<ele>893.42</ele>
				<time>2026-07-28T16:00:39Z</time>
				<extensions>
					<ns3:TrackPointExtension>
						<ns3:speed>1.92</ns3:speed>
						<ns3:cad>82.0</ns3:cad>
						<ns3:hr>146</ns3:hr>
					</ns3:TrackPointExtension>
				</extensions>
			</trkpt>
			<trkpt lat="12.98329376" lon="77.69185676">
				<ele>893.43</ele>
				<time>2026-07-28T16:00:40Z</time>
				<extensions>
					<ns3:TrackPointExtension>
						<ns3:speed>1.93</ns3:speed>
						<ns3:cad>81.0</ns3:cad>
						<ns3:hr>146</ns3:hr>
					</ns3:TrackPointExtension>
				</extensions>
			</trkpt>
			<trkpt lat="12.98327743" lon="77.69186209">
				<ele>893.43</ele>
				<time>2026-07-28T16:00:41Z</time>
				<extensions>
					<ns3:TrackPointExtension>
						<ns3:speed>1.92</ns3:speed>
						<ns3:cad>81.0</ns3:cad>
						<ns3:hr>146</ns3:hr>
					</ns3:TrackPointExtension>
				</extensions>
			</trkpt>
			<trkpt lat="12.98326144" lon="77.69186775">
				<ele>893.43</ele>
				<time>2026-07-28T16:00:42Z</time>
				<extensions>
					<ns3:TrackPointExtension>
						<ns3:speed>1.92</ns3:speed>
						<ns3:cad>81.0</ns3:cad>
						<ns3:hr>146</ns3:hr>
					</ns3:TrackPointExtension>
				</extensions>
			</trkpt>
			<trkpt lat="12.98324478" lon="77.69187341">
				<ele>893.43</ele>
				<time>2026-07-28T16:00:43Z</time>
				<extensions>
					<ns3:TrackPointExtension>
						<ns3:speed>1.92</ns3:speed>
						<ns3:cad>81.0</ns3:cad>
						<ns3:hr>146</ns3:hr>
					</ns3:TrackPointExtension>
				</extensions>
			</trkpt>
			<trkpt lat="12.98322712" lon="77.69187907">
				<ele>893.44</ele>
				<time>2026-07-28T16:00:44Z</time>
				<extensions>
					<ns3:TrackPointExtension>
						<ns3:speed>1.92</ns3:speed>
						<ns3:cad>81.0</ns3:cad>
						<ns3:hr>147</ns3:hr>
					</ns3:TrackPointExtension>
				</extensions>
			</trkpt>
			<trkpt lat="12.98321013" lon="77.69188473">
				<ele>893.44</ele>
				<time>2026-07-28T16:00:45Z</time>
				<extensions>
					<ns3:TrackPointExtension>
						<ns3:speed>1.92</ns3:speed>
						<ns3:cad>81.0</ns3:cad>
						<ns3:hr>148</ns3:hr>
					</ns3:TrackPointExtension>
				</extensions>
			</trkpt>
			<trkpt lat="12.98319413" lon="77.69189206">
				<ele>893.44</ele>
				<time>2026-07-28T16:00:46Z</time>
				<extensions>
					<ns3:TrackPointExtension>
						<ns3:speed>1.92</ns3:speed>
						<ns3:cad>81.0</ns3:cad>
						<ns3:hr>148</ns3:hr>
					</ns3:TrackPointExtension>
				</extensions>
			</trkpt>
			<trkpt lat="12.9831808" lon="77.69190239">
				<ele>893.44</ele>
				<time>2026-07-28T16:00:47Z</time>
				<extensions>
					<ns3:TrackPointExtension>
						<ns3:speed>1.91</ns3:speed>
						<ns3:cad>81.0</ns3:cad>
						<ns3:hr>148</ns3:hr>
					</ns3:TrackPointExtension>
				</extensions>
			</trkpt>
			<trkpt lat="12.98316847" lon="77.69191872">
				<ele>893.43</ele>
				<time>2026-07-28T16:00:48Z</time>
				<extensions>
					<ns3:TrackPointExtension>
						<ns3:speed>1.91</ns3:speed>
						<ns3:cad>81.0</ns3:cad>
						<ns3:hr>147</ns3:hr>
					</ns3:TrackPointExtension>
				</extensions>
			</trkpt>
			<trkpt lat="12.98315814" lon="77.69193571">
				<ele>893.43</ele>
				<time>2026-07-28T16:00:49Z</time>
				<extensions>
					<ns3:TrackPointExtension>
						<ns3:speed>1.91</ns3:speed>
						<ns3:cad>81.0</ns3:cad>
						<ns3:hr>148</ns3:hr>
					</ns3:TrackPointExtension>
				</extensions>
			</trkpt>
			<trkpt lat="12.98314881" lon="77.69195337">
				<ele>893.42</ele>
				<time>2026-07-28T16:00:50Z</time>
				<extensions>
					<ns3:TrackPointExtension>
						<ns3:speed>1.91</ns3:speed>
						<ns3:cad>80.0</ns3:cad>
						<ns3:hr>149</ns3:hr>
					</ns3:TrackPointExtension>
				</extensions>
			</trkpt>
			<trkpt lat="12.98313982" lon="77.6919707">
				<ele>893.41</ele>
				<time>2026-07-28T16:00:51Z</time>
				<extensions>
					<ns3:TrackPointExtension>
						<ns3:speed>1.91</ns3:speed>
						<ns3:cad>80.0</ns3:cad>
						<ns3:hr>149</ns3:hr>
					</ns3:TrackPointExtension>
				</extensions>
			</trkpt>
			<trkpt lat="12.98313182" lon="77.69198969">
				<ele>893.4</ele>
				<time>2026-07-28T16:00:52Z</time>
				<extensions>
					<ns3:TrackPointExtension>
						<ns3:speed>1.91</ns3:speed>
						<ns3:cad>80.0</ns3:cad>
						<ns3:hr>149</ns3:hr>
					</ns3:TrackPointExtension>
				</extensions>
			</trkpt>
			<trkpt lat="12.98312416" lon="77.69200702">
				<ele>893.4</ele>
				<time>2026-07-28T16:00:53Z</time>
				<extensions>
					<ns3:TrackPointExtension>
						<ns3:speed>1.93</ns3:speed>
						<ns3:cad>80.0</ns3:cad>
						<ns3:hr>149</ns3:hr>
					</ns3:TrackPointExtension>
				</extensions>
			</trkpt>
			<trkpt lat="12.98311417" lon="77.69202068">
				<ele>893.39</ele>
				<time>2026-07-28T16:00:54Z</time>
				<extensions>
					<ns3:TrackPointExtension>
						<ns3:speed>1.94</ns3:speed>
						<ns3:cad>81.0</ns3:cad>
						<ns3:hr>150</ns3:hr>
					</ns3:TrackPointExtension>
				</extensions>
			</trkpt>
			<trkpt lat="12.98310251" lon="77.69203368">
				<ele>893.39</ele>
				<time>2026-07-28T16:00:55Z</time>
				<extensions>
					<ns3:TrackPointExtension>
					</ns3:TrackPointExtension>
				</extensions>
			</trkpt>
			<trkpt lat="12.98308951" lon="77.69204634">
				<ele>893.38</ele>
				<time>2026-07-28T16:00:56Z</time>
				<extensions>
					<ns3:TrackPointExtension>
						<ns3:speed>1.94</ns3:speed>
						<ns3:cad>81.0</ns3:cad>
						<ns3:hr>150</ns3:hr>
					</ns3:TrackPointExtension>
				</extensions>
			</trkpt>
			<trkpt lat="12.98307285" lon="77.692053">
				<ele>893.38</ele>
				<time>2026-07-28T16:00:57Z</time>
				<extensions>
					<ns3:TrackPointExtension>
						<ns3:speed>1.95</ns3:speed>
						<ns3:cad>82.0</ns3:cad>
						<ns3:hr>150</ns3:hr>
					</ns3:TrackPointExtension>
				</extensions>
			</trkpt>
			<trkpt lat="12.98305619" lon="77.69205966">
				<ele>893.38</ele>
				<time>2026-07-28T16:00:58Z</time>
				<extensions>
					<ns3:TrackPointExtension>
						<ns3:speed>1.95</ns3:speed>
						<ns3:cad>82.0</ns3:cad>
						<ns3:hr>150</ns3:hr>
					</ns3:TrackPointExtension>
				</extensions>
			</trkpt>
			<trkpt lat="12.98303953" lon="77.69206632">
				<ele>893.37</ele>
				<time>2026-07-28T16:00:59Z</time>
				<extensions>
					<ns3:TrackPointExtension>
						<ns3:speed>1.95</ns3:speed>
						<ns3:cad>82.0</ns3:cad>
						<ns3:hr>149</ns3:hr>
					</ns3:TrackPointExtension>
				</extensions>
			</trkpt>
			<trkpt lat="12.98302287" lon="77.69207365">
				<ele>893.37</ele>
				<time>2026-07-28T16:01:00Z</time>
				<extensions>
					<ns3:TrackPointExtension>
						<ns3:speed>1.95</ns3:speed>
						<ns3:cad>81.0</ns3:cad>
						<ns3:hr>150</ns3:hr>
					</ns3:TrackPointExtension>
				</extensions>
			</trkpt>
			<trkpt lat="12.98300688" lon="77.69208064">
				<ele>893.37</ele>
				<time>2026-07-28T16:01:01Z</time>
				<extensions>
					<ns3:TrackPointExtension>
						<ns3:speed>1.96</ns3:speed>
						<ns3:cad>80.0</ns3:cad>
						<ns3:hr>150</ns3:hr>
					</ns3:TrackPointExtension>
				</extensions>
			</trkpt>
			<trkpt lat="12.98299155" lon="77.69208897">
				<ele>893.36</ele>
				<time>2026-07-28T16:01:02Z</time>
				<extensions>
					<ns3:TrackPointExtension>
						<ns3:speed>1.96</ns3:speed>
						<ns3:cad>80.0</ns3:cad>
						<ns3:hr>150</ns3:hr>
					</ns3:TrackPointExtension>
				</extensions>
			</trkpt>
			<trkpt lat="12.98297689" lon="77.69209796">
				<ele>893.36</ele>
				<time>2026-07-28T16:01:03Z</time>
				<extensions>
					<ns3:TrackPointExtension>
						<ns3:speed>1.96</ns3:speed>
						<ns3:cad>80.0</ns3:cad>
						<ns3:hr>150</ns3:hr>
					</ns3:TrackPointExtension>
				</extensions>
			</trkpt>
			<trkpt lat="12.98296256" lon="77.69210729">
				<ele>893.35</ele>
				<time>2026-07-28T16:01:04Z</time>
				<extensions>
					<ns3:TrackPointExtension>
						<ns3:speed>1.96</ns3:speed>
						<ns3:cad>80.0</ns3:cad>
						<ns3:hr>150</ns3:hr>
					</ns3:TrackPointExtension>
				</extensions>
			</trkpt>
			<trkpt lat="12.98294856" lon="77.69211695">
				<ele>893.35</ele>
				<time>2026-07-28T16:01:05Z</time>
				<extensions>
					<ns3:TrackPointExtension>
						<ns3:speed>1.95</ns3:speed>
						<ns3:cad>80.0</ns3:cad>
						<ns3:hr>150</ns3:hr>
					</ns3:TrackPointExtension>
				</extensions>
			</trkpt>
			<trkpt lat="12.98293356" lon="77.69212594">
				<ele>893.35</ele>
				<time>2026-07-28T16:01:06Z</time>
				<extensions>
					<ns3:TrackPointExtension>
						<ns3:speed>1.95</ns3:speed>
						<ns3:cad>81.0</ns3:cad>
						<ns3:hr>148</ns3:hr>
					</ns3:TrackPointExtension>
				</extensions>
			</trkpt>
			<trkpt lat="12.98291823" lon="77.69213494">
				<ele>893.35</ele>
				<time>2026-07-28T16:01:07Z</time>
				<extensions>
					<ns3:TrackPointExtension>
						<ns3:speed>1.95</ns3:speed>
						<ns3:cad>81.0</ns3:cad>
						<ns3:hr>148</ns3:hr>
					</ns3:TrackPointExtension>
				</extensions>
			</trkpt>
			<trkpt lat="12.9829029" lon="77.69214427">
				<ele>893.35</ele>
				<time>2026-07-28T16:01:08Z</time>
				<extensions>
					<ns3:TrackPointExtension>
						<ns3:speed>1.95</ns3:speed>
						<ns3:cad>80.0</ns3:cad>
						<ns3:hr>148</ns3:hr>
					</ns3:TrackPointExtension>
				</extensions>
			</trkpt>
			<trkpt lat="12.98288624" lon="77.69215293">
				<ele>893.35</ele>
				<time>2026-07-28T16:01:09Z</time>
				<extensions>
					<ns3:TrackPointExtension>
						<ns3:speed>1.95</ns3:speed>
						<ns3:cad>80.0</ns3:cad>
						<ns3:hr>148</ns3:hr>
					</ns3:TrackPointExtension>
				</extensions>
			</trkpt>
			<trkpt lat="12.98287024" lon="77.69216159">
				<ele>893.35</ele>
				<time>2026-07-28T16:01:10Z</time>
				<extensions>
					<ns3:TrackPointExtension>
						<ns3:speed>1.95</ns3:speed>
						<ns3:cad>81.0</ns3:cad>
						<ns3:hr>149</ns3:hr>
					</ns3:TrackPointExtension>
				</extensions>
			</trkpt>
			<trkpt lat="12.98285391" lon="77.69216958">
				<ele>893.35</ele>
				<time>2026-07-28T16:01:11Z</time>
				<extensions>
					<ns3:TrackPointExtension>
						<ns3:speed>1.95</ns3:speed>
						<ns3:cad>81.0</ns3:cad>
						<ns3:hr>150</ns3:hr>
					</ns3:TrackPointExtension>
				</extensions>
			</trkpt>
			<trkpt lat="12.98283825" lon="77.69217757">
				<ele>893.35</ele>
				<time>2026-07-28T16:01:12Z</time>
				<extensions>
					<ns3:TrackPointExtension>
						<ns3:speed>1.95</ns3:speed>
						<ns3:cad>82.0</ns3:cad>
						<ns3:hr>150</ns3:hr>
					</ns3:TrackPointExtension>
				</extensions>
			</trkpt>
			<trkpt lat="12.98282359" lon="77.69218723">
				<ele>893.36</ele>
				<time>2026-07-28T16:01:13Z</time>
				<extensions>
					<ns3:TrackPointExtension>
						<ns3:speed>1.95</ns3:speed>
						<ns3:cad>82.0</ns3:cad>
						<ns3:hr>150</ns3:hr>
					</ns3:TrackPointExtension>
				</extensions>
			</trkpt>
			<trkpt lat="12.98280993" lon="77.69219823">
				<ele>893.37</ele>
				<time>2026-07-28T16:01:14Z</time>
				<extensions>
					<ns3:TrackPointExtension>
						<ns3:speed>1.94</ns3:speed>
						<ns3:cad>82.0</ns3:cad>
						<ns3:hr>151</ns3:hr>
					</ns3:TrackPointExtension>
				</extensions>
			</trkpt>
			<trkpt lat="12.98279727" lon="77.69221089">
				<ele>893.37</ele>
				<time>2026-07-28T16:01:15Z</time>
				<extensions>
					<ns3:TrackPointExtension>
						<ns3:speed>1.94</ns3:speed>
						<ns3:cad>81.0</ns3:cad>
					</ns3:TrackPointExtension>
				</extensions>
			</trkpt>
			<trkpt lat="12.98278461" lon="77.69222355">
				<ele>893.38</ele>
				<time>2026-07-28T16:01:16Z</time>
				<extensions>
					<ns3:TrackPointExtension>
						<ns3:speed>1.93</ns3:speed>
						<ns3:cad>80.0</ns3:cad>
						<ns3:hr>151</ns3:hr>
					</ns3:TrackPointExtension>
				</extensions>
			</trkpt>
			<trkpt lat="12.98277262" lon="77.69223754">
				<ele>893.4</ele>
				<time>2026-07-28T16:01:17Z</time>
				<extensions>
					<ns3:TrackPointExtension>
						<ns3:speed>1.93</ns3:speed>
						<ns3:cad>80.0</ns3:cad>
						<ns3:hr>151</ns3:hr>
					</ns3:TrackPointExtension>
				</extensions>
			</trkpt>
			<trkpt lat="12.98276162" lon="77.69225153">
				<ele>893.42</ele>
				<time>2026-07-28T16:01:18Z</time>
				<extensions>
					<ns3:TrackPointExtension>
						<ns3:speed>1.93</ns3:speed>
						<ns3:cad>80.0</ns3:cad>
						<ns3:hr>152</ns3:hr>
					</ns3:TrackPointExtension>
				</extensions>
			</trkpt>
			<trkpt lat="12.98275062" lon="77.69226486">
				<ele>893.43</ele>
				<time>2026-07-28T16:01:19Z</time>
				<extensions>
					<ns3:TrackPointExtension>
						<ns3:speed>1.93</ns3:speed>
						<ns3:cad>80.0</ns3:cad>
						<ns3:hr>152</ns3:hr>
					</ns3:TrackPointExtension>
				</extensions>
			</trkpt>
			<trkpt lat="12.98274096" lon="77.69227885">
				<ele>893.45</ele>
				<time>2026-07-28T16:01:20Z</time>
				<extensions>
					<ns3:TrackPointExtension>
						<ns3:speed>1.93</ns3:speed>
						<ns3:cad>80.0</ns3:cad>
						<ns3:hr>153</ns3:hr>
					</ns3:TrackPointExtension>
				</extensions>
			</trkpt>
			<trkpt lat="12.98273263" lon="77.69229218">
				<ele>893.47</ele>
				<time>2026-07-28T16:01:21Z</time>
				<extensions>
					<ns3:TrackPointExtension>
						<ns3:speed>1.93</ns3:speed>
						<ns3:cad>80.0</ns3:cad>
						<ns3:hr>153</ns3:hr>
					</ns3:TrackPointExtension>
				</extensions>
			</trkpt>
			<trkpt lat="12.98272463" lon="77.69230651">
				<ele>893.49</ele>
				<time>2026-07-28T16:01:22Z</time>
				<extensions>
					<ns3:TrackPointExtension>
						<ns3:speed>1.93</ns3:speed>
						<ns3:cad>80.0</ns3:cad>
						<ns3:hr>153</ns3:hr>
					</ns3:TrackPointExtension>
				</extensions>
			</trkpt>
			<trkpt lat="12.9827173" lon="77.69232184">
				<ele>893.5</ele>
				<time>2026-07-28T16:01:23Z</time>
				<extensions>
					<ns3:TrackPointExtension>
						<ns3:speed>1.91</ns3:speed>
						<ns3:cad>80.0</ns3:cad>
						<ns3:hr>153</ns3:hr>
					</ns3:TrackPointExtension>
				</extensions>
			</trkpt>
			<trkpt lat="12.98271097" lon="77.69233617">
				<ele>893.51</ele>
				<time>2026-07-28T16:01:24Z</time>
				<extensions>
					<ns3:TrackPointExtension>
						<ns3:speed>1.91</ns3:speed>
						<ns3:cad>80.0</ns3:cad>
						<ns3:hr>153</ns3:hr>
					</ns3:TrackPointExtension>
				</extensions>
			</trkpt>
			<trkpt lat="12.98270298" lon="77.69235083">
				<ele>893.52</ele>
				<time>2026-07-28T16:01:25Z</time>
				<extensions>
					<ns3:TrackPointExtension>
						<ns3:speed>1.91</ns3:speed>
						<ns3:cad>81.0</ns3:cad>
						<ns3:hr>153</ns3:hr>
					</ns3:TrackPointExtension>
				</extensions>
			</trkpt>
			<trkpt lat="12.98269365" lon="77.69236449">
				<ele>893.53</ele>
				<time>2026-07-28T16:01:26Z</time>
				<extensions>
					<ns3:TrackPointExtension>
						<ns3:speed>1.9</ns3:speed>
						<ns3:cad>81.0</ns3:cad>
						<ns3:hr>154</ns3:hr>
					</ns3:TrackPointExtension>
				</extensions>
			</trkpt>
			<trkpt lat="12.98268299" lon="77.69237648">
				<ele>893.53</ele>
				<time>2026-07-28T16:01:27Z</time>
				<extensions>
					<ns3:TrackPointExtension>
						<ns3:speed>1.9</ns3:speed>
						<ns3:cad>81.0</ns3:cad>
						<ns3:hr>154</ns3:hr>
					</ns3:TrackPointExtension>
				</extensions>
			</trkpt>
			<trkpt lat="12.982671" lon="77.69238681">
				<ele>893.54</ele>
				<time>2026-07-28T16:01:28Z</time>
				<extensions>
					<ns3:TrackPointExtension>
						<ns3:speed>1.89</ns3:speed>
						<ns3:cad>81.0</ns3:cad>
						<ns3:hr>153</ns3:hr>
					</ns3:TrackPointExtension>
				</extensions>
			</trkpt>
			<trkpt lat="12.98265801" lon="77.69239614">
				<ele>893.55</ele>
				<time>2026-07-28T16:01:29Z</time>
				<extensions>
					<ns3:TrackPointExtension>
						<ns3:speed>1.88</ns3:speed>
						<ns3:cad>81.0</ns3:cad>
						<ns3:hr>154</ns3:hr>
					</ns3:TrackPointExtension>
				</extensions>
			</trkpt>
			<trkpt lat="12.98264401" lon="77.69240213">
				<ele>893.56</ele>
				<time>2026-07-28T16:01:30Z</time>
				<extensions>
					<ns3:TrackPointExtension>
						<ns3:speed>1.87</ns3:speed>
						<ns3:cad>81.0</ns3:cad>
						<ns3:hr>154</ns3:hr>
					</ns3:TrackPointExtension>
				</extensions>
			</trkpt>
			<trkpt lat="12.98263035" lon="77.69240446">
				<ele>893.56</ele>
				<time>2026-07-28T16:01:31Z</time>
				<extensions>
					<ns3:TrackPointExtension>
						<ns3:speed>1.86</ns3:speed>
						<ns3:cad>80.0</ns3:cad>
						<ns3:hr>154</ns3:hr>
					</ns3:TrackPointExtension>
				</extensions>
			</trkpt>
			<trkpt lat="12.98261602" lon="77.69240512">
				<ele>893.57</ele>
				<time>2026-07-28T16:01:32Z</time>
				<extensions>
					<ns3:TrackPointExtension>
						<ns3:speed>1.85</ns3:speed>
						<ns3:cad>80.0</ns3:cad>
						<ns3:hr>154</ns3:hr>
					</ns3:TrackPointExtension>
				</extensions>
			</trkpt>
			<trkpt lat="12.98260169" lon="77.69240578">
				<ele>893.57</ele>
				<time>2026-07-28T16:01:33Z</time>
				<extensions>
					<ns3:TrackPointExtension>
						<ns3:speed>1.83</ns3:speed>
						<ns3:cad>80.0</ns3:cad>
						<ns3:hr>153</ns3:hr>
					</ns3:TrackPointExtension>
				</extensions>
			</trkpt>
			<trkpt lat="12.98258603" lon="77.69240512">
				<ele>893.58</ele>
				<time>2026-07-28T16:01:34Z</time>
				<extensions>
					<ns3:TrackPointExtension>
						<ns3:speed>1.82</ns3:speed>
						<ns3:cad>80.0</ns3:cad>
						<ns3:hr>153</ns3:hr>
					</ns3:TrackPointExtension>
				</extensions>
			</trkpt>
			<trkpt lat="12.98257037" lon="77.69240346">
				<ele>893.59</ele>
				<time>2026-07-28T16:01:35Z</time>
				<extensions>
					<ns3:TrackPointExtension>
						<ns3:speed>1.81</ns3:speed>
						<ns3:cad>81.0</ns3:cad>
						<ns3:hr>153</ns3:hr>
					</ns3:TrackPointExtension>
				</extensions>
			</trkpt>
			<trkpt lat="12.98255538" lon="77.6924028">
				<ele>893.6</ele>
				<time>2026-07-28T16:01:36Z</time>
				<extensions>
					<ns3:TrackPointExtension>
						<ns3:speed>1.8</ns3:speed>
						<ns3:cad>81.0</ns3:cad>
						<ns3:hr>152</ns3:hr>
					</ns3:TrackPointExtension>
				</extensions>
			</trkpt>
			<trkpt lat="12.98254072" lon="77.69240081">
				<ele>893.6</ele>
				<time>2026-07-28T16:01:37Z</time>
				<extensions>
					<ns3:TrackPointExtension>
						<ns3:speed>1.79</ns3:speed>
						<ns3:cad>81.0</ns3:cad>
						<ns3:hr>153</ns3:hr>
					</ns3:TrackPointExtension>
				</extensions>
			</trkpt>
			<trkpt lat="12.98252539" lon="77.69240048">
				<ele>893.61</ele>
				<time>2026-07-28T16:01:38Z</time>
				<extensions>
					<ns3:TrackPointExtension>
						<ns3:speed>1.78</ns3:speed>
						<ns3:cad>81.0</ns3:cad>
						<ns3:hr>152</ns3:hr>
					</ns3:TrackPointExtension>
				</extensions>
			</trkpt>
			<trkpt lat="12.98251073" lon="77.69240015">
				<ele>893.62</ele>
				<time>2026-07-28T16:01:39Z</time>
				<extensions>
					<ns3:TrackPointExtension>
						<ns3:speed>1.76</ns3:speed>
						<ns3:cad>81.0</ns3:cad>
						<ns3:hr>152</ns3:hr>
					</ns3:TrackPointExtension>
				</extensions>
			</trkpt>
			<trkpt lat="12.98249574" lon="77.69239982">
				<ele>893.63</ele>
				<time>2026-07-28T16:01:40Z</time>
				<extensions>
					<ns3:TrackPointExtension>
						<ns3:speed>1.75</ns3:speed>
						<ns3:cad>81.0</ns3:cad>
						<ns3:hr>152</ns3:hr>
					</ns3:TrackPointExtension>
				</extensions>
			</trkpt>
			<trkpt lat="12.98247941" lon="77.69239982">
				<ele>893.63</ele>
				<time>2026-07-28T16:01:41Z</time>
				<extensions>
					<ns3:TrackPointExtension>
						<ns3:speed>1.74</ns3:speed>
						<ns3:cad>81.0</ns3:cad>
						<ns3:hr>151</ns3:hr>
					</ns3:TrackPointExtension>
				</extensions>
			</trkpt>
			<trkpt lat="12.98246341" lon="77.69239916">
				<ele>893.64</ele>
				<time>2026-07-28T16:01:42Z</time>
				<extensions>
					<ns3:TrackPointExtension>
						<ns3:speed>1.73</ns3:speed>
						<ns3:cad>81.0</ns3:cad>
						<ns3:hr>151</ns3:hr>
					</ns3:TrackPointExtension>
				</extensions>
			</trkpt>
			<trkpt lat="12.98244875" lon="77.69239916">
				<ele>893.65</ele>
				<time>2026-07-28T16:01:43Z</time>
				<extensions>
					<ns3:TrackPointExtension>
						<ns3:speed>1.73</ns3:speed>
						<ns3:cad>80.0</ns3:cad>
						<ns3:hr>151</ns3:hr>
					</ns3:TrackPointExtension>
				</extensions>
			</trkpt>
			<trkpt lat="12.98243309" lon="77.69239949">
				<ele>893.67</ele>
				<time>2026-07-28T16:01:44Z</time>
				<extensions>
					<ns3:TrackPointExtension>
						<ns3:speed>1.73</ns3:speed>
						<ns3:cad>80.0</ns3:cad>
						<ns3:hr>151</ns3:hr>
					</ns3:TrackPointExtension>
				</extensions>
			</trkpt>
			<trkpt lat="12.98241843" lon="77.69239949">
				<ele>893.68</ele>
				<time>2026-07-28T16:01:45Z</time>
				<extensions>
					<ns3:TrackPointExtension>
						<ns3:speed>1.72</ns3:speed>
						<ns3:cad>80.0</ns3:cad>
						<ns3:hr>151</ns3:hr>
					</ns3:TrackPointExtension>
				</extensions>
			</trkpt>
			<trkpt lat="12.98240377" lon="77.69239816">
				<ele>893.69</ele>
				<time>2026-07-28T16:01:46Z</time>
				<extensions>
					<ns3:TrackPointExtension>
						<ns3:speed>1.7</ns3:speed>
						<ns3:cad>80.0</ns3:cad>
						<ns3:hr>151</ns3:hr>
					</ns3:TrackPointExtension>
				</extensions>
			</trkpt>
			<trkpt lat="12.98238878" lon="77.69239683">
				<ele>893.71</ele>
				<time>2026-07-28T16:01:47Z</time>
				<extensions>
					<ns3:TrackPointExtension>
						<ns3:speed>1.69</ns3:speed>
						<ns3:cad>80.0</ns3:cad>
						<ns3:hr>151</ns3:hr>
					</ns3:TrackPointExtension>
				</extensions>
			</trkpt>
			<trkpt lat="12.98237412" lon="77.69239317">
				<ele>893.72</ele>
				<time>2026-07-28T16:01:48Z</time>
				<extensions>
					<ns3:TrackPointExtension>
						<ns3:speed>1.69</ns3:speed>
						<ns3:cad>81.0</ns3:cad>
						<ns3:hr>151</ns3:hr>
					</ns3:TrackPointExtension>
				</extensions>
			</trkpt>
			<trkpt lat="12.98235913" lon="77.69238984">
				<ele>893.74</ele>
				<time>2026-07-28T16:01:49Z</time>
				<extensions>
					<ns3:TrackPointExtension>
						<ns3:speed>1.69</ns3:speed>
						<ns3:cad>81.0</ns3:cad>
						<ns3:hr>151</ns3:hr>
					</ns3:TrackPointExtension>
				</extensions>
			</trkpt>
			<trkpt lat="12.98234347" lon="77.69238518">
				<ele>893.75</ele>
				<time>2026-07-28T16:01:50Z</time>
				<extensions>
					<ns3:TrackPointExtension>
						<ns3:speed>1.68</ns3:speed>
						<ns3:cad>81.0</ns3:cad>
						<ns3:hr>151</ns3:hr>
					</ns3:TrackPointExtension>
				</extensions>
			</trkpt>
			<trkpt lat="12.98232881" lon="77.69237819">
				<ele>893.77</ele>
				<time>2026-07-28T16:01:51Z</time>
				<extensions>
					<ns3:TrackPointExtension>
						<ns3:speed>1.68</ns3:speed>
						<ns3:cad>82.0</ns3:cad>
						<ns3:hr>151</ns3:hr>
					</ns3:TrackPointExtension>
				</extensions>
			</trkpt>
			<trkpt lat="12.98231448" lon="77.69236986">
				<ele>893.79</ele>
				<time>2026-07-28T16:01:52Z</time>
				<extensions>
					<ns3:TrackPointExtension>
						<ns3:speed>1.68</ns3:speed>
						<ns3:cad>82.0</ns3:cad>
						<ns3:hr>151</ns3:hr>
					</ns3:TrackPointExtension>
				</extensions>
			</trkpt>
			<trkpt lat="12.98229982" lon="77.6923612">
				<ele>893.8</ele>
				<time>2026-07-28T16:01:53Z</time>
				<extensions>
					<ns3:TrackPointExtension>
						<ns3:speed>1.68</ns3:speed>
						<ns3:cad>82.0</ns3:cad>
						<ns3:hr>151</ns3:hr>
					</ns3:TrackPointExtension>
				</extensions>
			</trkpt>
			<trkpt lat="12.98228716" lon="77.69235187">
				<ele>893.82</ele>
				<time>2026-07-28T16:01:54Z</time>
				<extensions>
					<ns3:TrackPointExtension>
						<ns3:speed>1.68</ns3:speed>
						<ns3:cad>81.0</ns3:cad>
						<ns3:hr>151</ns3:hr>
					</ns3:TrackPointExtension>
				</extensions>
			</trkpt>
			<trkpt lat="12.9822755" lon="77.69234087">
				<ele>893.84</ele>
				<time>2026-07-28T16:01:55Z</time>
				<extensions>
					<ns3:TrackPointExtension>
						<ns3:speed>1.68</ns3:speed>
						<ns3:cad>81.0</ns3:cad>
						<ns3:hr>150</ns3:hr>
					</ns3:TrackPointExtension>
				</extensions>
			</trkpt>
			<trkpt lat="12.98226484" lon="77.69232921">
				<ele>893.85</ele>
				<time>2026-07-28T16:01:56Z</time>
				<extensions>
					<ns3:TrackPointExtension>
						<ns3:speed>1.68</ns3:speed>
						<ns3:cad>81.0</ns3:cad>
						<ns3:hr>150</ns3:hr>
					</ns3:TrackPointExtension>
				</extensions>
			</trkpt>
			<trkpt lat="12.98225418" lon="77.69231522">
				<ele>893.86</ele>
				<time>2026-07-28T16:01:57Z</time>
				<extensions>
					<ns3:TrackPointExtension>
						<ns3:speed>1.68</ns3:speed>
						<ns3:cad>81.0</ns3:cad>
						<ns3:hr>150</ns3:hr>
					</ns3:TrackPointExtension>
				</extensions>
			</trkpt>
			<trkpt lat="12.98224452" lon="77.69230056">
				<ele>893.88</ele>
				<time>2026-07-28T16:01:58Z</time>
				<extensions>
					<ns3:TrackPointExtension>
						<ns3:speed>1.68</ns3:speed>
						<ns3:cad>81.0</ns3:cad>
						<ns3:hr>150</ns3:hr>
					</ns3:TrackPointExtension>
				</extensions>
			</trkpt>
			<trkpt lat="12.98223552" lon="77.6922869">
				<ele>893.89</ele>
				<time>2026-07-28T16:01:59Z</time>
				<extensions>
					<ns3:TrackPointExtension>
						<ns3:speed>1.68</ns3:speed>
						<ns3:cad>81.0</ns3:cad>
						<ns3:hr>150</ns3:hr>
					</ns3:TrackPointExtension>
				</extensions>
			</trkpt>
			<trkpt lat="12.98222519" lon="77.6922739">
				<ele>893.9</ele>
				<time>2026-07-28T16:02:00Z</time>
				<extensions>
					<ns3:TrackPointExtension>
						<ns3:speed>1.69</ns3:speed>
						<ns3:cad>81.0</ns3:cad>
						<ns3:hr>149</ns3:hr>
					</ns3:TrackPointExtension>
				</extensions>
			</trkpt>
			<trkpt lat="12.9822152" lon="77.69226157">
				<ele>893.91</ele>
				<time>2026-07-28T16:02:01Z</time>
				<extensions>
					<ns3:TrackPointExtension>
						<ns3:speed>1.69</ns3:speed>
						<ns3:cad>81.0</ns3:cad>
						<ns3:hr>149</ns3:hr>
					</ns3:TrackPointExtension>
				</extensions>
			</trkpt>
			<trkpt lat="12.98220554" lon="77.69224958">
				<ele>893.92</ele>
				<time>2026-07-28T16:02:02Z</time>
				<extensions>
					<ns3:TrackPointExtension>
						<ns3:speed>1.7</ns3:speed>
						<ns3:cad>81.0</ns3:cad>
						<ns3:hr>149</ns3:hr>
					</ns3:TrackPointExtension>
				</extensions>
			</trkpt>
			<trkpt lat="12.98219555" lon="77.69223559">
				<ele>893.93</ele>
				<time>2026-07-28T16:02:03Z</time>
				<extensions>
					<ns3:TrackPointExtension>
						<ns3:speed>1.71</ns3:speed>
						<ns3:cad>81.0</ns3:cad>
						<ns3:hr>150</ns3:hr>
					</ns3:TrackPointExtension>
				</extensions>
			</trkpt>
			<trkpt lat="12.98218522" lon="77.69222259">
				<ele>893.93</ele>
				<time>2026-07-28T16:02:04Z</time>
				<extensions>
					<ns3:TrackPointExtension>
						<ns3:speed>1.71</ns3:speed>
						<ns3:cad>81.0</ns3:cad>
						<ns3:hr>150</ns3:hr>
					</ns3:TrackPointExtension>
				</extensions>
			</trkpt>
			<trkpt lat="12.98217489" lon="77.69221026">
				<ele>893.94</ele>
				<time>2026-07-28T16:02:05Z</time>
				<extensions>
					<ns3:TrackPointExtension>
						<ns3:speed>1.71</ns3:speed>
						<ns3:cad>81.0</ns3:cad>
						<ns3:hr>150</ns3:hr>
					</ns3:TrackPointExtension>
				</extensions>
			</trkpt>
			<trkpt lat="12.98216489" lon="77.69219793">
				<ele>893.94</ele>
				<time>2026-07-28T16:02:06Z</time>
				<extensions>
					<ns3:TrackPointExtension>
						<ns3:speed>1.71</ns3:speed>
						<ns3:cad>81.0</ns3:cad>
						<ns3:hr>150</ns3:hr>
					</ns3:TrackPointExtension>
				</extensions>
			</trkpt>
			<trkpt lat="12.98215423" lon="77.69218527">
				<ele>893.95</ele>
				<time>2026-07-28T16:02:07Z</time>
				<extensions>
					<ns3:TrackPointExtension>
						<ns3:speed>1.72</ns3:speed>
						<ns3:cad>80.0</ns3:cad>
						<ns3:hr>150</ns3:hr>
					</ns3:TrackPointExtension>
				</extensions>
			</trkpt>
			<trkpt lat="12.9821439" lon="77.69217361">
				<ele>893.95</ele>
				<time>2026-07-28T16:02:08Z</time>
				<extensions>
					<ns3:TrackPointExtension>
						<ns3:speed>1.72</ns3:speed>
						<ns3:cad>80.0</ns3:cad>
						<ns3:hr>151</ns3:hr>
					</ns3:TrackPointExtension>
				</extensions>
			</trkpt>
			<trkpt lat="12.98213357" lon="77.69216295">
				<ele>893.96</ele>
				<time>2026-07-28T16:02:09Z</time>
				<extensions>
					<ns3:TrackPointExtension>
						<ns3:speed>1.72</ns3:speed>
						<ns3:cad>79.0</ns3:cad>
						<ns3:hr>151</ns3:hr>
					</ns3:TrackPointExtension>
				</extensions>
			</trkpt>
			<trkpt lat="12.98212291" lon="77.69215229">
				<ele>893.96</ele>
				<time>2026-07-28T16:02:11Z</time>
				<extensions>
					<ns3:TrackPointExtension>
						<ns3:speed>1.72</ns3:speed>
						<ns3:cad>79.0</ns3:cad>
						<ns3:hr>151</ns3:hr>
					</ns3:TrackPointExtension>
				</extensions>
			</trkpt>
			<trkpt lat="12.98211191" lon="77.69214063">
				<ele>893.96</ele>
				<time>2026-07-28T16:02:11Z</time>
				<extensions>
					<ns3:TrackPointExtension>
						<ns3:speed>1.72</ns3:speed>
						<ns3:cad>79.0</ns3:cad>
						<ns3:hr>151</ns3:hr>
					</ns3:TrackPointExtension>
				</extensions>
			</trkpt>
			<trkpt lat="12.98210091" lon="77.69212697">
				<ele>893.97</ele>
				<time>2026-07-28T16:02:12Z</time>
				<extensions>
					<ns3:TrackPointExtension>
						<ns3:speed>1.72</ns3:speed>
						<ns3:cad>80.0</ns3:cad>
						<ns3:hr>151</ns3:hr>
					</ns3:TrackPointExtension>
				</extensions>
			</trkpt>
			<trkpt lat="12.98208992" lon="77.69211398">
				<ele>893.97</ele>
				<time>2026-07-28T16:02:13Z</time>
				<extensions>
					<ns3:TrackPointExtension>
						<ns3:speed>1.72</ns3:speed>
						<ns3:cad>80.0</ns3:cad>
						<ns3:hr>151</ns3:hr>
					</ns3:TrackPointExtension>
				</extensions>
			</trkpt>
			<trkpt lat="12.98207926" lon="77.69210032">
				<ele>893.98</ele>
				<time>2026-07-28T16:02:14Z</time>
				<extensions>
					<ns3:TrackPointExtension>
						<ns3:speed>1.72</ns3:speed>
						<ns3:cad>81.0</ns3:cad>
						<ns3:hr>151</ns3:hr>
					</ns3:TrackPointExtension>
				</extensions>
			</trkpt>
			<trkpt lat="12.98206693" lon="77.69208666">
				<ele>893.98</ele>
				<time>2026-07-28T16:02:15Z</time>
				<extensions>
					<ns3:TrackPointExtension>
						<ns3:speed>1.73</ns3:speed>
						<ns3:cad>82.0</ns3:cad>
						<ns3:hr>151</ns3:hr>
					</ns3:TrackPointExtension>
				</extensions>
			</trkpt>
			<trkpt lat="12.98205293" lon="77.69207433">
				<ele>893.99</ele>
				<time>2026-07-28T16:02:16Z</time>
				<extensions>
					<ns3:TrackPointExtension>
						<ns3:speed>1.75</ns3:speed>
						<ns3:cad>82.0</ns3:cad>
						<ns3:hr>150</ns3:hr>
					</ns3:TrackPointExtension>
				</extensions>
			</trkpt>
			<trkpt lat="12.98203794" lon="77.69206333">
				<ele>893.99</ele>
				<time>2026-07-28T16:02:17Z</time>
				<extensions>
					<ns3:TrackPointExtension>
						<ns3:speed>1.76</ns3:speed>
						<ns3:cad>82.0</ns3:cad>
						<ns3:hr>149</ns3:hr>
					</ns3:TrackPointExtension>
				</extensions>
			</trkpt>
			<trkpt lat="12.98202261" lon="77.692053">
				<ele>893.99</ele>
				<time>2026-07-28T16:02:18Z</time>
				<extensions>
					<ns3:TrackPointExtension>
						<ns3:speed>1.76</ns3:speed>
						<ns3:cad>82.0</ns3:cad>
						<ns3:hr>148</ns3:hr>
					</ns3:TrackPointExtension>
				</extensions>
			</trkpt>
			<trkpt lat="12.98200895" lon="77.692043">
				<ele>893.99</ele>
				<time>2026-07-28T16:02:19Z</time>
				<extensions>
					<ns3:TrackPointExtension>
						<ns3:speed>1.76</ns3:speed>
						<ns3:cad>82.0</ns3:cad>
						<ns3:hr>149</ns3:hr>
					</ns3:TrackPointExtension>
				</extensions>
			</trkpt>
			<trkpt lat="12.98199829" lon="77.69203167">
				<ele>893.99</ele>
				<time>2026-07-28T16:02:20Z</time>
				<extensions>
					<ns3:TrackPointExtension>
						<ns3:hr>149</ns3:hr>
					</ns3:TrackPointExtension>
				</extensions>
			</trkpt>
			<trkpt lat="12.98199096" lon="77.69201768">
				<ele>893.99</ele>
				<time>2026-07-28T16:02:21Z</time>
				<extensions>
					<ns3:TrackPointExtension>
						<ns3:speed>1.76</ns3:speed>
						<ns3:cad>81.0</ns3:cad>
						<ns3:hr>150</ns3:hr>
					</ns3:TrackPointExtension>
				</extensions>
			</trkpt>
			<trkpt lat="12.98198663" lon="77.69200202">
				<ele>893.99</ele>
				<time>2026-07-28T16:02:22Z</time>
				<extensions>
					<ns3:TrackPointExtension>
						<ns3:speed>1.76</ns3:speed>
						<ns3:cad>81.0</ns3:cad>
					</ns3:TrackPointExtension>
				</extensions>
			</trkpt>
			<trkpt lat="12.9819853" lon="77.69198436">
				<ele>893.99</ele>
				<time>2026-07-28T16:02:23Z</time>
				<extensions>
					<ns3:TrackPointExtension>
						<ns3:speed>1.76</ns3:speed>
						<ns3:cad>81.0</ns3:cad>
						<ns3:hr>150</ns3:hr>
					</ns3:TrackPointExtension>
				</extensions>
			</trkpt>
			<trkpt lat="12.9819853" lon="77.6919667">
				<ele>894.0</ele>
				<time>2026-07-28T16:02:24Z</time>
				<extensions>
					<ns3:TrackPointExtension>
						<ns3:speed>1.76</ns3:speed>
						<ns3:cad>81.0</ns3:cad>
						<ns3:hr>150</ns3:hr>
					</ns3:TrackPointExtension>
				</extensions>
			</trkpt>
			<trkpt lat="12.98198663" lon="77.69194937">
				<ele>893.99</ele>
				<time>2026-07-28T16:02:25Z</time>
				<extensions>
					<ns3:TrackPointExtension>
						<ns3:speed>1.78</ns3:speed>
						<ns3:cad>81.0</ns3:cad>
						<ns3:hr>149</ns3:hr>
					</ns3:TrackPointExtension>
				</extensions>
			</trkpt>
			<trkpt lat="12.98198796" lon="77.69193204">
				<ele>893.99</ele>
				<time>2026-07-28T16:02:26Z</time>
				<extensions>
					<ns3:TrackPointExtension>
						<ns3:speed>1.78</ns3:speed>
						<ns3:cad>80.0</ns3:cad>
						<ns3:hr>149</ns3:hr>
					</ns3:TrackPointExtension>
				</extensions>
			</trkpt>
			<trkpt lat="12.98199129" lon="77.69191438">
				<ele>893.98</ele>
				<time>2026-07-28T16:02:27Z</time>
				<extensions>
					<ns3:TrackPointExtension>
						<ns3:speed>1.79</ns3:speed>
						<ns3:cad>80.0</ns3:cad>
						<ns3:hr>148</ns3:hr>
					</ns3:TrackPointExtension>
				</extensions>
			</trkpt>
			<trkpt lat="12.98199562" lon="77.69189705">
				<ele>893.96</ele>
				<time>2026-07-28T16:02:28Z</time>
				<extensions>
					<ns3:TrackPointExtension>
						<ns3:speed>1.8</ns3:speed>
						<ns3:cad>80.0</ns3:cad>
						<ns3:hr>148</ns3:hr>
					</ns3:TrackPointExtension>
				</extensions>
			</trkpt>
			<trkpt lat="12.98200061" lon="77.69188039">
				<ele>893.94</ele>
				<time>2026-07-28T16:02:29Z</time>
				<extensions>
					<ns3:TrackPointExtension>
						<ns3:speed>1.8</ns3:speed>
						<ns3:cad>81.0</ns3:cad>
						<ns3:hr>149</ns3:hr>
					</ns3:TrackPointExtension>
				</extensions>
			</trkpt>
			<trkpt lat="12.9820066" lon="77.69186473">
				<ele>893.93</ele>
				<time>2026-07-28T16:02:30Z</time>
				<extensions>
					<ns3:TrackPointExtension>
						<ns3:speed>1.8</ns3:speed>
						<ns3:cad>81.0</ns3:cad>
						<ns3:hr>148</ns3:hr>
					</ns3:TrackPointExtension>
				</extensions>
			</trkpt>
			<trkpt lat="12.98201126" lon="77.6918474">
				<ele>893.9</ele>
				<time>2026-07-28T16:02:31Z</time>
				<extensions>
					<ns3:TrackPointExtension>
						<ns3:speed>1.8</ns3:speed>
						<ns3:cad>81.0</ns3:cad>
						<ns3:hr>149</ns3:hr>
					</ns3:TrackPointExtension>
				</extensions>
			</trkpt>
			<trkpt lat="12.98201625" lon="77.69183107">
				<ele>893.87</ele>
				<time>2026-07-28T16:02:32Z</time>
				<extensions>
					<ns3:TrackPointExtension>
						<ns3:speed>1.8</ns3:speed>
						<ns3:cad>81.0</ns3:cad>
						<ns3:hr>149</ns3:hr>
					</ns3:TrackPointExtension>
				</extensions>
			</trkpt>
			<trkpt lat="12.98202025" lon="77.69181408">
				<ele>893.85</ele>
				<time>2026-07-28T16:02:33Z</time>
				<extensions>
					<ns3:TrackPointExtension>
						<ns3:speed>1.8</ns3:speed>
						<ns3:cad>80.0</ns3:cad>
						<ns3:hr>149</ns3:hr>
					</ns3:TrackPointExtension>
				</extensions>
			</trkpt>
			<trkpt lat="12.98202491" lon="77.69179642">
				<ele>893.83</ele>
				<time>2026-07-28T16:02:34Z</time>
				<extensions>
					<ns3:TrackPointExtension>
						<ns3:speed>1.81</ns3:speed>
						<ns3:cad>80.0</ns3:cad>
						<ns3:hr>150</ns3:hr>
					</ns3:TrackPointExtension>
				</extensions>
			</trkpt>
			<trkpt lat="12.98202957" lon="77.69177909">
				<ele>893.81</ele>
				<time>2026-07-28T16:02:35Z</time>
				<extensions>
					<ns3:TrackPointExtension>
						<ns3:speed>1.81</ns3:speed>
						<ns3:cad>80.0</ns3:cad>
						<ns3:hr>150</ns3:hr>
					</ns3:TrackPointExtension>
				</extensions>
			</trkpt>
			<trkpt lat="12.9820339" lon="77.6917621">
				<ele>893.79</ele>
				<time>2026-07-28T16:02:36Z</time>
				<extensions>
					<ns3:TrackPointExtension>
						<ns3:speed>1.81</ns3:speed>
						<ns3:cad>80.0</ns3:cad>
						<ns3:hr>150</ns3:hr>
					</ns3:TrackPointExtension>
				</extensions>
			</trkpt>
			<trkpt lat="12.98203756" lon="77.6917431">
				<ele>893.78</ele>
				<time>2026-07-28T16:02:37Z</time>
				<extensions>
					<ns3:TrackPointExtension>
						<ns3:speed>1.81</ns3:speed>
						<ns3:cad>81.0</ns3:cad>
						<ns3:hr>149</ns3:hr>
					</ns3:TrackPointExtension>
				</extensions>
			</trkpt>
			<trkpt lat="12.98204189" lon="77.69172511">
				<ele>893.77</ele>
				<time>2026-07-28T16:02:38Z</time>
				<extensions>
					<ns3:TrackPointExtension>
						<ns3:speed>1.81</ns3:speed>
						<ns3:cad>81.0</ns3:cad>
						<ns3:hr>149</ns3:hr>
					</ns3:TrackPointExtension>
				</extensions>
			</trkpt>
			<trkpt lat="12.98204522" lon="77.69170645">
				<ele>893.76</ele>
				<time>2026-07-28T16:02:39Z</time>
				<extensions>
					<ns3:TrackPointExtension>
						<ns3:speed>1.81</ns3:speed>
						<ns3:cad>81.0</ns3:cad>
						<ns3:hr>150</ns3:hr>
					</ns3:TrackPointExtension>
				</extensions>
			</trkpt>
			<trkpt lat="12.98204922" lon="77.69168845">
				<ele>893.75</ele>
				<time>2026-07-28T16:02:40Z</time>
				<extensions>
					<ns3:TrackPointExtension>
						<ns3:speed>1.81</ns3:speed>
						<ns3:cad>81.0</ns3:cad>
						<ns3:hr>150</ns3:hr>
					</ns3:TrackPointExtension>
				</extensions>
			</trkpt>
			<trkpt lat="12.98205188" lon="77.69166979">
				<ele>893.74</ele>
				<time>2026-07-28T16:02:41Z</time>
				<extensions>
					<ns3:TrackPointExtension>
						<ns3:speed>1.81</ns3:speed>
						<ns3:cad>81.0</ns3:cad>
						<ns3:hr>150</ns3:hr>
					</ns3:TrackPointExtension>
				</extensions>
			</trkpt>
			<trkpt lat="12.98205588" lon="77.69165113">
				<ele>893.73</ele>
				<time>2026-07-28T16:02:42Z</time>
				<extensions>
					<ns3:TrackPointExtension>
						<ns3:speed>1.81</ns3:speed>
						<ns3:cad>81.0</ns3:cad>
						<ns3:hr>150</ns3:hr>
					</ns3:TrackPointExtension>
				</extensions>
			</trkpt>
			<trkpt lat="12.98205954" lon="77.69163213">
				<ele>893.73</ele>
				<time>2026-07-28T16:02:43Z</time>
				<extensions>
					<ns3:TrackPointExtension>
						<ns3:speed>1.81</ns3:speed>
						<ns3:cad>80.0</ns3:cad>
						<ns3:hr>150</ns3:hr>
					</ns3:TrackPointExtension>
				</extensions>
			</trkpt>
			<trkpt lat="12.98206353" lon="77.6916138">
				<ele>893.73</ele>
				<time>2026-07-28T16:02:44Z</time>
				<extensions>
					<ns3:TrackPointExtension>
						<ns3:speed>1.81</ns3:speed>
						<ns3:cad>80.0</ns3:cad>
						<ns3:hr>150</ns3:hr>
					</ns3:TrackPointExtension>
				</extensions>
			</trkpt>
			<trkpt lat="12.98206819" lon="77.69159547">
				<ele>893.74</ele>
				<time>2026-07-28T16:02:45Z</time>
				<extensions>
					<ns3:TrackPointExtension>
						<ns3:speed>1.81</ns3:speed>
						<ns3:cad>80.0</ns3:cad>
						<ns3:hr>150</ns3:hr>
					</ns3:TrackPointExtension>
				</extensions>
			</trkpt>
			<trkpt lat="12.98207219" lon="77.69157881">
				<ele>893.74</ele>
				<time>2026-07-28T16:02:46Z</time>
				<extensions>
					<ns3:TrackPointExtension>
						<ns3:speed>1.81</ns3:speed>
						<ns3:cad>80.0</ns3:cad>
						<ns3:hr>151</ns3:hr>
					</ns3:TrackPointExtension>
				</extensions>
			</trkpt>
			<trkpt lat="12.98207385" lon="77.69155915">
				<ele>893.75</ele>
				<time>2026-07-28T16:02:47Z</time>
				<extensions>
					<ns3:TrackPointExtension>
						<ns3:speed>1.82</ns3:speed>
						<ns3:cad>80.0</ns3:cad>
						<ns3:hr>152</ns3:hr>
					</ns3:TrackPointExtension>
				</extensions>
			</trkpt>
			<trkpt lat="12.98207319" lon="77.69153482">
				<ele>893.76</ele>
				<time>2026-07-28T16:02:48Z</time>
				<extensions>
					<ns3:TrackPointExtension>
						<ns3:speed>1.8</ns3:speed>
						<ns3:cad>81.0</ns3:cad>
						<ns3:hr>152</ns3:hr>
					</ns3:TrackPointExtension>
				</extensions>
			</trkpt>
			<trkpt lat="12.98207186" lon="77.69151282">
				<ele>893.78</ele>
				<time>2026-07-28T16:02:49Z</time>
				<extensions>
					<ns3:TrackPointExtension>
						<ns3:speed>1.76</ns3:speed>
						<ns3:cad>81.0</ns3:cad>
						<ns3:hr>151</ns3:hr>
					</ns3:TrackPointExtension>
				</extensions>
			</trkpt>
			<trkpt lat="12.98206986" lon="77.69148983">
				<ele>893.79</ele>
				<time>2026-07-28T16:02:50Z</time>
				<extensions>
					<ns3:TrackPointExtension>
						<ns3:speed>1.76</ns3:speed>
						<ns3:cad>81.0</ns3:cad>
						<ns3:hr>151</ns3:hr>
					</ns3:TrackPointExtension>
				</extensions>
			</trkpt>
			<trkpt lat="12.98206853" lon="77.69147117">
				<ele>893.82</ele>
				<time>2026-07-28T16:02:51Z</time>
				<extensions>
					<ns3:TrackPointExtension>
						<ns3:speed>1.74</ns3:speed>
						<ns3:cad>81.0</ns3:cad>
						<ns3:hr>151</ns3:hr>
					</ns3:TrackPointExtension>
				</extensions>
			</trkpt>
			<trkpt lat="12.98206587" lon="77.69145217">
				<ele>893.85</ele>
				<time>2026-07-28T16:02:52Z</time>
				<extensions>
					<ns3:TrackPointExtension>
						<ns3:speed>1.73</ns3:speed>
						<ns3:cad>80.0</ns3:cad>
						<ns3:hr>151</ns3:hr>
					</ns3:TrackPointExtension>
				</extensions>
			</trkpt>
			<trkpt lat="12.98205954" lon="77.69143184">
				<ele>893.87</ele>
				<time>2026-07-28T16:02:53Z</time>
				<extensions>
					<ns3:TrackPointExtension>
						<ns3:speed>1.72</ns3:speed>
						<ns3:cad>80.0</ns3:cad>
						<ns3:hr>151</ns3:hr>
					</ns3:TrackPointExtension>
				</extensions>
			</trkpt>
			<trkpt lat="12.98205188" lon="77.69141385">
				<ele>893.89</ele>
				<time>2026-07-28T16:02:54Z</time>
				<extensions>
					<ns3:TrackPointExtension>
						<ns3:speed>1.7</ns3:speed>
						<ns3:cad>81.0</ns3:cad>
						<ns3:hr>152</ns3:hr>
					</ns3:TrackPointExtension>
				</extensions>
			</trkpt>
			<trkpt lat="12.98204255" lon="77.69139819">
				<ele>893.91</ele>
				<time>2026-07-28T16:02:55Z</time>
				<extensions>
					<ns3:TrackPointExtension>
						<ns3:speed>1.69</ns3:speed>
						<ns3:cad>81.0</ns3:cad>
						<ns3:hr>152</ns3:hr>
					</ns3:TrackPointExtension>
				</extensions>
			</trkpt>
			<trkpt lat="12.98203289" lon="77.69138419">
				<ele>893.93</ele>
				<time>2026-07-28T16:02:56Z</time>
				<extensions>
					<ns3:TrackPointExtension>
						<ns3:speed>1.7</ns3:speed>
						<ns3:cad>80.0</ns3:cad>
						<ns3:hr>152</ns3:hr>
					</ns3:TrackPointExtension>
				</extensions>
			</trkpt>
			<trkpt lat="12.9820229" lon="77.69137253">
				<ele>893.94</ele>
				<time>2026-07-28T16:02:57Z</time>
				<extensions>
					<ns3:TrackPointExtension>
						<ns3:speed>1.7</ns3:speed>
						<ns3:cad>80.0</ns3:cad>
						<ns3:hr>152</ns3:hr>
					</ns3:TrackPointExtension>
				</extensions>
			</trkpt>
			<trkpt lat="12.98201257" lon="77.69136153">
				<ele>893.95</ele>
				<time>2026-07-28T16:02:58Z</time>
				<extensions>
					<ns3:TrackPointExtension>
						<ns3:speed>1.71</ns3:speed>
						<ns3:cad>80.0</ns3:cad>
						<ns3:hr>153</ns3:hr>
					</ns3:TrackPointExtension>
				</extensions>
			</trkpt>
			<trkpt lat="12.98200224" lon="77.6913522">
				<ele>893.96</ele>
				<time>2026-07-28T16:02:59Z</time>
				<extensions>
					<ns3:TrackPointExtension>
						<ns3:speed>1.71</ns3:speed>
						<ns3:cad>81.0</ns3:cad>
						<ns3:hr>153</ns3:hr>
					</ns3:TrackPointExtension>
				</extensions>
			</trkpt>
			<trkpt lat="12.98199058" lon="77.69134387">
				<ele>893.96</ele>
				<time>2026-07-28T16:03:00Z</time>
				<extensions>
					<ns3:TrackPointExtension>
						<ns3:speed>1.7</ns3:speed>
						<ns3:cad>81.0</ns3:cad>
						<ns3:hr>152</ns3:hr>
					</ns3:TrackPointExtension>
				</extensions>
			</trkpt>
			<trkpt lat="12.98197892" lon="77.69133554">
				<ele>893.96</ele>
				<time>2026-07-28T16:03:01Z</time>
				<extensions>
					<ns3:TrackPointExtension>
						<ns3:speed>1.7</ns3:speed>
						<ns3:cad>81.0</ns3:cad>
						<ns3:hr>152</ns3:hr>
					</ns3:TrackPointExtension>
				</extensions>
			</trkpt>
			<trkpt lat="12.98196626" lon="77.69132854">
				<ele>893.94</ele>
				<time>2026-07-28T16:03:02Z</time>
				<extensions>
					<ns3:TrackPointExtension>
						<ns3:speed>1.7</ns3:speed>
						<ns3:cad>81.0</ns3:cad>
						<ns3:hr>152</ns3:hr>
					</ns3:TrackPointExtension>
				</extensions>
			</trkpt>
			<trkpt lat="12.98195226" lon="77.69132255">
				<ele>893.94</ele>
				<time>2026-07-28T16:03:03Z</time>
				<extensions>
					<ns3:TrackPointExtension>
						<ns3:speed>1.7</ns3:speed>
						<ns3:cad>81.0</ns3:cad>
						<ns3:hr>151</ns3:hr>
					</ns3:TrackPointExtension>
				</extensions>
			</trkpt>
			<trkpt lat="12.98193826" lon="77.69131889">
				<ele>893.92</ele>
				<time>2026-07-28T16:03:04Z</time>
				<extensions>
					<ns3:TrackPointExtension>
						<ns3:speed>1.7</ns3:speed>
						<ns3:cad>80.0</ns3:cad>
						<ns3:hr>152</ns3:hr>
					</ns3:TrackPointExtension>
				</extensions>
			</trkpt>
			<trkpt lat="12.98192293" lon="77.69131523">
				<ele>893.9</ele>
				<time>2026-07-28T16:03:05Z</time>
				<extensions>
					<ns3:TrackPointExtension>
						<ns3:speed>1.71</ns3:speed>
						<ns3:cad>80.0</ns3:cad>
						<ns3:hr>151</ns3:hr>
					</ns3:TrackPointExtension>
				</extensions>
			</trkpt>
			<trkpt lat="12.9819086" lon="77.69131123">
				<ele>893.88</ele>
				<time>2026-07-28T16:03:06Z</time>
				<extensions>
					<ns3:TrackPointExtension>
						<ns3:speed>1.72</ns3:speed>
						<ns3:cad>81.0</ns3:cad>
						<ns3:hr>151</ns3:hr>
					</ns3:TrackPointExtension>
				</extensions>
			</trkpt>
			<trkpt lat="12.98189327" lon="77.69130657">
				<ele>893.87</ele>
				<time>2026-07-28T16:03:07Z</time>
				<extensions>
					<ns3:TrackPointExtension>
						<ns3:speed>1.73</ns3:speed>
						<ns3:cad>81.0</ns3:cad>
						<ns3:hr>151</ns3:hr>
					</ns3:TrackPointExtension>
				</extensions>
			</trkpt>
			<trkpt lat="12.98187927" lon="77.69130057">
				<ele>893.84</ele>
				<time>2026-07-28T16:03:08Z</time>
				<extensions>
					<ns3:TrackPointExtension>
						<ns3:speed>1.73</ns3:speed>
						<ns3:cad>81.0</ns3:cad>
						<ns3:hr>151</ns3:hr>
					</ns3:TrackPointExtension>
				</extensions>
			</trkpt>
			<trkpt lat="12.98186761" lon="77.69129224">
				<ele>893.83</ele>
				<time>2026-07-28T16:03:09Z</time>
				<extensions>
					<ns3:TrackPointExtension>
						<ns3:speed>1.73</ns3:speed>
						<ns3:cad>81.0</ns3:cad>
						<ns3:hr>151</ns3:hr>
					</ns3:TrackPointExtension>
				</extensions>
			</trkpt>
			<trkpt lat="12.98185928" lon="77.69128158">
				<ele>893.8</ele>
				<time>2026-07-28T16:03:10Z</time>
				<extensions>
					<ns3:TrackPointExtension>
						<ns3:speed>1.73</ns3:speed>
						<ns3:cad>81.0</ns3:cad>
						<ns3:hr>151</ns3:hr>
					</ns3:TrackPointExtension>
				</extensions>
			</trkpt>
			<trkpt lat="12.98185295" lon="77.69126825">
				<ele>893.78</ele>
				<time>2026-07-28T16:03:11Z</time>
				<extensions>
					<ns3:TrackPointExtension>
						<ns3:speed>1.73</ns3:speed>
						<ns3:cad>81.0</ns3:cad>
						<ns3:hr>152</ns3:hr>
					</ns3:TrackPointExtension>
				</extensions>
			</trkpt>
			<trkpt lat="12.98184762" lon="77.69125225">
				<ele>893.74</ele>
				<time>2026-07-28T16:03:12Z</time>
				<extensions>
					<ns3:TrackPointExtension>
						<ns3:speed>1.74</ns3:speed>
						<ns3:cad>81.0</ns3:cad>
						<ns3:hr>152</ns3:hr>
					</ns3:TrackPointExtension>
				</extensions>
			</trkpt>
			<trkpt lat="12.98184396" lon="77.69123592">
				<ele>893.71</ele>
				<time>2026-07-28T16:03:13Z</time>
				<extensions>
					<ns3:TrackPointExtension>
						<ns3:speed>1.75</ns3:speed>
						<ns3:cad>81.0</ns3:cad>
						<ns3:hr>153</ns3:hr>
					</ns3:TrackPointExtension>
				</extensions>
			</trkpt>
			<trkpt lat="12.98184297" lon="77.69122026">
				<ele>893.67</ele>
				<time>2026-07-28T16:03:14Z</time>
				<extensions>
					<ns3:TrackPointExtension>
						<ns3:speed>1.76</ns3:speed>
						<ns3:cad>81.0</ns3:cad>
						<ns3:hr>153</ns3:hr>
					</ns3:TrackPointExtension>
				</extensions>
			</trkpt>
			<trkpt lat="12.98184463" lon="77.6912046">
				<ele>893.64</ele>
				<time>2026-07-28T16:03:15Z</time>
				<extensions>
					<ns3:TrackPointExtension>
						<ns3:speed>1.76</ns3:speed>
						<ns3:cad>81.0</ns3:cad>
						<ns3:hr>153</ns3:hr>
					</ns3:TrackPointExtension>
				</extensions>
			</trkpt>
			<trkpt lat="12.98184729" lon="77.69118861">
				<ele>893.6</ele>
				<time>2026-07-28T16:03:16Z</time>
				<extensions>
					<ns3:TrackPointExtension>
						<ns3:speed>1.76</ns3:speed>
						<ns3:cad>80.0</ns3:cad>
						<ns3:hr>154</ns3:hr>
					</ns3:TrackPointExtension>
				</extensions>
			</trkpt>
			<trkpt lat="12.98185195" lon="77.69117395">
				<ele>893.57</ele>
				<time>2026-07-28T16:03:17Z</time>
				<extensions>
					<ns3:TrackPointExtension>
						<ns3:speed>1.76</ns3:speed>
						<ns3:cad>80.0</ns3:cad>
						<ns3:hr>154</ns3:hr>
					</ns3:TrackPointExtension>
				</extensions>
			</trkpt>
			<trkpt lat="12.98185728" lon="77.69115895">
				<ele>893.52</ele>
				<time>2026-07-28T16:03:18Z</time>
				<extensions>
					<ns3:TrackPointExtension>
						<ns3:speed>1.76</ns3:speed>
						<ns3:cad>80.0</ns3:cad>
						<ns3:hr>153</ns3:hr>
					</ns3:TrackPointExtension>
				</extensions>
			</trkpt>
			<trkpt lat="12.98186361" lon="77.69114496">
				<ele>893.49</ele>
				<time>2026-07-28T16:03:19Z</time>
				<extensions>
					<ns3:TrackPointExtension>
						<ns3:speed>1.76</ns3:speed>
						<ns3:cad>79.0</ns3:cad>
						<ns3:hr>154</ns3:hr>
					</ns3:TrackPointExtension>
				</extensions>
			</trkpt>
			<trkpt lat="12.98186961" lon="77.6911303">
				<ele>893.44</ele>
				<time>2026-07-28T16:03:20Z</time>
				<extensions>
					<ns3:TrackPointExtension>
						<ns3:speed>1.76</ns3:speed>
						<ns3:cad>79.0</ns3:cad>
						<ns3:hr>154</ns3:hr>
					</ns3:TrackPointExtension>
				</extensions>
			</trkpt>
			<trkpt lat="12.98187594" lon="77.69111531">
				<ele>893.42</ele>
				<time>2026-07-28T16:03:21Z</time>
				<extensions>
					<ns3:TrackPointExtension>
						<ns3:speed>1.76</ns3:speed>
						<ns3:cad>79.0</ns3:cad>
						<ns3:hr>153</ns3:hr>
					</ns3:TrackPointExtension>
				</extensions>
			</trkpt>
			<trkpt lat="12.98188227" lon="77.69110065">
				<ele>893.38</ele>
				<time>2026-07-28T16:03:22Z</time>
				<extensions>
					<ns3:TrackPointExtension>
						<ns3:speed>1.76</ns3:speed>
						<ns3:cad>78.0</ns3:cad>
						<ns3:hr>154</ns3:hr>
					</ns3:TrackPointExtension>
				</extensions>
			</trkpt>
			<trkpt lat="12.9818886" lon="77.69108632">
				<ele>893.36</ele>
				<time>2026-07-28T16:03:23Z</time>
				<extensions>
					<ns3:TrackPointExtension>
						<ns3:speed>1.76</ns3:speed>
						<ns3:cad>78.0</ns3:cad>
						<ns3:hr>153</ns3:hr>
					</ns3:TrackPointExtension>
				</extensions>
			</trkpt>
			<trkpt lat="12.98189526" lon="77.69107199">
				<ele>893.34</ele>
				<time>2026-07-28T16:03:24Z</time>
				<extensions>
					<ns3:TrackPointExtension>
						<ns3:speed>1.76</ns3:speed>
						<ns3:cad>78.0</ns3:cad>
						<ns3:hr>153</ns3:hr>
					</ns3:TrackPointExtension>
				</extensions>
			</trkpt>
			<trkpt lat="12.98190126" lon="77.69105666">
				<ele>893.31</ele>
				<time>2026-07-28T16:03:25Z</time>
				<extensions>
					<ns3:TrackPointExtension>
						<ns3:speed>1.76</ns3:speed>
						<ns3:cad>78.0</ns3:cad>
						<ns3:hr>152</ns3:hr>
					</ns3:TrackPointExtension>
				</extensions>
			</trkpt>
			<trkpt lat="12.98190725" lon="77.69104133">
				<ele>893.3</ele>
				<time>2026-07-28T16:03:26Z</time>
				<extensions>
					<ns3:TrackPointExtension>
						<ns3:speed>1.76</ns3:speed>
						<ns3:cad>78.0</ns3:cad>
						<ns3:hr>151</ns3:hr>
					</ns3:TrackPointExtension>
				</extensions>
			</trkpt>
			<trkpt lat="12.98191224" lon="77.691026">
				<ele>893.29</ele>
				<time>2026-07-28T16:03:27Z</time>
				<extensions>
					<ns3:TrackPointExtension>
						<ns3:speed>1.76</ns3:speed>
						<ns3:cad>78.0</ns3:cad>
						<ns3:hr>151</ns3:hr>
					</ns3:TrackPointExtension>
				</extensions>
			</trkpt>
			<trkpt lat="12.9819169" lon="77.69101034">
				<ele>893.28</ele>
				<time>2026-07-28T16:03:28Z</time>
				<extensions>
					<ns3:TrackPointExtension>
						<ns3:speed>1.76</ns3:speed>
						<ns3:cad>78.0</ns3:cad>
						<ns3:hr>150</ns3:hr>
					</ns3:TrackPointExtension>
				</extensions>
			</trkpt>
			<trkpt lat="12.9819209" lon="77.69099501">
				<ele>893.28</ele>
				<time>2026-07-28T16:03:29Z</time>
				<extensions>
					<ns3:TrackPointExtension>
						<ns3:speed>1.76</ns3:speed>
						<ns3:cad>80.0</ns3:cad>
						<ns3:hr>150</ns3:hr>
					</ns3:TrackPointExtension>
				</extensions>
			</trkpt>
			<trkpt lat="12.98192423" lon="77.69097901">
				<ele>893.27</ele>
				<time>2026-07-28T16:03:30Z</time>
				<extensions>
					<ns3:TrackPointExtension>
						<ns3:speed>1.76</ns3:speed>
						<ns3:cad>80.0</ns3:cad>
						<ns3:hr>150</ns3:hr>
					</ns3:TrackPointExtension>
				</extensions>
			</trkpt>
			<trkpt lat="12.98192856" lon="77.69096268">
				<ele>893.27</ele>
				<time>2026-07-28T16:03:31Z</time>
				<extensions>
					<ns3:TrackPointExtension>
						<ns3:speed>1.76</ns3:speed>
						<ns3:cad>80.0</ns3:cad>
						<ns3:hr>150</ns3:hr>
					</ns3:TrackPointExtension>
				</extensions>
			</trkpt>
			<trkpt lat="12.98193322" lon="77.69094702">
				<ele>893.28</ele>
				<time>2026-07-28T16:03:32Z</time>
				<extensions>
					<ns3:TrackPointExtension>
						<ns3:speed>1.76</ns3:speed>
						<ns3:cad>80.0</ns3:cad>
						<ns3:hr>150</ns3:hr>
					</ns3:TrackPointExtension>
				</extensions>
			</trkpt>
			<trkpt lat="12.98193788" lon="77.69093102">
				<ele>893.28</ele>
				<time>2026-07-28T16:03:33Z</time>
				<extensions>
					<ns3:TrackPointExtension>
						<ns3:speed>1.76</ns3:speed>
						<ns3:cad>80.0</ns3:cad>
						<ns3:hr>149</ns3:hr>
					</ns3:TrackPointExtension>
				</extensions>
			</trkpt>
			<trkpt lat="12.98194321" lon="77.69091536">
				<ele>893.28</ele>
				<time>2026-07-28T16:03:34Z</time>
				<extensions>
					<ns3:TrackPointExtension>
						<ns3:speed>1.76</ns3:speed>
						<ns3:cad>80.0</ns3:cad>
						<ns3:hr>150</ns3:hr>
					</ns3:TrackPointExtension>
				</extensions>
			</trkpt>
			<trkpt lat="12.98194987" lon="77.69090137">
				<ele>893.33</ele>
				<time>2026-07-28T16:03:35Z</time>
				<extensions>
					<ns3:TrackPointExtension>
						<ns3:speed>1.76</ns3:speed>
						<ns3:cad>80.0</ns3:cad>
						<ns3:hr>150</ns3:hr>
					</ns3:TrackPointExtension>
				</extensions>
			</trkpt>
			<trkpt lat="12.98195786" lon="77.69088737">
				<ele>893.33</ele>
				<time>2026-07-28T16:03:36Z</time>
				<extensions>
					<ns3:TrackPointExtension>
						<ns3:speed>1.76</ns3:speed>
						<ns3:cad>79.0</ns3:cad>
						<ns3:hr>150</ns3:hr>
					</ns3:TrackPointExtension>
				</extensions>
			</trkpt>
			<trkpt lat="12.98196486" lon="77.69087338">
				<ele>893.34</ele>
				<time>2026-07-28T16:03:37Z</time>
				<extensions>
					<ns3:TrackPointExtension>
						<ns3:speed>1.76</ns3:speed>
						<ns3:cad>79.0</ns3:cad>
						<ns3:hr>150</ns3:hr>
					</ns3:TrackPointExtension>
				</extensions>
			</trkpt>
			<trkpt lat="12.98197152" lon="77.69085938">
				<ele>893.35</ele>
				<time>2026-07-28T16:03:38Z</time>
				<extensions>
					<ns3:TrackPointExtension>
						<ns3:speed>1.75</ns3:speed>
						<ns3:cad>80.0</ns3:cad>
						<ns3:hr>149</ns3:hr>
					</ns3:TrackPointExtension>
				</extensions>
			</trkpt>
			<trkpt lat="12.98197818" lon="77.69084572">
				<ele>893.36</ele>
				<time>2026-07-28T16:03:39Z</time>
				<extensions>
					<ns3:TrackPointExtension>
						<ns3:speed>1.75</ns3:speed>
						<ns3:cad>80.0</ns3:cad>
						<ns3:hr>149</ns3:hr>
					</ns3:TrackPointExtension>
				</extensions>
			</trkpt>
			<trkpt lat="12.98198418" lon="77.69083139">
				<ele>893.37</ele>
				<time>2026-07-28T16:03:40Z</time>
				<extensions>
					<ns3:TrackPointExtension>
						<ns3:speed>1.74</ns3:speed>
						<ns3:cad>81.0</ns3:cad>
						<ns3:hr>149</ns3:hr>
					</ns3:TrackPointExtension>
				</extensions>
			</trkpt>
			<trkpt lat="12.98198917" lon="77.69081706">
				<ele>893.38</ele>
				<time>2026-07-28T16:03:41Z</time>
				<extensions>
					<ns3:TrackPointExtension>
						<ns3:speed>1.73</ns3:speed>
						<ns3:cad>81.0</ns3:cad>
						<ns3:hr>149</ns3:hr>
					</ns3:TrackPointExtension>
				</extensions>
			</trkpt>
			<trkpt lat="12.9819935" lon="77.69080173">
				<ele>893.39</ele>
				<time>2026-07-28T16:03:42Z</time>
				<extensions>
					<ns3:TrackPointExtension>
						<ns3:speed>1.73</ns3:speed>
						<ns3:cad>82.0</ns3:cad>
						<ns3:hr>149</ns3:hr>
					</ns3:TrackPointExtension>
				</extensions>
			</trkpt>
			<trkpt lat="12.98199816" lon="77.69078707">
				<ele>893.4</ele>
				<time>2026-07-28T16:03:43Z</time>
				<extensions>
					<ns3:TrackPointExtension>
						<ns3:speed>1.73</ns3:speed>
						<ns3:cad>82.0</ns3:cad>
						<ns3:hr>149</ns3:hr>
					</ns3:TrackPointExtension>
				</extensions>
			</trkpt>
			<trkpt lat="12.98200282" lon="77.69077241">
				<ele>893.41</ele>
				<time>2026-07-28T16:03:44Z</time>
				<extensions>
					<ns3:TrackPointExtension>
						<ns3:speed>1.73</ns3:speed>
						<ns3:cad>82.0</ns3:cad>
						<ns3:hr>149</ns3:hr>
					</ns3:TrackPointExtension>
				</extensions>
			</trkpt>
			<trkpt lat="12.98200715" lon="77.69075675">
				<ele>893.42</ele>
				<time>2026-07-28T16:03:45Z</time>
				<extensions>
					<ns3:TrackPointExtension>
						<ns3:speed>1.73</ns3:speed>
						<ns3:cad>82.0</ns3:cad>
						<ns3:hr>148</ns3:hr>
					</ns3:TrackPointExtension>
				</extensions>
			</trkpt>
			<trkpt lat="12.98201214" lon="77.69074142">
				<ele>893.42</ele>
				<time>2026-07-28T16:03:46Z</time>
				<extensions>
					<ns3:TrackPointExtension>
						<ns3:speed>1.73</ns3:speed>
						<ns3:cad>82.0</ns3:cad>
						<ns3:hr>147</ns3:hr>
					</ns3:TrackPointExtension>
				</extensions>
			</trkpt>
			<trkpt lat="12.9820178" lon="77.69072609">
				<ele>893.44</ele>
				<time>2026-07-28T16:03:47Z</time>
				<extensions>
					<ns3:TrackPointExtension>
						<ns3:speed>1.73</ns3:speed>
						<ns3:cad>82.0</ns3:cad>
						<ns3:hr>147</ns3:hr>
					</ns3:TrackPointExtension>
				</extensions>
			</trkpt>
			<trkpt lat="12.9820228" lon="77.6907111">
				<ele>893.45</ele>
				<time>2026-07-28T16:03:48Z</time>
				<extensions>
					<ns3:TrackPointExtension>
						<ns3:speed>1.73</ns3:speed>
						<ns3:cad>81.0</ns3:cad>
						<ns3:hr>147</ns3:hr>
					</ns3:TrackPointExtension>
				</extensions>
			</trkpt>
			<trkpt lat="12.98202746" lon="77.6906961">
				<ele>893.45</ele>
				<time>2026-07-28T16:03:49Z</time>
				<extensions>
					<ns3:TrackPointExtension>
						<ns3:hr>147</ns3:hr>
					</ns3:TrackPointExtension>
				</extensions>
			</trkpt>
			<trkpt lat="12.98203312" lon="77.69068044">
				<ele>893.46</ele>
				<time>2026-07-28T16:03:50Z</time>
				<extensions>
					<ns3:TrackPointExtension>
						<ns3:speed>1.73</ns3:speed>
						<ns3:cad>81.0</ns3:cad>
					</ns3:TrackPointExtension>
				</extensions>
			</trkpt>
			<trkpt lat="12.98203845" lon="77.69066511">
				<ele>893.47</ele>
				<time>2026-07-28T16:03:51Z</time>
				<extensions>
					<ns3:TrackPointExtension>
						<ns3:speed>1.73</ns3:speed>
						<ns3:cad>80.0</ns3:cad>
						<ns3:hr>147</ns3:hr>
					</ns3:TrackPointExtension>
				</extensions>
			</trkpt>
			<trkpt lat="12.98204378" lon="77.69064978">
				<ele>893.49</ele>
				<time>2026-07-28T16:03:52Z</time>
				<extensions>
					<ns3:TrackPointExtension>
						<ns3:speed>1.73</ns3:speed>
						<ns3:cad>80.0</ns3:cad>
						<ns3:hr>147</ns3:hr>
					</ns3:TrackPointExtension>
				</extensions>
			</trkpt>
			<trkpt lat="12.98204944" lon="77.69063478">
				<ele>893.49</ele>
				<time>2026-07-28T16:03:53Z</time>
				<extensions>
					<ns3:TrackPointExtension>
						<ns3:speed>1.74</ns3:speed>
						<ns3:cad>80.0</ns3:cad>
						<ns3:hr>147</ns3:hr>
					</ns3:TrackPointExtension>
				</extensions>
			</trkpt>
			<trkpt lat="12.98205543" lon="77.69061878">
				<ele>893.5</ele>
				<time>2026-07-28T16:03:54Z</time>
				<extensions>
					<ns3:TrackPointExtension>
						<ns3:speed>1.75</ns3:speed>
						<ns3:cad>81.0</ns3:cad>
						<ns3:hr>147</ns3:hr>
					</ns3:TrackPointExtension>
				</extensions>
			</trkpt>
			<trkpt lat="12.98206076" lon="77.69060278">
				<ele>893.51</ele>
				<time>2026-07-28T16:03:55Z</time>
				<extensions>
					<ns3:TrackPointExtension>
						<ns3:speed>1.75</ns3:speed>
						<ns3:cad>81.0</ns3:cad>
						<ns3:hr>146</ns3:hr>
					</ns3:TrackPointExtension>
				</extensions>
			</trkpt>
			<trkpt lat="12.98206509" lon="77.69058712">
				<ele>893.55</ele>
				<time>2026-07-28T16:03:56Z</time>
				<extensions>
					<ns3:TrackPointExtension>
						<ns3:speed>1.76</ns3:speed>
						<ns3:cad>81.0</ns3:cad>
						<ns3:hr>146</ns3:hr>
					</ns3:TrackPointExtension>
				</extensions>
			</trkpt>
			<trkpt lat="12.98206975" lon="77.69057079">
				<ele>893.56</ele>
				<time>2026-07-28T16:03:57Z</time>
				<extensions>
					<ns3:TrackPointExtension>
						<ns3:speed>1.76</ns3:speed>
						<ns3:cad>81.0</ns3:cad>
						<ns3:hr>146</ns3:hr>
					</ns3:TrackPointExtension>
				</extensions>
			</trkpt>
			<trkpt lat="12.98207508" lon="77.69055613">
				<ele>893.57</ele>
				<time>2026-07-28T16:03:58Z</time>
				<extensions>
					<ns3:TrackPointExtension>
						<ns3:speed>1.76</ns3:speed>
						<ns3:cad>81.0</ns3:cad>
						<ns3:hr>145</ns3:hr>
					</ns3:TrackPointExtension>
				</extensions>
			</trkpt>
			<trkpt lat="12.98208174" lon="77.6905408">
				<ele>893.58</ele>
				<time>2026-07-28T16:03:59Z</time>
				<extensions>
					<ns3:TrackPointExtension>
						<ns3:speed>1.76</ns3:speed>
						<ns3:cad>81.0</ns3:cad>
						<ns3:hr>144</ns3:hr>
					</ns3:TrackPointExtension>
				</extensions>
			</trkpt>
			<trkpt lat="12.98208707" lon="77.69052614">
				<ele>893.59</ele>
				<time>2026-07-28T16:04:00Z</time>
				<extensions>
					<ns3:TrackPointExtension>
						<ns3:speed>1.76</ns3:speed>
						<ns3:cad>81.0</ns3:cad>
						<ns3:hr>144</ns3:hr>
					</ns3:TrackPointExtension>
				</extensions>
			</trkpt>
			<trkpt lat="12.98209073" lon="77.69051048">
				<ele>893.6</ele>
				<time>2026-07-28T16:04:01Z</time>
				<extensions>
					<ns3:TrackPointExtension>
						<ns3:speed>1.76</ns3:speed>
						<ns3:cad>80.0</ns3:cad>
						<ns3:hr>144</ns3:hr>
					</ns3:TrackPointExtension>
				</extensions>
			</trkpt>
			<trkpt lat="12.98209373" lon="77.69049382">
				<ele>893.61</ele>
				<time>2026-07-28T16:04:02Z</time>
				<extensions>
					<ns3:TrackPointExtension>
						<ns3:speed>1.76</ns3:speed>
						<ns3:cad>80.0</ns3:cad>
						<ns3:hr>143</ns3:hr>
					</ns3:TrackPointExtension>
				</extensions>
			</trkpt>
			<trkpt lat="12.98209606" lon="77.69047616">
				<ele>893.63</ele>
				<time>2026-07-28T16:04:03Z</time>
				<extensions>
					<ns3:TrackPointExtension>
						<ns3:speed>1.76</ns3:speed>
						<ns3:cad>80.0</ns3:cad>
						<ns3:hr>143</ns3:hr>
					</ns3:TrackPointExtension>
				</extensions>
			</trkpt>
			<trkpt lat="12.98209905" lon="77.6904585">
				<ele>893.64</ele>
				<time>2026-07-28T16:04:04Z</time>
				<extensions>
					<ns3:TrackPointExtension>
						<ns3:speed>1.76</ns3:speed>
						<ns3:cad>81.0</ns3:cad>
						<ns3:hr>142</ns3:hr>
					</ns3:TrackPointExtension>
				</extensions>
			</trkpt>
			<trkpt lat="12.98210338" lon="77.69044117">
				<ele>893.65</ele>
				<time>2026-07-28T16:04:05Z</time>
				<extensions>
					<ns3:TrackPointExtension>
						<ns3:speed>1.77</ns3:speed>
						<ns3:cad>81.0</ns3:cad>
						<ns3:hr>142</ns3:hr>
					</ns3:TrackPointExtension>
				</extensions>
			</trkpt>
			<trkpt lat="12.98211071" lon="77.69042617">
				<ele>893.67</ele>
				<time>2026-07-28T16:04:06Z</time>
				<extensions>
					<ns3:TrackPointExtension>
						<ns3:speed>1.78</ns3:speed>
						<ns3:cad>81.0</ns3:cad>
						<ns3:hr>143</ns3:hr>
					</ns3:TrackPointExtension>
				</extensions>
			</trkpt>
			<trkpt lat="12.98212104" lon="77.69041318">
				<ele>893.68</ele>
				<time>2026-07-28T16:04:07Z</time>
				<extensions>
					<ns3:TrackPointExtension>
						<ns3:speed>1.79</ns3:speed>
						<ns3:cad>81.0</ns3:cad>
						<ns3:hr>143</ns3:hr>
					</ns3:TrackPointExtension>
				</extensions>
			</trkpt>
			<trkpt lat="12.9821347" lon="77.69040218">
				<ele>893.7</ele>
				<time>2026-07-28T16:04:08Z</time>
				<extensions>
					<ns3:TrackPointExtension>
						<ns3:speed>1.8</ns3:speed>
						<ns3:cad>81.0</ns3:cad>
						<ns3:hr>143</ns3:hr>
					</ns3:TrackPointExtension>
				</extensions>
			</trkpt>
			<trkpt lat="12.98215336" lon="77.69039418">
				<ele>893.72</ele>
				<time>2026-07-28T16:04:09Z</time>
				<extensions>
					<ns3:TrackPointExtension>
						<ns3:speed>1.8</ns3:speed>
						<ns3:cad>81.0</ns3:cad>
						<ns3:hr>144</ns3:hr>
					</ns3:TrackPointExtension>
				</extensions>
			</trkpt>
			<trkpt lat="12.98217402" lon="77.69038719">
				<ele>893.74</ele>
				<time>2026-07-28T16:04:10Z</time>
				<extensions>
					<ns3:TrackPointExtension>
						<ns3:speed>1.81</ns3:speed>
						<ns3:cad>81.0</ns3:cad>
						<ns3:hr>145</ns3:hr>
					</ns3:TrackPointExtension>
				</extensions>
			</trkpt>
			<trkpt lat="12.98219435" lon="77.69038253">
				<ele>893.77</ele>
				<time>2026-07-28T16:04:11Z</time>
				<extensions>
					<ns3:TrackPointExtension>
						<ns3:speed>1.81</ns3:speed>
						<ns3:cad>81.0</ns3:cad>
						<ns3:hr>145</ns3:hr>
					</ns3:TrackPointExtension>
				</extensions>
			</trkpt>
			<trkpt lat="12.98221501" lon="77.69037954">
				<ele>893.8</ele>
				<time>2026-07-28T16:04:12Z</time>
				<extensions>
					<ns3:TrackPointExtension>
						<ns3:speed>1.82</ns3:speed>
						<ns3:cad>81.0</ns3:cad>
					</ns3:TrackPointExtension>
				</extensions>
			</trkpt>
			<trkpt lat="12.982235" lon="77.69037855">
				<ele>893.84</ele>
				<time>2026-07-28T16:04:13Z</time>
				<extensions>
					<ns3:TrackPointExtension>
						<ns3:speed>1.82</ns3:speed>
						<ns3:cad>81.0</ns3:cad>
						<ns3:hr>145</ns3:hr>
					</ns3:TrackPointExtension>
				</extensions>
			</trkpt>
			<trkpt lat="12.98225333" lon="77.69037921">
				<ele>893.87</ele>
				<time>2026-07-28T16:04:14Z</time>
				<extensions>
					<ns3:TrackPointExtension>
						<ns3:speed>1.83</ns3:speed>
						<ns3:cad>81.0</ns3:cad>
						<ns3:hr>145</ns3:hr>
					</ns3:TrackPointExtension>
				</extensions>
			</trkpt>
			<trkpt lat="12.98227199" lon="77.69038154">
				<ele>893.9</ele>
				<time>2026-07-28T16:04:15Z</time>
				<extensions>
					<ns3:TrackPointExtension>
						<ns3:speed>1.84</ns3:speed>
						<ns3:cad>81.0</ns3:cad>
						<ns3:hr>146</ns3:hr>
					</ns3:TrackPointExtension>
				</extensions>
			</trkpt>
			<trkpt lat="12.98229032" lon="77.69038654">
				<ele>893.93</ele>
				<time>2026-07-28T16:04:16Z</time>
				<extensions>
					<ns3:TrackPointExtension>
						<ns3:speed>1.84</ns3:speed>
						<ns3:cad>80.0</ns3:cad>
						<ns3:hr>146</ns3:hr>
					</ns3:TrackPointExtension>
				</extensions>
			</trkpt>
			<trkpt lat="12.98230832" lon="77.6903912">
				<ele>893.96</ele>
				<time>2026-07-28T16:04:17Z</time>
				<extensions>
					<ns3:TrackPointExtension>
						<ns3:speed>1.85</ns3:speed>
						<ns3:cad>80.0</ns3:cad>
						<ns3:hr>146</ns3:hr>
					</ns3:TrackPointExtension>
				</extensions>
			</trkpt>
			<trkpt lat="12.98232565" lon="77.6903962">
				<ele>893.99</ele>
				<time>2026-07-28T16:04:18Z</time>
				<extensions>
					<ns3:TrackPointExtension>
						<ns3:speed>1.86</ns3:speed>
						<ns3:cad>80.0</ns3:cad>
						<ns3:hr>146</ns3:hr>
					</ns3:TrackPointExtension>
				</extensions>
			</trkpt>
			<trkpt lat="12.98234198" lon="77.69040253">
				<ele>894.01</ele>
				<time>2026-07-28T16:04:19Z</time>
				<extensions>
					<ns3:TrackPointExtension>
						<ns3:speed>1.87</ns3:speed>
						<ns3:cad>80.0</ns3:cad>
						<ns3:hr>147</ns3:hr>
					</ns3:TrackPointExtension>
				</extensions>
			</trkpt>
			<trkpt lat="12.98235831" lon="77.69040952">
				<ele>894.02</ele>
				<time>2026-07-28T16:04:20Z</time>
				<extensions>
					<ns3:TrackPointExtension>
						<ns3:speed>1.87</ns3:speed>
						<ns3:cad>81.0</ns3:cad>
						<ns3:hr>149</ns3:hr>
					</ns3:TrackPointExtension>
				</extensions>
			</trkpt>
			<trkpt lat="12.98237364" lon="77.69041852">
				<ele>894.03</ele>
				<time>2026-07-28T16:04:21Z</time>
				<extensions>
					<ns3:TrackPointExtension>
						<ns3:speed>1.89</ns3:speed>
						<ns3:cad>81.0</ns3:cad>
						<ns3:hr>149</ns3:hr>
					</ns3:TrackPointExtension>
				</extensions>
			</trkpt>
			<trkpt lat="12.98238797" lon="77.69042918">
				<ele>894.04</ele>
				<time>2026-07-28T16:04:22Z</time>
				<extensions>
					<ns3:TrackPointExtension>
						<ns3:speed>1.89</ns3:speed>
						<ns3:cad>81.0</ns3:cad>
						<ns3:hr>149</ns3:hr>
					</ns3:TrackPointExtension>
				</extensions>
			</trkpt>
			<trkpt lat="12.98239996" lon="77.69044184">
				<ele>894.04</ele>
				<time>2026-07-28T16:04:23Z</time>
				<extensions>
					<ns3:TrackPointExtension>
						<ns3:speed>1.89</ns3:speed>
						<ns3:cad>81.0</ns3:cad>
						<ns3:hr>148</ns3:hr>
					</ns3:TrackPointExtension>
				</extensions>
			</trkpt>
			<trkpt lat="12.98241129" lon="77.6904545">
				<ele>894.05</ele>
				<time>2026-07-28T16:04:24Z</time>
				<extensions>
					<ns3:TrackPointExtension>
						<ns3:speed>1.89</ns3:speed>
						<ns3:cad>81.0</ns3:cad>
						<ns3:hr>148</ns3:hr>
					</ns3:TrackPointExtension>
				</extensions>
			</trkpt>
			<trkpt lat="12.98242128" lon="77.69046816">
				<ele>894.04</ele>
				<time>2026-07-28T16:04:25Z</time>
				<extensions>
					<ns3:TrackPointExtension>
						<ns3:speed>1.88</ns3:speed>
						<ns3:cad>81.0</ns3:cad>
						<ns3:hr>148</ns3:hr>
					</ns3:TrackPointExtension>
				</extensions>
			</trkpt>
			<trkpt lat="12.98242994" lon="77.69048149">
				<ele>894.04</ele>
				<time>2026-07-28T16:04:26Z</time>
				<extensions>
					<ns3:TrackPointExtension>
						<ns3:speed>1.88</ns3:speed>
						<ns3:cad>81.0</ns3:cad>
						<ns3:hr>147</ns3:hr>
					</ns3:TrackPointExtension>
				</extensions>
			</trkpt>
			<trkpt lat="12.98243593" lon="77.69049582">
				<ele>894.04</ele>
				<time>2026-07-28T16:04:27Z</time>
				<extensions>
					<ns3:TrackPointExtension>
						<ns3:speed>1.86</ns3:speed>
						<ns3:cad>81.0</ns3:cad>
						<ns3:hr>147</ns3:hr>
					</ns3:TrackPointExtension>
				</extensions>
			</trkpt>
			<trkpt lat="12.98243726" lon="77.69051082">
				<ele>894.03</ele>
				<time>2026-07-28T16:04:28Z</time>
				<extensions>
					<ns3:TrackPointExtension>
						<ns3:speed>1.85</ns3:speed>
						<ns3:cad>81.0</ns3:cad>
						<ns3:hr>147</ns3:hr>
					</ns3:TrackPointExtension>
				</extensions>
			</trkpt>
			<trkpt lat="12.98243627" lon="77.69052748">
				<ele>894.01</ele>
				<time>2026-07-28T16:04:29Z</time>
				<extensions>
					<ns3:TrackPointExtension>
						<ns3:speed>1.85</ns3:speed>
						<ns3:cad>80.0</ns3:cad>
						<ns3:hr>147</ns3:hr>
					</ns3:TrackPointExtension>
				</extensions>
			</trkpt>
			<trkpt lat="12.98243294" lon="77.69054447">
				<ele>894.0</ele>
				<time>2026-07-28T16:04:30Z</time>
				<extensions>
					<ns3:TrackPointExtension>
						<ns3:speed>1.85</ns3:speed>
						<ns3:cad>80.0</ns3:cad>
						<ns3:hr>146</ns3:hr>
					</ns3:TrackPointExtension>
				</extensions>
			</trkpt>
			<trkpt lat="12.98242828" lon="77.69056146">
				<ele>894.0</ele>
				<time>2026-07-28T16:04:31Z</time>
				<extensions>
					<ns3:TrackPointExtension>
						<ns3:speed>1.86</ns3:speed>
						<ns3:cad>80.0</ns3:cad>
						<ns3:hr>146</ns3:hr>
					</ns3:TrackPointExtension>
				</extensions>
			</trkpt>
			<trkpt lat="12.98242295" lon="77.69057879">
				<ele>893.99</ele>
				<time>2026-07-28T16:04:32Z</time>
				<extensions>
					<ns3:TrackPointExtension>
						<ns3:speed>1.86</ns3:speed>
						<ns3:cad>80.0</ns3:cad>
						<ns3:hr>148</ns3:hr>
					</ns3:TrackPointExtension>
				</extensions>
			</trkpt>
			<trkpt lat="12.98241695" lon="77.69059545">
				<ele>893.98</ele>
				<time>2026-07-28T16:04:33Z</time>
				<extensions>
					<ns3:TrackPointExtension>
						<ns3:speed>1.86</ns3:speed>
						<ns3:cad>80.0</ns3:cad>
						<ns3:hr>148</ns3:hr>
					</ns3:TrackPointExtension>
				</extensions>
			</trkpt>
			<trkpt lat="12.98241062" lon="77.69061211">
				<ele>893.97</ele>
				<time>2026-07-28T16:04:34Z</time>
				<extensions>
					<ns3:TrackPointExtension>
						<ns3:speed>1.87</ns3:speed>
						<ns3:cad>81.0</ns3:cad>
						<ns3:hr>148</ns3:hr>
					</ns3:TrackPointExtension>
				</extensions>
			</trkpt>
			<trkpt lat="12.98240429" lon="77.69062711">
				<ele>893.95</ele>
				<time>2026-07-28T16:04:35Z</time>
				<extensions>
					<ns3:TrackPointExtension>
						<ns3:speed>1.87</ns3:speed>
						<ns3:cad>81.0</ns3:cad>
						<ns3:hr>148</ns3:hr>
					</ns3:TrackPointExtension>
				</extensions>
			</trkpt>
			<trkpt lat="12.98239796" lon="77.69064311">
				<ele>893.93</ele>
				<time>2026-07-28T16:04:36Z</time>
				<extensions>
					<ns3:TrackPointExtension>
						<ns3:speed>1.86</ns3:speed>
						<ns3:cad>81.0</ns3:cad>
						<ns3:hr>148</ns3:hr>
					</ns3:TrackPointExtension>
				</extensions>
			</trkpt>
			<trkpt lat="12.98239197" lon="77.69065777">
				<ele>893.91</ele>
				<time>2026-07-28T16:04:37Z</time>
				<extensions>
					<ns3:TrackPointExtension>
						<ns3:speed>1.86</ns3:speed>
						<ns3:cad>81.0</ns3:cad>
						<ns3:hr>148</ns3:hr>
					</ns3:TrackPointExtension>
				</extensions>
			</trkpt>
			<trkpt lat="12.98238564" lon="77.69067277">
				<ele>893.9</ele>
				<time>2026-07-28T16:04:38Z</time>
				<extensions>
					<ns3:TrackPointExtension>
						<ns3:speed>1.84</ns3:speed>
						<ns3:cad>81.0</ns3:cad>
						<ns3:hr>146</ns3:hr>
					</ns3:TrackPointExtension>
				</extensions>
			</trkpt>
			<trkpt lat="12.98237931" lon="77.69068777">
				<ele>893.88</ele>
				<time>2026-07-28T16:04:39Z</time>
				<extensions>
					<ns3:TrackPointExtension>
						<ns3:speed>1.84</ns3:speed>
						<ns3:cad>81.0</ns3:cad>
						<ns3:hr>147</ns3:hr>
					</ns3:TrackPointExtension>
				</extensions>
			</trkpt>
			<trkpt lat="12.98237265" lon="77.69070143">
				<ele>893.88</ele>
				<time>2026-07-28T16:04:40Z</time>
				<extensions>
					<ns3:TrackPointExtension>
						<ns3:speed>1.83</ns3:speed>
						<ns3:cad>81.0</ns3:cad>
						<ns3:hr>147</ns3:hr>
					</ns3:TrackPointExtension>
				</extensions>
			</trkpt>
			<trkpt lat="12.98236699" lon="77.69071542">
				<ele>893.86</ele>
				<time>2026-07-28T16:04:41Z</time>
				<extensions>
					<ns3:TrackPointExtension>
						<ns3:speed>1.82</ns3:speed>
						<ns3:cad>81.0</ns3:cad>
						<ns3:hr>147</ns3:hr>
					</ns3:TrackPointExtension>
				</extensions>
			</trkpt>
			<trkpt lat="12.98236133" lon="77.69072875">
				<ele>893.56</ele>
				<time>2026-07-28T16:04:42Z</time>
				<extensions>
					<ns3:TrackPointExtension>
						<ns3:speed>1.8</ns3:speed>
						<ns3:cad>81.0</ns3:cad>
						<ns3:hr>147</ns3:hr>
					</ns3:TrackPointExtension>
				</extensions>
			</trkpt>
			<trkpt lat="12.98235533" lon="77.69074074">
				<ele>893.54</ele>
				<time>2026-07-28T16:04:43Z</time>
				<extensions>
					<ns3:TrackPointExtension>
						<ns3:speed>1.79</ns3:speed>
						<ns3:cad>81.0</ns3:cad>
						<ns3:hr>147</ns3:hr>
					</ns3:TrackPointExtension>
				</extensions>
			</trkpt>
			<trkpt lat="12.982348" lon="77.69075707">
				<ele>893.51</ele>
				<time>2026-07-28T16:04:44Z</time>
				<extensions>
					<ns3:TrackPointExtension>
						<ns3:speed>1.79</ns3:speed>
						<ns3:cad>80.0</ns3:cad>
						<ns3:hr>147</ns3:hr>
					</ns3:TrackPointExtension>
				</extensions>
			</trkpt>
			<trkpt lat="12.98234134" lon="77.69076973">
				<ele>893.49</ele>
				<time>2026-07-28T16:04:45Z</time>
				<extensions>
					<ns3:TrackPointExtension>
						<ns3:speed>1.79</ns3:speed>
						<ns3:cad>80.0</ns3:cad>
						<ns3:hr>147</ns3:hr>
					</ns3:TrackPointExtension>
				</extensions>
			</trkpt>
			<trkpt lat="12.98233468" lon="77.69078172">
				<ele>893.46</ele>
				<time>2026-07-28T16:04:46Z</time>
				<extensions>
					<ns3:TrackPointExtension>
						<ns3:speed>1.79</ns3:speed>
						<ns3:cad>80.0</ns3:cad>
						<ns3:hr>147</ns3:hr>
					</ns3:TrackPointExtension>
				</extensions>
			</trkpt>
			<trkpt lat="12.98232869" lon="77.69079238">
				<ele>893.46</ele>
				<time>2026-07-28T16:04:47Z</time>
				<extensions>
					<ns3:TrackPointExtension>
						<ns3:speed>1.8</ns3:speed>
						<ns3:cad>80.0</ns3:cad>
						<ns3:hr>148</ns3:hr>
					</ns3:TrackPointExtension>
				</extensions>
			</trkpt>
			<trkpt lat="12.98232236" lon="77.69080571">
				<ele>893.25</ele>
				<time>2026-07-28T16:04:48Z</time>
				<extensions>
					<ns3:TrackPointExtension>
						<ns3:speed>1.8</ns3:speed>
						<ns3:cad>81.0</ns3:cad>
						<ns3:hr>148</ns3:hr>
					</ns3:TrackPointExtension>
				</extensions>
			</trkpt>
			<trkpt lat="12.98231736" lon="77.69082137">
				<ele>893.23</ele>
				<time>2026-07-28T16:04:49Z</time>
				<extensions>
					<ns3:TrackPointExtension>
						<ns3:speed>1.8</ns3:speed>
						<ns3:cad>81.0</ns3:cad>
						<ns3:hr>148</ns3:hr>
					</ns3:TrackPointExtension>
				</extensions>
			</trkpt>
			<trkpt lat="12.98231403" lon="77.6908367">
				<ele>893.2</ele>
				<time>2026-07-28T16:04:50Z</time>
				<extensions>
					<ns3:TrackPointExtension>
						<ns3:speed>1.79</ns3:speed>
						<ns3:cad>81.0</ns3:cad>
						<ns3:hr>148</ns3:hr>
					</ns3:TrackPointExtension>
				</extensions>
			</trkpt>
			<trkpt lat="12.98231769" lon="77.69084803">
				<ele>893.18</ele>
				<time>2026-07-28T16:04:51Z</time>
				<extensions>
					<ns3:TrackPointExtension>
						<ns3:speed>1.79</ns3:speed>
						<ns3:cad>81.0</ns3:cad>
						<ns3:hr>148</ns3:hr>
					</ns3:TrackPointExtension>
				</extensions>
			</trkpt>
			<trkpt lat="12.98233202" lon="77.69086269">
				<ele>893.18</ele>
				<time>2026-07-28T16:04:52Z</time>
				<extensions>
					<ns3:TrackPointExtension>
						<ns3:speed>1.78</ns3:speed>
						<ns3:cad>81.0</ns3:cad>
						<ns3:hr>147</ns3:hr>
					</ns3:TrackPointExtension>
				</extensions>
			</trkpt>
			<trkpt lat="12.98234901" lon="77.69087902">
				<ele>893.16</ele>
				<time>2026-07-28T16:04:53Z</time>
				<extensions>
					<ns3:TrackPointExtension>
						<ns3:speed>1.77</ns3:speed>
						<ns3:cad>81.0</ns3:cad>
						<ns3:hr>148</ns3:hr>
					</ns3:TrackPointExtension>
				</extensions>
			</trkpt>
			<trkpt lat="12.98236867" lon="77.69089368">
				<ele>893.17</ele>
				<time>2026-07-28T16:04:54Z</time>
				<extensions>
					<ns3:TrackPointExtension>
						<ns3:speed>1.76</ns3:speed>
						<ns3:cad>81.0</ns3:cad>
						<ns3:hr>148</ns3:hr>
					</ns3:TrackPointExtension>
				</extensions>
			</trkpt>
			<trkpt lat="12.98238833" lon="77.69090634">
				<ele>893.16</ele>
				<time>2026-07-28T16:04:55Z</time>
				<extensions>
					<ns3:TrackPointExtension>
						<ns3:speed>1.78</ns3:speed>
						<ns3:cad>81.0</ns3:cad>
						<ns3:hr>148</ns3:hr>
					</ns3:TrackPointExtension>
				</extensions>
			</trkpt>
			<trkpt lat="12.98240499" lon="77.690917">
				<ele>893.34</ele>
				<time>2026-07-28T16:04:56Z</time>
				<extensions>
					<ns3:TrackPointExtension>
						<ns3:speed>1.79</ns3:speed>
						<ns3:cad>81.0</ns3:cad>
						<ns3:hr>149</ns3:hr>
					</ns3:TrackPointExtension>
				</extensions>
			</trkpt>
			<trkpt lat="12.98242065" lon="77.69092633">
				<ele>893.35</ele>
				<time>2026-07-28T16:04:57Z</time>
				<extensions>
					<ns3:TrackPointExtension>
						<ns3:speed>1.8</ns3:speed>
						<ns3:cad>81.0</ns3:cad>
						<ns3:hr>148</ns3:hr>
					</ns3:TrackPointExtension>
				</extensions>
			</trkpt>
			<trkpt lat="12.98243698" lon="77.69093499">
				<ele>893.37</ele>
				<time>2026-07-28T16:04:58Z</time>
				<extensions>
					<ns3:TrackPointExtension>
						<ns3:speed>1.8</ns3:speed>
						<ns3:cad>81.0</ns3:cad>
						<ns3:hr>149</ns3:hr>
					</ns3:TrackPointExtension>
				</extensions>
			</trkpt>
			<trkpt lat="12.98245398" lon="77.69094298">
				<ele>893.38</ele>
				<time>2026-07-28T16:04:59Z</time>
				<extensions>
					<ns3:TrackPointExtension>
						<ns3:speed>1.81</ns3:speed>
						<ns3:cad>81.0</ns3:cad>
						<ns3:hr>149</ns3:hr>
					</ns3:TrackPointExtension>
				</extensions>
			</trkpt>
			<trkpt lat="12.98247097" lon="77.69095131">
				<ele>893.4</ele>
				<time>2026-07-28T16:05:00Z</time>
				<extensions>
					<ns3:TrackPointExtension>
						<ns3:speed>1.82</ns3:speed>
						<ns3:cad>81.0</ns3:cad>
						<ns3:hr>149</ns3:hr>
					</ns3:TrackPointExtension>
				</extensions>
			</trkpt>
			<trkpt lat="12.98248863" lon="77.69095797">
				<ele>893.66</ele>
				<time>2026-07-28T16:05:01Z</time>
				<extensions>
					<ns3:TrackPointExtension>
						<ns3:speed>1.83</ns3:speed>
						<ns3:cad>81.0</ns3:cad>
						<ns3:hr>149</ns3:hr>
					</ns3:TrackPointExtension>
				</extensions>
			</trkpt>
			<trkpt lat="12.98250562" lon="77.69096563">
				<ele>893.67</ele>
				<time>2026-07-28T16:05:02Z</time>
				<extensions>
					<ns3:TrackPointExtension>
						<ns3:speed>1.84</ns3:speed>
						<ns3:cad>81.0</ns3:cad>
						<ns3:hr>150</ns3:hr>
					</ns3:TrackPointExtension>
				</extensions>
			</trkpt>
			<trkpt lat="12.98252128" lon="77.69097129">
				<ele>893.68</ele>
				<time>2026-07-28T16:05:03Z</time>
				<extensions>
					<ns3:TrackPointExtension>
						<ns3:speed>1.85</ns3:speed>
						<ns3:cad>81.0</ns3:cad>
						<ns3:hr>150</ns3:hr>
					</ns3:TrackPointExtension>
				</extensions>
			</trkpt>
			<trkpt lat="12.98253728" lon="77.69097662">
				<ele>893.69</ele>
				<time>2026-07-28T16:05:04Z</time>
				<extensions>
					<ns3:TrackPointExtension>
						<ns3:speed>1.86</ns3:speed>
						<ns3:cad>81.0</ns3:cad>
						<ns3:hr>150</ns3:hr>
					</ns3:TrackPointExtension>
				</extensions>
			</trkpt>
			<trkpt lat="12.98255361" lon="77.69098328">
				<ele>893.7</ele>
				<time>2026-07-28T16:05:05Z</time>
				<extensions>
					<ns3:TrackPointExtension>
						<ns3:speed>1.87</ns3:speed>
						<ns3:cad>80.0</ns3:cad>
						<ns3:hr>150</ns3:hr>
					</ns3:TrackPointExtension>
				</extensions>
			</trkpt>
			<trkpt lat="12.98256894" lon="77.69099061">
				<ele>893.71</ele>
				<time>2026-07-28T16:05:06Z</time>
				<extensions>
					<ns3:TrackPointExtension>
						<ns3:speed>1.88</ns3:speed>
						<ns3:cad>80.0</ns3:cad>
						<ns3:hr>150</ns3:hr>
					</ns3:TrackPointExtension>
				</extensions>
			</trkpt>
			<trkpt lat="12.9825846" lon="77.69099794">
				<ele>893.71</ele>
				<time>2026-07-28T16:05:07Z</time>
				<extensions>
					<ns3:TrackPointExtension>
						<ns3:speed>1.89</ns3:speed>
						<ns3:cad>80.0</ns3:cad>
						<ns3:hr>149</ns3:hr>
					</ns3:TrackPointExtension>
				</extensions>
			</trkpt>
			<trkpt lat="12.98259993" lon="77.6910046">
				<ele>893.72</ele>
				<time>2026-07-28T16:05:08Z</time>
				<extensions>
					<ns3:TrackPointExtension>
						<ns3:speed>1.9</ns3:speed>
						<ns3:cad>81.0</ns3:cad>
						<ns3:hr>150</ns3:hr>
					</ns3:TrackPointExtension>
				</extensions>
			</trkpt>
			<trkpt lat="12.98261526" lon="77.69101093">
				<ele>893.73</ele>
				<time>2026-07-28T16:05:09Z</time>
				<extensions>
					<ns3:TrackPointExtension>
						<ns3:speed>1.9</ns3:speed>
						<ns3:cad>81.0</ns3:cad>
						<ns3:hr>150</ns3:hr>
					</ns3:TrackPointExtension>
				</extensions>
			</trkpt>
			<trkpt lat="12.98263092" lon="77.69101626">
				<ele>893.74</ele>
				<time>2026-07-28T16:05:10Z</time>
				<extensions>
					<ns3:TrackPointExtension>
						<ns3:speed>1.9</ns3:speed>
						<ns3:cad>81.0</ns3:cad>
						<ns3:hr>151</ns3:hr>
					</ns3:TrackPointExtension>
				</extensions>
			</trkpt>
			<trkpt lat="12.98264725" lon="77.69102259">
				<ele>893.75</ele>
				<time>2026-07-28T16:05:11Z</time>
				<extensions>
					<ns3:TrackPointExtension>
						<ns3:speed>1.9</ns3:speed>
						<ns3:cad>81.0</ns3:cad>
						<ns3:hr>150</ns3:hr>
					</ns3:TrackPointExtension>
				</extensions>
			</trkpt>
			<trkpt lat="12.98266258" lon="77.69102892">
				<ele>893.76</ele>
				<time>2026-07-28T16:05:12Z</time>
				<extensions>
					<ns3:TrackPointExtension>
						<ns3:speed>1.9</ns3:speed>
						<ns3:cad>80.0</ns3:cad>
						<ns3:hr>151</ns3:hr>
					</ns3:TrackPointExtension>
				</extensions>
			</trkpt>
			<trkpt lat="12.98267824" lon="77.69103458">
				<ele>893.77</ele>
				<time>2026-07-28T16:05:13Z</time>
				<extensions>
					<ns3:TrackPointExtension>
						<ns3:speed>1.9</ns3:speed>
						<ns3:cad>80.0</ns3:cad>
						<ns3:hr>151</ns3:hr>
					</ns3:TrackPointExtension>
				</extensions>
			</trkpt>
			<trkpt lat="12.9826939" lon="77.69104091">
				<ele>893.77</ele>
				<time>2026-07-28T16:05:14Z</time>
				<extensions>
					<ns3:TrackPointExtension>
						<ns3:speed>1.9</ns3:speed>
						<ns3:cad>80.0</ns3:cad>
						<ns3:hr>151</ns3:hr>
					</ns3:TrackPointExtension>
				</extensions>
			</trkpt>
			<trkpt lat="12.98270956" lon="77.69104624">
				<ele>893.78</ele>
				<time>2026-07-28T16:05:15Z</time>
				<extensions>
					<ns3:TrackPointExtension>
						<ns3:speed>1.9</ns3:speed>
						<ns3:cad>80.0</ns3:cad>
						<ns3:hr>151</ns3:hr>
					</ns3:TrackPointExtension>
				</extensions>
			</trkpt>
			<trkpt lat="12.98272489" lon="77.6910529">
				<ele>893.78</ele>
				<time>2026-07-28T16:05:16Z</time>
				<extensions>
					<ns3:TrackPointExtension>
						<ns3:speed>1.9</ns3:speed>
						<ns3:cad>81.0</ns3:cad>
						<ns3:hr>151</ns3:hr>
					</ns3:TrackPointExtension>
				</extensions>
			</trkpt>
			<trkpt lat="12.98273955" lon="77.69105923">
				<ele>893.79</ele>
				<time>2026-07-28T16:05:17Z</time>
				<extensions>
					<ns3:TrackPointExtension>
						<ns3:speed>1.9</ns3:speed>
						<ns3:cad>81.0</ns3:cad>
						<ns3:hr>150</ns3:hr>
					</ns3:TrackPointExtension>
				</extensions>
			</trkpt>
			<trkpt lat="12.98275421" lon="77.69106556">
				<ele>893.96</ele>
				<time>2026-07-28T16:05:18Z</time>
				<extensions>
					<ns3:TrackPointExtension>
						<ns3:speed>1.89</ns3:speed>
						<ns3:cad>81.0</ns3:cad>
						<ns3:hr>150</ns3:hr>
					</ns3:TrackPointExtension>
				</extensions>
			</trkpt>
			<trkpt lat="12.98276954" lon="77.69107255">
				<ele>893.96</ele>
				<time>2026-07-28T16:05:19Z</time>
				<extensions>
					<ns3:TrackPointExtension>
					</ns3:TrackPointExtension>
				</extensions>
			</trkpt>
			<trkpt lat="12.98278554" lon="77.69107954">
				<ele>893.97</ele>
				<time>2026-07-28T16:05:20Z</time>
				<extensions>
					<ns3:TrackPointExtension>
						<ns3:speed>1.88</ns3:speed>
						<ns3:cad>81.0</ns3:cad>
						<ns3:hr>150</ns3:hr>
					</ns3:TrackPointExtension>
				</extensions>
			</trkpt>
			<trkpt lat="12.9828012" lon="77.69108653">
				<ele>893.97</ele>
				<time>2026-07-28T16:05:21Z</time>
				<extensions>
					<ns3:TrackPointExtension>
						<ns3:speed>1.87</ns3:speed>
						<ns3:cad>81.0</ns3:cad>
						<ns3:hr>151</ns3:hr>
					</ns3:TrackPointExtension>
				</extensions>
			</trkpt>
			<trkpt lat="12.9828172" lon="77.69109253">
				<ele>893.98</ele>
				<time>2026-07-28T16:05:22Z</time>
				<extensions>
					<ns3:TrackPointExtension>
						<ns3:speed>1.87</ns3:speed>
						<ns3:cad>80.0</ns3:cad>
						<ns3:hr>151</ns3:hr>
					</ns3:TrackPointExtension>
				</extensions>
			</trkpt>
			<trkpt lat="12.98283353" lon="77.69109852">
				<ele>893.98</ele>
				<time>2026-07-28T16:05:23Z</time>
				<extensions>
					<ns3:TrackPointExtension>
						<ns3:speed>1.87</ns3:speed>
						<ns3:cad>80.0</ns3:cad>
						<ns3:hr>152</ns3:hr>
					</ns3:TrackPointExtension>
				</extensions>
			</trkpt>
			<trkpt lat="12.98284919" lon="77.69110585">
				<ele>893.98</ele>
				<time>2026-07-28T16:05:24Z</time>
				<extensions>
					<ns3:TrackPointExtension>
						<ns3:speed>1.87</ns3:speed>
						<ns3:cad>80.0</ns3:cad>
						<ns3:hr>151</ns3:hr>
					</ns3:TrackPointExtension>
				</extensions>
			</trkpt>
			<trkpt lat="12.98286552" lon="77.69111218">
				<ele>893.98</ele>
				<time>2026-07-28T16:05:25Z</time>
				<extensions>
					<ns3:TrackPointExtension>
						<ns3:speed>1.87</ns3:speed>
						<ns3:cad>80.0</ns3:cad>
						<ns3:hr>151</ns3:hr>
					</ns3:TrackPointExtension>
				</extensions>
			</trkpt>
			<trkpt lat="12.98288185" lon="77.69111851">
				<ele>893.98</ele>
				<time>2026-07-28T16:05:26Z</time>
				<extensions>
					<ns3:TrackPointExtension>
						<ns3:speed>1.87</ns3:speed>
						<ns3:cad>81.0</ns3:cad>
						<ns3:hr>151</ns3:hr>
					</ns3:TrackPointExtension>
				</extensions>
			</trkpt>
			<trkpt lat="12.98289818" lon="77.69112517">
				<ele>893.98</ele>
				<time>2026-07-28T16:05:27Z</time>
				<extensions>
					<ns3:TrackPointExtension>
						<ns3:speed>1.87</ns3:speed>
						<ns3:cad>81.0</ns3:cad>
						<ns3:hr>151</ns3:hr>
					</ns3:TrackPointExtension>
				</extensions>
			</trkpt>
			<trkpt lat="12.98291484" lon="77.69113017">
				<ele>893.98</ele>
				<time>2026-07-28T16:05:28Z</time>
				<extensions>
					<ns3:TrackPointExtension>
						<ns3:speed>1.88</ns3:speed>
						<ns3:cad>81.0</ns3:cad>
						<ns3:hr>151</ns3:hr>
					</ns3:TrackPointExtension>
				</extensions>
			</trkpt>
			<trkpt lat="12.98293217" lon="77.69113417">
				<ele>893.97</ele>
				<time>2026-07-28T16:05:29Z</time>
				<extensions>
					<ns3:TrackPointExtension>
						<ns3:speed>1.87</ns3:speed>
						<ns3:cad>81.0</ns3:cad>
						<ns3:hr>150</ns3:hr>
					</ns3:TrackPointExtension>
				</extensions>
			</trkpt>
			<trkpt lat="12.98294883" lon="77.6911385">
				<ele>893.96</ele>
				<time>2026-07-28T16:05:30Z</time>
				<extensions>
					<ns3:TrackPointExtension>
						<ns3:speed>1.87</ns3:speed>
						<ns3:cad>81.0</ns3:cad>
						<ns3:hr>151</ns3:hr>
					</ns3:TrackPointExtension>
				</extensions>
			</trkpt>
			<trkpt lat="12.98296582" lon="77.69114249">
				<ele>893.96</ele>
				<time>2026-07-28T16:05:31Z</time>
				<extensions>
					<ns3:TrackPointExtension>
						<ns3:speed>1.87</ns3:speed>
						<ns3:cad>81.0</ns3:cad>
						<ns3:hr>152</ns3:hr>
					</ns3:TrackPointExtension>
				</extensions>
			</trkpt>
			<trkpt lat="12.98298348" lon="77.69114615">
				<ele>893.95</ele>
				<time>2026-07-28T16:05:32Z</time>
				<extensions>
					<ns3:TrackPointExtension>
						<ns3:speed>1.87</ns3:speed>
						<ns3:cad>81.0</ns3:cad>
						<ns3:hr>153</ns3:hr>
					</ns3:TrackPointExtension>
				</extensions>
			</trkpt>
			<trkpt lat="12.98299981" lon="77.69114781">
				<ele>893.94</ele>
				<time>2026-07-28T16:05:33Z</time>
				<extensions>
					<ns3:TrackPointExtension>
						<ns3:speed>1.87</ns3:speed>
						<ns3:cad>81.0</ns3:cad>
						<ns3:hr>155</ns3:hr>
					</ns3:TrackPointExtension>
				</extensions>
			</trkpt>
			<trkpt lat="12.98301714" lon="77.69114981">
				<ele>893.94</ele>
				<time>2026-07-28T16:05:34Z</time>
				<extensions>
					<ns3:TrackPointExtension>
						<ns3:speed>1.87</ns3:speed>
						<ns3:cad>81.0</ns3:cad>
						<ns3:hr>155</ns3:hr>
					</ns3:TrackPointExtension>
				</extensions>
			</trkpt>
			<trkpt lat="12.98303413" lon="77.69115114">
				<ele>893.93</ele>
				<time>2026-07-28T16:05:35Z</time>
				<extensions>
					<ns3:TrackPointExtension>
						<ns3:speed>1.87</ns3:speed>
						<ns3:cad>81.0</ns3:cad>
						<ns3:hr>156</ns3:hr>
					</ns3:TrackPointExtension>
				</extensions>
			</trkpt>
			<trkpt lat="12.98305146" lon="77.69115247">
				<ele>893.93</ele>
				<time>2026-07-28T16:05:36Z</time>
				<extensions>
					<ns3:TrackPointExtension>
						<ns3:speed>1.87</ns3:speed>
						<ns3:cad>82.0</ns3:cad>
						<ns3:hr>157</ns3:hr>
					</ns3:TrackPointExtension>
				</extensions>
			</trkpt>
			<trkpt lat="12.98306879" lon="77.6911548">
				<ele>893.74</ele>
				<time>2026-07-28T16:05:37Z</time>
				<extensions>
					<ns3:TrackPointExtension>
						<ns3:speed>1.87</ns3:speed>
						<ns3:cad>81.0</ns3:cad>
						<ns3:hr>157</ns3:hr>
					</ns3:TrackPointExtension>
				</extensions>
			</trkpt>
			<trkpt lat="12.98308578" lon="77.69115746">
				<ele>893.74</ele>
				<time>2026-07-28T16:05:38Z</time>
				<extensions>
					<ns3:TrackPointExtension>
						<ns3:speed>1.87</ns3:speed>
						<ns3:cad>81.0</ns3:cad>
						<ns3:hr>157</ns3:hr>
					</ns3:TrackPointExtension>
				</extensions>
			</trkpt>
			<trkpt lat="12.98310277" lon="77.69116046">
				<ele>893.73</ele>
				<time>2026-07-28T16:05:39Z</time>
				<extensions>
					<ns3:TrackPointExtension>
						<ns3:speed>1.87</ns3:speed>
						<ns3:cad>81.0</ns3:cad>
						<ns3:hr>158</ns3:hr>
					</ns3:TrackPointExtension>
				</extensions>
			</trkpt>
			<trkpt lat="12.98311943" lon="77.69116479">
				<ele>893.71</ele>
				<time>2026-07-28T16:05:40Z</time>
				<extensions>
					<ns3:TrackPointExtension>
						<ns3:speed>1.86</ns3:speed>
						<ns3:cad>80.0</ns3:cad>
						<ns3:hr>157</ns3:hr>
					</ns3:TrackPointExtension>
				</extensions>
			</trkpt>
			<trkpt lat="12.98313609" lon="77.69116879">
				<ele>893.7</ele>
				<time>2026-07-28T16:05:41Z</time>
				<extensions>
					<ns3:TrackPointExtension>
						<ns3:speed>1.86</ns3:speed>
						<ns3:cad>80.0</ns3:cad>
						<ns3:hr>157</ns3:hr>
					</ns3:TrackPointExtension>
				</extensions>
			</trkpt>
			<trkpt lat="12.98315342" lon="77.69117345">
				<ele>893.69</ele>
				<time>2026-07-28T16:05:42Z</time>
				<extensions>
					<ns3:TrackPointExtension>
						<ns3:speed>1.86</ns3:speed>
						<ns3:cad>80.0</ns3:cad>
						<ns3:hr>156</ns3:hr>
					</ns3:TrackPointExtension>
				</extensions>
			</trkpt>
			<trkpt lat="12.98317008" lon="77.69117878">
				<ele>893.69</ele>
				<time>2026-07-28T16:05:43Z</time>
				<extensions>
					<ns3:TrackPointExtension>
						<ns3:speed>1.86</ns3:speed>
						<ns3:cad>80.0</ns3:cad>
						<ns3:hr>155</ns3:hr>
					</ns3:TrackPointExtension>
				</extensions>
			</trkpt>
			<trkpt lat="12.98318707" lon="77.69118378">
				<ele>893.68</ele>
				<time>2026-07-28T16:05:44Z</time>
				<extensions>
					<ns3:TrackPointExtension>
						<ns3:speed>1.86</ns3:speed>
						<ns3:cad>80.0</ns3:cad>
						<ns3:hr>154</ns3:hr>
					</ns3:TrackPointExtension>
				</extensions>
			</trkpt>
			<trkpt lat="12.98320406" lon="77.69118944">
				<ele>893.67</ele>
				<time>2026-07-28T16:05:45Z</time>
				<extensions>
					<ns3:TrackPointExtension>
						<ns3:speed>1.86</ns3:speed>
						<ns3:cad>80.0</ns3:cad>
						<ns3:hr>154</ns3:hr>
					</ns3:TrackPointExtension>
				</extensions>
			</trkpt>
			<trkpt lat="12.98322206" lon="77.6911951">
				<ele>893.67</ele>
				<time>2026-07-28T16:05:46Z</time>
				<extensions>
					<ns3:TrackPointExtension>
						<ns3:speed>1.86</ns3:speed>
						<ns3:cad>80.0</ns3:cad>
						<ns3:hr>154</ns3:hr>
					</ns3:TrackPointExtension>
				</extensions>
			</trkpt>
			<trkpt lat="12.98323972" lon="77.69120076">
				<ele>893.68</ele>
				<time>2026-07-28T16:05:47Z</time>
				<extensions>
					<ns3:TrackPointExtension>
						<ns3:speed>1.86</ns3:speed>
						<ns3:cad>80.0</ns3:cad>
						<ns3:hr>154</ns3:hr>
					</ns3:TrackPointExtension>
				</extensions>
			</trkpt>
			<trkpt lat="12.98325771" lon="77.69120709">
				<ele>893.69</ele>
				<time>2026-07-28T16:05:48Z</time>
				<extensions>
					<ns3:TrackPointExtension>
						<ns3:speed>1.86</ns3:speed>
						<ns3:cad>81.0</ns3:cad>
						<ns3:hr>153</ns3:hr>
					</ns3:TrackPointExtension>
				</extensions>
			</trkpt>
			<trkpt lat="12.98327571" lon="77.69121275">
				<ele>893.7</ele>
				<time>2026-07-28T16:05:49Z</time>
				<extensions>
					<ns3:TrackPointExtension>
						<ns3:speed>1.86</ns3:speed>
						<ns3:cad>80.0</ns3:cad>
						<ns3:hr>152</ns3:hr>
					</ns3:TrackPointExtension>
				</extensions>
			</trkpt>
			<trkpt lat="12.98329304" lon="77.69121841">
				<ele>893.7</ele>
				<time>2026-07-28T16:05:50Z</time>
				<extensions>
					<ns3:TrackPointExtension>
						<ns3:speed>1.86</ns3:speed>
						<ns3:cad>80.0</ns3:cad>
						<ns3:hr>149</ns3:hr>
					</ns3:TrackPointExtension>
				</extensions>
			</trkpt>
			<trkpt lat="12.98331037" lon="77.69122374">
				<ele>893.71</ele>
				<time>2026-07-28T16:05:51Z</time>
				<extensions>
					<ns3:TrackPointExtension>
						<ns3:speed>1.87</ns3:speed>
						<ns3:cad>79.0</ns3:cad>
						<ns3:hr>148</ns3:hr>
					</ns3:TrackPointExtension>
				</extensions>
			</trkpt>
			<trkpt lat="12.9833267" lon="77.6912294">
				<ele>893.73</ele>
				<time>2026-07-28T16:05:52Z</time>
				<extensions>
					<ns3:TrackPointExtension>
						<ns3:speed>1.87</ns3:speed>
						<ns3:cad>78.0</ns3:cad>
						<ns3:hr>149</ns3:hr>
					</ns3:TrackPointExtension>
				</extensions>
			</trkpt>
			<trkpt lat="12.98334236" lon="77.69123539">
				<ele>893.73</ele>
				<time>2026-07-28T16:05:53Z</time>
				<extensions>
					<ns3:TrackPointExtension>
						<ns3:speed>1.87</ns3:speed>
						<ns3:cad>78.0</ns3:cad>
						<ns3:hr>149</ns3:hr>
					</ns3:TrackPointExtension>
				</extensions>
			</trkpt>
			<trkpt lat="12.98335902" lon="77.69124172">
				<ele>893.74</ele>
				<time>2026-07-28T16:05:54Z</time>
				<extensions>
					<ns3:TrackPointExtension>
						<ns3:speed>1.87</ns3:speed>
						<ns3:cad>78.0</ns3:cad>
						<ns3:hr>150</ns3:hr>
					</ns3:TrackPointExtension>
				</extensions>
			</trkpt>
			<trkpt lat="12.98337502" lon="77.69124838">
				<ele>893.75</ele>
				<time>2026-07-28T16:05:55Z</time>
				<extensions>
					<ns3:TrackPointExtension>
						<ns3:speed>1.87</ns3:speed>
						<ns3:cad>78.0</ns3:cad>
						<ns3:hr>150</ns3:hr>
					</ns3:TrackPointExtension>
				</extensions>
			</trkpt>
			<trkpt lat="12.98339168" lon="77.69125437">
				<ele>893.76</ele>
				<time>2026-07-28T16:05:56Z</time>
				<extensions>
					<ns3:TrackPointExtension>
						<ns3:speed>1.87</ns3:speed>
						<ns3:cad>78.0</ns3:cad>
						<ns3:hr>149</ns3:hr>
					</ns3:TrackPointExtension>
				</extensions>
			</trkpt>
			<trkpt lat="12.98340734" lon="77.69125903">
				<ele>893.78</ele>
				<time>2026-07-28T16:05:57Z</time>
				<extensions>
					<ns3:TrackPointExtension>
						<ns3:speed>1.87</ns3:speed>
						<ns3:cad>78.0</ns3:cad>
						<ns3:hr>149</ns3:hr>
					</ns3:TrackPointExtension>
				</extensions>
			</trkpt>
			<trkpt lat="12.98342433" lon="77.69126403">
				<ele>893.78</ele>
				<time>2026-07-28T16:05:58Z</time>
				<extensions>
					<ns3:TrackPointExtension>
						<ns3:speed>1.88</ns3:speed>
						<ns3:cad>78.0</ns3:cad>
						<ns3:hr>150</ns3:hr>
					</ns3:TrackPointExtension>
				</extensions>
			</trkpt>
			<trkpt lat="12.98344099" lon="77.69126836">
				<ele>893.79</ele>
				<time>2026-07-28T16:05:59Z</time>
				<extensions>
					<ns3:TrackPointExtension>
						<ns3:speed>1.87</ns3:speed>
						<ns3:cad>79.0</ns3:cad>
						<ns3:hr>150</ns3:hr>
					</ns3:TrackPointExtension>
				</extensions>
			</trkpt>
			<trkpt lat="12.98345765" lon="77.69127269">
				<ele>893.8</ele>
				<time>2026-07-28T16:06:00Z</time>
				<extensions>
					<ns3:TrackPointExtension>
						<ns3:speed>1.87</ns3:speed>
						<ns3:cad>80.0</ns3:cad>
						<ns3:hr>151</ns3:hr>
					</ns3:TrackPointExtension>
				</extensions>
			</trkpt>
			<trkpt lat="12.98347431" lon="77.69127768">
				<ele>893.81</ele>
				<time>2026-07-28T16:06:01Z</time>
				<extensions>
					<ns3:TrackPointExtension>
						<ns3:speed>1.86</ns3:speed>
						<ns3:cad>80.0</ns3:cad>
						<ns3:hr>151</ns3:hr>
					</ns3:TrackPointExtension>
				</extensions>
			</trkpt>
			<trkpt lat="12.98349097" lon="77.69128234">
				<ele>893.81</ele>
				<time>2026-07-28T16:06:02Z</time>
				<extensions>
					<ns3:TrackPointExtension>
						<ns3:speed>1.86</ns3:speed>
						<ns3:cad>81.0</ns3:cad>
						<ns3:hr>151</ns3:hr>
					</ns3:TrackPointExtension>
				</extensions>
			</trkpt>
			<trkpt lat="12.98350763" lon="77.69128734">
				<ele>893.82</ele>
				<time>2026-07-28T16:06:03Z</time>
				<extensions>
					<ns3:TrackPointExtension>
						<ns3:speed>1.86</ns3:speed>
						<ns3:cad>81.0</ns3:cad>
						<ns3:hr>151</ns3:hr>
					</ns3:TrackPointExtension>
				</extensions>
			</trkpt>
			<trkpt lat="12.98352362" lon="77.691291">
				<ele>893.82</ele>
				<time>2026-07-28T16:06:04Z</time>
				<extensions>
					<ns3:TrackPointExtension>
						<ns3:speed>1.85</ns3:speed>
						<ns3:cad>81.0</ns3:cad>
						<ns3:hr>151</ns3:hr>
					</ns3:TrackPointExtension>
				</extensions>
			</trkpt>
			<trkpt lat="12.98353862" lon="77.69129433">
				<ele>893.83</ele>
				<time>2026-07-28T16:06:05Z</time>
				<extensions>
					<ns3:TrackPointExtension>
						<ns3:speed>1.85</ns3:speed>
						<ns3:cad>81.0</ns3:cad>
						<ns3:hr>151</ns3:hr>
					</ns3:TrackPointExtension>
				</extensions>
			</trkpt>
			<trkpt lat="12.98355328" lon="77.69129799">
				<ele>893.84</ele>
				<time>2026-07-28T16:06:06Z</time>
				<extensions>
					<ns3:TrackPointExtension>
						<ns3:speed>1.84</ns3:speed>
						<ns3:cad>81.0</ns3:cad>
						<ns3:hr>151</ns3:hr>
					</ns3:TrackPointExtension>
				</extensions>
			</trkpt>
			<trkpt lat="12.98356861" lon="77.69130132">
				<ele>893.85</ele>
				<time>2026-07-28T16:06:07Z</time>
				<extensions>
					<ns3:TrackPointExtension>
						<ns3:speed>1.83</ns3:speed>
						<ns3:cad>80.0</ns3:cad>
						<ns3:hr>151</ns3:hr>
					</ns3:TrackPointExtension>
				</extensions>
			</trkpt>
			<trkpt lat="12.98358361" lon="77.69130465">
				<ele>893.86</ele>
				<time>2026-07-28T16:06:08Z</time>
				<extensions>
					<ns3:TrackPointExtension>
						<ns3:speed>1.82</ns3:speed>
						<ns3:cad>80.0</ns3:cad>
						<ns3:hr>151</ns3:hr>
					</ns3:TrackPointExtension>
				</extensions>
			</trkpt>
			<trkpt lat="12.98359927" lon="77.69130998">
				<ele>893.87</ele>
				<time>2026-07-28T16:06:09Z</time>
				<extensions>
					<ns3:TrackPointExtension>
						<ns3:speed>1.81</ns3:speed>
						<ns3:cad>80.0</ns3:cad>
						<ns3:hr>151</ns3:hr>
					</ns3:TrackPointExtension>
				</extensions>
			</trkpt>
			<trkpt lat="12.9836126" lon="77.69131798">
				<ele>893.87</ele>
				<time>2026-07-28T16:06:10Z</time>
				<extensions>
					<ns3:TrackPointExtension>
						<ns3:speed>1.8</ns3:speed>
						<ns3:cad>79.0</ns3:cad>
						<ns3:hr>151</ns3:hr>
					</ns3:TrackPointExtension>
				</extensions>
			</trkpt>
			<trkpt lat="12.98362326" lon="77.69132797">
				<ele>893.88</ele>
				<time>2026-07-28T16:06:11Z</time>
				<extensions>
					<ns3:TrackPointExtension>
						<ns3:speed>1.79</ns3:speed>
						<ns3:cad>78.0</ns3:cad>
						<ns3:hr>151</ns3:hr>
					</ns3:TrackPointExtension>
				</extensions>
			</trkpt>
			<trkpt lat="12.98362959" lon="77.69133997">
				<ele>893.89</ele>
				<time>2026-07-28T16:06:12Z</time>
				<extensions>
					<ns3:TrackPointExtension>
						<ns3:speed>1.78</ns3:speed>
						<ns3:cad>78.0</ns3:cad>
						<ns3:hr>151</ns3:hr>
					</ns3:TrackPointExtension>
				</extensions>
			</trkpt>
			<trkpt lat="12.98363292" lon="77.69135463">
				<ele>893.9</ele>
				<time>2026-07-28T16:06:13Z</time>
				<extensions>
					<ns3:TrackPointExtension>
						<ns3:speed>1.78</ns3:speed>
						<ns3:cad>78.0</ns3:cad>
						<ns3:hr>150</ns3:hr>
					</ns3:TrackPointExtension>
				</extensions>
			</trkpt>
			<trkpt lat="12.98363425" lon="77.69136929">
				<ele>893.91</ele>
				<time>2026-07-28T16:06:14Z</time>
				<extensions>
					<ns3:TrackPointExtension>
						<ns3:speed>1.76</ns3:speed>
						<ns3:cad>78.0</ns3:cad>
						<ns3:hr>150</ns3:hr>
					</ns3:TrackPointExtension>
				</extensions>
			</trkpt>
			<trkpt lat="12.98363292" lon="77.69138395">
				<ele>893.93</ele>
				<time>2026-07-28T16:06:15Z</time>
				<extensions>
					<ns3:TrackPointExtension>
						<ns3:speed>1.76</ns3:speed>
						<ns3:cad>77.0</ns3:cad>
						<ns3:hr>151</ns3:hr>
					</ns3:TrackPointExtension>
				</extensions>
			</trkpt>
			<trkpt lat="12.98363026" lon="77.69139895">
				<ele>893.94</ele>
				<time>2026-07-28T16:06:16Z</time>
				<extensions>
					<ns3:TrackPointExtension>
						<ns3:speed>1.76</ns3:speed>
						<ns3:cad>77.0</ns3:cad>
						<ns3:hr>151</ns3:hr>
					</ns3:TrackPointExtension>
				</extensions>
			</trkpt>
			<trkpt lat="12.9836266" lon="77.69141428">
				<ele>893.96</ele>
				<time>2026-07-28T16:06:17Z</time>
				<extensions>
					<ns3:TrackPointExtension>
						<ns3:speed>1.76</ns3:speed>
						<ns3:cad>78.0</ns3:cad>
						<ns3:hr>150</ns3:hr>
					</ns3:TrackPointExtension>
				</extensions>
			</trkpt>
			<trkpt lat="12.98362161" lon="77.69143061">
				<ele>893.97</ele>
				<time>2026-07-28T16:06:18Z</time>
				<extensions>
					<ns3:TrackPointExtension>
						<ns3:speed>1.76</ns3:speed>
						<ns3:cad>78.0</ns3:cad>
						<ns3:hr>151</ns3:hr>
					</ns3:TrackPointExtension>
				</extensions>
			</trkpt>
			<trkpt lat="12.98361695" lon="77.69144694">
				<ele>893.7</ele>
				<time>2026-07-28T16:06:19Z</time>
				<extensions>
					<ns3:TrackPointExtension>
						<ns3:speed>1.77</ns3:speed>
						<ns3:cad>79.0</ns3:cad>
						<ns3:hr>151</ns3:hr>
					</ns3:TrackPointExtension>
				</extensions>
			</trkpt>
			<trkpt lat="12.98361196" lon="77.6914626">
				<ele>893.71</ele>
				<time>2026-07-28T16:06:20Z</time>
				<extensions>
					<ns3:TrackPointExtension>
						<ns3:speed>1.78</ns3:speed>
						<ns3:cad>80.0</ns3:cad>
						<ns3:hr>150</ns3:hr>
					</ns3:TrackPointExtension>
				</extensions>
			</trkpt>
			<trkpt lat="12.9836063" lon="77.69147826">
				<ele>893.72</ele>
				<time>2026-07-28T16:06:21Z</time>
				<extensions>
					<ns3:TrackPointExtension>
						<ns3:speed>1.79</ns3:speed>
						<ns3:cad>80.0</ns3:cad>
						<ns3:hr>149</ns3:hr>
					</ns3:TrackPointExtension>
				</extensions>
			</trkpt>
			<trkpt lat="12.9836003" lon="77.69149426">
				<ele>893.73</ele>
				<time>2026-07-28T16:06:22Z</time>
				<extensions>
					<ns3:TrackPointExtension>
						<ns3:speed>1.8</ns3:speed>
						<ns3:cad>81.0</ns3:cad>
						<ns3:hr>150</ns3:hr>
					</ns3:TrackPointExtension>
				</extensions>
			</trkpt>
			<trkpt lat="12.98359397" lon="77.69150959">
				<ele>893.73</ele>
				<time>2026-07-28T16:06:23Z</time>
				<extensions>
					<ns3:TrackPointExtension>
						<ns3:speed>1.81</ns3:speed>
						<ns3:cad>81.0</ns3:cad>
						<ns3:hr>151</ns3:hr>
					</ns3:TrackPointExtension>
				</extensions>
			</trkpt>
			<trkpt lat="12.98358731" lon="77.69152559">
				<ele>893.73</ele>
				<time>2026-07-28T16:06:24Z</time>
				<extensions>
					<ns3:TrackPointExtension>
						<ns3:speed>1.81</ns3:speed>
						<ns3:cad>81.0</ns3:cad>
						<ns3:hr>151</ns3:hr>
					</ns3:TrackPointExtension>
				</extensions>
			</trkpt>
			<trkpt lat="12.98358031" lon="77.69154125">
				<ele>893.73</ele>
				<time>2026-07-28T16:06:25Z</time>
				<extensions>
					<ns3:TrackPointExtension>
						<ns3:speed>1.81</ns3:speed>
						<ns3:cad>81.0</ns3:cad>
						<ns3:hr>151</ns3:hr>
					</ns3:TrackPointExtension>
				</extensions>
			</trkpt>
			<trkpt lat="12.98357198" lon="77.69155658">
				<ele>893.72</ele>
				<time>2026-07-28T16:06:26Z</time>
				<extensions>
					<ns3:TrackPointExtension>
						<ns3:speed>1.82</ns3:speed>
						<ns3:cad>81.0</ns3:cad>
						<ns3:hr>150</ns3:hr>
					</ns3:TrackPointExtension>
				</extensions>
			</trkpt>
			<trkpt lat="12.98356565" lon="77.69157191">
				<ele>893.71</ele>
				<time>2026-07-28T16:06:27Z</time>
				<extensions>
					<ns3:TrackPointExtension>
						<ns3:speed>1.82</ns3:speed>
						<ns3:cad>81.0</ns3:cad>
						<ns3:hr>149</ns3:hr>
					</ns3:TrackPointExtension>
				</extensions>
			</trkpt>
			<trkpt lat="12.98355966" lon="77.69158757">
				<ele>893.71</ele>
				<time>2026-07-28T16:06:28Z</time>
				<extensions>
					<ns3:TrackPointExtension>
						<ns3:speed>1.82</ns3:speed>
						<ns3:cad>81.0</ns3:cad>
						<ns3:hr>149</ns3:hr>
					</ns3:TrackPointExtension>
				</extensions>
			</trkpt>
			<trkpt lat="12.98355366" lon="77.6916029">
				<ele>893.71</ele>
				<time>2026-07-28T16:06:29Z</time>
				<extensions>
					<ns3:TrackPointExtension>
						<ns3:speed>1.83</ns3:speed>
						<ns3:cad>81.0</ns3:cad>
						<ns3:hr>149</ns3:hr>
					</ns3:TrackPointExtension>
				</extensions>
			</trkpt>
			<trkpt lat="12.983546" lon="77.69161756">
				<ele>893.7</ele>
				<time>2026-07-28T16:06:30Z</time>
				<extensions>
					<ns3:TrackPointExtension>
						<ns3:speed>1.83</ns3:speed>
						<ns3:cad>81.0</ns3:cad>
						<ns3:hr>149</ns3:hr>
					</ns3:TrackPointExtension>
				</extensions>
			</trkpt>
			<trkpt lat="12.98353867" lon="77.69163322">
				<ele>893.69</ele>
				<time>2026-07-28T16:06:31Z</time>
				<extensions>
					<ns3:TrackPointExtension>
						<ns3:speed>1.83</ns3:speed>
						<ns3:cad>81.0</ns3:cad>
						<ns3:hr>149</ns3:hr>
					</ns3:TrackPointExtension>
				</extensions>
			</trkpt>
			<trkpt lat="12.98353301" lon="77.69164921">
				<ele>893.68</ele>
				<time>2026-07-28T16:06:32Z</time>
				<extensions>
					<ns3:TrackPointExtension>
						<ns3:speed>1.83</ns3:speed>
						<ns3:cad>81.0</ns3:cad>
						<ns3:hr>149</ns3:hr>
					</ns3:TrackPointExtension>
				</extensions>
			</trkpt>
			<trkpt lat="12.98352802" lon="77.69166521">
				<ele>893.66</ele>
				<time>2026-07-28T16:06:33Z</time>
				<extensions>
					<ns3:TrackPointExtension>
						<ns3:speed>1.83</ns3:speed>
						<ns3:cad>81.0</ns3:cad>
						<ns3:hr>149</ns3:hr>
					</ns3:TrackPointExtension>
				</extensions>
			</trkpt>
			<trkpt lat="12.98352269" lon="77.69168154">
				<ele>893.64</ele>
				<time>2026-07-28T16:06:34Z</time>
				<extensions>
					<ns3:TrackPointExtension>
						<ns3:speed>1.83</ns3:speed>
						<ns3:cad>81.0</ns3:cad>
						<ns3:hr>150</ns3:hr>
					</ns3:TrackPointExtension>
				</extensions>
			</trkpt>
			<trkpt lat="12.98352136" lon="77.6917002">
				<ele>893.63</ele>
				<time>2026-07-28T16:06:35Z</time>
				<extensions>
					<ns3:TrackPointExtension>
						<ns3:speed>1.84</ns3:speed>
						<ns3:cad>81.0</ns3:cad>
						<ns3:hr>150</ns3:hr>
					</ns3:TrackPointExtension>
				</extensions>
			</trkpt>
			<trkpt lat="12.98351503" lon="77.69171853">
				<ele>893.6</ele>
				<time>2026-07-28T16:06:36Z</time>
				<extensions>
					<ns3:TrackPointExtension>
						<ns3:speed>1.84</ns3:speed>
						<ns3:cad>80.0</ns3:cad>
						<ns3:hr>149</ns3:hr>
					</ns3:TrackPointExtension>
				</extensions>
			</trkpt>
			<trkpt lat="12.9835077" lon="77.69173619">
				<ele>893.58</ele>
				<time>2026-07-28T16:06:37Z</time>
				<extensions>
					<ns3:TrackPointExtension>
						<ns3:speed>1.85</ns3:speed>
						<ns3:cad>80.0</ns3:cad>
						<ns3:hr>148</ns3:hr>
					</ns3:TrackPointExtension>
				</extensions>
			</trkpt>
			<trkpt lat="12.9834997" lon="77.69175352">
				<ele>893.56</ele>
				<time>2026-07-28T16:06:38Z</time>
				<extensions>
					<ns3:TrackPointExtension>
						<ns3:speed>1.85</ns3:speed>
						<ns3:cad>80.0</ns3:cad>
						<ns3:hr>148</ns3:hr>
					</ns3:TrackPointExtension>
				</extensions>
			</trkpt>
			<trkpt lat="12.98349037" lon="77.69176952">
				<ele>893.54</ele>
				<time>2026-07-28T16:06:39Z</time>
				<extensions>
					<ns3:TrackPointExtension>
						<ns3:speed>1.86</ns3:speed>
						<ns3:cad>80.0</ns3:cad>
						<ns3:hr>148</ns3:hr>
					</ns3:TrackPointExtension>
				</extensions>
			</trkpt>
			<trkpt lat="12.98347937" lon="77.69178351">
				<ele>893.53</ele>
				<time>2026-07-28T16:06:40Z</time>
				<extensions>
					<ns3:TrackPointExtension>
						<ns3:speed>1.86</ns3:speed>
						<ns3:cad>81.0</ns3:cad>
						<ns3:hr>147</ns3:hr>
					</ns3:TrackPointExtension>
				</extensions>
			</trkpt>
			<trkpt lat="12.98346804" lon="77.69179651">
				<ele>893.52</ele>
				<time>2026-07-28T16:06:41Z</time>
				<extensions>
					<ns3:TrackPointExtension>
						<ns3:speed>1.86</ns3:speed>
						<ns3:cad>80.0</ns3:cad>
						<ns3:hr>147</ns3:hr>
					</ns3:TrackPointExtension>
				</extensions>
			</trkpt>
			<trkpt lat="12.98345538" lon="77.69180784">
				<ele>893.52</ele>
				<time>2026-07-28T16:06:42Z</time>
				<extensions>
					<ns3:TrackPointExtension>
						<ns3:speed>1.86</ns3:speed>
						<ns3:cad>80.0</ns3:cad>
						<ns3:hr>146</ns3:hr>
					</ns3:TrackPointExtension>
				</extensions>
			</trkpt>
			<trkpt lat="12.98344105" lon="77.69181717">
				<ele>893.52</ele>
				<time>2026-07-28T16:06:43Z</time>
				<extensions>
					<ns3:TrackPointExtension>
						<ns3:speed>1.87</ns3:speed>
						<ns3:cad>80.0</ns3:cad>
						<ns3:hr>147</ns3:hr>
					</ns3:TrackPointExtension>
				</extensions>
			</trkpt>
			<trkpt lat="12.98342572" lon="77.69182583">
				<ele>893.52</ele>
				<time>2026-07-28T16:06:44Z</time>
				<extensions>
					<ns3:TrackPointExtension>
						<ns3:speed>1.87</ns3:speed>
						<ns3:cad>79.0</ns3:cad>
						<ns3:hr>147</ns3:hr>
					</ns3:TrackPointExtension>
				</extensions>
			</trkpt>
			<trkpt lat="12.98341073" lon="77.69183416">
				<ele>893.52</ele>
				<time>2026-07-28T16:06:45Z</time>
				<extensions>
					<ns3:TrackPointExtension>
						<ns3:speed>1.88</ns3:speed>
						<ns3:cad>79.0</ns3:cad>
						<ns3:hr>148</ns3:hr>
					</ns3:TrackPointExtension>
				</extensions>
			</trkpt>
			<trkpt lat="12.98339473" lon="77.69184049">
				<ele>893.52</ele>
				<time>2026-07-28T16:06:46Z</time>
				<extensions>
					<ns3:TrackPointExtension>
						<ns3:hr>148</ns3:hr>
					</ns3:TrackPointExtension>
				</extensions>
			</trkpt>
			<trkpt lat="12.98337873" lon="77.69184415">
				<ele>893.52</ele>
				<time>2026-07-28T16:06:47Z</time>
				<extensions>
					<ns3:TrackPointExtension>
						<ns3:speed>1.88</ns3:speed>
						<ns3:cad>79.0</ns3:cad>
						<ns3:hr>148</ns3:hr>
					</ns3:TrackPointExtension>
				</extensions>
			</trkpt>
			<trkpt lat="12.9833624" lon="77.69184548">
				<ele>893.53</ele>
				<time>2026-07-28T16:06:48Z</time>
				<extensions>
					<ns3:TrackPointExtension>
						<ns3:speed>1.88</ns3:speed>
						<ns3:cad>79.0</ns3:cad>
					</ns3:TrackPointExtension>
				</extensions>
			</trkpt>
			<trkpt lat="12.9833464" lon="77.69184714">
				<ele>893.53</ele>
				<time>2026-07-28T16:06:49Z</time>
				<extensions>
					<ns3:TrackPointExtension>
						<ns3:speed>1.88</ns3:speed>
						<ns3:cad>78.0</ns3:cad>
						<ns3:hr>148</ns3:hr>
					</ns3:TrackPointExtension>
				</extensions>
			</trkpt>
			<trkpt lat="12.98333041" lon="77.69184947">
				<ele>893.53</ele>
				<time>2026-07-28T16:06:50Z</time>
				<extensions>
					<ns3:TrackPointExtension>
						<ns3:speed>1.88</ns3:speed>
						<ns3:cad>78.0</ns3:cad>
						<ns3:hr>148</ns3:hr>
					</ns3:TrackPointExtension>
				</extensions>
			</trkpt>
			<trkpt lat="12.98331408" lon="77.6918508">
				<ele>893.54</ele>
				<time>2026-07-28T16:06:51Z</time>
				<extensions>
					<ns3:TrackPointExtension>
						<ns3:speed>1.87</ns3:speed>
						<ns3:cad>78.0</ns3:cad>
						<ns3:hr>149</ns3:hr>
					</ns3:TrackPointExtension>
				</extensions>
			</trkpt>
			<trkpt lat="12.98329775" lon="77.69185246">
				<ele>893.54</ele>
				<time>2026-07-28T16:06:52Z</time>
				<extensions>
					<ns3:TrackPointExtension>
						<ns3:speed>1.87</ns3:speed>
						<ns3:cad>78.0</ns3:cad>
						<ns3:hr>150</ns3:hr>
					</ns3:TrackPointExtension>
				</extensions>
			</trkpt>
			<trkpt lat="12.98328109" lon="77.69185379">
				<ele>893.54</ele>
				<time>2026-07-28T16:06:53Z</time>
				<extensions>
					<ns3:TrackPointExtension>
						<ns3:speed>1.87</ns3:speed>
						<ns3:cad>78.0</ns3:cad>
						<ns3:hr>149</ns3:hr>
					</ns3:TrackPointExtension>
				</extensions>
			</trkpt>
			<trkpt lat="12.98326509" lon="77.69185545">
				<ele>893.54</ele>
				<time>2026-07-28T16:06:54Z</time>
				<extensions>
					<ns3:TrackPointExtension>
						<ns3:speed>1.87</ns3:speed>
						<ns3:cad>78.0</ns3:cad>
						<ns3:hr>148</ns3:hr>
					</ns3:TrackPointExtension>
				</extensions>
			</trkpt>
			<trkpt lat="12.98325076" lon="77.69185845">
				<ele>893.55</ele>
				<time>2026-07-28T16:06:55Z</time>
				<extensions>
					<ns3:TrackPointExtension>
						<ns3:speed>1.86</ns3:speed>
						<ns3:cad>79.0</ns3:cad>
						<ns3:hr>148</ns3:hr>
					</ns3:TrackPointExtension>
				</extensions>
			</trkpt>
			<trkpt lat="12.98323643" lon="77.69186211">
				<ele>893.55</ele>
				<time>2026-07-28T16:06:56Z</time>
				<extensions>
					<ns3:TrackPointExtension>
						<ns3:speed>1.86</ns3:speed>
						<ns3:cad>80.0</ns3:cad>
						<ns3:hr>147</ns3:hr>
					</ns3:TrackPointExtension>
				</extensions>
			</trkpt>
			<trkpt lat="12.98322144" lon="77.69186577">
				<ele>893.55</ele>
				<time>2026-07-28T16:06:57Z</time>
				<extensions>
					<ns3:TrackPointExtension>
						<ns3:speed>1.85</ns3:speed>
						<ns3:cad>80.0</ns3:cad>
						<ns3:hr>146</ns3:hr>
					</ns3:TrackPointExtension>
				</extensions>
			</trkpt>
			<trkpt lat="12.98320744" lon="77.6918711">
				<ele>893.55</ele>
				<time>2026-07-28T16:06:58Z</time>
				<extensions>
					<ns3:TrackPointExtension>
						<ns3:speed>1.85</ns3:speed>
						<ns3:cad>80.0</ns3:cad>
						<ns3:hr>145</ns3:hr>
					</ns3:TrackPointExtension>
				</extensions>
			</trkpt>
			<trkpt lat="12.98319511" lon="77.69187843">
				<ele>893.55</ele>
				<time>2026-07-28T16:06:59Z</time>
				<extensions>
					<ns3:TrackPointExtension>
						<ns3:speed>1.83</ns3:speed>
						<ns3:cad>80.0</ns3:cad>
						<ns3:hr>145</ns3:hr>
					</ns3:TrackPointExtension>
				</extensions>
			</trkpt>
			<trkpt lat="12.98318345" lon="77.69188809">
				<ele>893.55</ele>
				<time>2026-07-28T16:07:00Z</time>
				<extensions>
					<ns3:TrackPointExtension>
						<ns3:speed>1.8</ns3:speed>
						<ns3:cad>80.0</ns3:cad>
						<ns3:hr>145</ns3:hr>
					</ns3:TrackPointExtension>
				</extensions>
			</trkpt>
			<trkpt lat="12.98317245" lon="77.69190142">
				<ele>893.55</ele>
				<time>2026-07-28T16:07:01Z</time>
				<extensions>
					<ns3:TrackPointExtension>
						<ns3:speed>1.78</ns3:speed>
						<ns3:cad>80.0</ns3:cad>
						<ns3:hr>146</ns3:hr>
					</ns3:TrackPointExtension>
				</extensions>
			</trkpt>
			<trkpt lat="12.98316212" lon="77.69191542">
				<ele>893.56</ele>
				<time>2026-07-28T16:07:02Z</time>
				<extensions>
					<ns3:TrackPointExtension>
						<ns3:speed>1.78</ns3:speed>
						<ns3:cad>80.0</ns3:cad>
						<ns3:hr>146</ns3:hr>
					</ns3:TrackPointExtension>
				</extensions>
			</trkpt>
			<trkpt lat="12.98315313" lon="77.69192975">
				<ele>893.55</ele>
				<time>2026-07-28T16:07:03Z</time>
				<extensions>
					<ns3:TrackPointExtension>
						<ns3:speed>1.78</ns3:speed>
						<ns3:cad>80.0</ns3:cad>
						<ns3:hr>146</ns3:hr>
					</ns3:TrackPointExtension>
				</extensions>
			</trkpt>
			<trkpt lat="12.98314513" lon="77.69194541">
				<ele>893.55</ele>
				<time>2026-07-28T16:07:04Z</time>
				<extensions>
					<ns3:TrackPointExtension>
						<ns3:speed>1.78</ns3:speed>
						<ns3:cad>81.0</ns3:cad>
						<ns3:hr>146</ns3:hr>
					</ns3:TrackPointExtension>
				</extensions>
			</trkpt>
			<trkpt lat="12.98313813" lon="77.69196174">
				<ele>893.54</ele>
				<time>2026-07-28T16:07:05Z</time>
				<extensions>
					<ns3:TrackPointExtension>
						<ns3:speed>1.79</ns3:speed>
						<ns3:cad>81.0</ns3:cad>
						<ns3:hr>146</ns3:hr>
					</ns3:TrackPointExtension>
				</extensions>
			</trkpt>
			<trkpt lat="12.98313147" lon="77.69197907">
				<ele>893.53</ele>
				<time>2026-07-28T16:07:06Z</time>
				<extensions>
					<ns3:TrackPointExtension>
						<ns3:speed>1.79</ns3:speed>
						<ns3:cad>81.0</ns3:cad>
						<ns3:hr>147</ns3:hr>
					</ns3:TrackPointExtension>
				</extensions>
			</trkpt>
			<trkpt lat="12.98312481" lon="77.6919944">
				<ele>893.53</ele>
				<time>2026-07-28T16:07:07Z</time>
				<extensions>
					<ns3:TrackPointExtension>
						<ns3:speed>1.8</ns3:speed>
						<ns3:cad>81.0</ns3:cad>
						<ns3:hr>147</ns3:hr>
					</ns3:TrackPointExtension>
				</extensions>
			</trkpt>
			<trkpt lat="12.98311748" lon="77.69200973">
				<ele>893.52</ele>
				<time>2026-07-28T16:07:08Z</time>
				<extensions>
					<ns3:TrackPointExtension>
						<ns3:speed>1.8</ns3:speed>
						<ns3:cad>81.0</ns3:cad>
						<ns3:hr>147</ns3:hr>
					</ns3:TrackPointExtension>
				</extensions>
			</trkpt>
			<trkpt lat="12.98311015" lon="77.69202572">
				<ele>893.51</ele>
				<time>2026-07-28T16:07:09Z</time>
				<extensions>
					<ns3:TrackPointExtension>
						<ns3:speed>1.8</ns3:speed>
						<ns3:cad>82.0</ns3:cad>
						<ns3:hr>147</ns3:hr>
					</ns3:TrackPointExtension>
				</extensions>
			</trkpt>
			<trkpt lat="12.98310082" lon="77.69203905">
				<ele>893.51</ele>
				<time>2026-07-28T16:07:10Z</time>
				<extensions>
					<ns3:TrackPointExtension>
						<ns3:speed>1.8</ns3:speed>
						<ns3:cad>82.0</ns3:cad>
						<ns3:hr>148</ns3:hr>
					</ns3:TrackPointExtension>
				</extensions>
			</trkpt>
			<trkpt lat="12.98309016" lon="77.69205204">
				<ele>893.5</ele>
				<time>2026-07-28T16:07:11Z</time>
				<extensions>
					<ns3:TrackPointExtension>
						<ns3:speed>1.8</ns3:speed>
						<ns3:cad>82.0</ns3:cad>
						<ns3:hr>148</ns3:hr>
					</ns3:TrackPointExtension>
				</extensions>
			</trkpt>
			<trkpt lat="12.9830775" lon="77.6920637">
				<ele>893.5</ele>
				<time>2026-07-28T16:07:12Z</time>
				<extensions>
					<ns3:TrackPointExtension>
						<ns3:speed>1.8</ns3:speed>
						<ns3:cad>82.0</ns3:cad>
						<ns3:hr>148</ns3:hr>
					</ns3:TrackPointExtension>
				</extensions>
			</trkpt>
			<trkpt lat="12.98306284" lon="77.69207336">
				<ele>893.49</ele>
				<time>2026-07-28T16:07:13Z</time>
				<extensions>
					<ns3:TrackPointExtension>
						<ns3:speed>1.8</ns3:speed>
						<ns3:cad>81.0</ns3:cad>
						<ns3:hr>148</ns3:hr>
					</ns3:TrackPointExtension>
				</extensions>
			</trkpt>
			<trkpt lat="12.98304751" lon="77.69208235">
				<ele>893.49</ele>
				<time>2026-07-28T16:07:14Z</time>
				<extensions>
					<ns3:TrackPointExtension>
						<ns3:speed>1.81</ns3:speed>
						<ns3:cad>81.0</ns3:cad>
						<ns3:hr>148</ns3:hr>
					</ns3:TrackPointExtension>
				</extensions>
			</trkpt>
			<trkpt lat="12.98303252" lon="77.69209101">
				<ele>893.48</ele>
				<time>2026-07-28T16:07:15Z</time>
				<extensions>
					<ns3:TrackPointExtension>
						<ns3:speed>1.81</ns3:speed>
						<ns3:cad>81.0</ns3:cad>
						<ns3:hr>148</ns3:hr>
					</ns3:TrackPointExtension>
				</extensions>
			</trkpt>
			<trkpt lat="12.98301753" lon="77.69210034">
				<ele>893.48</ele>
				<time>2026-07-28T16:07:16Z</time>
				<extensions>
					<ns3:TrackPointExtension>
						<ns3:speed>1.82</ns3:speed>
						<ns3:cad>81.0</ns3:cad>
						<ns3:hr>148</ns3:hr>
					</ns3:TrackPointExtension>
				</extensions>
			</trkpt>
			<trkpt lat="12.9830022" lon="77.69210933">
				<ele>893.47</ele>
				<time>2026-07-28T16:07:17Z</time>
				<extensions>
					<ns3:TrackPointExtension>
						<ns3:speed>1.82</ns3:speed>
						<ns3:cad>80.0</ns3:cad>
						<ns3:hr>148</ns3:hr>
					</ns3:TrackPointExtension>
				</extensions>
			</trkpt>
			<trkpt lat="12.98298721" lon="77.69211799">
				<ele>893.46</ele>
				<time>2026-07-28T16:07:18Z</time>
				<extensions>
					<ns3:TrackPointExtension>
						<ns3:speed>1.83</ns3:speed>
						<ns3:cad>80.0</ns3:cad>
						<ns3:hr>148</ns3:hr>
					</ns3:TrackPointExtension>
				</extensions>
			</trkpt>
			<trkpt lat="12.98297221" lon="77.69212665">
				<ele>893.46</ele>
				<time>2026-07-28T16:07:19Z</time>
				<extensions>
					<ns3:TrackPointExtension>
						<ns3:speed>1.83</ns3:speed>
						<ns3:cad>80.0</ns3:cad>
						<ns3:hr>148</ns3:hr>
					</ns3:TrackPointExtension>
				</extensions>
			</trkpt>
			<trkpt lat="12.98295588" lon="77.69213298">
				<ele>893.47</ele>
				<time>2026-07-28T16:07:20Z</time>
				<extensions>
					<ns3:TrackPointExtension>
						<ns3:speed>1.84</ns3:speed>
						<ns3:cad>80.0</ns3:cad>
						<ns3:hr>148</ns3:hr>
					</ns3:TrackPointExtension>
				</extensions>
			</trkpt>
			<trkpt lat="12.98293988" lon="77.69214098">
				<ele>893.47</ele>
				<time>2026-07-28T16:07:21Z</time>
				<extensions>
					<ns3:TrackPointExtension>
						<ns3:speed>1.84</ns3:speed>
						<ns3:cad>80.0</ns3:cad>
						<ns3:hr>148</ns3:hr>
					</ns3:TrackPointExtension>
				</extensions>
			</trkpt>
			<trkpt lat="12.98292522" lon="77.69215031">
				<ele>893.47</ele>
				<time>2026-07-28T16:07:22Z</time>
				<extensions>
					<ns3:TrackPointExtension>
						<ns3:speed>1.85</ns3:speed>
						<ns3:cad>80.0</ns3:cad>
						<ns3:hr>148</ns3:hr>
					</ns3:TrackPointExtension>
				</extensions>
			</trkpt>
			<trkpt lat="12.98291022" lon="77.6921593">
				<ele>893.48</ele>
				<time>2026-07-28T16:07:23Z</time>
				<extensions>
					<ns3:TrackPointExtension>
						<ns3:speed>1.86</ns3:speed>
						<ns3:cad>80.0</ns3:cad>
						<ns3:hr>148</ns3:hr>
					</ns3:TrackPointExtension>
				</extensions>
			</trkpt>
			<trkpt lat="12.98289489" lon="77.69216663">
				<ele>893.48</ele>
				<time>2026-07-28T16:07:24Z</time>
				<extensions>
					<ns3:TrackPointExtension>
						<ns3:speed>1.86</ns3:speed>
						<ns3:cad>80.0</ns3:cad>
						<ns3:hr>148</ns3:hr>
					</ns3:TrackPointExtension>
				</extensions>
			</trkpt>
			<trkpt lat="12.98287923" lon="77.69217396">
				<ele>893.48</ele>
				<time>2026-07-28T16:07:25Z</time>
				<extensions>
					<ns3:TrackPointExtension>
						<ns3:speed>1.86</ns3:speed>
						<ns3:cad>80.0</ns3:cad>
						<ns3:hr>148</ns3:hr>
					</ns3:TrackPointExtension>
				</extensions>
			</trkpt>
			<trkpt lat="12.9828639" lon="77.69218195">
				<ele>893.48</ele>
				<time>2026-07-28T16:07:26Z</time>
				<extensions>
					<ns3:TrackPointExtension>
						<ns3:speed>1.86</ns3:speed>
						<ns3:cad>80.0</ns3:cad>
						<ns3:hr>148</ns3:hr>
					</ns3:TrackPointExtension>
				</extensions>
			</trkpt>
			<trkpt lat="12.98284957" lon="77.69219095">
				<ele>893.49</ele>
				<time>2026-07-28T16:07:27Z</time>
				<extensions>
					<ns3:TrackPointExtension>
						<ns3:speed>1.86</ns3:speed>
						<ns3:cad>80.0</ns3:cad>
						<ns3:hr>148</ns3:hr>
					</ns3:TrackPointExtension>
				</extensions>
			</trkpt>
			<trkpt lat="12.98283491" lon="77.69220028">
				<ele>893.49</ele>
				<time>2026-07-28T16:07:28Z</time>
				<extensions>
					<ns3:TrackPointExtension>
						<ns3:speed>1.86</ns3:speed>
						<ns3:cad>80.0</ns3:cad>
						<ns3:hr>149</ns3:hr>
					</ns3:TrackPointExtension>
				</extensions>
			</trkpt>
			<trkpt lat="12.98282091" lon="77.69221061">
				<ele>893.51</ele>
				<time>2026-07-28T16:07:29Z</time>
				<extensions>
					<ns3:TrackPointExtension>
						<ns3:speed>1.86</ns3:speed>
						<ns3:cad>80.0</ns3:cad>
						<ns3:hr>149</ns3:hr>
					</ns3:TrackPointExtension>
				</extensions>
			</trkpt>
			<trkpt lat="12.98280758" lon="77.69222061">
				<ele>893.52</ele>
				<time>2026-07-28T16:07:30Z</time>
				<extensions>
					<ns3:TrackPointExtension>
						<ns3:speed>1.85</ns3:speed>
						<ns3:cad>80.0</ns3:cad>
						<ns3:hr>149</ns3:hr>
					</ns3:TrackPointExtension>
				</extensions>
			</trkpt>
			<trkpt lat="12.98279459" lon="77.69223227">
				<ele>893.53</ele>
				<time>2026-07-28T16:07:31Z</time>
				<extensions>
					<ns3:TrackPointExtension>
						<ns3:speed>1.85</ns3:speed>
						<ns3:cad>80.0</ns3:cad>
						<ns3:hr>150</ns3:hr>
					</ns3:TrackPointExtension>
				</extensions>
			</trkpt>
			<trkpt lat="12.98278193" lon="77.69224426">
				<ele>893.55</ele>
				<time>2026-07-28T16:07:32Z</time>
				<extensions>
					<ns3:TrackPointExtension>
						<ns3:speed>1.85</ns3:speed>
						<ns3:cad>80.0</ns3:cad>
						<ns3:hr>151</ns3:hr>
					</ns3:TrackPointExtension>
				</extensions>
			</trkpt>
			<trkpt lat="12.9827696" lon="77.69225625">
				<ele>893.56</ele>
				<time>2026-07-28T16:07:33Z</time>
				<extensions>
					<ns3:TrackPointExtension>
						<ns3:speed>1.85</ns3:speed>
						<ns3:cad>81.0</ns3:cad>
						<ns3:hr>151</ns3:hr>
					</ns3:TrackPointExtension>
				</extensions>
			</trkpt>
			<trkpt lat="12.98275894" lon="77.69226891">
				<ele>893.58</ele>
				<time>2026-07-28T16:07:34Z</time>
				<extensions>
					<ns3:TrackPointExtension>
						<ns3:speed>1.86</ns3:speed>
						<ns3:cad>81.0</ns3:cad>
						<ns3:hr>152</ns3:hr>
					</ns3:TrackPointExtension>
				</extensions>
			</trkpt>
			<trkpt lat="12.98274795" lon="77.69228057">
				<ele>893.6</ele>
				<time>2026-07-28T16:07:35Z</time>
				<extensions>
					<ns3:TrackPointExtension>
						<ns3:speed>1.86</ns3:speed>
						<ns3:cad>81.0</ns3:cad>
						<ns3:hr>151</ns3:hr>
					</ns3:TrackPointExtension>
				</extensions>
			</trkpt>
			<trkpt lat="12.98273795" lon="77.6922919">
				<ele>893.61</ele>
				<time>2026-07-28T16:07:36Z</time>
				<extensions>
					<ns3:TrackPointExtension>
						<ns3:speed>1.86</ns3:speed>
						<ns3:cad>82.0</ns3:cad>
						<ns3:hr>150</ns3:hr>
					</ns3:TrackPointExtension>
				</extensions>
			</trkpt>
			<trkpt lat="12.98272862" lon="77.6923029">
				<ele>893.63</ele>
				<time>2026-07-28T16:07:37Z</time>
				<extensions>
					<ns3:TrackPointExtension>
						<ns3:speed>1.85</ns3:speed>
						<ns3:cad>81.0</ns3:cad>
						<ns3:hr>150</ns3:hr>
					</ns3:TrackPointExtension>
				</extensions>
			</trkpt>
			<trkpt lat="12.98272063" lon="77.69231556">
				<ele>893.64</ele>
				<time>2026-07-28T16:07:38Z</time>
				<extensions>
					<ns3:TrackPointExtension>
						<ns3:speed>1.83</ns3:speed>
						<ns3:cad>81.0</ns3:cad>
						<ns3:hr>150</ns3:hr>
					</ns3:TrackPointExtension>
				</extensions>
			</trkpt>
			<trkpt lat="12.9827133" lon="77.69232889">
				<ele>893.65</ele>
				<time>2026-07-28T16:07:39Z</time>
				<extensions>
					<ns3:TrackPointExtension>
						<ns3:speed>1.82</ns3:speed>
						<ns3:cad>81.0</ns3:cad>
						<ns3:hr>151</ns3:hr>
					</ns3:TrackPointExtension>
				</extensions>
			</trkpt>
			<trkpt lat="12.98270731" lon="77.69234289">
				<ele>893.67</ele>
				<time>2026-07-28T16:07:40Z</time>
				<extensions>
					<ns3:TrackPointExtension>
						<ns3:speed>1.81</ns3:speed>
						<ns3:cad>81.0</ns3:cad>
						<ns3:hr>151</ns3:hr>
					</ns3:TrackPointExtension>
				</extensions>
			</trkpt>
			<trkpt lat="12.98269898" lon="77.69235755">
				<ele>893.68</ele>
				<time>2026-07-28T16:07:41Z</time>
				<extensions>
					<ns3:TrackPointExtension>
						<ns3:speed>1.8</ns3:speed>
						<ns3:cad>81.0</ns3:cad>
						<ns3:hr>150</ns3:hr>
					</ns3:TrackPointExtension>
				</extensions>
			</trkpt>
			<trkpt lat="12.98268899" lon="77.69236955">
				<ele>893.69</ele>
				<time>2026-07-28T16:07:42Z</time>
				<extensions>
					<ns3:TrackPointExtension>
						<ns3:speed>1.8</ns3:speed>
						<ns3:cad>81.0</ns3:cad>
						<ns3:hr>150</ns3:hr>
					</ns3:TrackPointExtension>
				</extensions>
			</trkpt>
			<trkpt lat="12.98267799" lon="77.69237854">
				<ele>893.7</ele>
				<time>2026-07-28T16:07:43Z</time>
				<extensions>
					<ns3:TrackPointExtension>
						<ns3:speed>1.79</ns3:speed>
						<ns3:cad>81.0</ns3:cad>
						<ns3:hr>151</ns3:hr>
					</ns3:TrackPointExtension>
				</extensions>
			</trkpt>
			<trkpt lat="12.982666" lon="77.6923862">
				<ele>893.72</ele>
				<time>2026-07-28T16:07:44Z</time>
				<extensions>
					<ns3:TrackPointExtension>
						<ns3:speed>1.79</ns3:speed>
						<ns3:cad>81.0</ns3:cad>
						<ns3:hr>152</ns3:hr>
					</ns3:TrackPointExtension>
				</extensions>
			</trkpt>
			<trkpt lat="12.98265301" lon="77.6923902">
				<ele>893.72</ele>
				<time>2026-07-28T16:07:45Z</time>
				<extensions>
					<ns3:TrackPointExtension>
						<ns3:speed>1.78</ns3:speed>
						<ns3:cad>81.0</ns3:cad>
						<ns3:hr>152</ns3:hr>
					</ns3:TrackPointExtension>
				</extensions>
			</trkpt>
			<trkpt lat="12.98263835" lon="77.6923902">
				<ele>893.73</ele>
				<time>2026-07-28T16:07:46Z</time>
				<extensions>
					<ns3:TrackPointExtension>
						<ns3:speed>1.77</ns3:speed>
						<ns3:cad>81.0</ns3:cad>
						<ns3:hr>152</ns3:hr>
					</ns3:TrackPointExtension>
				</extensions>
			</trkpt>
			<trkpt lat="12.98262202" lon="77.69238921">
				<ele>893.73</ele>
				<time>2026-07-28T16:07:47Z</time>
				<extensions>
					<ns3:TrackPointExtension>
						<ns3:speed>1.77</ns3:speed>
						<ns3:cad>81.0</ns3:cad>
						<ns3:hr>152</ns3:hr>
					</ns3:TrackPointExtension>
				</extensions>
			</trkpt>
			<trkpt lat="12.98260803" lon="77.69238788">
				<ele>893.75</ele>
				<time>2026-07-28T16:07:48Z</time>
				<extensions>
					<ns3:TrackPointExtension>
						<ns3:speed>1.76</ns3:speed>
						<ns3:cad>81.0</ns3:cad>
						<ns3:hr>152</ns3:hr>
					</ns3:TrackPointExtension>
				</extensions>
			</trkpt>
			<trkpt lat="12.98259337" lon="77.69238722">
				<ele>893.75</ele>
				<time>2026-07-28T16:07:49Z</time>
				<extensions>
					<ns3:TrackPointExtension>
						<ns3:speed>1.77</ns3:speed>
						<ns3:cad>81.0</ns3:cad>
						<ns3:hr>152</ns3:hr>
					</ns3:TrackPointExtension>
				</extensions>
			</trkpt>
			<trkpt lat="12.98257704" lon="77.69238622">
				<ele>893.75</ele>
				<time>2026-07-28T16:07:50Z</time>
				<extensions>
					<ns3:TrackPointExtension>
						<ns3:speed>1.77</ns3:speed>
						<ns3:cad>81.0</ns3:cad>
						<ns3:hr>152</ns3:hr>
					</ns3:TrackPointExtension>
				</extensions>
			</trkpt>
			<trkpt lat="12.98256071" lon="77.69238423">
				<ele>893.76</ele>
				<time>2026-07-28T16:07:51Z</time>
				<extensions>
					<ns3:TrackPointExtension>
						<ns3:speed>1.77</ns3:speed>
						<ns3:cad>81.0</ns3:cad>
						<ns3:hr>153</ns3:hr>
					</ns3:TrackPointExtension>
				</extensions>
			</trkpt>
			<trkpt lat="12.98254505" lon="77.69238224">
				<ele>893.77</ele>
				<time>2026-07-28T16:07:52Z</time>
				<extensions>
					<ns3:TrackPointExtension>
						<ns3:speed>1.76</ns3:speed>
						<ns3:cad>81.0</ns3:cad>
						<ns3:hr>154</ns3:hr>
					</ns3:TrackPointExtension>
				</extensions>
			</trkpt>
			<trkpt lat="12.98253006" lon="77.69238191">
				<ele>893.77</ele>
				<time>2026-07-28T16:07:53Z</time>
				<extensions>
					<ns3:TrackPointExtension>
						<ns3:speed>1.75</ns3:speed>
						<ns3:cad>81.0</ns3:cad>
						<ns3:hr>154</ns3:hr>
					</ns3:TrackPointExtension>
				</extensions>
			</trkpt>
			<trkpt lat="12.98251473" lon="77.69238158">
				<ele>893.77</ele>
				<time>2026-07-28T16:07:54Z</time>
				<extensions>
					<ns3:TrackPointExtension>
						<ns3:speed>1.74</ns3:speed>
						<ns3:cad>81.0</ns3:cad>
						<ns3:hr>154</ns3:hr>
					</ns3:TrackPointExtension>
				</extensions>
			</trkpt>
			<trkpt lat="12.98250007" lon="77.69238058">
				<ele>893.78</ele>
				<time>2026-07-28T16:07:55Z</time>
				<extensions>
					<ns3:TrackPointExtension>
						<ns3:speed>1.73</ns3:speed>
						<ns3:cad>81.0</ns3:cad>
						<ns3:hr>154</ns3:hr>
					</ns3:TrackPointExtension>
				</extensions>
			</trkpt>
			<trkpt lat="12.98248574" lon="77.69238091">
				<ele>893.79</ele>
				<time>2026-07-28T16:07:56Z</time>
				<extensions>
					<ns3:TrackPointExtension>
						<ns3:speed>1.72</ns3:speed>
						<ns3:cad>81.0</ns3:cad>
						<ns3:hr>153</ns3:hr>
					</ns3:TrackPointExtension>
				</extensions>
			</trkpt>
			<trkpt lat="12.98247141" lon="77.69238224">
				<ele>893.8</ele>
				<time>2026-07-28T16:07:57Z</time>
				<extensions>
					<ns3:TrackPointExtension>
						<ns3:speed>1.7</ns3:speed>
						<ns3:cad>81.0</ns3:cad>
						<ns3:hr>154</ns3:hr>
					</ns3:TrackPointExtension>
				</extensions>
			</trkpt>
			<trkpt lat="12.98245675" lon="77.6923839">
				<ele>893.8</ele>
				<time>2026-07-28T16:07:58Z</time>
				<extensions>
					<ns3:TrackPointExtension>
						<ns3:speed>1.68</ns3:speed>
						<ns3:cad>80.0</ns3:cad>
						<ns3:hr>154</ns3:hr>
					</ns3:TrackPointExtension>
				</extensions>
			</trkpt>
			<trkpt lat="12.98244076" lon="77.69238523">
				<ele>893.81</ele>
				<time>2026-07-28T16:07:59Z</time>
				<extensions>
					<ns3:TrackPointExtension>
						<ns3:speed>1.67</ns3:speed>
						<ns3:cad>80.0</ns3:cad>
						<ns3:hr>153</ns3:hr>
					</ns3:TrackPointExtension>
				</extensions>
			</trkpt>
			<trkpt lat="12.98242443" lon="77.69238689">
				<ele>893.83</ele>
				<time>2026-07-28T16:08:00Z</time>
				<extensions>
					<ns3:TrackPointExtension>
						<ns3:speed>1.67</ns3:speed>
						<ns3:cad>80.0</ns3:cad>
						<ns3:hr>153</ns3:hr>
					</ns3:TrackPointExtension>
				</extensions>
			</trkpt>
			<trkpt lat="12.98240777" lon="77.69238722">
				<ele>893.84</ele>
				<time>2026-07-28T16:08:01Z</time>
				<extensions>
					<ns3:TrackPointExtension>
						<ns3:speed>1.67</ns3:speed>
						<ns3:cad>80.0</ns3:cad>
						<ns3:hr>154</ns3:hr>
					</ns3:TrackPointExtension>
				</extensions>
			</trkpt>
			<trkpt lat="12.98239078" lon="77.69238522">
				<ele>893.86</ele>
				<time>2026-07-28T16:08:02Z</time>
				<extensions>
					<ns3:TrackPointExtension>
						<ns3:speed>1.67</ns3:speed>
						<ns3:cad>80.0</ns3:cad>
						<ns3:hr>154</ns3:hr>
					</ns3:TrackPointExtension>
				</extensions>
			</trkpt>
			<trkpt lat="12.98237378" lon="77.69238223">
				<ele>893.87</ele>
				<time>2026-07-28T16:08:03Z</time>
				<extensions>
					<ns3:TrackPointExtension>
						<ns3:speed>1.67</ns3:speed>
						<ns3:cad>80.0</ns3:cad>
						<ns3:hr>155</ns3:hr>
					</ns3:TrackPointExtension>
				</extensions>
			</trkpt>
			<trkpt lat="12.98235745" lon="77.69237723">
				<ele>893.89</ele>
				<time>2026-07-28T16:08:04Z</time>
				<extensions>
					<ns3:TrackPointExtension>
						<ns3:speed>1.68</ns3:speed>
						<ns3:cad>80.0</ns3:cad>
						<ns3:hr>154</ns3:hr>
					</ns3:TrackPointExtension>
				</extensions>
			</trkpt>
			<trkpt lat="12.98234179" lon="77.69237057">
				<ele>893.91</ele>
				<time>2026-07-28T16:08:05Z</time>
				<extensions>
					<ns3:TrackPointExtension>
						<ns3:speed>1.69</ns3:speed>
						<ns3:cad>80.0</ns3:cad>
						<ns3:hr>155</ns3:hr>
					</ns3:TrackPointExtension>
				</extensions>
			</trkpt>
			<trkpt lat="12.98232713" lon="77.69236291">
				<ele>893.93</ele>
				<time>2026-07-28T16:08:06Z</time>
				<extensions>
					<ns3:TrackPointExtension>
						<ns3:speed>1.69</ns3:speed>
						<ns3:cad>81.0</ns3:cad>
						<ns3:hr>154</ns3:hr>
					</ns3:TrackPointExtension>
				</extensions>
			</trkpt>
			<trkpt lat="12.9823128" lon="77.69235492">
				<ele>893.94</ele>
				<time>2026-07-28T16:08:07Z</time>
				<extensions>
					<ns3:TrackPointExtension>
						<ns3:speed>1.7</ns3:speed>
						<ns3:cad>80.0</ns3:cad>
						<ns3:hr>153</ns3:hr>
					</ns3:TrackPointExtension>
				</extensions>
			</trkpt>
			<trkpt lat="12.9822998" lon="77.69234592">
				<ele>893.96</ele>
				<time>2026-07-28T16:08:08Z</time>
				<extensions>
					<ns3:TrackPointExtension>
						<ns3:speed>1.7</ns3:speed>
						<ns3:cad>80.0</ns3:cad>
						<ns3:hr>151</ns3:hr>
					</ns3:TrackPointExtension>
				</extensions>
			</trkpt>
			<trkpt lat="12.98228781" lon="77.69233459">
				<ele>893.98</ele>
				<time>2026-07-28T16:08:09Z</time>
				<extensions>
					<ns3:TrackPointExtension>
						<ns3:speed>1.7</ns3:speed>
						<ns3:cad>79.0</ns3:cad>
						<ns3:hr>151</ns3:hr>
					</ns3:TrackPointExtension>
				</extensions>
			</trkpt>
			<trkpt lat="12.98227682" lon="77.6923226">
				<ele>893.99</ele>
				<time>2026-07-28T16:08:10Z</time>
				<extensions>
					<ns3:TrackPointExtension>
						<ns3:speed>1.71</ns3:speed>
						<ns3:cad>78.0</ns3:cad>
						<ns3:hr>151</ns3:hr>
					</ns3:TrackPointExtension>
				</extensions>
			</trkpt>
			<trkpt lat="12.98226716" lon="77.69230927">
				<ele>894.01</ele>
				<time>2026-07-28T16:08:11Z</time>
				<extensions>
					<ns3:TrackPointExtension>
						<ns3:speed>1.72</ns3:speed>
						<ns3:cad>78.0</ns3:cad>
						<ns3:hr>151</ns3:hr>
					</ns3:TrackPointExtension>
				</extensions>
			</trkpt>
			<trkpt lat="12.98225883" lon="77.69229594">
				<ele>894.02</ele>
				<time>2026-07-28T16:08:12Z</time>
				<extensions>
					<ns3:TrackPointExtension>
						<ns3:speed>1.72</ns3:speed>
						<ns3:cad>77.0</ns3:cad>
						<ns3:hr>151</ns3:hr>
					</ns3:TrackPointExtension>
				</extensions>
			</trkpt>
			<trkpt lat="12.98225117" lon="77.69228261">
				<ele>894.03</ele>
				<time>2026-07-28T16:08:13Z</time>
				<extensions>
					<ns3:TrackPointExtension>
						<ns3:speed>1.73</ns3:speed>
						<ns3:cad>77.0</ns3:cad>
						<ns3:hr>152</ns3:hr>
					</ns3:TrackPointExtension>
				</extensions>
			</trkpt>
			<trkpt lat="12.98224284" lon="77.69226995">
				<ele>894.05</ele>
				<time>2026-07-28T16:08:14Z</time>
				<extensions>
					<ns3:TrackPointExtension>
						<ns3:speed>1.73</ns3:speed>
						<ns3:cad>77.0</ns3:cad>
						<ns3:hr>151</ns3:hr>
					</ns3:TrackPointExtension>
				</extensions>
			</trkpt>
			<trkpt lat="12.98223451" lon="77.69225829">
				<ele>894.05</ele>
				<time>2026-07-28T16:08:15Z</time>
				<extensions>
					<ns3:TrackPointExtension>
					</ns3:TrackPointExtension>
				</extensions>
			</trkpt>
			<trkpt lat="12.98222452" lon="77.69224696">
				<ele>894.06</ele>
				<time>2026-07-28T16:08:16Z</time>
				<extensions>
					<ns3:TrackPointExtension>
						<ns3:speed>1.73</ns3:speed>
						<ns3:cad>78.0</ns3:cad>
						<ns3:hr>151</ns3:hr>
					</ns3:TrackPointExtension>
				</extensions>
			</trkpt>
			<trkpt lat="12.98221419" lon="77.69223497">
				<ele>894.07</ele>
				<time>2026-07-28T16:08:17Z</time>
				<extensions>
					<ns3:TrackPointExtension>
						<ns3:speed>1.73</ns3:speed>
						<ns3:cad>78.0</ns3:cad>
						<ns3:hr>151</ns3:hr>
					</ns3:TrackPointExtension>
				</extensions>
			</trkpt>
			<trkpt lat="12.98220319" lon="77.69222231">
				<ele>894.08</ele>
				<time>2026-07-28T16:08:18Z</time>
				<extensions>
					<ns3:TrackPointExtension>
						<ns3:speed>1.73</ns3:speed>
						<ns3:cad>80.0</ns3:cad>
						<ns3:hr>150</ns3:hr>
					</ns3:TrackPointExtension>
				</extensions>
			</trkpt>
			<trkpt lat="12.98219186" lon="77.69220898">
				<ele>894.09</ele>
				<time>2026-07-28T16:08:19Z</time>
				<extensions>
					<ns3:TrackPointExtension>
						<ns3:speed>1.73</ns3:speed>
						<ns3:cad>80.0</ns3:cad>
						<ns3:hr>150</ns3:hr>
					</ns3:TrackPointExtension>
				</extensions>
			</trkpt>
			<trkpt lat="12.9821812" lon="77.69219665">
				<ele>894.09</ele>
				<time>2026-07-28T16:08:20Z</time>
				<extensions>
					<ns3:TrackPointExtension>
						<ns3:speed>1.73</ns3:speed>
						<ns3:cad>81.0</ns3:cad>
						<ns3:hr>151</ns3:hr>
					</ns3:TrackPointExtension>
				</extensions>
			</trkpt>
			<trkpt lat="12.98217154" lon="77.69218432">
				<ele>894.1</ele>
				<time>2026-07-28T16:08:21Z</time>
				<extensions>
					<ns3:TrackPointExtension>
						<ns3:speed>1.73</ns3:speed>
						<ns3:cad>81.0</ns3:cad>
						<ns3:hr>150</ns3:hr>
					</ns3:TrackPointExtension>
				</extensions>
			</trkpt>
			<trkpt lat="12.98216155" lon="77.69217232">
				<ele>894.1</ele>
				<time>2026-07-28T16:08:22Z</time>
				<extensions>
					<ns3:TrackPointExtension>
						<ns3:speed>1.73</ns3:speed>
						<ns3:cad>81.0</ns3:cad>
						<ns3:hr>149</ns3:hr>
					</ns3:TrackPointExtension>
				</extensions>
			</trkpt>
			<trkpt lat="12.98215089" lon="77.69216033">
				<ele>894.1</ele>
				<time>2026-07-28T16:08:23Z</time>
				<extensions>
					<ns3:TrackPointExtension>
						<ns3:speed>1.73</ns3:speed>
						<ns3:cad>81.0</ns3:cad>
						<ns3:hr>149</ns3:hr>
					</ns3:TrackPointExtension>
				</extensions>
			</trkpt>
			<trkpt lat="12.98214056" lon="77.69214867">
				<ele>894.11</ele>
				<time>2026-07-28T16:08:24Z</time>
				<extensions>
					<ns3:TrackPointExtension>
						<ns3:speed>1.72</ns3:speed>
						<ns3:cad>81.0</ns3:cad>
						<ns3:hr>148</ns3:hr>
					</ns3:TrackPointExtension>
				</extensions>
			</trkpt>
			<trkpt lat="12.9821309" lon="77.69213634">
				<ele>894.1</ele>
				<time>2026-07-28T16:08:25Z</time>
				<extensions>
					<ns3:TrackPointExtension>
						<ns3:speed>1.72</ns3:speed>
						<ns3:cad>81.0</ns3:cad>
						<ns3:hr>148</ns3:hr>
					</ns3:TrackPointExtension>
				</extensions>
			</trkpt>
			<trkpt lat="12.98212124" lon="77.69212435">
				<ele>894.1</ele>
				<time>2026-07-28T16:08:26Z</time>
				<extensions>
					<ns3:TrackPointExtension>
						<ns3:speed>1.72</ns3:speed>
						<ns3:cad>81.0</ns3:cad>
						<ns3:hr>148</ns3:hr>
					</ns3:TrackPointExtension>
				</extensions>
			</trkpt>
			<trkpt lat="12.98211225" lon="77.69211169">
				<ele>894.11</ele>
				<time>2026-07-28T16:08:27Z</time>
				<extensions>
					<ns3:TrackPointExtension>
						<ns3:speed>1.71</ns3:speed>
						<ns3:cad>81.0</ns3:cad>
						<ns3:hr>148</ns3:hr>
					</ns3:TrackPointExtension>
				</extensions>
			</trkpt>
			<trkpt lat="12.98210325" lon="77.69209869">
				<ele>894.11</ele>
				<time>2026-07-28T16:08:28Z</time>
				<extensions>
					<ns3:TrackPointExtension>
						<ns3:speed>1.7</ns3:speed>
						<ns3:cad>80.0</ns3:cad>
						<ns3:hr>148</ns3:hr>
					</ns3:TrackPointExtension>
				</extensions>
			</trkpt>
			<trkpt lat="12.98209392" lon="77.69208636">
				<ele>894.12</ele>
				<time>2026-07-28T16:08:29Z</time>
				<extensions>
					<ns3:TrackPointExtension>
						<ns3:speed>1.7</ns3:speed>
						<ns3:cad>80.0</ns3:cad>
					</ns3:TrackPointExtension>
				</extensions>
			</trkpt>
			<trkpt lat="12.98208392" lon="77.69207503">
				<ele>894.12</ele>
				<time>2026-07-28T16:08:30Z</time>
				<extensions>
					<ns3:TrackPointExtension>
						<ns3:speed>1.7</ns3:speed>
						<ns3:cad>80.0</ns3:cad>
						<ns3:hr>149</ns3:hr>
					</ns3:TrackPointExtension>
				</extensions>
			</trkpt>
			<trkpt lat="12.98207226" lon="77.6920667">
				<ele>894.12</ele>
				<time>2026-07-28T16:08:31Z</time>
				<extensions>
					<ns3:TrackPointExtension>
						<ns3:speed>1.7</ns3:speed>
						<ns3:cad>80.0</ns3:cad>
						<ns3:hr>149</ns3:hr>
					</ns3:TrackPointExtension>
				</extensions>
			</trkpt>
			<trkpt lat="12.9820586" lon="77.69205904">
				<ele>894.12</ele>
				<time>2026-07-28T16:08:32Z</time>
				<extensions>
					<ns3:TrackPointExtension>
						<ns3:speed>1.69</ns3:speed>
						<ns3:cad>80.0</ns3:cad>
						<ns3:hr>149</ns3:hr>
					</ns3:TrackPointExtension>
				</extensions>
			</trkpt>
			<trkpt lat="12.98204361" lon="77.69205271">
				<ele>894.12</ele>
				<time>2026-07-28T16:08:33Z</time>
				<extensions>
					<ns3:TrackPointExtension>
						<ns3:speed>1.7</ns3:speed>
						<ns3:cad>80.0</ns3:cad>
						<ns3:hr>149</ns3:hr>
					</ns3:TrackPointExtension>
				</extensions>
			</trkpt>
			<trkpt lat="12.98202961" lon="77.69204538">
				<ele>894.13</ele>
				<time>2026-07-28T16:08:34Z</time>
				<extensions>
					<ns3:TrackPointExtension>
						<ns3:speed>1.7</ns3:speed>
						<ns3:cad>81.0</ns3:cad>
					</ns3:TrackPointExtension>
				</extensions>
			</trkpt>
			<trkpt lat="12.98201662" lon="77.69203705">
				<ele>894.13</ele>
				<time>2026-07-28T16:08:35Z</time>
				<extensions>
					<ns3:TrackPointExtension>
						<ns3:speed>1.7</ns3:speed>
						<ns3:cad>81.0</ns3:cad>
						<ns3:hr>150</ns3:hr>
					</ns3:TrackPointExtension>
				</extensions>
			</trkpt>
			<trkpt lat="12.98200529" lon="77.69202672">
				<ele>894.14</ele>
				<time>2026-07-28T16:08:36Z</time>
				<extensions>
					<ns3:TrackPointExtension>
						<ns3:speed>1.69</ns3:speed>
						<ns3:cad>81.0</ns3:cad>
						<ns3:hr>150</ns3:hr>
					</ns3:TrackPointExtension>
				</extensions>
			</trkpt>
			<trkpt lat="12.98199796" lon="77.69201372">
				<ele>894.14</ele>
				<time>2026-07-28T16:08:37Z</time>
				<extensions>
					<ns3:TrackPointExtension>
						<ns3:speed>1.69</ns3:speed>
						<ns3:cad>81.0</ns3:cad>
						<ns3:hr>150</ns3:hr>
					</ns3:TrackPointExtension>
				</extensions>
			</trkpt>
			<trkpt lat="12.98199463" lon="77.69199939">
				<ele>894.15</ele>
				<time>2026-07-28T16:08:38Z</time>
				<extensions>
					<ns3:TrackPointExtension>
						<ns3:speed>1.69</ns3:speed>
						<ns3:cad>81.0</ns3:cad>
						<ns3:hr>149</ns3:hr>
					</ns3:TrackPointExtension>
				</extensions>
			</trkpt>
			<trkpt lat="12.98199364" lon="77.69198406">
				<ele>894.14</ele>
				<time>2026-07-28T16:08:39Z</time>
				<extensions>
					<ns3:TrackPointExtension>
						<ns3:speed>1.69</ns3:speed>
						<ns3:cad>81.0</ns3:cad>
						<ns3:hr>149</ns3:hr>
					</ns3:TrackPointExtension>
				</extensions>
			</trkpt>
			<trkpt lat="12.98199331" lon="77.6919674">
				<ele>894.15</ele>
				<time>2026-07-28T16:08:40Z</time>
				<extensions>
					<ns3:TrackPointExtension>
						<ns3:speed>1.69</ns3:speed>
						<ns3:cad>80.0</ns3:cad>
						<ns3:hr>149</ns3:hr>
					</ns3:TrackPointExtension>
				</extensions>
			</trkpt>
			<trkpt lat="12.98199397" lon="77.69195074">
				<ele>894.16</ele>
				<time>2026-07-28T16:08:41Z</time>
				<extensions>
					<ns3:TrackPointExtension>
						<ns3:speed>1.7</ns3:speed>
						<ns3:cad>80.0</ns3:cad>
						<ns3:hr>149</ns3:hr>
					</ns3:TrackPointExtension>
				</extensions>
			</trkpt>
			<trkpt lat="12.9819963" lon="77.69193375">
				<ele>894.16</ele>
				<time>2026-07-28T16:08:42Z</time>
				<extensions>
					<ns3:TrackPointExtension>
						<ns3:speed>1.7</ns3:speed>
						<ns3:cad>80.0</ns3:cad>
						<ns3:hr>149</ns3:hr>
					</ns3:TrackPointExtension>
				</extensions>
			</trkpt>
			<trkpt lat="12.98199929" lon="77.69191676">
				<ele>894.15</ele>
				<time>2026-07-28T16:08:43Z</time>
				<extensions>
					<ns3:TrackPointExtension>
						<ns3:speed>1.7</ns3:speed>
						<ns3:cad>80.0</ns3:cad>
						<ns3:hr>149</ns3:hr>
					</ns3:TrackPointExtension>
				</extensions>
			</trkpt>
			<trkpt lat="12.98200228" lon="77.6918991">
				<ele>894.14</ele>
				<time>2026-07-28T16:08:44Z</time>
				<extensions>
					<ns3:TrackPointExtension>
						<ns3:speed>1.71</ns3:speed>
						<ns3:cad>80.0</ns3:cad>
						<ns3:hr>148</ns3:hr>
					</ns3:TrackPointExtension>
				</extensions>
			</trkpt>
			<trkpt lat="12.98200527" lon="77.69188144">
				<ele>894.12</ele>
				<time>2026-07-28T16:08:45Z</time>
				<extensions>
					<ns3:TrackPointExtension>
						<ns3:speed>1.72</ns3:speed>
						<ns3:cad>79.0</ns3:cad>
						<ns3:hr>147</ns3:hr>
					</ns3:TrackPointExtension>
				</extensions>
			</trkpt>
			<trkpt lat="12.98200927" lon="77.69186345">
				<ele>894.07</ele>
				<time>2026-07-28T16:08:46Z</time>
				<extensions>
					<ns3:TrackPointExtension>
						<ns3:speed>1.72</ns3:speed>
						<ns3:cad>79.0</ns3:cad>
						<ns3:hr>148</ns3:hr>
					</ns3:TrackPointExtension>
				</extensions>
			</trkpt>
			<trkpt lat="12.98201426" lon="77.69184646">
				<ele>894.05</ele>
				<time>2026-07-28T16:08:47Z</time>
				<extensions>
					<ns3:TrackPointExtension>
						<ns3:speed>1.73</ns3:speed>
						<ns3:cad>78.0</ns3:cad>
						<ns3:hr>148</ns3:hr>
					</ns3:TrackPointExtension>
				</extensions>
			</trkpt>
			<trkpt lat="12.98201892" lon="77.69183046">
				<ele>894.03</ele>
				<time>2026-07-28T16:08:48Z</time>
				<extensions>
					<ns3:TrackPointExtension>
						<ns3:speed>1.73</ns3:speed>
						<ns3:cad>78.0</ns3:cad>
						<ns3:hr>149</ns3:hr>
					</ns3:TrackPointExtension>
				</extensions>
			</trkpt>
			<trkpt lat="12.98202491" lon="77.6918148">
				<ele>894.01</ele>
				<time>2026-07-28T16:08:49Z</time>
				<extensions>
					<ns3:TrackPointExtension>
						<ns3:speed>1.73</ns3:speed>
						<ns3:cad>78.0</ns3:cad>
						<ns3:hr>149</ns3:hr>
					</ns3:TrackPointExtension>
				</extensions>
			</trkpt>
			<trkpt lat="12.98203024" lon="77.69179914">
				<ele>894.0</ele>
				<time>2026-07-28T16:08:50Z</time>
				<extensions>
					<ns3:TrackPointExtension>
						<ns3:speed>1.73</ns3:speed>
						<ns3:cad>78.0</ns3:cad>
						<ns3:hr>149</ns3:hr>
					</ns3:TrackPointExtension>
				</extensions>
			</trkpt>
			<trkpt lat="12.9820349" lon="77.69178314">
				<ele>893.98</ele>
				<time>2026-07-28T16:08:51Z</time>
				<extensions>
					<ns3:TrackPointExtension>
						<ns3:speed>1.73</ns3:speed>
						<ns3:cad>78.0</ns3:cad>
						<ns3:hr>149</ns3:hr>
					</ns3:TrackPointExtension>
				</extensions>
			</trkpt>
			<trkpt lat="12.98203889" lon="77.69176714">
				<ele>893.98</ele>
				<time>2026-07-28T16:08:52Z</time>
				<extensions>
					<ns3:TrackPointExtension>
						<ns3:speed>1.73</ns3:speed>
						<ns3:cad>78.0</ns3:cad>
						<ns3:hr>149</ns3:hr>
					</ns3:TrackPointExtension>
				</extensions>
			</trkpt>
			<trkpt lat="12.98204322" lon="77.69175148">
				<ele>893.97</ele>
				<time>2026-07-28T16:08:53Z</time>
				<extensions>
					<ns3:TrackPointExtension>
						<ns3:speed>1.73</ns3:speed>
						<ns3:cad>79.0</ns3:cad>
						<ns3:hr>149</ns3:hr>
					</ns3:TrackPointExtension>
				</extensions>
			</trkpt>
			<trkpt lat="12.98204655" lon="77.69173482">
				<ele>893.97</ele>
				<time>2026-07-28T16:08:54Z</time>
				<extensions>
					<ns3:TrackPointExtension>
						<ns3:speed>1.73</ns3:speed>
						<ns3:cad>79.0</ns3:cad>
						<ns3:hr>149</ns3:hr>
					</ns3:TrackPointExtension>
				</extensions>
			</trkpt>
			<trkpt lat="12.98205121" lon="77.69171882">
				<ele>893.96</ele>
				<time>2026-07-28T16:08:55Z</time>
				<extensions>
					<ns3:TrackPointExtension>
						<ns3:speed>1.73</ns3:speed>
						<ns3:cad>80.0</ns3:cad>
						<ns3:hr>150</ns3:hr>
					</ns3:TrackPointExtension>
				</extensions>
			</trkpt>
			<trkpt lat="12.9820562" lon="77.69170249">
				<ele>893.95</ele>
				<time>2026-07-28T16:08:56Z</time>
				<extensions>
					<ns3:TrackPointExtension>
						<ns3:speed>1.74</ns3:speed>
						<ns3:cad>80.0</ns3:cad>
						<ns3:hr>150</ns3:hr>
					</ns3:TrackPointExtension>
				</extensions>
			</trkpt>
			<trkpt lat="12.98206153" lon="77.69168716">
				<ele>893.93</ele>
				<time>2026-07-28T16:08:57Z</time>
				<extensions>
					<ns3:TrackPointExtension>
						<ns3:speed>1.75</ns3:speed>
						<ns3:cad>81.0</ns3:cad>
						<ns3:hr>150</ns3:hr>
					</ns3:TrackPointExtension>
				</extensions>
			</trkpt>
			<trkpt lat="12.98206552" lon="77.69166883">
				<ele>893.92</ele>
				<time>2026-07-28T16:08:58Z</time>
				<extensions>
					<ns3:TrackPointExtension>
						<ns3:speed>1.75</ns3:speed>
						<ns3:cad>81.0</ns3:cad>
						<ns3:hr>150</ns3:hr>
					</ns3:TrackPointExtension>
				</extensions>
			</trkpt>
			<trkpt lat="12.98207018" lon="77.6916505">
				<ele>893.92</ele>
				<time>2026-07-28T16:08:59Z</time>
				<extensions>
					<ns3:TrackPointExtension>
						<ns3:speed>1.75</ns3:speed>
						<ns3:cad>80.0</ns3:cad>
						<ns3:hr>150</ns3:hr>
					</ns3:TrackPointExtension>
				</extensions>
			</trkpt>
			<trkpt lat="12.98207284" lon="77.69162884">
				<ele>893.9</ele>
				<time>2026-07-28T16:09:00Z</time>
				<extensions>
					<ns3:TrackPointExtension>
						<ns3:speed>1.75</ns3:speed>
						<ns3:cad>80.0</ns3:cad>
						<ns3:hr>150</ns3:hr>
					</ns3:TrackPointExtension>
				</extensions>
			</trkpt>
			<trkpt lat="12.9820735" lon="77.69160585">
				<ele>893.9</ele>
				<time>2026-07-28T16:09:01Z</time>
				<extensions>
					<ns3:TrackPointExtension>
						<ns3:speed>1.76</ns3:speed>
						<ns3:cad>80.0</ns3:cad>
						<ns3:hr>149</ns3:hr>
					</ns3:TrackPointExtension>
				</extensions>
			</trkpt>
			<trkpt lat="12.98207549" lon="77.69158385">
				<ele>893.91</ele>
				<time>2026-07-28T16:09:02Z</time>
				<extensions>
					<ns3:TrackPointExtension>
						<ns3:speed>1.76</ns3:speed>
						<ns3:cad>80.0</ns3:cad>
						<ns3:hr>148</ns3:hr>
					</ns3:TrackPointExtension>
				</extensions>
			</trkpt>
			<trkpt lat="12.98207715" lon="77.69156486">
				<ele>893.91</ele>
				<time>2026-07-28T16:09:03Z</time>
				<extensions>
					<ns3:TrackPointExtension>
						<ns3:speed>1.76</ns3:speed>
						<ns3:cad>81.0</ns3:cad>
						<ns3:hr>147</ns3:hr>
					</ns3:TrackPointExtension>
				</extensions>
			</trkpt>
			<trkpt lat="12.98207649" lon="77.69155086">
				<ele>893.93</ele>
				<time>2026-07-28T16:09:04Z</time>
				<extensions>
					<ns3:TrackPointExtension>
						<ns3:speed>1.76</ns3:speed>
						<ns3:cad>81.0</ns3:cad>
						<ns3:hr>147</ns3:hr>
					</ns3:TrackPointExtension>
				</extensions>
			</trkpt>
			<trkpt lat="12.98207449" lon="77.69153287">
				<ele>893.94</ele>
				<time>2026-07-28T16:09:05Z</time>
				<extensions>
					<ns3:TrackPointExtension>
						<ns3:speed>1.76</ns3:speed>
						<ns3:cad>81.0</ns3:cad>
						<ns3:hr>148</ns3:hr>
					</ns3:TrackPointExtension>
				</extensions>
			</trkpt>
			<trkpt lat="12.98207416" lon="77.69151754">
				<ele>893.95</ele>
				<time>2026-07-28T16:09:06Z</time>
				<extensions>
					<ns3:TrackPointExtension>
						<ns3:speed>1.76</ns3:speed>
						<ns3:cad>81.0</ns3:cad>
						<ns3:hr>148</ns3:hr>
					</ns3:TrackPointExtension>
				</extensions>
			</trkpt>
			<trkpt lat="12.98207449" lon="77.69150754">
				<ele>893.97</ele>
				<time>2026-07-28T16:09:07Z</time>
				<extensions>
					<ns3:TrackPointExtension>
						<ns3:speed>1.76</ns3:speed>
						<ns3:cad>80.0</ns3:cad>
						<ns3:hr>149</ns3:hr>
					</ns3:TrackPointExtension>
				</extensions>
			</trkpt>
			<trkpt lat="12.98207649" lon="77.69150254">
				<ele>893.98</ele>
				<time>2026-07-28T16:09:08Z</time>
				<extensions>
					<ns3:TrackPointExtension>
						<ns3:speed>1.76</ns3:speed>
						<ns3:cad>80.0</ns3:cad>
						<ns3:hr>149</ns3:hr>
					</ns3:TrackPointExtension>
				</extensions>
			</trkpt>
			<trkpt lat="12.98207782" lon="77.69149788">
				<ele>894.0</ele>
				<time>2026-07-28T16:09:09Z</time>
				<extensions>
					<ns3:TrackPointExtension>
						<ns3:speed>1.75</ns3:speed>
						<ns3:cad>80.0</ns3:cad>
						<ns3:hr>149</ns3:hr>
					</ns3:TrackPointExtension>
				</extensions>
			</trkpt>
			<trkpt lat="12.98207815" lon="77.69148788">
				<ele>894.01</ele>
				<time>2026-07-28T16:09:10Z</time>
				<extensions>
					<ns3:TrackPointExtension>
						<ns3:speed>1.73</ns3:speed>
						<ns3:cad>80.0</ns3:cad>
						<ns3:hr>150</ns3:hr>
					</ns3:TrackPointExtension>
				</extensions>
			</trkpt>
			<trkpt lat="12.98207615" lon="77.69147522">
				<ele>894.04</ele>
				<time>2026-07-28T16:09:11Z</time>
				<extensions>
					<ns3:TrackPointExtension>
						<ns3:speed>1.73</ns3:speed>
						<ns3:cad>80.0</ns3:cad>
						<ns3:hr>150</ns3:hr>
					</ns3:TrackPointExtension>
				</extensions>
			</trkpt>
			<trkpt lat="12.98207149" lon="77.69145956">
				<ele>894.05</ele>
				<time>2026-07-28T16:09:12Z</time>
				<extensions>
					<ns3:TrackPointExtension>
						<ns3:speed>1.73</ns3:speed>
						<ns3:cad>80.0</ns3:cad>
						<ns3:hr>150</ns3:hr>
					</ns3:TrackPointExtension>
				</extensions>
			</trkpt>
			<trkpt lat="12.98206549" lon="77.69144356">
				<ele>894.07</ele>
				<time>2026-07-28T16:09:13Z</time>
				<extensions>
					<ns3:TrackPointExtension>
						<ns3:speed>1.73</ns3:speed>
						<ns3:cad>81.0</ns3:cad>
						<ns3:hr>150</ns3:hr>
					</ns3:TrackPointExtension>
				</extensions>
			</trkpt>
			<trkpt lat="12.98205783" lon="77.69142823">
				<ele>894.09</ele>
				<time>2026-07-28T16:09:14Z</time>
				<extensions>
					<ns3:TrackPointExtension>
						<ns3:speed>1.73</ns3:speed>
						<ns3:cad>81.0</ns3:cad>
						<ns3:hr>149</ns3:hr>
					</ns3:TrackPointExtension>
				</extensions>
			</trkpt>
			<trkpt lat="12.9820495" lon="77.69141324">
				<ele>894.11</ele>
				<time>2026-07-28T16:09:15Z</time>
				<extensions>
					<ns3:TrackPointExtension>
						<ns3:speed>1.72</ns3:speed>
						<ns3:cad>81.0</ns3:cad>
						<ns3:hr>149</ns3:hr>
					</ns3:TrackPointExtension>
				</extensions>
			</trkpt>
			<trkpt lat="12.9820395" lon="77.69140024">
				<ele>894.12</ele>
				<time>2026-07-28T16:09:16Z</time>
				<extensions>
					<ns3:TrackPointExtension>
						<ns3:speed>1.72</ns3:speed>
						<ns3:cad>81.0</ns3:cad>
						<ns3:hr>149</ns3:hr>
					</ns3:TrackPointExtension>
				</extensions>
			</trkpt>
			<trkpt lat="12.98202784" lon="77.69139024">
				<ele>894.13</ele>
				<time>2026-07-28T16:09:17Z</time>
				<extensions>
					<ns3:TrackPointExtension>
						<ns3:speed>1.72</ns3:speed>
						<ns3:cad>81.0</ns3:cad>
						<ns3:hr>148</ns3:hr>
					</ns3:TrackPointExtension>
				</extensions>
			</trkpt>
			<trkpt lat="12.98201451" lon="77.69138191">
				<ele>894.13</ele>
				<time>2026-07-28T16:09:18Z</time>
				<extensions>
					<ns3:TrackPointExtension>
						<ns3:speed>1.72</ns3:speed>
						<ns3:cad>80.0</ns3:cad>
						<ns3:hr>148</ns3:hr>
					</ns3:TrackPointExtension>
				</extensions>
			</trkpt>
			<trkpt lat="12.98200085" lon="77.69137525">
				<ele>894.13</ele>
				<time>2026-07-28T16:09:19Z</time>
				<extensions>
					<ns3:TrackPointExtension>
						<ns3:speed>1.72</ns3:speed>
						<ns3:cad>80.0</ns3:cad>
						<ns3:hr>149</ns3:hr>
					</ns3:TrackPointExtension>
				</extensions>
			</trkpt>
			<trkpt lat="12.98198552" lon="77.69136959">
				<ele>894.13</ele>
				<time>2026-07-28T16:09:20Z</time>
				<extensions>
					<ns3:TrackPointExtension>
						<ns3:speed>1.72</ns3:speed>
						<ns3:cad>80.0</ns3:cad>
						<ns3:hr>149</ns3:hr>
					</ns3:TrackPointExtension>
				</extensions>
			</trkpt>
			<trkpt lat="12.98197086" lon="77.6913636">
				<ele>894.13</ele>
				<time>2026-07-28T16:09:21Z</time>
				<extensions>
					<ns3:TrackPointExtension>
						<ns3:speed>1.72</ns3:speed>
						<ns3:cad>80.0</ns3:cad>
						<ns3:hr>149</ns3:hr>
					</ns3:TrackPointExtension>
				</extensions>
			</trkpt>
			<trkpt lat="12.98195586" lon="77.69135727">
				<ele>894.12</ele>
				<time>2026-07-28T16:09:22Z</time>
				<extensions>
					<ns3:TrackPointExtension>
						<ns3:speed>1.72</ns3:speed>
						<ns3:cad>81.0</ns3:cad>
						<ns3:hr>149</ns3:hr>
					</ns3:TrackPointExtension>
				</extensions>
			</trkpt>
			<trkpt lat="12.98194287" lon="77.69134827">
				<ele>894.11</ele>
				<time>2026-07-28T16:09:23Z</time>
				<extensions>
					<ns3:TrackPointExtension>
						<ns3:speed>1.73</ns3:speed>
						<ns3:cad>81.0</ns3:cad>
						<ns3:hr>150</ns3:hr>
					</ns3:TrackPointExtension>
				</extensions>
			</trkpt>
			<trkpt lat="12.98193121" lon="77.69134028">
				<ele>894.1</ele>
				<time>2026-07-28T16:09:24Z</time>
				<extensions>
					<ns3:TrackPointExtension>
						<ns3:speed>1.73</ns3:speed>
						<ns3:cad>81.0</ns3:cad>
						<ns3:hr>150</ns3:hr>
					</ns3:TrackPointExtension>
				</extensions>
			</trkpt>
			<trkpt lat="12.98192055" lon="77.69132928">
				<ele>894.09</ele>
				<time>2026-07-28T16:09:25Z</time>
				<extensions>
					<ns3:TrackPointExtension>
						<ns3:speed>1.73</ns3:speed>
						<ns3:cad>81.0</ns3:cad>
						<ns3:hr>150</ns3:hr>
					</ns3:TrackPointExtension>
				</extensions>
			</trkpt>
			<trkpt lat="12.98191355" lon="77.69131595">
				<ele>894.07</ele>
				<time>2026-07-28T16:09:26Z</time>
				<extensions>
					<ns3:TrackPointExtension>
						<ns3:speed>1.73</ns3:speed>
						<ns3:cad>81.0</ns3:cad>
						<ns3:hr>150</ns3:hr>
					</ns3:TrackPointExtension>
				</extensions>
			</trkpt>
			<trkpt lat="12.98190556" lon="77.69130296">
				<ele>894.06</ele>
				<time>2026-07-28T16:09:27Z</time>
				<extensions>
					<ns3:TrackPointExtension>
						<ns3:speed>1.73</ns3:speed>
						<ns3:cad>81.0</ns3:cad>
						<ns3:hr>150</ns3:hr>
					</ns3:TrackPointExtension>
				</extensions>
			</trkpt>
			<trkpt lat="12.98189856" lon="77.6912883">
				<ele>894.04</ele>
				<time>2026-07-28T16:09:28Z</time>
				<extensions>
					<ns3:TrackPointExtension>
						<ns3:speed>1.73</ns3:speed>
						<ns3:cad>81.0</ns3:cad>
						<ns3:hr>150</ns3:hr>
					</ns3:TrackPointExtension>
				</extensions>
			</trkpt>
			<trkpt lat="12.98189523" lon="77.69127264">
				<ele>894.01</ele>
				<time>2026-07-28T16:09:29Z</time>
				<extensions>
					<ns3:TrackPointExtension>
						<ns3:speed>1.73</ns3:speed>
						<ns3:cad>80.0</ns3:cad>
						<ns3:hr>150</ns3:hr>
					</ns3:TrackPointExtension>
				</extensions>
			</trkpt>
			<trkpt lat="12.98189457" lon="77.69125698">
				<ele>893.98</ele>
				<time>2026-07-28T16:09:30Z</time>
				<extensions>
					<ns3:TrackPointExtension>
						<ns3:speed>1.73</ns3:speed>
						<ns3:cad>80.0</ns3:cad>
						<ns3:hr>150</ns3:hr>
					</ns3:TrackPointExtension>
				</extensions>
			</trkpt>
			<trkpt lat="12.98189723" lon="77.69124065">
				<ele>893.95</ele>
				<time>2026-07-28T16:09:31Z</time>
				<extensions>
					<ns3:TrackPointExtension>
						<ns3:speed>1.73</ns3:speed>
						<ns3:cad>81.0</ns3:cad>
						<ns3:hr>150</ns3:hr>
					</ns3:TrackPointExtension>
				</extensions>
			</trkpt>
			<trkpt lat="12.98190256" lon="77.69122366">
				<ele>893.92</ele>
				<time>2026-07-28T16:09:32Z</time>
				<extensions>
					<ns3:TrackPointExtension>
						<ns3:speed>1.73</ns3:speed>
						<ns3:cad>81.0</ns3:cad>
						<ns3:hr>151</ns3:hr>
					</ns3:TrackPointExtension>
				</extensions>
			</trkpt>
			<trkpt lat="12.98191089" lon="77.69120667">
				<ele>893.87</ele>
				<time>2026-07-28T16:09:33Z</time>
				<extensions>
					<ns3:TrackPointExtension>
						<ns3:speed>1.74</ns3:speed>
						<ns3:cad>81.0</ns3:cad>
						<ns3:hr>151</ns3:hr>
					</ns3:TrackPointExtension>
				</extensions>
			</trkpt>
			<trkpt lat="12.98192022" lon="77.69118968">
				<ele>893.83</ele>
				<time>2026-07-28T16:09:34Z</time>
				<extensions>
					<ns3:TrackPointExtension>
						<ns3:speed>1.75</ns3:speed>
						<ns3:cad>81.0</ns3:cad>
						<ns3:hr>150</ns3:hr>
					</ns3:TrackPointExtension>
				</extensions>
			</trkpt>
			<trkpt lat="12.98193021" lon="77.69117235">
				<ele>893.77</ele>
				<time>2026-07-28T16:09:35Z</time>
				<extensions>
					<ns3:TrackPointExtension>
						<ns3:speed>1.77</ns3:speed>
						<ns3:cad>81.0</ns3:cad>
						<ns3:hr>150</ns3:hr>
					</ns3:TrackPointExtension>
				</extensions>
			</trkpt>
			<trkpt lat="12.9819422" lon="77.69115536">
				<ele>893.7</ele>
				<time>2026-07-28T16:09:36Z</time>
				<extensions>
					<ns3:TrackPointExtension>
						<ns3:speed>1.79</ns3:speed>
						<ns3:cad>81.0</ns3:cad>
						<ns3:hr>151</ns3:hr>
					</ns3:TrackPointExtension>
				</extensions>
			</trkpt>
			<trkpt lat="12.9819532" lon="77.69113903">
				<ele>893.65</ele>
				<time>2026-07-28T16:09:37Z</time>
				<extensions>
					<ns3:TrackPointExtension>
						<ns3:speed>1.81</ns3:speed>
						<ns3:cad>81.0</ns3:cad>
						<ns3:hr>151</ns3:hr>
					</ns3:TrackPointExtension>
				</extensions>
			</trkpt>
			<trkpt lat="12.98196319" lon="77.69112337">
				<ele>893.62</ele>
				<time>2026-07-28T16:09:38Z</time>
				<extensions>
					<ns3:TrackPointExtension>
						<ns3:speed>1.83</ns3:speed>
						<ns3:cad>81.0</ns3:cad>
						<ns3:hr>151</ns3:hr>
					</ns3:TrackPointExtension>
				</extensions>
			</trkpt>
			<trkpt lat="12.98197318" lon="77.69110638">
				<ele>893.59</ele>
				<time>2026-07-28T16:09:39Z</time>
				<extensions>
					<ns3:TrackPointExtension>
						<ns3:speed>1.83</ns3:speed>
						<ns3:cad>81.0</ns3:cad>
						<ns3:hr>151</ns3:hr>
					</ns3:TrackPointExtension>
				</extensions>
			</trkpt>
			<trkpt lat="12.98198251" lon="77.69109038">
				<ele>893.58</ele>
				<time>2026-07-28T16:09:40Z</time>
				<extensions>
					<ns3:TrackPointExtension>
						<ns3:speed>1.84</ns3:speed>
						<ns3:cad>80.0</ns3:cad>
						<ns3:hr>151</ns3:hr>
					</ns3:TrackPointExtension>
				</extensions>
			</trkpt>
			<trkpt lat="12.98199084" lon="77.69107438">
				<ele>893.56</ele>
				<time>2026-07-28T16:09:41Z</time>
				<extensions>
					<ns3:TrackPointExtension>
						<ns3:speed>1.86</ns3:speed>
						<ns3:cad>80.0</ns3:cad>
						<ns3:hr>152</ns3:hr>
					</ns3:TrackPointExtension>
				</extensions>
			</trkpt>
			<trkpt lat="12.9819985" lon="77.69105772">
				<ele>893.55</ele>
				<time>2026-07-28T16:09:42Z</time>
				<extensions>
					<ns3:TrackPointExtension>
						<ns3:speed>1.86</ns3:speed>
						<ns3:cad>80.0</ns3:cad>
						<ns3:hr>153</ns3:hr>
					</ns3:TrackPointExtension>
				</extensions>
			</trkpt>
			<trkpt lat="12.98200583" lon="77.69104039">
				<ele>893.53</ele>
				<time>2026-07-28T16:09:43Z</time>
				<extensions>
					<ns3:TrackPointExtension>
						<ns3:speed>1.87</ns3:speed>
						<ns3:cad>80.0</ns3:cad>
						<ns3:hr>153</ns3:hr>
					</ns3:TrackPointExtension>
				</extensions>
			</trkpt>
			<trkpt lat="12.98201283" lon="77.69102373">
				<ele>893.53</ele>
				<time>2026-07-28T16:09:44Z</time>
				<extensions>
					<ns3:TrackPointExtension>
						<ns3:speed>1.87</ns3:speed>
						<ns3:cad>81.0</ns3:cad>
						<ns3:hr>153</ns3:hr>
					</ns3:TrackPointExtension>
				</extensions>
			</trkpt>
			<trkpt lat="12.98202049" lon="77.69100807">
				<ele>893.53</ele>
				<time>2026-07-28T16:09:45Z</time>
				<extensions>
					<ns3:TrackPointExtension>
						<ns3:speed>1.87</ns3:speed>
						<ns3:cad>81.0</ns3:cad>
						<ns3:hr>153</ns3:hr>
					</ns3:TrackPointExtension>
				</extensions>
			</trkpt>
			<trkpt lat="12.98202882" lon="77.69099341">
				<ele>893.53</ele>
				<time>2026-07-28T16:09:46Z</time>
				<extensions>
					<ns3:TrackPointExtension>
						<ns3:hr>153</ns3:hr>
					</ns3:TrackPointExtension>
				</extensions>
			</trkpt>
			<trkpt lat="12.98203515" lon="77.69097808">
				<ele>893.53</ele>
				<time>2026-07-28T16:09:47Z</time>
				<extensions>
					<ns3:TrackPointExtension>
						<ns3:speed>1.86</ns3:speed>
						<ns3:cad>80.0</ns3:cad>
					</ns3:TrackPointExtension>
				</extensions>
			</trkpt>
			<trkpt lat="12.98204048" lon="77.69096142">
				<ele>893.54</ele>
				<time>2026-07-28T16:09:48Z</time>
				<extensions>
					<ns3:TrackPointExtension>
						<ns3:speed>1.86</ns3:speed>
						<ns3:cad>80.0</ns3:cad>
						<ns3:hr>154</ns3:hr>
					</ns3:TrackPointExtension>
				</extensions>
			</trkpt>
			<trkpt lat="12.98204481" lon="77.69094542">
				<ele>893.54</ele>
				<time>2026-07-28T16:09:49Z</time>
				<extensions>
					<ns3:TrackPointExtension>
						<ns3:speed>1.86</ns3:speed>
						<ns3:cad>79.0</ns3:cad>
						<ns3:hr>154</ns3:hr>
					</ns3:TrackPointExtension>
				</extensions>
			</trkpt>
			<trkpt lat="12.98204881" lon="77.69092876">
				<ele>893.55</ele>
				<time>2026-07-28T16:09:50Z</time>
				<extensions>
					<ns3:TrackPointExtension>
						<ns3:speed>1.85</ns3:speed>
						<ns3:cad>78.0</ns3:cad>
						<ns3:hr>154</ns3:hr>
					</ns3:TrackPointExtension>
				</extensions>
			</trkpt>
			<trkpt lat="12.9820528" lon="77.69091177">
				<ele>893.55</ele>
				<time>2026-07-28T16:09:51Z</time>
				<extensions>
					<ns3:TrackPointExtension>
						<ns3:speed>1.85</ns3:speed>
						<ns3:cad>78.0</ns3:cad>
						<ns3:hr>154</ns3:hr>
					</ns3:TrackPointExtension>
				</extensions>
			</trkpt>
			<trkpt lat="12.98205546" lon="77.69089411">
				<ele>893.57</ele>
				<time>2026-07-28T16:09:52Z</time>
				<extensions>
					<ns3:TrackPointExtension>
						<ns3:speed>1.85</ns3:speed>
						<ns3:cad>78.0</ns3:cad>
						<ns3:hr>154</ns3:hr>
					</ns3:TrackPointExtension>
				</extensions>
			</trkpt>
			<trkpt lat="12.98205746" lon="77.69087645">
				<ele>893.57</ele>
				<time>2026-07-28T16:09:53Z</time>
				<extensions>
					<ns3:TrackPointExtension>
						<ns3:speed>1.84</ns3:speed>
						<ns3:cad>78.0</ns3:cad>
						<ns3:hr>153</ns3:hr>
					</ns3:TrackPointExtension>
				</extensions>
			</trkpt>
			<trkpt lat="12.98205912" lon="77.69085912">
				<ele>893.57</ele>
				<time>2026-07-28T16:09:54Z</time>
				<extensions>
					<ns3:TrackPointExtension>
						<ns3:speed>1.83</ns3:speed>
						<ns3:cad>78.0</ns3:cad>
						<ns3:hr>153</ns3:hr>
					</ns3:TrackPointExtension>
				</extensions>
			</trkpt>
			<trkpt lat="12.98206112" lon="77.69084279">
				<ele>893.57</ele>
				<time>2026-07-28T16:09:55Z</time>
				<extensions>
					<ns3:TrackPointExtension>
						<ns3:speed>1.83</ns3:speed>
						<ns3:cad>78.0</ns3:cad>
						<ns3:hr>153</ns3:hr>
					</ns3:TrackPointExtension>
				</extensions>
			</trkpt>
			<trkpt lat="12.98206345" lon="77.69082546">
				<ele>893.58</ele>
				<time>2026-07-28T16:09:56Z</time>
				<extensions>
					<ns3:TrackPointExtension>
						<ns3:speed>1.82</ns3:speed>
						<ns3:cad>78.0</ns3:cad>
						<ns3:hr>152</ns3:hr>
					</ns3:TrackPointExtension>
				</extensions>
			</trkpt>
			<trkpt lat="12.98206478" lon="77.69080847">
				<ele>893.58</ele>
				<time>2026-07-28T16:09:57Z</time>
				<extensions>
					<ns3:TrackPointExtension>
						<ns3:speed>1.81</ns3:speed>
						<ns3:cad>78.0</ns3:cad>
						<ns3:hr>151</ns3:hr>
					</ns3:TrackPointExtension>
				</extensions>
			</trkpt>
			<trkpt lat="12.98206678" lon="77.69079181">
				<ele>893.58</ele>
				<time>2026-07-28T16:09:58Z</time>
				<extensions>
					<ns3:TrackPointExtension>
						<ns3:speed>1.81</ns3:speed>
						<ns3:cad>78.0</ns3:cad>
						<ns3:hr>151</ns3:hr>
					</ns3:TrackPointExtension>
				</extensions>
			</trkpt>
			<trkpt lat="12.98207011" lon="77.69077648">
				<ele>893.59</ele>
				<time>2026-07-28T16:09:59Z</time>
				<extensions>
					<ns3:TrackPointExtension>
						<ns3:speed>1.8</ns3:speed>
						<ns3:cad>78.0</ns3:cad>
						<ns3:hr>150</ns3:hr>
					</ns3:TrackPointExtension>
				</extensions>
			</trkpt>
			<trkpt lat="12.98207277" lon="77.69076115">
				<ele>893.6</ele>
				<time>2026-07-28T16:10:00Z</time>
				<extensions>
					<ns3:TrackPointExtension>
						<ns3:speed>1.8</ns3:speed>
						<ns3:cad>78.0</ns3:cad>
						<ns3:hr>150</ns3:hr>
					</ns3:TrackPointExtension>
				</extensions>
			</trkpt>
			<trkpt lat="12.9820741" lon="77.69074549">
				<ele>893.6</ele>
				<time>2026-07-28T16:10:01Z</time>
				<extensions>
					<ns3:TrackPointExtension>
						<ns3:speed>1.8</ns3:speed>
						<ns3:cad>77.0</ns3:cad>
						<ns3:hr>150</ns3:hr>
					</ns3:TrackPointExtension>
				</extensions>
			</trkpt>
			<trkpt lat="12.98207509" lon="77.69072916">
				<ele>893.61</ele>
				<time>2026-07-28T16:10:02Z</time>
				<extensions>
					<ns3:TrackPointExtension>
						<ns3:speed>1.79</ns3:speed>
						<ns3:cad>77.0</ns3:cad>
					</ns3:TrackPointExtension>
				</extensions>
			</trkpt>
			<trkpt lat="12.98207642" lon="77.6907135">
				<ele>893.62</ele>
				<time>2026-07-28T16:10:03Z</time>
				<extensions>
					<ns3:TrackPointExtension>
						<ns3:speed>1.78</ns3:speed>
						<ns3:cad>77.0</ns3:cad>
						<ns3:hr>149</ns3:hr>
					</ns3:TrackPointExtension>
				</extensions>
			</trkpt>
			<trkpt lat="12.98207842" lon="77.6906975">
				<ele>893.63</ele>
				<time>2026-07-28T16:10:04Z</time>
				<extensions>
					<ns3:TrackPointExtension>
						<ns3:speed>1.77</ns3:speed>
						<ns3:cad>76.0</ns3:cad>
						<ns3:hr>148</ns3:hr>
					</ns3:TrackPointExtension>
				</extensions>
			</trkpt>
			<trkpt lat="12.98208141" lon="77.69068151">
				<ele>893.64</ele>
				<time>2026-07-28T16:10:05Z</time>
				<extensions>
					<ns3:TrackPointExtension>
						<ns3:speed>1.77</ns3:speed>
						<ns3:cad>76.0</ns3:cad>
						<ns3:hr>146</ns3:hr>
					</ns3:TrackPointExtension>
				</extensions>
			</trkpt>
			<trkpt lat="12.98208541" lon="77.69066551">
				<ele>893.65</ele>
				<time>2026-07-28T16:10:06Z</time>
				<extensions>
					<ns3:TrackPointExtension>
						<ns3:speed>1.77</ns3:speed>
						<ns3:cad>76.0</ns3:cad>
						<ns3:hr>145</ns3:hr>
					</ns3:TrackPointExtension>
				</extensions>
			</trkpt>
			<trkpt lat="12.9820894" lon="77.69065018">
				<ele>893.66</ele>
				<time>2026-07-28T16:10:07Z</time>
				<extensions>
					<ns3:TrackPointExtension>
						<ns3:speed>1.78</ns3:speed>
						<ns3:cad>76.0</ns3:cad>
					</ns3:TrackPointExtension>
				</extensions>
			</trkpt>
			<trkpt lat="12.98209273" lon="77.69063418">
				<ele>893.67</ele>
				<time>2026-07-28T16:10:08Z</time>
				<extensions>
					<ns3:TrackPointExtension>
						<ns3:speed>1.78</ns3:speed>
						<ns3:cad>76.0</ns3:cad>
						<ns3:hr>145</ns3:hr>
					</ns3:TrackPointExtension>
				</extensions>
			</trkpt>
			<trkpt lat="12.98209706" lon="77.69061852">
				<ele>893.7</ele>
				<time>2026-07-28T16:10:09Z</time>
				<extensions>
					<ns3:TrackPointExtension>
						<ns3:speed>1.78</ns3:speed>
						<ns3:cad>77.0</ns3:cad>
						<ns3:hr>146</ns3:hr>
					</ns3:TrackPointExtension>
				</extensions>
			</trkpt>
			<trkpt lat="12.98210072" lon="77.69060252">
				<ele>893.71</ele>
				<time>2026-07-28T16:10:10Z</time>
				<extensions>
					<ns3:TrackPointExtension>
						<ns3:speed>1.79</ns3:speed>
						<ns3:cad>77.0</ns3:cad>
						<ns3:hr>147</ns3:hr>
					</ns3:TrackPointExtension>
				</extensions>
			</trkpt>
			<trkpt lat="12.98210505" lon="77.69058653">
				<ele>893.72</ele>
				<time>2026-07-28T16:10:11Z</time>
				<extensions>
					<ns3:TrackPointExtension>
						<ns3:speed>1.79</ns3:speed>
						<ns3:cad>78.0</ns3:cad>
						<ns3:hr>148</ns3:hr>
					</ns3:TrackPointExtension>
				</extensions>
			</trkpt>
			<trkpt lat="12.98211038" lon="77.69057053">
				<ele>893.73</ele>
				<time>2026-07-28T16:10:12Z</time>
				<extensions>
					<ns3:TrackPointExtension>
						<ns3:speed>1.79</ns3:speed>
						<ns3:cad>78.0</ns3:cad>
						<ns3:hr>148</ns3:hr>
					</ns3:TrackPointExtension>
				</extensions>
			</trkpt>
			<trkpt lat="12.98211537" lon="77.69055553">
				<ele>893.74</ele>
				<time>2026-07-28T16:10:13Z</time>
				<extensions>
					<ns3:TrackPointExtension>
						<ns3:speed>1.8</ns3:speed>
						<ns3:cad>79.0</ns3:cad>
						<ns3:hr>148</ns3:hr>
					</ns3:TrackPointExtension>
				</extensions>
			</trkpt>
			<trkpt lat="12.98212137" lon="77.6905402">
				<ele>893.75</ele>
				<time>2026-07-28T16:10:14Z</time>
				<extensions>
					<ns3:TrackPointExtension>
						<ns3:speed>1.8</ns3:speed>
						<ns3:cad>79.0</ns3:cad>
						<ns3:hr>149</ns3:hr>
					</ns3:TrackPointExtension>
				</extensions>
			</trkpt>
			<trkpt lat="12.9821267" lon="77.69052454">
				<ele>893.77</ele>
				<time>2026-07-28T16:10:15Z</time>
				<extensions>
					<ns3:TrackPointExtension>
						<ns3:speed>1.8</ns3:speed>
						<ns3:cad>80.0</ns3:cad>
						<ns3:hr>150</ns3:hr>
					</ns3:TrackPointExtension>
				</extensions>
			</trkpt>
			<trkpt lat="12.98213336" lon="77.69050954">
				<ele>893.78</ele>
				<time>2026-07-28T16:10:16Z</time>
				<extensions>
					<ns3:TrackPointExtension>
						<ns3:speed>1.81</ns3:speed>
						<ns3:cad>81.0</ns3:cad>
						<ns3:hr>150</ns3:hr>
					</ns3:TrackPointExtension>
				</extensions>
			</trkpt>
			<trkpt lat="12.98214069" lon="77.69049421">
				<ele>893.8</ele>
				<time>2026-07-28T16:10:17Z</time>
				<extensions>
					<ns3:TrackPointExtension>
						<ns3:speed>1.81</ns3:speed>
						<ns3:cad>81.0</ns3:cad>
						<ns3:hr>150</ns3:hr>
					</ns3:TrackPointExtension>
				</extensions>
			</trkpt>
			<trkpt lat="12.98214702" lon="77.69047922">
				<ele>893.82</ele>
				<time>2026-07-28T16:10:18Z</time>
				<extensions>
					<ns3:TrackPointExtension>
						<ns3:speed>1.81</ns3:speed>
						<ns3:cad>81.0</ns3:cad>
						<ns3:hr>149</ns3:hr>
					</ns3:TrackPointExtension>
				</extensions>
			</trkpt>
			<trkpt lat="12.98215201" lon="77.69046289">
				<ele>893.84</ele>
				<time>2026-07-28T16:10:19Z</time>
				<extensions>
					<ns3:TrackPointExtension>
						<ns3:speed>1.81</ns3:speed>
						<ns3:cad>81.0</ns3:cad>
						<ns3:hr>149</ns3:hr>
					</ns3:TrackPointExtension>
				</extensions>
			</trkpt>
			<trkpt lat="12.98215701" lon="77.6904459">
				<ele>893.86</ele>
				<time>2026-07-28T16:10:20Z</time>
				<extensions>
					<ns3:TrackPointExtension>
						<ns3:speed>1.82</ns3:speed>
						<ns3:cad>80.0</ns3:cad>
						<ns3:hr>148</ns3:hr>
					</ns3:TrackPointExtension>
				</extensions>
			</trkpt>
			<trkpt lat="12.98216467" lon="77.6904299">
				<ele>893.88</ele>
				<time>2026-07-28T16:10:21Z</time>
				<extensions>
					<ns3:TrackPointExtension>
						<ns3:speed>1.82</ns3:speed>
						<ns3:cad>80.0</ns3:cad>
						<ns3:hr>149</ns3:hr>
					</ns3:TrackPointExtension>
				</extensions>
			</trkpt>
			<trkpt lat="12.98217666" lon="77.69041724">
				<ele>893.91</ele>
				<time>2026-07-28T16:10:22Z</time>
				<extensions>
					<ns3:TrackPointExtension>
						<ns3:speed>1.83</ns3:speed>
						<ns3:cad>80.0</ns3:cad>
						<ns3:hr>148</ns3:hr>
					</ns3:TrackPointExtension>
				</extensions>
			</trkpt>
			<trkpt lat="12.98219066" lon="77.69040658">
				<ele>893.94</ele>
				<time>2026-07-28T16:10:23Z</time>
				<extensions>
					<ns3:TrackPointExtension>
						<ns3:speed>1.84</ns3:speed>
						<ns3:cad>80.0</ns3:cad>
						<ns3:hr>148</ns3:hr>
					</ns3:TrackPointExtension>
				</extensions>
			</trkpt>
			<trkpt lat="12.98220766" lon="77.69039858">
				<ele>893.97</ele>
				<time>2026-07-28T16:10:24Z</time>
				<extensions>
					<ns3:TrackPointExtension>
						<ns3:speed>1.85</ns3:speed>
						<ns3:cad>81.0</ns3:cad>
						<ns3:hr>148</ns3:hr>
					</ns3:TrackPointExtension>
				</extensions>
			</trkpt>
			<trkpt lat="12.98222499" lon="77.69039325">
				<ele>894.01</ele>
				<time>2026-07-28T16:10:25Z</time>
				<extensions>
					<ns3:TrackPointExtension>
						<ns3:speed>1.85</ns3:speed>
						<ns3:cad>81.0</ns3:cad>
						<ns3:hr>148</ns3:hr>
					</ns3:TrackPointExtension>
				</extensions>
			</trkpt>
			<trkpt lat="12.98224232" lon="77.69038926">
				<ele>894.05</ele>
				<time>2026-07-28T16:10:26Z</time>
				<extensions>
					<ns3:TrackPointExtension>
						<ns3:speed>1.86</ns3:speed>
						<ns3:cad>82.0</ns3:cad>
						<ns3:hr>149</ns3:hr>
					</ns3:TrackPointExtension>
				</extensions>
			</trkpt>
			<trkpt lat="12.98225931" lon="77.69038693">
				<ele>894.08</ele>
				<time>2026-07-28T16:10:27Z</time>
				<extensions>
					<ns3:TrackPointExtension>
						<ns3:speed>1.87</ns3:speed>
						<ns3:cad>82.0</ns3:cad>
						<ns3:hr>149</ns3:hr>
					</ns3:TrackPointExtension>
				</extensions>
			</trkpt>
			<trkpt lat="12.98227664" lon="77.69038826">
				<ele>894.11</ele>
				<time>2026-07-28T16:10:28Z</time>
				<extensions>
					<ns3:TrackPointExtension>
						<ns3:speed>1.87</ns3:speed>
						<ns3:cad>82.0</ns3:cad>
						<ns3:hr>149</ns3:hr>
					</ns3:TrackPointExtension>
				</extensions>
			</trkpt>
			<trkpt lat="12.9822933" lon="77.69039092">
				<ele>894.13</ele>
				<time>2026-07-28T16:10:29Z</time>
				<extensions>
					<ns3:TrackPointExtension>
						<ns3:speed>1.87</ns3:speed>
						<ns3:cad>81.0</ns3:cad>
						<ns3:hr>149</ns3:hr>
					</ns3:TrackPointExtension>
				</extensions>
			</trkpt>
			<trkpt lat="12.98231063" lon="77.69039391">
				<ele>894.15</ele>
				<time>2026-07-28T16:10:30Z</time>
				<extensions>
					<ns3:TrackPointExtension>
						<ns3:speed>1.87</ns3:speed>
						<ns3:cad>81.0</ns3:cad>
						<ns3:hr>149</ns3:hr>
					</ns3:TrackPointExtension>
				</extensions>
			</trkpt>
			<trkpt lat="12.98232762" lon="77.69039824">
				<ele>894.17</ele>
				<time>2026-07-28T16:10:31Z</time>
				<extensions>
					<ns3:TrackPointExtension>
						<ns3:speed>1.87</ns3:speed>
						<ns3:cad>80.0</ns3:cad>
						<ns3:hr>149</ns3:hr>
					</ns3:TrackPointExtension>
				</extensions>
			</trkpt>
			<trkpt lat="12.98234395" lon="77.69040423">
				<ele>894.19</ele>
				<time>2026-07-28T16:10:32Z</time>
				<extensions>
					<ns3:TrackPointExtension>
						<ns3:speed>1.87</ns3:speed>
						<ns3:cad>80.0</ns3:cad>
						<ns3:hr>149</ns3:hr>
					</ns3:TrackPointExtension>
				</extensions>
			</trkpt>
			<trkpt lat="12.98235895" lon="77.69041323">
				<ele>894.21</ele>
				<time>2026-07-28T16:10:33Z</time>
				<extensions>
					<ns3:TrackPointExtension>
						<ns3:speed>1.88</ns3:speed>
						<ns3:cad>80.0</ns3:cad>
						<ns3:hr>150</ns3:hr>
					</ns3:TrackPointExtension>
				</extensions>
			</trkpt>
			<trkpt lat="12.98237328" lon="77.69042389">
				<ele>894.22</ele>
				<time>2026-07-28T16:10:34Z</time>
				<extensions>
					<ns3:TrackPointExtension>
						<ns3:speed>1.89</ns3:speed>
						<ns3:cad>80.0</ns3:cad>
						<ns3:hr>150</ns3:hr>
					</ns3:TrackPointExtension>
				</extensions>
			</trkpt>
			<trkpt lat="12.98238661" lon="77.69043622">
				<ele>894.22</ele>
				<time>2026-07-28T16:10:35Z</time>
				<extensions>
					<ns3:TrackPointExtension>
						<ns3:speed>1.89</ns3:speed>
						<ns3:cad>80.0</ns3:cad>
						<ns3:hr>151</ns3:hr>
					</ns3:TrackPointExtension>
				</extensions>
			</trkpt>
			<trkpt lat="12.98239694" lon="77.69044988">
				<ele>894.23</ele>
				<time>2026-07-28T16:10:36Z</time>
				<extensions>
					<ns3:TrackPointExtension>
						<ns3:speed>1.9</ns3:speed>
						<ns3:cad>81.0</ns3:cad>
						<ns3:hr>151</ns3:hr>
					</ns3:TrackPointExtension>
				</extensions>
			</trkpt>
			<trkpt lat="12.98240693" lon="77.69046454">
				<ele>894.23</ele>
				<time>2026-07-28T16:10:37Z</time>
				<extensions>
					<ns3:TrackPointExtension>
						<ns3:speed>1.9</ns3:speed>
						<ns3:cad>81.0</ns3:cad>
						<ns3:hr>151</ns3:hr>
					</ns3:TrackPointExtension>
				</extensions>
			</trkpt>
			<trkpt lat="12.98241393" lon="77.6904792">
				<ele>894.23</ele>
				<time>2026-07-28T16:10:38Z</time>
				<extensions>
					<ns3:TrackPointExtension>
						<ns3:speed>1.9</ns3:speed>
						<ns3:cad>81.0</ns3:cad>
						<ns3:hr>150</ns3:hr>
					</ns3:TrackPointExtension>
				</extensions>
			</trkpt>
			<trkpt lat="12.98241826" lon="77.69049486">
				<ele>894.22</ele>
				<time>2026-07-28T16:10:39Z</time>
				<extensions>
					<ns3:TrackPointExtension>
						<ns3:speed>1.9</ns3:speed>
						<ns3:cad>81.0</ns3:cad>
						<ns3:hr>149</ns3:hr>
					</ns3:TrackPointExtension>
				</extensions>
			</trkpt>
			<trkpt lat="12.98241959" lon="77.69051152">
				<ele>894.22</ele>
				<time>2026-07-28T16:10:40Z</time>
				<extensions>
					<ns3:TrackPointExtension>
						<ns3:speed>1.9</ns3:speed>
						<ns3:cad>81.0</ns3:cad>
						<ns3:hr>149</ns3:hr>
					</ns3:TrackPointExtension>
				</extensions>
			</trkpt>
			<trkpt lat="12.98242025" lon="77.69052752">
				<ele>894.21</ele>
				<time>2026-07-28T16:10:41Z</time>
				<extensions>
					<ns3:TrackPointExtension>
						<ns3:speed>1.89</ns3:speed>
						<ns3:cad>80.0</ns3:cad>
						<ns3:hr>149</ns3:hr>
					</ns3:TrackPointExtension>
				</extensions>
			</trkpt>
			<trkpt lat="12.98241925" lon="77.69054385">
				<ele>894.21</ele>
				<time>2026-07-28T16:10:42Z</time>
				<extensions>
					<ns3:TrackPointExtension>
						<ns3:speed>1.89</ns3:speed>
						<ns3:cad>80.0</ns3:cad>
						<ns3:hr>149</ns3:hr>
					</ns3:TrackPointExtension>
				</extensions>
			</trkpt>
			<trkpt lat="12.98241626" lon="77.69056018">
				<ele>894.2</ele>
				<time>2026-07-28T16:10:43Z</time>
				<extensions>
					<ns3:TrackPointExtension>
						<ns3:speed>1.87</ns3:speed>
						<ns3:cad>80.0</ns3:cad>
						<ns3:hr>149</ns3:hr>
					</ns3:TrackPointExtension>
				</extensions>
			</trkpt>
			<trkpt lat="12.98241226" lon="77.69057651">
				<ele>894.19</ele>
				<time>2026-07-28T16:10:44Z</time>
				<extensions>
					<ns3:TrackPointExtension>
						<ns3:speed>1.87</ns3:speed>
						<ns3:cad>80.0</ns3:cad>
						<ns3:hr>149</ns3:hr>
					</ns3:TrackPointExtension>
				</extensions>
			</trkpt>
			<trkpt lat="12.98240393" lon="77.6905965">
				<ele>894.17</ele>
				<time>2026-07-28T16:10:45Z</time>
				<extensions>
					<ns3:TrackPointExtension>
						<ns3:speed>1.87</ns3:speed>
						<ns3:cad>80.0</ns3:cad>
						<ns3:hr>150</ns3:hr>
					</ns3:TrackPointExtension>
				</extensions>
			</trkpt>
			<trkpt lat="12.98239693" lon="77.69061516">
				<ele>894.15</ele>
				<time>2026-07-28T16:10:46Z</time>
				<extensions>
					<ns3:TrackPointExtension>
						<ns3:speed>1.87</ns3:speed>
						<ns3:cad>80.0</ns3:cad>
						<ns3:hr>150</ns3:hr>
					</ns3:TrackPointExtension>
				</extensions>
			</trkpt>
			<trkpt lat="12.9823926" lon="77.69062882">
				<ele>894.13</ele>
				<time>2026-07-28T16:10:47Z</time>
				<extensions>
					<ns3:TrackPointExtension>
						<ns3:speed>1.87</ns3:speed>
						<ns3:cad>80.0</ns3:cad>
						<ns3:hr>151</ns3:hr>
					</ns3:TrackPointExtension>
				</extensions>
			</trkpt>
			<trkpt lat="12.98238327" lon="77.69064681">
				<ele>894.1</ele>
				<time>2026-07-28T16:10:48Z</time>
				<extensions>
					<ns3:TrackPointExtension>
						<ns3:speed>1.88</ns3:speed>
						<ns3:cad>81.0</ns3:cad>
						<ns3:hr>150</ns3:hr>
					</ns3:TrackPointExtension>
				</extensions>
			</trkpt>
			<trkpt lat="12.98236794" lon="77.69067181">
				<ele>894.06</ele>
				<time>2026-07-28T16:10:49Z</time>
				<extensions>
					<ns3:TrackPointExtension>
						<ns3:speed>1.88</ns3:speed>
						<ns3:cad>81.0</ns3:cad>
						<ns3:hr>150</ns3:hr>
					</ns3:TrackPointExtension>
				</extensions>
			</trkpt>
			<trkpt lat="12.98235795" lon="77.69069247">
				<ele>894.03</ele>
				<time>2026-07-28T16:10:50Z</time>
				<extensions>
					<ns3:TrackPointExtension>
						<ns3:speed>1.89</ns3:speed>
						<ns3:cad>81.0</ns3:cad>
						<ns3:hr>150</ns3:hr>
					</ns3:TrackPointExtension>
				</extensions>
			</trkpt>
			<trkpt lat="12.98235262" lon="77.6907108">
				<ele>893.76</ele>
				<time>2026-07-28T16:10:51Z</time>
				<extensions>
					<ns3:TrackPointExtension>
						<ns3:speed>1.88</ns3:speed>
						<ns3:cad>81.0</ns3:cad>
						<ns3:hr>149</ns3:hr>
					</ns3:TrackPointExtension>
				</extensions>
			</trkpt>
			<trkpt lat="12.98234629" lon="77.69072779">
				<ele>893.71</ele>
				<time>2026-07-28T16:10:52Z</time>
				<extensions>
					<ns3:TrackPointExtension>
						<ns3:speed>1.88</ns3:speed>
						<ns3:cad>80.0</ns3:cad>
						<ns3:hr>149</ns3:hr>
					</ns3:TrackPointExtension>
				</extensions>
			</trkpt>
			<trkpt lat="12.98234163" lon="77.69074412">
				<ele>893.66</ele>
				<time>2026-07-28T16:10:53Z</time>
				<extensions>
					<ns3:TrackPointExtension>
						<ns3:speed>1.87</ns3:speed>
						<ns3:cad>79.0</ns3:cad>
						<ns3:hr>149</ns3:hr>
					</ns3:TrackPointExtension>
				</extensions>
			</trkpt>
			<trkpt lat="12.98233897" lon="77.69075911">
				<ele>893.62</ele>
				<time>2026-07-28T16:10:54Z</time>
				<extensions>
					<ns3:TrackPointExtension>
						<ns3:speed>1.86</ns3:speed>
						<ns3:cad>78.0</ns3:cad>
						<ns3:hr>150</ns3:hr>
					</ns3:TrackPointExtension>
				</extensions>
			</trkpt>
			<trkpt lat="12.98233531" lon="77.69077911">
				<ele>893.58</ele>
				<time>2026-07-28T16:10:55Z</time>
				<extensions>
					<ns3:TrackPointExtension>
						<ns3:speed>1.86</ns3:speed>
						<ns3:cad>78.0</ns3:cad>
						<ns3:hr>150</ns3:hr>
					</ns3:TrackPointExtension>
				</extensions>
			</trkpt>
			<trkpt lat="12.98233232" lon="77.6907961">
				<ele>893.56</ele>
				<time>2026-07-28T16:10:56Z</time>
				<extensions>
					<ns3:TrackPointExtension>
						<ns3:speed>1.85</ns3:speed>
						<ns3:cad>78.0</ns3:cad>
						<ns3:hr>150</ns3:hr>
					</ns3:TrackPointExtension>
				</extensions>
			</trkpt>
			<trkpt lat="12.98232799" lon="77.6908171">
				<ele>893.36</ele>
				<time>2026-07-28T16:10:57Z</time>
				<extensions>
					<ns3:TrackPointExtension>
						<ns3:speed>1.84</ns3:speed>
						<ns3:cad>78.0</ns3:cad>
						<ns3:hr>151</ns3:hr>
					</ns3:TrackPointExtension>
				</extensions>
			</trkpt>
			<trkpt lat="12.98233065" lon="77.69083409">
				<ele>893.32</ele>
				<time>2026-07-28T16:10:58Z</time>
				<extensions>
					<ns3:TrackPointExtension>
						<ns3:speed>1.83</ns3:speed>
						<ns3:cad>77.0</ns3:cad>
						<ns3:hr>151</ns3:hr>
					</ns3:TrackPointExtension>
				</extensions>
			</trkpt>
			<trkpt lat="12.98233231" lon="77.69085242">
				<ele>893.3</ele>
				<time>2026-07-28T16:10:59Z</time>
				<extensions>
					<ns3:TrackPointExtension>
						<ns3:speed>1.82</ns3:speed>
						<ns3:cad>78.0</ns3:cad>
						<ns3:hr>151</ns3:hr>
					</ns3:TrackPointExtension>
				</extensions>
			</trkpt>
			<trkpt lat="12.98234397" lon="77.69086608">
				<ele>893.28</ele>
				<time>2026-07-28T16:11:00Z</time>
				<extensions>
					<ns3:TrackPointExtension>
						<ns3:speed>1.82</ns3:speed>
						<ns3:cad>78.0</ns3:cad>
						<ns3:hr>150</ns3:hr>
					</ns3:TrackPointExtension>
				</extensions>
			</trkpt>
			<trkpt lat="12.9823583" lon="77.69087774">
				<ele>893.29</ele>
				<time>2026-07-28T16:11:01Z</time>
				<extensions>
					<ns3:TrackPointExtension>
						<ns3:speed>1.82</ns3:speed>
						<ns3:cad>79.0</ns3:cad>
						<ns3:hr>150</ns3:hr>
					</ns3:TrackPointExtension>
				</extensions>
			</trkpt>
			<trkpt lat="12.98236496" lon="77.69089307">
				<ele>893.29</ele>
				<time>2026-07-28T16:11:02Z</time>
				<extensions>
					<ns3:TrackPointExtension>
						<ns3:speed>1.82</ns3:speed>
						<ns3:cad>80.0</ns3:cad>
						<ns3:hr>151</ns3:hr>
					</ns3:TrackPointExtension>
				</extensions>
			</trkpt>
			<trkpt lat="12.98237629" lon="77.69090707">
				<ele>893.29</ele>
				<time>2026-07-28T16:11:03Z</time>
				<extensions>
					<ns3:TrackPointExtension>
						<ns3:speed>1.82</ns3:speed>
						<ns3:cad>81.0</ns3:cad>
						<ns3:hr>151</ns3:hr>
					</ns3:TrackPointExtension>
				</extensions>
			</trkpt>
			<trkpt lat="12.98238295" lon="77.69091873">
				<ele>893.29</ele>
				<time>2026-07-28T16:11:04Z</time>
				<extensions>
					<ns3:TrackPointExtension>
						<ns3:speed>1.82</ns3:speed>
						<ns3:cad>81.0</ns3:cad>
						<ns3:hr>151</ns3:hr>
					</ns3:TrackPointExtension>
				</extensions>
			</trkpt>
			<trkpt lat="12.98239294" lon="77.69092806">
				<ele>893.3</ele>
				<time>2026-07-28T16:11:05Z</time>
				<extensions>
					<ns3:TrackPointExtension>
						<ns3:speed>1.82</ns3:speed>
						<ns3:cad>81.0</ns3:cad>
						<ns3:hr>149</ns3:hr>
					</ns3:TrackPointExtension>
				</extensions>
			</trkpt>
			<trkpt lat="12.9824016" lon="77.69093339">
				<ele>893.32</ele>
				<time>2026-07-28T16:11:06Z</time>
				<extensions>
					<ns3:TrackPointExtension>
						<ns3:speed>1.82</ns3:speed>
						<ns3:cad>80.0</ns3:cad>
						<ns3:hr>149</ns3:hr>
					</ns3:TrackPointExtension>
				</extensions>
			</trkpt>
			<trkpt lat="12.98241293" lon="77.69093938">
				<ele>893.49</ele>
				<time>2026-07-28T16:11:07Z</time>
				<extensions>
					<ns3:TrackPointExtension>
						<ns3:speed>1.82</ns3:speed>
						<ns3:cad>80.0</ns3:cad>
						<ns3:hr>149</ns3:hr>
					</ns3:TrackPointExtension>
				</extensions>
			</trkpt>
			<trkpt lat="12.98242426" lon="77.69094404">
				<ele>893.51</ele>
				<time>2026-07-28T16:11:08Z</time>
				<extensions>
					<ns3:TrackPointExtension>
						<ns3:speed>1.82</ns3:speed>
						<ns3:cad>81.0</ns3:cad>
						<ns3:hr>149</ns3:hr>
					</ns3:TrackPointExtension>
				</extensions>
			</trkpt>
			<trkpt lat="12.98243226" lon="77.69094704">
				<ele>893.52</ele>
				<time>2026-07-28T16:11:09Z</time>
				<extensions>
					<ns3:TrackPointExtension>
						<ns3:speed>1.82</ns3:speed>
						<ns3:cad>82.0</ns3:cad>
						<ns3:hr>148</ns3:hr>
					</ns3:TrackPointExtension>
				</extensions>
			</trkpt>
			<trkpt lat="12.98244392" lon="77.69095204">
				<ele>893.54</ele>
				<time>2026-07-28T16:11:10Z</time>
				<extensions>
					<ns3:TrackPointExtension>
						<ns3:speed>1.82</ns3:speed>
						<ns3:cad>82.0</ns3:cad>
						<ns3:hr>148</ns3:hr>
					</ns3:TrackPointExtension>
				</extensions>
			</trkpt>
			<trkpt lat="12.98245658" lon="77.6909577">
				<ele>893.56</ele>
				<time>2026-07-28T16:11:11Z</time>
				<extensions>
					<ns3:TrackPointExtension>
						<ns3:speed>1.82</ns3:speed>
						<ns3:cad>82.0</ns3:cad>
						<ns3:hr>149</ns3:hr>
					</ns3:TrackPointExtension>
				</extensions>
			</trkpt>
			<trkpt lat="12.98247058" lon="77.69096336">
				<ele>893.56</ele>
				<time>2026-07-28T16:11:12Z</time>
				<extensions>
					<ns3:TrackPointExtension>
						<ns3:hr>149</ns3:hr>
					</ns3:TrackPointExtension>
				</extensions>
			</trkpt>
			<trkpt lat="12.98248558" lon="77.69096935">
				<ele>893.58</ele>
				<time>2026-07-28T16:11:13Z</time>
				<extensions>
					<ns3:TrackPointExtension>
						<ns3:speed>1.82</ns3:speed>
						<ns3:cad>82.0</ns3:cad>
					</ns3:TrackPointExtension>
				</extensions>
			</trkpt>
			<trkpt lat="12.98250091" lon="77.69097534">
				<ele>893.59</ele>
				<time>2026-07-28T16:11:14Z</time>
				<extensions>
					<ns3:TrackPointExtension>
						<ns3:speed>1.82</ns3:speed>
						<ns3:cad>81.0</ns3:cad>
						<ns3:hr>149</ns3:hr>
					</ns3:TrackPointExtension>
				</extensions>
			</trkpt>
			<trkpt lat="12.98251624" lon="77.690981">
				<ele>893.61</ele>
				<time>2026-07-28T16:11:15Z</time>
				<extensions>
					<ns3:TrackPointExtension>
						<ns3:speed>1.82</ns3:speed>
						<ns3:cad>80.0</ns3:cad>
						<ns3:hr>149</ns3:hr>
					</ns3:TrackPointExtension>
				</extensions>
			</trkpt>
			<trkpt lat="12.98253157" lon="77.69098666">
				<ele>893.63</ele>
				<time>2026-07-28T16:11:16Z</time>
				<extensions>
					<ns3:TrackPointExtension>
						<ns3:speed>1.82</ns3:speed>
						<ns3:cad>80.0</ns3:cad>
						<ns3:hr>150</ns3:hr>
					</ns3:TrackPointExtension>
				</extensions>
			</trkpt>
			<trkpt lat="12.9825469" lon="77.69099199">
				<ele>893.84</ele>
				<time>2026-07-28T16:11:17Z</time>
				<extensions>
					<ns3:TrackPointExtension>
						<ns3:speed>1.82</ns3:speed>
						<ns3:cad>80.0</ns3:cad>
						<ns3:hr>150</ns3:hr>
					</ns3:TrackPointExtension>
				</extensions>
			</trkpt>
			<trkpt lat="12.98256123" lon="77.69099832">
				<ele>893.85</ele>
				<time>2026-07-28T16:11:18Z</time>
				<extensions>
					<ns3:TrackPointExtension>
						<ns3:speed>1.81</ns3:speed>
						<ns3:cad>80.0</ns3:cad>
						<ns3:hr>150</ns3:hr>
					</ns3:TrackPointExtension>
				</extensions>
			</trkpt>
			<trkpt lat="12.98257656" lon="77.69100431">
				<ele>893.86</ele>
				<time>2026-07-28T16:11:19Z</time>
				<extensions>
					<ns3:TrackPointExtension>
						<ns3:speed>1.81</ns3:speed>
						<ns3:cad>80.0</ns3:cad>
						<ns3:hr>150</ns3:hr>
					</ns3:TrackPointExtension>
				</extensions>
			</trkpt>
			<trkpt lat="12.98259189" lon="77.69100964">
				<ele>893.87</ele>
				<time>2026-07-28T16:11:20Z</time>
				<extensions>
					<ns3:TrackPointExtension>
						<ns3:speed>1.81</ns3:speed>
						<ns3:cad>80.0</ns3:cad>
						<ns3:hr>150</ns3:hr>
					</ns3:TrackPointExtension>
				</extensions>
			</trkpt>
			<trkpt lat="12.98260688" lon="77.69101563">
				<ele>893.88</ele>
				<time>2026-07-28T16:11:21Z</time>
				<extensions>
					<ns3:TrackPointExtension>
						<ns3:speed>1.8</ns3:speed>
						<ns3:cad>80.0</ns3:cad>
						<ns3:hr>150</ns3:hr>
					</ns3:TrackPointExtension>
				</extensions>
			</trkpt>
			<trkpt lat="12.98262187" lon="77.69102262">
				<ele>893.89</ele>
				<time>2026-07-28T16:11:22Z</time>
				<extensions>
					<ns3:TrackPointExtension>
						<ns3:speed>1.8</ns3:speed>
						<ns3:cad>80.0</ns3:cad>
						<ns3:hr>150</ns3:hr>
					</ns3:TrackPointExtension>
				</extensions>
			</trkpt>
			<trkpt lat="12.98263787" lon="77.69102895">
				<ele>893.9</ele>
				<time>2026-07-28T16:11:23Z</time>
				<extensions>
					<ns3:TrackPointExtension>
						<ns3:speed>1.81</ns3:speed>
						<ns3:cad>80.0</ns3:cad>
						<ns3:hr>150</ns3:hr>
					</ns3:TrackPointExtension>
				</extensions>
			</trkpt>
			<trkpt lat="12.9826532" lon="77.69103528">
				<ele>893.92</ele>
				<time>2026-07-28T16:11:24Z</time>
				<extensions>
					<ns3:TrackPointExtension>
						<ns3:speed>1.81</ns3:speed>
						<ns3:cad>81.0</ns3:cad>
						<ns3:hr>151</ns3:hr>
					</ns3:TrackPointExtension>
				</extensions>
			</trkpt>
			<trkpt lat="12.98266819" lon="77.69104161">
				<ele>893.93</ele>
				<time>2026-07-28T16:11:25Z</time>
				<extensions>
					<ns3:TrackPointExtension>
						<ns3:speed>1.81</ns3:speed>
						<ns3:cad>82.0</ns3:cad>
						<ns3:hr>151</ns3:hr>
					</ns3:TrackPointExtension>
				</extensions>
			</trkpt>
			<trkpt lat="12.98268352" lon="77.6910476">
				<ele>893.94</ele>
				<time>2026-07-28T16:11:26Z</time>
				<extensions>
					<ns3:TrackPointExtension>
						<ns3:speed>1.81</ns3:speed>
						<ns3:cad>83.0</ns3:cad>
						<ns3:hr>152</ns3:hr>
					</ns3:TrackPointExtension>
				</extensions>
			</trkpt>
			<trkpt lat="12.98269851" lon="77.69105359">
				<ele>893.94</ele>
				<time>2026-07-28T16:11:27Z</time>
				<extensions>
					<ns3:TrackPointExtension>
						<ns3:speed>1.81</ns3:speed>
						<ns3:cad>83.0</ns3:cad>
						<ns3:hr>152</ns3:hr>
					</ns3:TrackPointExtension>
				</extensions>
			</trkpt>
			<trkpt lat="12.98271351" lon="77.69105925">
				<ele>893.95</ele>
				<time>2026-07-28T16:11:28Z</time>
				<extensions>
					<ns3:TrackPointExtension>
						<ns3:speed>1.81</ns3:speed>
						<ns3:cad>83.0</ns3:cad>
						<ns3:hr>152</ns3:hr>
					</ns3:TrackPointExtension>
				</extensions>
			</trkpt>
			<trkpt lat="12.9827285" lon="77.69106491">
				<ele>893.96</ele>
				<time>2026-07-28T16:11:29Z</time>
				<extensions>
					<ns3:TrackPointExtension>
						<ns3:speed>1.81</ns3:speed>
						<ns3:cad>82.0</ns3:cad>
						<ns3:hr>152</ns3:hr>
					</ns3:TrackPointExtension>
				</extensions>
			</trkpt>
			<trkpt lat="12.98274349" lon="77.69106957">
				<ele>893.97</ele>
				<time>2026-07-28T16:11:30Z</time>
				<extensions>
					<ns3:TrackPointExtension>
						<ns3:speed>1.81</ns3:speed>
						<ns3:cad>82.0</ns3:cad>
						<ns3:hr>151</ns3:hr>
					</ns3:TrackPointExtension>
				</extensions>
			</trkpt>
			<trkpt lat="12.98275849" lon="77.69107423">
				<ele>894.12</ele>
				<time>2026-07-28T16:11:31Z</time>
				<extensions>
					<ns3:TrackPointExtension>
						<ns3:speed>1.81</ns3:speed>
						<ns3:cad>81.0</ns3:cad>
						<ns3:hr>150</ns3:hr>
					</ns3:TrackPointExtension>
				</extensions>
			</trkpt>
			<trkpt lat="12.98277282" lon="77.69107956">
				<ele>894.13</ele>
				<time>2026-07-28T16:11:32Z</time>
				<extensions>
					<ns3:TrackPointExtension>
						<ns3:speed>1.8</ns3:speed>
						<ns3:cad>81.0</ns3:cad>
						<ns3:hr>149</ns3:hr>
					</ns3:TrackPointExtension>
				</extensions>
			</trkpt>
			<trkpt lat="12.98278748" lon="77.69108555">
				<ele>894.14</ele>
				<time>2026-07-28T16:11:33Z</time>
				<extensions>
					<ns3:TrackPointExtension>
						<ns3:speed>1.79</ns3:speed>
						<ns3:cad>80.0</ns3:cad>
						<ns3:hr>149</ns3:hr>
					</ns3:TrackPointExtension>
				</extensions>
			</trkpt>
			<trkpt lat="12.98280214" lon="77.69109121">
				<ele>894.14</ele>
				<time>2026-07-28T16:11:34Z</time>
				<extensions>
					<ns3:TrackPointExtension>
						<ns3:speed>1.79</ns3:speed>
						<ns3:cad>80.0</ns3:cad>
						<ns3:hr>150</ns3:hr>
					</ns3:TrackPointExtension>
				</extensions>
			</trkpt>
			<trkpt lat="12.98281713" lon="77.69109587">
				<ele>894.15</ele>
				<time>2026-07-28T16:11:35Z</time>
				<extensions>
					<ns3:TrackPointExtension>
						<ns3:speed>1.78</ns3:speed>
						<ns3:cad>80.0</ns3:cad>
						<ns3:hr>150</ns3:hr>
					</ns3:TrackPointExtension>
				</extensions>
			</trkpt>
			<trkpt lat="12.98283212" lon="77.6911012">
				<ele>894.15</ele>
				<time>2026-07-28T16:11:36Z</time>
				<extensions>
					<ns3:TrackPointExtension>
						<ns3:speed>1.78</ns3:speed>
						<ns3:cad>80.0</ns3:cad>
						<ns3:hr>149</ns3:hr>
					</ns3:TrackPointExtension>
				</extensions>
			</trkpt>
			<trkpt lat="12.98284645" lon="77.69110586">
				<ele>894.16</ele>
				<time>2026-07-28T16:11:37Z</time>
				<extensions>
					<ns3:TrackPointExtension>
						<ns3:speed>1.77</ns3:speed>
						<ns3:cad>80.0</ns3:cad>
						<ns3:hr>149</ns3:hr>
					</ns3:TrackPointExtension>
				</extensions>
			</trkpt>
			<trkpt lat="12.98286078" lon="77.69111086">
				<ele>894.15</ele>
				<time>2026-07-28T16:11:38Z</time>
				<extensions>
					<ns3:TrackPointExtension>
						<ns3:speed>1.76</ns3:speed>
						<ns3:cad>81.0</ns3:cad>
						<ns3:hr>149</ns3:hr>
					</ns3:TrackPointExtension>
				</extensions>
			</trkpt>
			<trkpt lat="12.98287577" lon="77.69111552">
				<ele>894.15</ele>
				<time>2026-07-28T16:11:39Z</time>
				<extensions>
					<ns3:TrackPointExtension>
						<ns3:speed>1.76</ns3:speed>
						<ns3:cad>81.0</ns3:cad>
						<ns3:hr>149</ns3:hr>
					</ns3:TrackPointExtension>
				</extensions>
			</trkpt>
			<trkpt lat="12.98288977" lon="77.69112052">
				<ele>894.15</ele>
				<time>2026-07-28T16:11:40Z</time>
				<extensions>
					<ns3:TrackPointExtension>
						<ns3:speed>1.76</ns3:speed>
						<ns3:cad>81.0</ns3:cad>
						<ns3:hr>149</ns3:hr>
					</ns3:TrackPointExtension>
				</extensions>
			</trkpt>
			<trkpt lat="12.98290377" lon="77.69112685">
				<ele>894.15</ele>
				<time>2026-07-28T16:11:41Z</time>
				<extensions>
					<ns3:TrackPointExtension>
						<ns3:speed>1.77</ns3:speed>
						<ns3:cad>81.0</ns3:cad>
						<ns3:hr>149</ns3:hr>
					</ns3:TrackPointExtension>
				</extensions>
			</trkpt>
			<trkpt lat="12.98291743" lon="77.69113418">
				<ele>894.14</ele>
				<time>2026-07-28T16:11:42Z</time>
				<extensions>
					<ns3:TrackPointExtension>
						<ns3:speed>1.77</ns3:speed>
						<ns3:cad>81.0</ns3:cad>
						<ns3:hr>150</ns3:hr>
					</ns3:TrackPointExtension>
				</extensions>
			</trkpt>
			<trkpt lat="12.98293042" lon="77.69114151">
				<ele>894.14</ele>
				<time>2026-07-28T16:11:43Z</time>
				<extensions>
					<ns3:TrackPointExtension>
						<ns3:speed>1.77</ns3:speed>
						<ns3:cad>81.0</ns3:cad>
						<ns3:hr>149</ns3:hr>
					</ns3:TrackPointExtension>
				</extensions>
			</trkpt>
			<trkpt lat="12.98294408" lon="77.69114817">
				<ele>894.13</ele>
				<time>2026-07-28T16:11:44Z</time>
				<extensions>
					<ns3:TrackPointExtension>
						<ns3:speed>1.76</ns3:speed>
						<ns3:cad>80.0</ns3:cad>
						<ns3:hr>149</ns3:hr>
					</ns3:TrackPointExtension>
				</extensions>
			</trkpt>
			<trkpt lat="12.98295874" lon="77.69115417">
				<ele>894.12</ele>
				<time>2026-07-28T16:11:45Z</time>
				<extensions>
					<ns3:TrackPointExtension>
						<ns3:speed>1.76</ns3:speed>
						<ns3:cad>80.0</ns3:cad>
						<ns3:hr>148</ns3:hr>
					</ns3:TrackPointExtension>
				</extensions>
			</trkpt>
			<trkpt lat="12.98297374" lon="77.69115883">
				<ele>894.12</ele>
				<time>2026-07-28T16:11:46Z</time>
				<extensions>
					<ns3:TrackPointExtension>
						<ns3:speed>1.76</ns3:speed>
						<ns3:cad>80.0</ns3:cad>
						<ns3:hr>148</ns3:hr>
					</ns3:TrackPointExtension>
				</extensions>
			</trkpt>
			<trkpt lat="12.9829894" lon="77.69116383">
				<ele>894.11</ele>
				<time>2026-07-28T16:11:47Z</time>
				<extensions>
					<ns3:TrackPointExtension>
						<ns3:speed>1.76</ns3:speed>
						<ns3:cad>80.0</ns3:cad>
						<ns3:hr>148</ns3:hr>
					</ns3:TrackPointExtension>
				</extensions>
			</trkpt>
			<trkpt lat="12.98300473" lon="77.69116949">
				<ele>894.12</ele>
				<time>2026-07-28T16:11:48Z</time>
				<extensions>
					<ns3:TrackPointExtension>
						<ns3:speed>1.76</ns3:speed>
						<ns3:cad>80.0</ns3:cad>
						<ns3:hr>148</ns3:hr>
					</ns3:TrackPointExtension>
				</extensions>
			</trkpt>
			<trkpt lat="12.98302073" lon="77.69117415">
				<ele>894.11</ele>
				<time>2026-07-28T16:11:49Z</time>
				<extensions>
					<ns3:TrackPointExtension>
						<ns3:speed>1.76</ns3:speed>
						<ns3:cad>80.0</ns3:cad>
						<ns3:hr>148</ns3:hr>
					</ns3:TrackPointExtension>
				</extensions>
			</trkpt>
			<trkpt lat="12.98303772" lon="77.69117881">
				<ele>893.94</ele>
				<time>2026-07-28T16:11:50Z</time>
				<extensions>
					<ns3:TrackPointExtension>
						<ns3:speed>1.76</ns3:speed>
						<ns3:cad>81.0</ns3:cad>
						<ns3:hr>148</ns3:hr>
					</ns3:TrackPointExtension>
				</extensions>
			</trkpt>
			<trkpt lat="12.98305371" lon="77.69118381">
				<ele>893.93</ele>
				<time>2026-07-28T16:11:51Z</time>
				<extensions>
					<ns3:TrackPointExtension>
						<ns3:speed>1.77</ns3:speed>
						<ns3:cad>81.0</ns3:cad>
						<ns3:hr>149</ns3:hr>
					</ns3:TrackPointExtension>
				</extensions>
			</trkpt>
			<trkpt lat="12.98307004" lon="77.69118814">
				<ele>893.92</ele>
				<time>2026-07-28T16:11:52Z</time>
				<extensions>
					<ns3:TrackPointExtension>
						<ns3:speed>1.77</ns3:speed>
						<ns3:cad>81.0</ns3:cad>
						<ns3:hr>150</ns3:hr>
					</ns3:TrackPointExtension>
				</extensions>
			</trkpt>
			<trkpt lat="12.98308637" lon="77.69119147">
				<ele>893.92</ele>
				<time>2026-07-28T16:11:53Z</time>
				<extensions>
					<ns3:TrackPointExtension>
						<ns3:speed>1.78</ns3:speed>
						<ns3:cad>81.0</ns3:cad>
						<ns3:hr>150</ns3:hr>
					</ns3:TrackPointExtension>
				</extensions>
			</trkpt>
			<trkpt lat="12.98310303" lon="77.69119547">
				<ele>893.91</ele>
				<time>2026-07-28T16:11:54Z</time>
				<extensions>
					<ns3:TrackPointExtension>
						<ns3:speed>1.78</ns3:speed>
						<ns3:cad>81.0</ns3:cad>
						<ns3:hr>150</ns3:hr>
					</ns3:TrackPointExtension>
				</extensions>
			</trkpt>
			<trkpt lat="12.98311969" lon="77.6911998">
				<ele>893.9</ele>
				<time>2026-07-28T16:11:55Z</time>
				<extensions>
					<ns3:TrackPointExtension>
						<ns3:speed>1.78</ns3:speed>
						<ns3:cad>81.0</ns3:cad>
						<ns3:hr>150</ns3:hr>
					</ns3:TrackPointExtension>
				</extensions>
			</trkpt>
			<trkpt lat="12.98313635" lon="77.69120346">
				<ele>893.88</ele>
				<time>2026-07-28T16:11:56Z</time>
				<extensions>
					<ns3:TrackPointExtension>
						<ns3:speed>1.78</ns3:speed>
						<ns3:cad>81.0</ns3:cad>
						<ns3:hr>150</ns3:hr>
					</ns3:TrackPointExtension>
				</extensions>
			</trkpt>
			<trkpt lat="12.98315301" lon="77.69120812">
				<ele>893.87</ele>
				<time>2026-07-28T16:11:57Z</time>
				<extensions>
					<ns3:TrackPointExtension>
						<ns3:speed>1.78</ns3:speed>
						<ns3:cad>81.0</ns3:cad>
						<ns3:hr>150</ns3:hr>
					</ns3:TrackPointExtension>
				</extensions>
			</trkpt>
			<trkpt lat="12.98317034" lon="77.69121212">
				<ele>893.87</ele>
				<time>2026-07-28T16:11:58Z</time>
				<extensions>
					<ns3:TrackPointExtension>
						<ns3:speed>1.78</ns3:speed>
						<ns3:cad>80.0</ns3:cad>
						<ns3:hr>150</ns3:hr>
					</ns3:TrackPointExtension>
				</extensions>
			</trkpt>
			<trkpt lat="12.98318667" lon="77.69121645">
				<ele>893.87</ele>
				<time>2026-07-28T16:11:59Z</time>
				<extensions>
					<ns3:TrackPointExtension>
						<ns3:speed>1.79</ns3:speed>
						<ns3:cad>80.0</ns3:cad>
						<ns3:hr>149</ns3:hr>
					</ns3:TrackPointExtension>
				</extensions>
			</trkpt>
			<trkpt lat="12.983203" lon="77.69122044">
				<ele>893.88</ele>
				<time>2026-07-28T16:12:00Z</time>
				<extensions>
					<ns3:TrackPointExtension>
						<ns3:speed>1.79</ns3:speed>
						<ns3:cad>80.0</ns3:cad>
						<ns3:hr>149</ns3:hr>
					</ns3:TrackPointExtension>
				</extensions>
			</trkpt>
			<trkpt lat="12.98321966" lon="77.69122544">
				<ele>893.89</ele>
				<time>2026-07-28T16:12:01Z</time>
				<extensions>
					<ns3:TrackPointExtension>
						<ns3:speed>1.8</ns3:speed>
						<ns3:cad>80.0</ns3:cad>
						<ns3:hr>149</ns3:hr>
					</ns3:TrackPointExtension>
				</extensions>
			</trkpt>
			<trkpt lat="12.98323666" lon="77.6912301">
				<ele>893.89</ele>
				<time>2026-07-28T16:12:02Z</time>
				<extensions>
					<ns3:TrackPointExtension>
						<ns3:speed>1.8</ns3:speed>
						<ns3:cad>80.0</ns3:cad>
						<ns3:hr>149</ns3:hr>
					</ns3:TrackPointExtension>
				</extensions>
			</trkpt>
			<trkpt lat="12.98325532" lon="77.69123443">
				<ele>893.9</ele>
				<time>2026-07-28T16:12:03Z</time>
				<extensions>
					<ns3:TrackPointExtension>
						<ns3:speed>1.8</ns3:speed>
						<ns3:cad>80.0</ns3:cad>
						<ns3:hr>149</ns3:hr>
					</ns3:TrackPointExtension>
				</extensions>
			</trkpt>
			<trkpt lat="12.98327365" lon="77.69123909">
				<ele>893.91</ele>
				<time>2026-07-28T16:12:04Z</time>
				<extensions>
					<ns3:TrackPointExtension>
						<ns3:speed>1.81</ns3:speed>
						<ns3:cad>80.0</ns3:cad>
						<ns3:hr>150</ns3:hr>
					</ns3:TrackPointExtension>
				</extensions>
			</trkpt>
			<trkpt lat="12.98329131" lon="77.69124375">
				<ele>893.92</ele>
				<time>2026-07-28T16:12:05Z</time>
				<extensions>
					<ns3:TrackPointExtension>
						<ns3:speed>1.81</ns3:speed>
						<ns3:cad>81.0</ns3:cad>
						<ns3:hr>150</ns3:hr>
					</ns3:TrackPointExtension>
				</extensions>
			</trkpt>
			<trkpt lat="12.9833083" lon="77.69124875">
				<ele>893.93</ele>
				<time>2026-07-28T16:12:06Z</time>
				<extensions>
					<ns3:TrackPointExtension>
						<ns3:speed>1.82</ns3:speed>
						<ns3:cad>81.0</ns3:cad>
						<ns3:hr>150</ns3:hr>
					</ns3:TrackPointExtension>
				</extensions>
			</trkpt>
			<trkpt lat="12.9833263" lon="77.69125308">
				<ele>893.94</ele>
				<time>2026-07-28T16:12:07Z</time>
				<extensions>
					<ns3:TrackPointExtension>
						<ns3:speed>1.83</ns3:speed>
						<ns3:cad>82.0</ns3:cad>
						<ns3:hr>150</ns3:hr>
					</ns3:TrackPointExtension>
				</extensions>
			</trkpt>
			<trkpt lat="12.9833443" lon="77.69125708">
				<ele>893.95</ele>
				<time>2026-07-28T16:12:08Z</time>
				<extensions>
					<ns3:TrackPointExtension>
						<ns3:speed>1.84</ns3:speed>
						<ns3:cad>82.0</ns3:cad>
						<ns3:hr>151</ns3:hr>
					</ns3:TrackPointExtension>
				</extensions>
			</trkpt>
			<trkpt lat="12.98336163" lon="77.69126208">
				<ele>893.97</ele>
				<time>2026-07-28T16:12:09Z</time>
				<extensions>
					<ns3:TrackPointExtension>
						<ns3:speed>1.85</ns3:speed>
						<ns3:cad>82.0</ns3:cad>
						<ns3:hr>151</ns3:hr>
					</ns3:TrackPointExtension>
				</extensions>
			</trkpt>
			<trkpt lat="12.98337929" lon="77.69126708">
				<ele>893.98</ele>
				<time>2026-07-28T16:12:10Z</time>
				<extensions>
					<ns3:TrackPointExtension>
						<ns3:speed>1.85</ns3:speed>
						<ns3:cad>82.0</ns3:cad>
						<ns3:hr>151</ns3:hr>
					</ns3:TrackPointExtension>
				</extensions>
			</trkpt>
			<trkpt lat="12.98339662" lon="77.69127274">
				<ele>893.99</ele>
				<time>2026-07-28T16:12:11Z</time>
				<extensions>
					<ns3:TrackPointExtension>
						<ns3:speed>1.86</ns3:speed>
						<ns3:cad>82.0</ns3:cad>
						<ns3:hr>152</ns3:hr>
					</ns3:TrackPointExtension>
				</extensions>
			</trkpt>
			<trkpt lat="12.98341462" lon="77.6912774">
				<ele>894.0</ele>
				<time>2026-07-28T16:12:12Z</time>
				<extensions>
					<ns3:TrackPointExtension>
						<ns3:speed>1.86</ns3:speed>
						<ns3:cad>82.0</ns3:cad>
						<ns3:hr>152</ns3:hr>
					</ns3:TrackPointExtension>
				</extensions>
			</trkpt>
			<trkpt lat="12.98343161" lon="77.69128306">
				<ele>894.01</ele>
				<time>2026-07-28T16:12:13Z</time>
				<extensions>
					<ns3:TrackPointExtension>
						<ns3:speed>1.87</ns3:speed>
						<ns3:cad>81.0</ns3:cad>
						<ns3:hr>151</ns3:hr>
					</ns3:TrackPointExtension>
				</extensions>
			</trkpt>
			<trkpt lat="12.9834486" lon="77.69128906">
				<ele>894.02</ele>
				<time>2026-07-28T16:12:14Z</time>
				<extensions>
					<ns3:TrackPointExtension>
						<ns3:speed>1.87</ns3:speed>
						<ns3:cad>81.0</ns3:cad>
						<ns3:hr>151</ns3:hr>
					</ns3:TrackPointExtension>
				</extensions>
			</trkpt>
			<trkpt lat="12.98346559" lon="77.69129439">
				<ele>894.03</ele>
				<time>2026-07-28T16:12:15Z</time>
				<extensions>
					<ns3:TrackPointExtension>
						<ns3:speed>1.88</ns3:speed>
						<ns3:cad>80.0</ns3:cad>
						<ns3:hr>152</ns3:hr>
					</ns3:TrackPointExtension>
				</extensions>
			</trkpt>
			<trkpt lat="12.98348292" lon="77.69129972">
				<ele>894.03</ele>
				<time>2026-07-28T16:12:16Z</time>
				<extensions>
					<ns3:TrackPointExtension>
						<ns3:speed>1.89</ns3:speed>
						<ns3:cad>80.0</ns3:cad>
						<ns3:hr>152</ns3:hr>
					</ns3:TrackPointExtension>
				</extensions>
			</trkpt>
			<trkpt lat="12.98350091" lon="77.69130505">
				<ele>894.04</ele>
				<time>2026-07-28T16:12:17Z</time>
				<extensions>
					<ns3:TrackPointExtension>
						<ns3:speed>1.9</ns3:speed>
						<ns3:cad>80.0</ns3:cad>
						<ns3:hr>153</ns3:hr>
					</ns3:TrackPointExtension>
				</extensions>
			</trkpt>
			<trkpt lat="12.98351824" lon="77.69131071">
				<ele>894.05</ele>
				<time>2026-07-28T16:12:18Z</time>
				<extensions>
					<ns3:TrackPointExtension>
						<ns3:speed>1.9</ns3:speed>
						<ns3:cad>80.0</ns3:cad>
						<ns3:hr>153</ns3:hr>
					</ns3:TrackPointExtension>
				</extensions>
			</trkpt>
			<trkpt lat="12.98353557" lon="77.69131604">
				<ele>894.06</ele>
				<time>2026-07-28T16:12:19Z</time>
				<extensions>
					<ns3:TrackPointExtension>
						<ns3:speed>1.91</ns3:speed>
						<ns3:cad>81.0</ns3:cad>
						<ns3:hr>153</ns3:hr>
					</ns3:TrackPointExtension>
				</extensions>
			</trkpt>
			<trkpt lat="12.9835529" lon="77.69132203">
				<ele>894.08</ele>
				<time>2026-07-28T16:12:20Z</time>
				<extensions>
					<ns3:TrackPointExtension>
						<ns3:speed>1.91</ns3:speed>
						<ns3:cad>81.0</ns3:cad>
						<ns3:hr>154</ns3:hr>
					</ns3:TrackPointExtension>
				</extensions>
			</trkpt>
			<trkpt lat="12.98356956" lon="77.69133036">
				<ele>894.08</ele>
				<time>2026-07-28T16:12:21Z</time>
				<extensions>
					<ns3:TrackPointExtension>
						<ns3:speed>1.91</ns3:speed>
						<ns3:cad>81.0</ns3:cad>
						<ns3:hr>154</ns3:hr>
					</ns3:TrackPointExtension>
				</extensions>
			</trkpt>
			<trkpt lat="12.98358356" lon="77.69134136">
				<ele>894.08</ele>
				<time>2026-07-28T16:12:22Z</time>
				<extensions>
					<ns3:TrackPointExtension>
						<ns3:speed>1.91</ns3:speed>
						<ns3:cad>81.0</ns3:cad>
						<ns3:hr>155</ns3:hr>
					</ns3:TrackPointExtension>
				</extensions>
			</trkpt>
			<trkpt lat="12.98359256" lon="77.69135535">
				<ele>894.09</ele>
				<time>2026-07-28T16:12:23Z</time>
				<extensions>
					<ns3:TrackPointExtension>
						<ns3:speed>1.92</ns3:speed>
						<ns3:cad>80.0</ns3:cad>
						<ns3:hr>154</ns3:hr>
					</ns3:TrackPointExtension>
				</extensions>
			</trkpt>
			<trkpt lat="12.98359789" lon="77.69137035">
				<ele>894.1</ele>
				<time>2026-07-28T16:12:24Z</time>
				<extensions>
					<ns3:TrackPointExtension>
						<ns3:speed>1.93</ns3:speed>
						<ns3:cad>80.0</ns3:cad>
						<ns3:hr>154</ns3:hr>
					</ns3:TrackPointExtension>
				</extensions>
			</trkpt>
			<trkpt lat="12.98359989" lon="77.69138568">
				<ele>894.11</ele>
				<time>2026-07-28T16:12:25Z</time>
				<extensions>
					<ns3:TrackPointExtension>
						<ns3:speed>1.93</ns3:speed>
						<ns3:cad>80.0</ns3:cad>
						<ns3:hr>154</ns3:hr>
					</ns3:TrackPointExtension>
				</extensions>
			</trkpt>
			<trkpt lat="12.98360088" lon="77.69140267">
				<ele>894.11</ele>
				<time>2026-07-28T16:12:26Z</time>
				<extensions>
					<ns3:TrackPointExtension>
						<ns3:speed>1.94</ns3:speed>
						<ns3:cad>81.0</ns3:cad>
						<ns3:hr>154</ns3:hr>
					</ns3:TrackPointExtension>
				</extensions>
			</trkpt>
			<trkpt lat="12.98360022" lon="77.69142">
				<ele>894.13</ele>
				<time>2026-07-28T16:12:27Z</time>
				<extensions>
					<ns3:TrackPointExtension>
						<ns3:speed>1.94</ns3:speed>
						<ns3:cad>81.0</ns3:cad>
						<ns3:hr>154</ns3:hr>
					</ns3:TrackPointExtension>
				</extensions>
			</trkpt>
			<trkpt lat="12.98359923" lon="77.69143766">
				<ele>894.14</ele>
				<time>2026-07-28T16:12:28Z</time>
				<extensions>
					<ns3:TrackPointExtension>
						<ns3:speed>1.94</ns3:speed>
						<ns3:cad>80.0</ns3:cad>
						<ns3:hr>154</ns3:hr>
					</ns3:TrackPointExtension>
				</extensions>
			</trkpt>
			<trkpt lat="12.98359723" lon="77.69145499">
				<ele>893.88</ele>
				<time>2026-07-28T16:12:29Z</time>
				<extensions>
					<ns3:TrackPointExtension>
						<ns3:speed>1.95</ns3:speed>
						<ns3:cad>80.0</ns3:cad>
						<ns3:hr>154</ns3:hr>
					</ns3:TrackPointExtension>
				</extensions>
			</trkpt>
			<trkpt lat="12.98359557" lon="77.69147198">
				<ele>893.88</ele>
				<time>2026-07-28T16:12:30Z</time>
				<extensions>
					<ns3:TrackPointExtension>
						<ns3:speed>1.96</ns3:speed>
						<ns3:cad>80.0</ns3:cad>
						<ns3:hr>154</ns3:hr>
					</ns3:TrackPointExtension>
				</extensions>
			</trkpt>
			<trkpt lat="12.98359291" lon="77.69148897">
				<ele>893.88</ele>
				<time>2026-07-28T16:12:31Z</time>
				<extensions>
					<ns3:TrackPointExtension>
						<ns3:speed>1.96</ns3:speed>
						<ns3:cad>80.0</ns3:cad>
						<ns3:hr>154</ns3:hr>
					</ns3:TrackPointExtension>
				</extensions>
			</trkpt>
			<trkpt lat="12.98358758" lon="77.6915053">
				<ele>893.88</ele>
				<time>2026-07-28T16:12:32Z</time>
				<extensions>
					<ns3:TrackPointExtension>
						<ns3:speed>1.97</ns3:speed>
						<ns3:cad>80.0</ns3:cad>
						<ns3:hr>154</ns3:hr>
					</ns3:TrackPointExtension>
				</extensions>
			</trkpt>
			<trkpt lat="12.98358225" lon="77.69152163">
				<ele>893.87</ele>
				<time>2026-07-28T16:12:33Z</time>
				<extensions>
					<ns3:TrackPointExtension>
						<ns3:speed>1.97</ns3:speed>
						<ns3:cad>80.0</ns3:cad>
						<ns3:hr>154</ns3:hr>
					</ns3:TrackPointExtension>
				</extensions>
			</trkpt>
			<trkpt lat="12.98357659" lon="77.69153729">
				<ele>893.86</ele>
				<time>2026-07-28T16:12:34Z</time>
				<extensions>
					<ns3:TrackPointExtension>
						<ns3:speed>1.97</ns3:speed>
						<ns3:cad>81.0</ns3:cad>
						<ns3:hr>154</ns3:hr>
					</ns3:TrackPointExtension>
				</extensions>
			</trkpt>
			<trkpt lat="12.9835716" lon="77.69155262">
				<ele>893.86</ele>
				<time>2026-07-28T16:12:35Z</time>
				<extensions>
					<ns3:TrackPointExtension>
						<ns3:hr>153</ns3:hr>
					</ns3:TrackPointExtension>
				</extensions>
			</trkpt>
			<trkpt lat="12.98356794" lon="77.69156862">
				<ele>893.86</ele>
				<time>2026-07-28T16:12:36Z</time>
				<extensions>
					<ns3:TrackPointExtension>
						<ns3:speed>1.97</ns3:speed>
						<ns3:cad>81.0</ns3:cad>
					</ns3:TrackPointExtension>
				</extensions>
			</trkpt>
			<trkpt lat="12.98356461" lon="77.69158561">
				<ele>893.85</ele>
				<time>2026-07-28T16:12:37Z</time>
				<extensions>
					<ns3:TrackPointExtension>
						<ns3:speed>1.97</ns3:speed>
						<ns3:cad>81.0</ns3:cad>
						<ns3:hr>153</ns3:hr>
					</ns3:TrackPointExtension>
				</extensions>
			</trkpt>
			<trkpt lat="12.98355995" lon="77.6916026">
				<ele>893.85</ele>
				<time>2026-07-28T16:12:38Z</time>
				<extensions>
					<ns3:TrackPointExtension>
						<ns3:hr>153</ns3:hr>
					</ns3:TrackPointExtension>
				</extensions>
			</trkpt>
			<trkpt lat="12.98355496" lon="77.69161926">
				<ele>893.84</ele>
				<time>2026-07-28T16:12:39Z</time>
				<extensions>
					<ns3:TrackPointExtension>
						<ns3:speed>1.97</ns3:speed>
						<ns3:cad>80.0</ns3:cad>
					</ns3:TrackPointExtension>
				</extensions>
			</trkpt>
			<trkpt lat="12.98354997" lon="77.69163592">
				<ele>893.83</ele>
				<time>2026-07-28T16:12:40Z</time>
				<extensions>
					<ns3:TrackPointExtension>
						<ns3:speed>1.98</ns3:speed>
						<ns3:cad>80.0</ns3:cad>
						<ns3:hr>153</ns3:hr>
					</ns3:TrackPointExtension>
				</extensions>
			</trkpt>
			<trkpt lat="12.98354531" lon="77.69165325">
				<ele>893.82</ele>
				<time>2026-07-28T16:12:41Z</time>
				<extensions>
					<ns3:TrackPointExtension>
						<ns3:speed>1.98</ns3:speed>
						<ns3:cad>81.0</ns3:cad>
						<ns3:hr>153</ns3:hr>
					</ns3:TrackPointExtension>
				</extensions>
			</trkpt>
			<trkpt lat="12.98353998" lon="77.69167024">
				<ele>893.81</ele>
				<time>2026-07-28T16:12:42Z</time>
				<extensions>
					<ns3:TrackPointExtension>
						<ns3:speed>1.99</ns3:speed>
						<ns3:cad>82.0</ns3:cad>
						<ns3:hr>152</ns3:hr>
					</ns3:TrackPointExtension>
				</extensions>
			</trkpt>
			<trkpt lat="12.98353532" lon="77.6916879">
				<ele>893.8</ele>
				<time>2026-07-28T16:12:43Z</time>
				<extensions>
					<ns3:TrackPointExtension>
						<ns3:speed>2.0</ns3:speed>
						<ns3:cad>82.0</ns3:cad>
						<ns3:hr>152</ns3:hr>
					</ns3:TrackPointExtension>
				</extensions>
			</trkpt>
			<trkpt lat="12.98352832" lon="77.69170523">
				<ele>893.78</ele>
				<time>2026-07-28T16:12:44Z</time>
				<extensions>
					<ns3:TrackPointExtension>
						<ns3:speed>2.0</ns3:speed>
						<ns3:cad>82.0</ns3:cad>
						<ns3:hr>152</ns3:hr>
					</ns3:TrackPointExtension>
				</extensions>
			</trkpt>
			<trkpt lat="12.98352266" lon="77.69172223">
				<ele>893.77</ele>
				<time>2026-07-28T16:12:45Z</time>
				<extensions>
					<ns3:TrackPointExtension>
						<ns3:speed>2.0</ns3:speed>
						<ns3:cad>82.0</ns3:cad>
						<ns3:hr>152</ns3:hr>
					</ns3:TrackPointExtension>
				</extensions>
			</trkpt>
			<trkpt lat="12.98351667" lon="77.69173922">
				<ele>893.76</ele>
				<time>2026-07-28T16:12:46Z</time>
				<extensions>
					<ns3:TrackPointExtension>
						<ns3:speed>1.99</ns3:speed>
						<ns3:cad>81.0</ns3:cad>
						<ns3:hr>152</ns3:hr>
					</ns3:TrackPointExtension>
				</extensions>
			</trkpt>
			<trkpt lat="12.98351034" lon="77.69175655">
				<ele>893.74</ele>
				<time>2026-07-28T16:12:47Z</time>
				<extensions>
					<ns3:TrackPointExtension>
						<ns3:speed>1.99</ns3:speed>
						<ns3:cad>81.0</ns3:cad>
						<ns3:hr>153</ns3:hr>
					</ns3:TrackPointExtension>
				</extensions>
			</trkpt>
			<trkpt lat="12.98350268" lon="77.69177221">
				<ele>893.73</ele>
				<time>2026-07-28T16:12:48Z</time>
				<extensions>
					<ns3:TrackPointExtension>
						<ns3:speed>1.99</ns3:speed>
						<ns3:cad>80.0</ns3:cad>
						<ns3:hr>153</ns3:hr>
					</ns3:TrackPointExtension>
				</extensions>
			</trkpt>
			<trkpt lat="12.98349135" lon="77.69178654">
				<ele>893.72</ele>
				<time>2026-07-28T16:12:49Z</time>
				<extensions>
					<ns3:TrackPointExtension>
						<ns3:speed>1.98</ns3:speed>
						<ns3:cad>80.0</ns3:cad>
						<ns3:hr>154</ns3:hr>
					</ns3:TrackPointExtension>
				</extensions>
			</trkpt>
			<trkpt lat="12.98347869" lon="77.69179953">
				<ele>893.72</ele>
				<time>2026-07-28T16:12:50Z</time>
				<extensions>
					<ns3:TrackPointExtension>
						<ns3:speed>1.98</ns3:speed>
						<ns3:cad>80.0</ns3:cad>
						<ns3:hr>155</ns3:hr>
					</ns3:TrackPointExtension>
				</extensions>
			</trkpt>
			<trkpt lat="12.98346503" lon="77.69181286">
				<ele>893.71</ele>
				<time>2026-07-28T16:12:51Z</time>
				<extensions>
					<ns3:TrackPointExtension>
						<ns3:speed>1.98</ns3:speed>
						<ns3:cad>80.0</ns3:cad>
						<ns3:hr>155</ns3:hr>
					</ns3:TrackPointExtension>
				</extensions>
			</trkpt>
			<trkpt lat="12.9834507" lon="77.69182386">
				<ele>893.7</ele>
				<time>2026-07-28T16:12:52Z</time>
				<extensions>
					<ns3:TrackPointExtension>
						<ns3:speed>1.98</ns3:speed>
						<ns3:cad>80.0</ns3:cad>
						<ns3:hr>155</ns3:hr>
					</ns3:TrackPointExtension>
				</extensions>
			</trkpt>
			<trkpt lat="12.98343604" lon="77.69183419">
				<ele>893.7</ele>
				<time>2026-07-28T16:12:53Z</time>
				<extensions>
					<ns3:TrackPointExtension>
						<ns3:speed>1.97</ns3:speed>
						<ns3:cad>80.0</ns3:cad>
						<ns3:hr>155</ns3:hr>
					</ns3:TrackPointExtension>
				</extensions>
			</trkpt>
			<trkpt lat="12.98342004" lon="77.69184219">
				<ele>893.7</ele>
				<time>2026-07-28T16:12:54Z</time>
				<extensions>
					<ns3:TrackPointExtension>
						<ns3:speed>1.97</ns3:speed>
						<ns3:cad>80.0</ns3:cad>
						<ns3:hr>155</ns3:hr>
					</ns3:TrackPointExtension>
				</extensions>
			</trkpt>
			<trkpt lat="12.98340338" lon="77.69184719">
				<ele>893.69</ele>
				<time>2026-07-28T16:12:55Z</time>
				<extensions>
					<ns3:TrackPointExtension>
						<ns3:speed>1.97</ns3:speed>
						<ns3:cad>80.0</ns3:cad>
						<ns3:hr>155</ns3:hr>
					</ns3:TrackPointExtension>
				</extensions>
			</trkpt>
			<trkpt lat="12.98338639" lon="77.69184985">
				<ele>893.69</ele>
				<time>2026-07-28T16:12:56Z</time>
				<extensions>
					<ns3:TrackPointExtension>
						<ns3:speed>1.96</ns3:speed>
						<ns3:cad>80.0</ns3:cad>
						<ns3:hr>154</ns3:hr>
					</ns3:TrackPointExtension>
				</extensions>
			</trkpt>
			<trkpt lat="12.98336906" lon="77.69185185">
				<ele>893.69</ele>
				<time>2026-07-28T16:12:57Z</time>
				<extensions>
					<ns3:TrackPointExtension>
						<ns3:speed>1.96</ns3:speed>
						<ns3:cad>80.0</ns3:cad>
						<ns3:hr>154</ns3:hr>
					</ns3:TrackPointExtension>
				</extensions>
			</trkpt>
			<trkpt lat="12.98335106" lon="77.69185284">
				<ele>893.69</ele>
				<time>2026-07-28T16:12:58Z</time>
				<extensions>
					<ns3:TrackPointExtension>
						<ns3:speed>1.96</ns3:speed>
						<ns3:cad>80.0</ns3:cad>
						<ns3:hr>154</ns3:hr>
					</ns3:TrackPointExtension>
				</extensions>
			</trkpt>
			<trkpt lat="12.9833344" lon="77.69185417">
				<ele>893.69</ele>
				<time>2026-07-28T16:12:59Z</time>
				<extensions>
					<ns3:TrackPointExtension>
						<ns3:speed>1.95</ns3:speed>
						<ns3:cad>80.0</ns3:cad>
						<ns3:hr>154</ns3:hr>
					</ns3:TrackPointExtension>
				</extensions>
			</trkpt>
			<trkpt lat="12.98331774" lon="77.69185616">
				<ele>893.69</ele>
				<time>2026-07-28T16:13:00Z</time>
				<extensions>
					<ns3:TrackPointExtension>
						<ns3:speed>1.95</ns3:speed>
						<ns3:cad>80.0</ns3:cad>
						<ns3:hr>154</ns3:hr>
					</ns3:TrackPointExtension>
				</extensions>
			</trkpt>
			<trkpt lat="12.98330108" lon="77.69185816">
				<ele>893.69</ele>
				<time>2026-07-28T16:13:01Z</time>
				<extensions>
					<ns3:TrackPointExtension>
						<ns3:speed>1.95</ns3:speed>
						<ns3:cad>80.0</ns3:cad>
						<ns3:hr>154</ns3:hr>
					</ns3:TrackPointExtension>
				</extensions>
			</trkpt>
			<trkpt lat="12.98328508" lon="77.69185915">
				<ele>893.69</ele>
				<time>2026-07-28T16:13:02Z</time>
				<extensions>
					<ns3:TrackPointExtension>
						<ns3:speed>1.94</ns3:speed>
						<ns3:cad>80.0</ns3:cad>
						<ns3:hr>154</ns3:hr>
					</ns3:TrackPointExtension>
				</extensions>
			</trkpt>
			<trkpt lat="12.98326975" lon="77.69185981">
				<ele>893.69</ele>
				<time>2026-07-28T16:13:03Z</time>
				<extensions>
					<ns3:TrackPointExtension>
						<ns3:speed>1.92</ns3:speed>
						<ns3:cad>80.0</ns3:cad>
						<ns3:hr>155</ns3:hr>
					</ns3:TrackPointExtension>
				</extensions>
			</trkpt>
			<trkpt lat="12.98325376" lon="77.69185948">
				<ele>893.69</ele>
				<time>2026-07-28T16:13:04Z</time>
				<extensions>
					<ns3:TrackPointExtension>
						<ns3:speed>1.91</ns3:speed>
						<ns3:cad>80.0</ns3:cad>
						<ns3:hr>155</ns3:hr>
					</ns3:TrackPointExtension>
				</extensions>
			</trkpt>
			<trkpt lat="12.98323743" lon="77.69185815">
				<ele>893.69</ele>
				<time>2026-07-28T16:13:05Z</time>
				<extensions>
					<ns3:TrackPointExtension>
						<ns3:speed>1.91</ns3:speed>
						<ns3:cad>79.0</ns3:cad>
						<ns3:hr>155</ns3:hr>
					</ns3:TrackPointExtension>
				</extensions>
			</trkpt>
			<trkpt lat="12.9832221" lon="77.69185782">
				<ele>893.69</ele>
				<time>2026-07-28T16:13:06Z</time>
				<extensions>
					<ns3:TrackPointExtension>
						<ns3:speed>1.9</ns3:speed>
						<ns3:cad>79.0</ns3:cad>
						<ns3:hr>155</ns3:hr>
					</ns3:TrackPointExtension>
				</extensions>
			</trkpt>
			<trkpt lat="12.9832091" lon="77.69186048">
				<ele>893.69</ele>
				<time>2026-07-28T16:13:07Z</time>
				<extensions>
					<ns3:TrackPointExtension>
						<ns3:speed>1.88</ns3:speed>
						<ns3:cad>78.0</ns3:cad>
						<ns3:hr>155</ns3:hr>
					</ns3:TrackPointExtension>
				</extensions>
			</trkpt>
			<trkpt lat="12.98319611" lon="77.69186714">
				<ele>893.69</ele>
				<time>2026-07-28T16:13:08Z</time>
				<extensions>
					<ns3:TrackPointExtension>
						<ns3:speed>1.86</ns3:speed>
						<ns3:cad>78.0</ns3:cad>
						<ns3:hr>156</ns3:hr>
					</ns3:TrackPointExtension>
				</extensions>
			</trkpt>
			<trkpt lat="12.98318345" lon="77.69187814">
				<ele>893.68</ele>
				<time>2026-07-28T16:13:09Z</time>
				<extensions>
					<ns3:TrackPointExtension>
						<ns3:speed>1.85</ns3:speed>
						<ns3:cad>78.0</ns3:cad>
						<ns3:hr>156</ns3:hr>
					</ns3:TrackPointExtension>
				</extensions>
			</trkpt>
			<trkpt lat="12.98317379" lon="77.69189047">
				<ele>893.68</ele>
				<time>2026-07-28T16:13:10Z</time>
				<extensions>
					<ns3:TrackPointExtension>
						<ns3:speed>1.83</ns3:speed>
						<ns3:cad>77.0</ns3:cad>
						<ns3:hr>156</ns3:hr>
					</ns3:TrackPointExtension>
				</extensions>
			</trkpt>
			<trkpt lat="12.98316613" lon="77.69190347">
				<ele>893.68</ele>
				<time>2026-07-28T16:13:11Z</time>
				<extensions>
					<ns3:TrackPointExtension>
						<ns3:speed>1.81</ns3:speed>
						<ns3:cad>76.0</ns3:cad>
						<ns3:hr>156</ns3:hr>
					</ns3:TrackPointExtension>
				</extensions>
			</trkpt>
			<trkpt lat="12.9831588" lon="77.69191713">
				<ele>893.67</ele>
				<time>2026-07-28T16:13:12Z</time>
				<extensions>
					<ns3:TrackPointExtension>
						<ns3:speed>1.79</ns3:speed>
						<ns3:cad>76.0</ns3:cad>
						<ns3:hr>155</ns3:hr>
					</ns3:TrackPointExtension>
				</extensions>
			</trkpt>
			<trkpt lat="12.98315314" lon="77.69193113">
				<ele>893.67</ele>
				<time>2026-07-28T16:13:13Z</time>
				<extensions>
					<ns3:TrackPointExtension>
						<ns3:speed>1.78</ns3:speed>
						<ns3:cad>76.0</ns3:cad>
						<ns3:hr>154</ns3:hr>
					</ns3:TrackPointExtension>
				</extensions>
			</trkpt>
			<trkpt lat="12.98314781" lon="77.69194446">
				<ele>893.67</ele>
				<time>2026-07-28T16:13:14Z</time>
				<extensions>
					<ns3:TrackPointExtension>
						<ns3:speed>1.76</ns3:speed>
						<ns3:cad>76.0</ns3:cad>
						<ns3:hr>154</ns3:hr>
					</ns3:TrackPointExtension>
				</extensions>
			</trkpt>
			<trkpt lat="12.98314115" lon="77.69195712">
				<ele>893.66</ele>
				<time>2026-07-28T16:13:15Z</time>
				<extensions>
					<ns3:TrackPointExtension>
						<ns3:speed>1.75</ns3:speed>
						<ns3:cad>76.0</ns3:cad>
						<ns3:hr>154</ns3:hr>
					</ns3:TrackPointExtension>
				</extensions>
			</trkpt>
			<trkpt lat="12.98313182" lon="77.69197078">
				<ele>893.66</ele>
				<time>2026-07-28T16:13:16Z</time>
				<extensions>
					<ns3:TrackPointExtension>
						<ns3:speed>1.73</ns3:speed>
						<ns3:cad>77.0</ns3:cad>
						<ns3:hr>154</ns3:hr>
					</ns3:TrackPointExtension>
				</extensions>
			</trkpt>
			<trkpt lat="12.98312283" lon="77.69198411">
				<ele>893.65</ele>
				<time>2026-07-28T16:13:17Z</time>
				<extensions>
					<ns3:TrackPointExtension>
						<ns3:speed>1.73</ns3:speed>
						<ns3:cad>77.0</ns3:cad>
						<ns3:hr>153</ns3:hr>
					</ns3:TrackPointExtension>
				</extensions>
			</trkpt>
			<trkpt lat="12.9831135" lon="77.69199677">
				<ele>893.65</ele>
				<time>2026-07-28T16:13:18Z</time>
				<extensions>
					<ns3:TrackPointExtension>
						<ns3:speed>1.72</ns3:speed>
						<ns3:cad>78.0</ns3:cad>
						<ns3:hr>153</ns3:hr>
					</ns3:TrackPointExtension>
				</extensions>
			</trkpt>
			<trkpt lat="12.98310351" lon="77.6920091">
				<ele>893.64</ele>
				<time>2026-07-28T16:13:19Z</time>
				<extensions>
					<ns3:TrackPointExtension>
						<ns3:speed>1.73</ns3:speed>
						<ns3:cad>78.0</ns3:cad>
						<ns3:hr>151</ns3:hr>
					</ns3:TrackPointExtension>
				</extensions>
			</trkpt>
			<trkpt lat="12.98309185" lon="77.69201976">
				<ele>893.64</ele>
				<time>2026-07-28T16:13:20Z</time>
				<extensions>
					<ns3:TrackPointExtension>
						<ns3:speed>1.73</ns3:speed>
						<ns3:cad>79.0</ns3:cad>
						<ns3:hr>151</ns3:hr>
					</ns3:TrackPointExtension>
				</extensions>
			</trkpt>
			<trkpt lat="12.98308019" lon="77.69202976">
				<ele>893.63</ele>
				<time>2026-07-28T16:13:21Z</time>
				<extensions>
					<ns3:TrackPointExtension>
						<ns3:speed>1.73</ns3:speed>
						<ns3:cad>80.0</ns3:cad>
						<ns3:hr>151</ns3:hr>
					</ns3:TrackPointExtension>
				</extensions>
			</trkpt>
			<trkpt lat="12.98306786" lon="77.69203942">
				<ele>893.63</ele>
				<time>2026-07-28T16:13:22Z</time>
				<extensions>
					<ns3:TrackPointExtension>
						<ns3:speed>1.73</ns3:speed>
						<ns3:cad>81.0</ns3:cad>
						<ns3:hr>151</ns3:hr>
					</ns3:TrackPointExtension>
				</extensions>
			</trkpt>
			<trkpt lat="12.98305453" lon="77.69204708">
				<ele>893.63</ele>
				<time>2026-07-28T16:13:23Z</time>
				<extensions>
					<ns3:TrackPointExtension>
						<ns3:speed>1.73</ns3:speed>
						<ns3:cad>81.0</ns3:cad>
						<ns3:hr>151</ns3:hr>
					</ns3:TrackPointExtension>
				</extensions>
			</trkpt>
			<trkpt lat="12.98304187" lon="77.69205508">
				<ele>893.62</ele>
				<time>2026-07-28T16:13:24Z</time>
				<extensions>
					<ns3:TrackPointExtension>
						<ns3:speed>1.72</ns3:speed>
						<ns3:cad>81.0</ns3:cad>
						<ns3:hr>150</ns3:hr>
					</ns3:TrackPointExtension>
				</extensions>
			</trkpt>
			<trkpt lat="12.98302888" lon="77.69206274">
				<ele>893.62</ele>
				<time>2026-07-28T16:13:25Z</time>
				<extensions>
					<ns3:TrackPointExtension>
						<ns3:speed>1.72</ns3:speed>
						<ns3:cad>82.0</ns3:cad>
						<ns3:hr>150</ns3:hr>
					</ns3:TrackPointExtension>
				</extensions>
			</trkpt>
			<trkpt lat="12.98301588" lon="77.69207073">
				<ele>893.62</ele>
				<time>2026-07-28T16:13:26Z</time>
				<extensions>
					<ns3:TrackPointExtension>
						<ns3:speed>1.7</ns3:speed>
						<ns3:cad>82.0</ns3:cad>
						<ns3:hr>150</ns3:hr>
					</ns3:TrackPointExtension>
				</extensions>
			</trkpt>
			<trkpt lat="12.98300222" lon="77.69207739">
				<ele>893.61</ele>
				<time>2026-07-28T16:13:27Z</time>
				<extensions>
					<ns3:TrackPointExtension>
						<ns3:speed>1.7</ns3:speed>
						<ns3:cad>82.0</ns3:cad>
						<ns3:hr>149</ns3:hr>
					</ns3:TrackPointExtension>
				</extensions>
			</trkpt>
			<trkpt lat="12.98298789" lon="77.69208405">
				<ele>893.61</ele>
				<time>2026-07-28T16:13:28Z</time>
				<extensions>
					<ns3:TrackPointExtension>
						<ns3:speed>1.69</ns3:speed>
						<ns3:cad>81.0</ns3:cad>
						<ns3:hr>149</ns3:hr>
					</ns3:TrackPointExtension>
				</extensions>
			</trkpt>
			<trkpt lat="12.98297389" lon="77.69209138">
				<ele>893.61</ele>
				<time>2026-07-28T16:13:29Z</time>
				<extensions>
					<ns3:TrackPointExtension>
						<ns3:speed>1.69</ns3:speed>
						<ns3:cad>81.0</ns3:cad>
						<ns3:hr>148</ns3:hr>
					</ns3:TrackPointExtension>
				</extensions>
			</trkpt>
			<trkpt lat="12.98296023" lon="77.69209904">
				<ele>893.6</ele>
				<time>2026-07-28T16:13:30Z</time>
				<extensions>
					<ns3:TrackPointExtension>
						<ns3:speed>1.69</ns3:speed>
						<ns3:cad>80.0</ns3:cad>
						<ns3:hr>148</ns3:hr>
					</ns3:TrackPointExtension>
				</extensions>
			</trkpt>
			<trkpt lat="12.9829459" lon="77.69210637">
				<ele>893.6</ele>
				<time>2026-07-28T16:13:31Z</time>
				<extensions>
					<ns3:TrackPointExtension>
						<ns3:speed>1.69</ns3:speed>
						<ns3:cad>80.0</ns3:cad>
						<ns3:hr>149</ns3:hr>
					</ns3:TrackPointExtension>
				</extensions>
			</trkpt>
			<trkpt lat="12.9829329" lon="77.6921137">
				<ele>893.6</ele>
				<time>2026-07-28T16:13:32Z</time>
				<extensions>
					<ns3:TrackPointExtension>
						<ns3:speed>1.7</ns3:speed>
						<ns3:cad>80.0</ns3:cad>
						<ns3:hr>148</ns3:hr>
					</ns3:TrackPointExtension>
				</extensions>
			</trkpt>
			<trkpt lat="12.98291891" lon="77.69212103">
				<ele>893.6</ele>
				<time>2026-07-28T16:13:33Z</time>
				<extensions>
					<ns3:TrackPointExtension>
						<ns3:speed>1.7</ns3:speed>
						<ns3:cad>81.0</ns3:cad>
						<ns3:hr>148</ns3:hr>
					</ns3:TrackPointExtension>
				</extensions>
			</trkpt>
			<trkpt lat="12.98290591" lon="77.69212903">
				<ele>893.6</ele>
				<time>2026-07-28T16:13:34Z</time>
				<extensions>
					<ns3:TrackPointExtension>
						<ns3:speed>1.7</ns3:speed>
						<ns3:cad>81.0</ns3:cad>
						<ns3:hr>148</ns3:hr>
					</ns3:TrackPointExtension>
				</extensions>
			</trkpt>
			<trkpt lat="12.98289358" lon="77.69213769">
				<ele>893.61</ele>
				<time>2026-07-28T16:13:35Z</time>
				<extensions>
					<ns3:TrackPointExtension>
						<ns3:speed>1.7</ns3:speed>
						<ns3:cad>81.0</ns3:cad>
						<ns3:hr>149</ns3:hr>
					</ns3:TrackPointExtension>
				</extensions>
			</trkpt>
			<trkpt lat="12.98288058" lon="77.69214702">
				<ele>893.61</ele>
				<time>2026-07-28T16:13:36Z</time>
				<extensions>
					<ns3:TrackPointExtension>
						<ns3:speed>1.7</ns3:speed>
						<ns3:cad>81.0</ns3:cad>
						<ns3:hr>150</ns3:hr>
					</ns3:TrackPointExtension>
				</extensions>
			</trkpt>
			<trkpt lat="12.98286759" lon="77.69215568">
				<ele>893.62</ele>
				<time>2026-07-28T16:13:37Z</time>
				<extensions>
					<ns3:TrackPointExtension>
						<ns3:speed>1.7</ns3:speed>
						<ns3:cad>81.0</ns3:cad>
						<ns3:hr>150</ns3:hr>
					</ns3:TrackPointExtension>
				</extensions>
			</trkpt>
			<trkpt lat="12.98285459" lon="77.69216501">
				<ele>893.62</ele>
				<time>2026-07-28T16:13:38Z</time>
				<extensions>
					<ns3:TrackPointExtension>
						<ns3:speed>1.7</ns3:speed>
						<ns3:cad>80.0</ns3:cad>
						<ns3:hr>150</ns3:hr>
					</ns3:TrackPointExtension>
				</extensions>
			</trkpt>
			<trkpt lat="12.98284126" lon="77.69217467">
				<ele>893.63</ele>
				<time>2026-07-28T16:13:39Z</time>
				<extensions>
					<ns3:TrackPointExtension>
						<ns3:speed>1.7</ns3:speed>
						<ns3:cad>80.0</ns3:cad>
						<ns3:hr>150</ns3:hr>
					</ns3:TrackPointExtension>
				</extensions>
			</trkpt>
			<trkpt lat="12.98282793" lon="77.69218433">
				<ele>893.64</ele>
				<time>2026-07-28T16:13:40Z</time>
				<extensions>
					<ns3:TrackPointExtension>
						<ns3:speed>1.72</ns3:speed>
						<ns3:cad>80.0</ns3:cad>
						<ns3:hr>150</ns3:hr>
					</ns3:TrackPointExtension>
				</extensions>
			</trkpt>
			<trkpt lat="12.9828146" lon="77.69219566">
				<ele>893.65</ele>
				<time>2026-07-28T16:13:41Z</time>
				<extensions>
					<ns3:TrackPointExtension>
						<ns3:speed>1.72</ns3:speed>
						<ns3:cad>80.0</ns3:cad>
						<ns3:hr>150</ns3:hr>
					</ns3:TrackPointExtension>
				</extensions>
			</trkpt>
			<trkpt lat="12.98280261" lon="77.69220765">
				<ele>893.66</ele>
				<time>2026-07-28T16:13:42Z</time>
				<extensions>
					<ns3:TrackPointExtension>
						<ns3:speed>1.72</ns3:speed>
						<ns3:cad>80.0</ns3:cad>
						<ns3:hr>150</ns3:hr>
					</ns3:TrackPointExtension>
				</extensions>
			</trkpt>
			<trkpt lat="12.98279095" lon="77.69221898">
				<ele>893.67</ele>
				<time>2026-07-28T16:13:43Z</time>
				<extensions>
					<ns3:TrackPointExtension>
						<ns3:speed>1.72</ns3:speed>
						<ns3:cad>81.0</ns3:cad>
						<ns3:hr>150</ns3:hr>
					</ns3:TrackPointExtension>
				</extensions>
			</trkpt>
			<trkpt lat="12.98277995" lon="77.69223097">
				<ele>893.69</ele>
				<time>2026-07-28T16:13:44Z</time>
				<extensions>
					<ns3:TrackPointExtension>
						<ns3:speed>1.73</ns3:speed>
						<ns3:cad>81.0</ns3:cad>
						<ns3:hr>151</ns3:hr>
					</ns3:TrackPointExtension>
				</extensions>
			</trkpt>
			<trkpt lat="12.98276929" lon="77.6922433">
				<ele>893.7</ele>
				<time>2026-07-28T16:13:45Z</time>
				<extensions>
					<ns3:TrackPointExtension>
						<ns3:speed>1.73</ns3:speed>
						<ns3:cad>81.0</ns3:cad>
						<ns3:hr>151</ns3:hr>
					</ns3:TrackPointExtension>
				</extensions>
			</trkpt>
			<trkpt lat="12.9827593" lon="77.69225696">
				<ele>893.72</ele>
				<time>2026-07-28T16:13:46Z</time>
				<extensions>
					<ns3:TrackPointExtension>
						<ns3:speed>1.73</ns3:speed>
						<ns3:cad>81.0</ns3:cad>
						<ns3:hr>151</ns3:hr>
					</ns3:TrackPointExtension>
				</extensions>
			</trkpt>
			<trkpt lat="12.9827503" lon="77.69227095">
				<ele>893.73</ele>
				<time>2026-07-28T16:13:47Z</time>
				<extensions>
					<ns3:TrackPointExtension>
						<ns3:speed>1.73</ns3:speed>
						<ns3:cad>81.0</ns3:cad>
						<ns3:hr>151</ns3:hr>
					</ns3:TrackPointExtension>
				</extensions>
			</trkpt>
			<trkpt lat="12.98274197" lon="77.69228628">
				<ele>893.75</ele>
				<time>2026-07-28T16:13:48Z</time>
				<extensions>
					<ns3:TrackPointExtension>
						<ns3:speed>1.73</ns3:speed>
						<ns3:cad>81.0</ns3:cad>
						<ns3:hr>151</ns3:hr>
					</ns3:TrackPointExtension>
				</extensions>
			</trkpt>
			<trkpt lat="12.98273531" lon="77.69230127">
				<ele>893.76</ele>
				<time>2026-07-28T16:13:49Z</time>
				<extensions>
					<ns3:TrackPointExtension>
						<ns3:speed>1.74</ns3:speed>
						<ns3:cad>81.0</ns3:cad>
						<ns3:hr>151</ns3:hr>
					</ns3:TrackPointExtension>
				</extensions>
			</trkpt>
			<trkpt lat="12.98272898" lon="77.69231627">
				<ele>893.78</ele>
				<time>2026-07-28T16:13:50Z</time>
				<extensions>
					<ns3:TrackPointExtension>
						<ns3:speed>1.75</ns3:speed>
						<ns3:cad>81.0</ns3:cad>
						<ns3:hr>151</ns3:hr>
					</ns3:TrackPointExtension>
				</extensions>
			</trkpt>
			<trkpt lat="12.98272265" lon="77.6923316">
				<ele>893.79</ele>
				<time>2026-07-28T16:13:51Z</time>
				<extensions>
					<ns3:TrackPointExtension>
						<ns3:speed>1.75</ns3:speed>
						<ns3:cad>81.0</ns3:cad>
						<ns3:hr>151</ns3:hr>
					</ns3:TrackPointExtension>
				</extensions>
			</trkpt>
			<trkpt lat="12.98271565" lon="77.69234559">
				<ele>893.8</ele>
				<time>2026-07-28T16:13:52Z</time>
				<extensions>
					<ns3:TrackPointExtension>
						<ns3:speed>1.75</ns3:speed>
						<ns3:cad>81.0</ns3:cad>
						<ns3:hr>151</ns3:hr>
					</ns3:TrackPointExtension>
				</extensions>
			</trkpt>
			<trkpt lat="12.98270732" lon="77.69235892">
				<ele>893.81</ele>
				<time>2026-07-28T16:13:53Z</time>
				<extensions>
					<ns3:TrackPointExtension>
						<ns3:speed>1.75</ns3:speed>
						<ns3:cad>81.0</ns3:cad>
						<ns3:hr>151</ns3:hr>
					</ns3:TrackPointExtension>
				</extensions>
			</trkpt>
			<trkpt lat="12.98269766" lon="77.69237158">
				<ele>893.82</ele>
				<time>2026-07-28T16:13:54Z</time>
				<extensions>
					<ns3:TrackPointExtension>
						<ns3:speed>1.75</ns3:speed>
						<ns3:cad>81.0</ns3:cad>
						<ns3:hr>151</ns3:hr>
					</ns3:TrackPointExtension>
				</extensions>
			</trkpt>
			<trkpt lat="12.982686" lon="77.69238258">
				<ele>893.82</ele>
				<time>2026-07-28T16:13:55Z</time>
				<extensions>
					<ns3:TrackPointExtension>
						<ns3:speed>1.74</ns3:speed>
						<ns3:cad>81.0</ns3:cad>
						<ns3:hr>151</ns3:hr>
					</ns3:TrackPointExtension>
				</extensions>
			</trkpt>
			<trkpt lat="12.98267334" lon="77.69239024">
				<ele>893.83</ele>
				<time>2026-07-28T16:13:56Z</time>
				<extensions>
					<ns3:TrackPointExtension>
						<ns3:speed>1.73</ns3:speed>
						<ns3:cad>81.0</ns3:cad>
						<ns3:hr>151</ns3:hr>
					</ns3:TrackPointExtension>
				</extensions>
			</trkpt>
			<trkpt lat="12.98265935" lon="77.6923949">
				<ele>893.84</ele>
				<time>2026-07-28T16:13:57Z</time>
				<extensions>
					<ns3:TrackPointExtension>
						<ns3:speed>1.73</ns3:speed>
						<ns3:cad>81.0</ns3:cad>
						<ns3:hr>152</ns3:hr>
					</ns3:TrackPointExtension>
				</extensions>
			</trkpt>
			<trkpt lat="12.98264569" lon="77.69239723">
				<ele>893.84</ele>
				<time>2026-07-28T16:13:58Z</time>
				<extensions>
					<ns3:TrackPointExtension>
						<ns3:speed>1.73</ns3:speed>
						<ns3:cad>81.0</ns3:cad>
						<ns3:hr>152</ns3:hr>
					</ns3:TrackPointExtension>
				</extensions>
			</trkpt>
			<trkpt lat="12.98263169" lon="77.69239723">
				<ele>893.84</ele>
				<time>2026-07-28T16:13:59Z</time>
				<extensions>
					<ns3:TrackPointExtension>
						<ns3:speed>1.73</ns3:speed>
						<ns3:cad>81.0</ns3:cad>
						<ns3:hr>153</ns3:hr>
					</ns3:TrackPointExtension>
				</extensions>
			</trkpt>
			<trkpt lat="12.98261703" lon="77.6923959">
				<ele>893.85</ele>
				<time>2026-07-28T16:14:00Z</time>
				<extensions>
					<ns3:TrackPointExtension>
						<ns3:speed>1.73</ns3:speed>
						<ns3:cad>81.0</ns3:cad>
						<ns3:hr>153</ns3:hr>
					</ns3:TrackPointExtension>
				</extensions>
			</trkpt>
			<trkpt lat="12.9826027" lon="77.69239457">
				<ele>893.85</ele>
				<time>2026-07-28T16:14:01Z</time>
				<extensions>
					<ns3:TrackPointExtension>
						<ns3:speed>1.71</ns3:speed>
						<ns3:cad>81.0</ns3:cad>
						<ns3:hr>153</ns3:hr>
					</ns3:TrackPointExtension>
				</extensions>
			</trkpt>
			<trkpt lat="12.98258804" lon="77.69239224">
				<ele>893.86</ele>
				<time>2026-07-28T16:14:02Z</time>
				<extensions>
					<ns3:TrackPointExtension>
						<ns3:speed>1.7</ns3:speed>
						<ns3:cad>81.0</ns3:cad>
						<ns3:hr>152</ns3:hr>
					</ns3:TrackPointExtension>
				</extensions>
			</trkpt>
			<trkpt lat="12.98257471" lon="77.69239091">
				<ele>893.86</ele>
				<time>2026-07-28T16:14:03Z</time>
				<extensions>
					<ns3:TrackPointExtension>
						<ns3:speed>1.69</ns3:speed>
						<ns3:cad>81.0</ns3:cad>
						<ns3:hr>152</ns3:hr>
					</ns3:TrackPointExtension>
				</extensions>
			</trkpt>
			<trkpt lat="12.98256071" lon="77.69238958">
				<ele>893.87</ele>
				<time>2026-07-28T16:14:04Z</time>
				<extensions>
					<ns3:TrackPointExtension>
						<ns3:speed>1.68</ns3:speed>
						<ns3:cad>81.0</ns3:cad>
						<ns3:hr>151</ns3:hr>
					</ns3:TrackPointExtension>
				</extensions>
			</trkpt>
			<trkpt lat="12.98254638" lon="77.69238792">
				<ele>893.87</ele>
				<time>2026-07-28T16:14:05Z</time>
				<extensions>
					<ns3:TrackPointExtension>
					</ns3:TrackPointExtension>
				</extensions>
			</trkpt>
			<trkpt lat="12.98253172" lon="77.69238759">
				<ele>893.87</ele>
				<time>2026-07-28T16:14:06Z</time>
				<extensions>
					<ns3:TrackPointExtension>
						<ns3:speed>1.67</ns3:speed>
						<ns3:cad>81.0</ns3:cad>
						<ns3:hr>151</ns3:hr>
					</ns3:TrackPointExtension>
				</extensions>
			</trkpt>
			<trkpt lat="12.98251839" lon="77.69238693">
				<ele>893.87</ele>
				<time>2026-07-28T16:14:07Z</time>
				<extensions>
					<ns3:TrackPointExtension>
						<ns3:hr>151</ns3:hr>
					</ns3:TrackPointExtension>
				</extensions>
			</trkpt>
			<trkpt lat="12.98250506" lon="77.69238693">
				<ele>893.89</ele>
				<time>2026-07-28T16:14:08Z</time>
				<extensions>
					<ns3:TrackPointExtension>
						<ns3:speed>1.67</ns3:speed>
						<ns3:cad>79.0</ns3:cad>
					</ns3:TrackPointExtension>
				</extensions>
			</trkpt>
			<trkpt lat="12.9824914" lon="77.69238826">
				<ele>893.89</ele>
				<time>2026-07-28T16:14:09Z</time>
				<extensions>
					<ns3:TrackPointExtension>
						<ns3:speed>1.67</ns3:speed>
						<ns3:cad>79.0</ns3:cad>
						<ns3:hr>150</ns3:hr>
					</ns3:TrackPointExtension>
				</extensions>
			</trkpt>
			<trkpt lat="12.98247674" lon="77.69238992">
				<ele>893.9</ele>
				<time>2026-07-28T16:14:10Z</time>
				<extensions>
					<ns3:TrackPointExtension>
						<ns3:speed>1.67</ns3:speed>
						<ns3:cad>79.0</ns3:cad>
						<ns3:hr>150</ns3:hr>
					</ns3:TrackPointExtension>
				</extensions>
			</trkpt>
			<trkpt lat="12.98246208" lon="77.69238992">
				<ele>893.91</ele>
				<time>2026-07-28T16:14:11Z</time>
				<extensions>
					<ns3:TrackPointExtension>
						<ns3:speed>1.66</ns3:speed>
						<ns3:cad>80.0</ns3:cad>
						<ns3:hr>150</ns3:hr>
					</ns3:TrackPointExtension>
				</extensions>
			</trkpt>
			<trkpt lat="12.98244709" lon="77.69239025">
				<ele>893.92</ele>
				<time>2026-07-28T16:14:12Z</time>
				<extensions>
					<ns3:TrackPointExtension>
						<ns3:speed>1.66</ns3:speed>
						<ns3:cad>80.0</ns3:cad>
						<ns3:hr>150</ns3:hr>
					</ns3:TrackPointExtension>
				</extensions>
			</trkpt>
			<trkpt lat="12.98243276" lon="77.69239025">
				<ele>893.93</ele>
				<time>2026-07-28T16:14:13Z</time>
				<extensions>
					<ns3:TrackPointExtension>
						<ns3:speed>1.66</ns3:speed>
						<ns3:cad>80.0</ns3:cad>
						<ns3:hr>150</ns3:hr>
					</ns3:TrackPointExtension>
				</extensions>
			</trkpt>
			<trkpt lat="12.98241843" lon="77.69239025">
				<ele>893.94</ele>
				<time>2026-07-28T16:14:14Z</time>
				<extensions>
					<ns3:TrackPointExtension>
						<ns3:speed>1.66</ns3:speed>
						<ns3:cad>80.0</ns3:cad>
						<ns3:hr>150</ns3:hr>
					</ns3:TrackPointExtension>
				</extensions>
			</trkpt>
			<trkpt lat="12.98240377" lon="77.69238992">
				<ele>893.95</ele>
				<time>2026-07-28T16:14:15Z</time>
				<extensions>
					<ns3:TrackPointExtension>
						<ns3:speed>1.66</ns3:speed>
						<ns3:cad>80.0</ns3:cad>
						<ns3:hr>150</ns3:hr>
					</ns3:TrackPointExtension>
				</extensions>
			</trkpt>
			<trkpt lat="12.98238878" lon="77.69238859">
				<ele>893.96</ele>
				<time>2026-07-28T16:14:16Z</time>
				<extensions>
					<ns3:TrackPointExtension>
						<ns3:speed>1.66</ns3:speed>
						<ns3:cad>80.0</ns3:cad>
						<ns3:hr>150</ns3:hr>
					</ns3:TrackPointExtension>
				</extensions>
			</trkpt>
			<trkpt lat="12.98237412" lon="77.69238559">
				<ele>893.98</ele>
				<time>2026-07-28T16:14:17Z</time>
				<extensions>
					<ns3:TrackPointExtension>
						<ns3:speed>1.66</ns3:speed>
						<ns3:cad>81.0</ns3:cad>
						<ns3:hr>150</ns3:hr>
					</ns3:TrackPointExtension>
				</extensions>
			</trkpt>
			<trkpt lat="12.98235846" lon="77.69238093">
				<ele>893.99</ele>
				<time>2026-07-28T16:14:18Z</time>
				<extensions>
					<ns3:TrackPointExtension>
						<ns3:speed>1.66</ns3:speed>
						<ns3:cad>81.0</ns3:cad>
						<ns3:hr>150</ns3:hr>
					</ns3:TrackPointExtension>
				</extensions>
			</trkpt>
			<trkpt lat="12.98234513" lon="77.69237393">
				<ele>894.01</ele>
				<time>2026-07-28T16:14:19Z</time>
				<extensions>
					<ns3:TrackPointExtension>
						<ns3:speed>1.67</ns3:speed>
						<ns3:cad>81.0</ns3:cad>
						<ns3:hr>150</ns3:hr>
					</ns3:TrackPointExtension>
				</extensions>
			</trkpt>
			<trkpt lat="12.98233213" lon="77.69236594">
				<ele>894.03</ele>
				<time>2026-07-28T16:14:20Z</time>
				<extensions>
					<ns3:TrackPointExtension>
						<ns3:speed>1.67</ns3:speed>
						<ns3:cad>81.0</ns3:cad>
						<ns3:hr>151</ns3:hr>
					</ns3:TrackPointExtension>
				</extensions>
			</trkpt>
			<trkpt lat="12.98232014" lon="77.69235728">
				<ele>894.04</ele>
				<time>2026-07-28T16:14:21Z</time>
				<extensions>
					<ns3:TrackPointExtension>
						<ns3:speed>1.68</ns3:speed>
						<ns3:cad>81.0</ns3:cad>
						<ns3:hr>151</ns3:hr>
					</ns3:TrackPointExtension>
				</extensions>
			</trkpt>
			<trkpt lat="12.98230881" lon="77.69234729">
				<ele>894.06</ele>
				<time>2026-07-28T16:14:22Z</time>
				<extensions>
					<ns3:TrackPointExtension>
						<ns3:speed>1.67</ns3:speed>
						<ns3:cad>81.0</ns3:cad>
						<ns3:hr>151</ns3:hr>
					</ns3:TrackPointExtension>
				</extensions>
			</trkpt>
			<trkpt lat="12.98229848" lon="77.69233596">
				<ele>894.07</ele>
				<time>2026-07-28T16:14:23Z</time>
				<extensions>
					<ns3:TrackPointExtension>
						<ns3:speed>1.67</ns3:speed>
						<ns3:cad>81.0</ns3:cad>
						<ns3:hr>152</ns3:hr>
					</ns3:TrackPointExtension>
				</extensions>
			</trkpt>
			<trkpt lat="12.98228849" lon="77.69232263">
				<ele>894.09</ele>
				<time>2026-07-28T16:14:24Z</time>
				<extensions>
					<ns3:TrackPointExtension>
						<ns3:speed>1.67</ns3:speed>
						<ns3:cad>80.0</ns3:cad>
						<ns3:hr>153</ns3:hr>
					</ns3:TrackPointExtension>
				</extensions>
			</trkpt>
			<trkpt lat="12.98228016" lon="77.6923093">
				<ele>894.1</ele>
				<time>2026-07-28T16:14:25Z</time>
				<extensions>
					<ns3:TrackPointExtension>
						<ns3:speed>1.67</ns3:speed>
						<ns3:cad>80.0</ns3:cad>
						<ns3:hr>152</ns3:hr>
					</ns3:TrackPointExtension>
				</extensions>
			</trkpt>
			<trkpt lat="12.98227283" lon="77.69229664">
				<ele>894.12</ele>
				<time>2026-07-28T16:14:26Z</time>
				<extensions>
					<ns3:TrackPointExtension>
						<ns3:speed>1.67</ns3:speed>
						<ns3:cad>80.0</ns3:cad>
						<ns3:hr>152</ns3:hr>
					</ns3:TrackPointExtension>
				</extensions>
			</trkpt>
			<trkpt lat="12.98226484" lon="77.69228364">
				<ele>894.13</ele>
				<time>2026-07-28T16:14:27Z</time>
				<extensions>
					<ns3:TrackPointExtension>
						<ns3:speed>1.66</ns3:speed>
						<ns3:cad>80.0</ns3:cad>
						<ns3:hr>152</ns3:hr>
					</ns3:TrackPointExtension>
				</extensions>
			</trkpt>
			<trkpt lat="12.98225684" lon="77.69227098">
				<ele>894.14</ele>
				<time>2026-07-28T16:14:28Z</time>
				<extensions>
					<ns3:TrackPointExtension>
						<ns3:speed>1.65</ns3:speed>
						<ns3:cad>81.0</ns3:cad>
						<ns3:hr>152</ns3:hr>
					</ns3:TrackPointExtension>
				</extensions>
			</trkpt>
			<trkpt lat="12.98224885" lon="77.69225899">
				<ele>894.15</ele>
				<time>2026-07-28T16:14:29Z</time>
				<extensions>
					<ns3:TrackPointExtension>
						<ns3:speed>1.64</ns3:speed>
						<ns3:cad>81.0</ns3:cad>
						<ns3:hr>152</ns3:hr>
					</ns3:TrackPointExtension>
				</extensions>
			</trkpt>
			<trkpt lat="12.98223919" lon="77.69224633">
				<ele>894.16</ele>
				<time>2026-07-28T16:14:30Z</time>
				<extensions>
					<ns3:TrackPointExtension>
						<ns3:speed>1.63</ns3:speed>
						<ns3:cad>81.0</ns3:cad>
						<ns3:hr>153</ns3:hr>
					</ns3:TrackPointExtension>
				</extensions>
			</trkpt>
			<trkpt lat="12.98222886" lon="77.692234">
				<ele>894.17</ele>
				<time>2026-07-28T16:14:31Z</time>
				<extensions>
					<ns3:TrackPointExtension>
						<ns3:speed>1.62</ns3:speed>
						<ns3:cad>80.0</ns3:cad>
						<ns3:hr>154</ns3:hr>
					</ns3:TrackPointExtension>
				</extensions>
			</trkpt>
			<trkpt lat="12.98221787" lon="77.69222201">
				<ele>894.18</ele>
				<time>2026-07-28T16:14:32Z</time>
				<extensions>
					<ns3:TrackPointExtension>
						<ns3:speed>1.62</ns3:speed>
						<ns3:cad>80.0</ns3:cad>
						<ns3:hr>154</ns3:hr>
					</ns3:TrackPointExtension>
				</extensions>
			</trkpt>
			<trkpt lat="12.98220721" lon="77.69221035">
				<ele>894.18</ele>
				<time>2026-07-28T16:14:33Z</time>
				<extensions>
					<ns3:TrackPointExtension>
						<ns3:speed>1.62</ns3:speed>
						<ns3:cad>80.0</ns3:cad>
						<ns3:hr>154</ns3:hr>
					</ns3:TrackPointExtension>
				</extensions>
			</trkpt>
			<trkpt lat="12.98219721" lon="77.69219769">
				<ele>894.19</ele>
				<time>2026-07-28T16:14:34Z</time>
				<extensions>
					<ns3:TrackPointExtension>
						<ns3:speed>1.62</ns3:speed>
						<ns3:cad>80.0</ns3:cad>
						<ns3:hr>154</ns3:hr>
					</ns3:TrackPointExtension>
				</extensions>
			</trkpt>
			<trkpt lat="12.98218688" lon="77.69218636">
				<ele>894.2</ele>
				<time>2026-07-28T16:14:35Z</time>
				<extensions>
					<ns3:TrackPointExtension>
						<ns3:speed>1.62</ns3:speed>
						<ns3:cad>79.0</ns3:cad>
						<ns3:hr>154</ns3:hr>
					</ns3:TrackPointExtension>
				</extensions>
			</trkpt>
			<trkpt lat="12.98217688" lon="77.6921747">
				<ele>894.2</ele>
				<time>2026-07-28T16:14:36Z</time>
				<extensions>
					<ns3:TrackPointExtension>
						<ns3:speed>1.62</ns3:speed>
						<ns3:cad>79.0</ns3:cad>
						<ns3:hr>154</ns3:hr>
					</ns3:TrackPointExtension>
				</extensions>
			</trkpt>
			<trkpt lat="12.98216689" lon="77.69216337">
				<ele>894.2</ele>
				<time>2026-07-28T16:14:37Z</time>
				<extensions>
					<ns3:TrackPointExtension>
						<ns3:speed>1.62</ns3:speed>
						<ns3:cad>78.0</ns3:cad>
						<ns3:hr>155</ns3:hr>
					</ns3:TrackPointExtension>
				</extensions>
			</trkpt>
			<trkpt lat="12.9821589" lon="77.69215271">
				<ele>894.2</ele>
				<time>2026-07-28T16:14:38Z</time>
				<extensions>
					<ns3:TrackPointExtension>
						<ns3:speed>1.62</ns3:speed>
						<ns3:cad>78.0</ns3:cad>
						<ns3:hr>156</ns3:hr>
					</ns3:TrackPointExtension>
				</extensions>
			</trkpt>
			<trkpt lat="12.98215057" lon="77.69214138">
				<ele>894.21</ele>
				<time>2026-07-28T16:14:39Z</time>
				<extensions>
					<ns3:TrackPointExtension>
						<ns3:speed>1.62</ns3:speed>
						<ns3:cad>78.0</ns3:cad>
						<ns3:hr>156</ns3:hr>
					</ns3:TrackPointExtension>
				</extensions>
			</trkpt>
			<trkpt lat="12.98214157" lon="77.69212972">
				<ele>894.21</ele>
				<time>2026-07-28T16:14:40Z</time>
				<extensions>
					<ns3:TrackPointExtension>
						<ns3:speed>1.62</ns3:speed>
						<ns3:cad>78.0</ns3:cad>
						<ns3:hr>156</ns3:hr>
					</ns3:TrackPointExtension>
				</extensions>
			</trkpt>
			<trkpt lat="12.98213224" lon="77.69211739">
				<ele>894.21</ele>
				<time>2026-07-28T16:14:41Z</time>
				<extensions>
					<ns3:TrackPointExtension>
						<ns3:speed>1.62</ns3:speed>
						<ns3:cad>78.0</ns3:cad>
						<ns3:hr>156</ns3:hr>
					</ns3:TrackPointExtension>
				</extensions>
			</trkpt>
			<trkpt lat="12.98212225" lon="77.69210473">
				<ele>894.22</ele>
				<time>2026-07-28T16:14:42Z</time>
				<extensions>
					<ns3:TrackPointExtension>
						<ns3:speed>1.62</ns3:speed>
						<ns3:cad>78.0</ns3:cad>
						<ns3:hr>158</ns3:hr>
					</ns3:TrackPointExtension>
				</extensions>
			</trkpt>
			<trkpt lat="12.98211259" lon="77.69209274">
				<ele>894.22</ele>
				<time>2026-07-28T16:14:43Z</time>
				<extensions>
					<ns3:TrackPointExtension>
						<ns3:speed>1.62</ns3:speed>
						<ns3:cad>78.0</ns3:cad>
						<ns3:hr>159</ns3:hr>
					</ns3:TrackPointExtension>
				</extensions>
			</trkpt>
			<trkpt lat="12.98210293" lon="77.69208075">
				<ele>894.23</ele>
				<time>2026-07-28T16:14:44Z</time>
				<extensions>
					<ns3:TrackPointExtension>
						<ns3:speed>1.63</ns3:speed>
						<ns3:cad>78.0</ns3:cad>
						<ns3:hr>159</ns3:hr>
					</ns3:TrackPointExtension>
				</extensions>
			</trkpt>
			<trkpt lat="12.98209327" lon="77.69206876">
				<ele>894.24</ele>
				<time>2026-07-28T16:14:45Z</time>
				<extensions>
					<ns3:TrackPointExtension>
						<ns3:speed>1.63</ns3:speed>
						<ns3:cad>80.0</ns3:cad>
						<ns3:hr>158</ns3:hr>
					</ns3:TrackPointExtension>
				</extensions>
			</trkpt>
			<trkpt lat="12.98208327" lon="77.69205843">
				<ele>894.25</ele>
				<time>2026-07-28T16:14:46Z</time>
				<extensions>
					<ns3:TrackPointExtension>
						<ns3:speed>1.64</ns3:speed>
						<ns3:cad>82.0</ns3:cad>
						<ns3:hr>159</ns3:hr>
					</ns3:TrackPointExtension>
				</extensions>
			</trkpt>
			<trkpt lat="12.98207194" lon="77.69204877">
				<ele>894.25</ele>
				<time>2026-07-28T16:14:47Z</time>
				<extensions>
					<ns3:TrackPointExtension>
						<ns3:speed>1.64</ns3:speed>
						<ns3:cad>82.0</ns3:cad>
						<ns3:hr>158</ns3:hr>
					</ns3:TrackPointExtension>
				</extensions>
			</trkpt>
			<trkpt lat="12.98206128" lon="77.69203877">
				<ele>894.26</ele>
				<time>2026-07-28T16:14:48Z</time>
				<extensions>
					<ns3:TrackPointExtension>
						<ns3:speed>1.64</ns3:speed>
						<ns3:cad>82.0</ns3:cad>
						<ns3:hr>159</ns3:hr>
					</ns3:TrackPointExtension>
				</extensions>
			</trkpt>
			<trkpt lat="12.98205028" lon="77.69203044">
				<ele>894.26</ele>
				<time>2026-07-28T16:14:49Z</time>
				<extensions>
					<ns3:TrackPointExtension>
						<ns3:speed>1.64</ns3:speed>
						<ns3:cad>82.0</ns3:cad>
						<ns3:hr>159</ns3:hr>
					</ns3:TrackPointExtension>
				</extensions>
			</trkpt>
			<trkpt lat="12.98203862" lon="77.69202478">
				<ele>894.27</ele>
				<time>2026-07-28T16:14:50Z</time>
				<extensions>
					<ns3:TrackPointExtension>
						<ns3:speed>1.62</ns3:speed>
						<ns3:cad>81.0</ns3:cad>
						<ns3:hr>157</ns3:hr>
					</ns3:TrackPointExtension>
				</extensions>
			</trkpt>
			<trkpt lat="12.98202729" lon="77.69201912">
				<ele>894.27</ele>
				<time>2026-07-28T16:14:51Z</time>
				<extensions>
					<ns3:TrackPointExtension>
						<ns3:speed>1.59</ns3:speed>
						<ns3:cad>80.0</ns3:cad>
						<ns3:hr>156</ns3:hr>
					</ns3:TrackPointExtension>
				</extensions>
			</trkpt>
			<trkpt lat="12.98201563" lon="77.69201246">
				<ele>894.27</ele>
				<time>2026-07-28T16:14:52Z</time>
				<extensions>
					<ns3:TrackPointExtension>
						<ns3:speed>1.56</ns3:speed>
						<ns3:cad>79.0</ns3:cad>
						<ns3:hr>154</ns3:hr>
					</ns3:TrackPointExtension>
				</extensions>
			</trkpt>
			<trkpt lat="12.9820063" lon="77.6920038">
				<ele>894.28</ele>
				<time>2026-07-28T16:14:53Z</time>
				<extensions>
					<ns3:TrackPointExtension>
						<ns3:speed>1.52</ns3:speed>
						<ns3:cad>78.0</ns3:cad>
						<ns3:hr>154</ns3:hr>
					</ns3:TrackPointExtension>
				</extensions>
			</trkpt>
			<trkpt lat="12.9820053" lon="77.69186647">
				<ele>894.28</ele>
				<time>2026-07-28T16:15:05Z</time>
				<extensions>
					<ns3:TrackPointExtension>
					</ns3:TrackPointExtension>
				</extensions>
			</trkpt>
			<trkpt lat="12.98200996" lon="77.69185547">
				<ele>894.2</ele>
				<time>2026-07-28T16:15:06Z</time>
				<extensions>
					<ns3:TrackPointExtension>
						<ns3:speed>0.88</ns3:speed>
						<ns3:cad>50.0</ns3:cad>
						<ns3:hr>146</ns3:hr>
					</ns3:TrackPointExtension>
				</extensions>
			</trkpt>
			<trkpt lat="12.98201396" lon="77.69184481">
				<ele>894.19</ele>
				<time>2026-07-28T16:15:07Z</time>
				<extensions>
					<ns3:TrackPointExtension>
						<ns3:speed>0.89</ns3:speed>
						<ns3:cad>49.0</ns3:cad>
						<ns3:hr>145</ns3:hr>
					</ns3:TrackPointExtension>
				</extensions>
			</trkpt>
			<trkpt lat="12.98201962" lon="77.69183282">
				<ele>894.17</ele>
				<time>2026-07-28T16:15:08Z</time>
				<extensions>
					<ns3:TrackPointExtension>
						<ns3:speed>0.89</ns3:speed>
						<ns3:cad>49.0</ns3:cad>
						<ns3:hr>145</ns3:hr>
					</ns3:TrackPointExtension>
				</extensions>
			</trkpt>
			<trkpt lat="12.98202595" lon="77.69181949">
				<ele>894.15</ele>
				<time>2026-07-28T16:15:09Z</time>
				<extensions>
					<ns3:TrackPointExtension>
						<ns3:speed>1.02</ns3:speed>
						<ns3:cad>49.0</ns3:cad>
						<ns3:hr>145</ns3:hr>
					</ns3:TrackPointExtension>
				</extensions>
			</trkpt>
			<trkpt lat="12.98203161" lon="77.6918075">
				<ele>894.14</ele>
				<time>2026-07-28T16:15:10Z</time>
				<extensions>
					<ns3:TrackPointExtension>
						<ns3:speed>1.13</ns3:speed>
						<ns3:cad>49.0</ns3:cad>
						<ns3:hr>145</ns3:hr>
					</ns3:TrackPointExtension>
				</extensions>
			</trkpt>
			<trkpt lat="12.9820396" lon="77.69179217">
				<ele>894.12</ele>
				<time>2026-07-28T16:15:11Z</time>
				<extensions>
					<ns3:TrackPointExtension>
						<ns3:speed>1.22</ns3:speed>
						<ns3:cad>49.0</ns3:cad>
						<ns3:hr>143</ns3:hr>
					</ns3:TrackPointExtension>
				</extensions>
			</trkpt>
			<trkpt lat="12.98204726" lon="77.69177651">
				<ele>894.11</ele>
				<time>2026-07-28T16:15:12Z</time>
				<extensions>
					<ns3:TrackPointExtension>
						<ns3:speed>1.6</ns3:speed>
						<ns3:cad>50.0</ns3:cad>
						<ns3:hr>143</ns3:hr>
					</ns3:TrackPointExtension>
				</extensions>
			</trkpt>
			<trkpt lat="12.98205426" lon="77.69176085">
				<ele>894.09</ele>
				<time>2026-07-28T16:15:13Z</time>
				<extensions>
					<ns3:TrackPointExtension>
						<ns3:speed>1.66</ns3:speed>
						<ns3:cad>80.0</ns3:cad>
						<ns3:hr>143</ns3:hr>
					</ns3:TrackPointExtension>
				</extensions>
			</trkpt>
			<trkpt lat="12.98206192" lon="77.69174486">
				<ele>894.08</ele>
				<time>2026-07-28T16:15:14Z</time>
				<extensions>
					<ns3:TrackPointExtension>
						<ns3:speed>1.72</ns3:speed>
						<ns3:cad>81.0</ns3:cad>
						<ns3:hr>143</ns3:hr>
					</ns3:TrackPointExtension>
				</extensions>
			</trkpt>
			<trkpt lat="12.98206991" lon="77.69172787">
				<ele>894.07</ele>
				<time>2026-07-28T16:15:15Z</time>
				<extensions>
					<ns3:TrackPointExtension>
						<ns3:speed>1.83</ns3:speed>
						<ns3:cad>81.0</ns3:cad>
						<ns3:hr>143</ns3:hr>
					</ns3:TrackPointExtension>
				</extensions>
			</trkpt>
			<trkpt lat="12.98207657" lon="77.69171121">
				<ele>894.06</ele>
				<time>2026-07-28T16:15:16Z</time>
				<extensions>
					<ns3:TrackPointExtension>
						<ns3:speed>1.86</ns3:speed>
						<ns3:cad>81.0</ns3:cad>
						<ns3:hr>143</ns3:hr>
					</ns3:TrackPointExtension>
				</extensions>
			</trkpt>
			<trkpt lat="12.98208057" lon="77.69169455">
				<ele>894.05</ele>
				<time>2026-07-28T16:15:17Z</time>
				<extensions>
					<ns3:TrackPointExtension>
						<ns3:speed>1.86</ns3:speed>
						<ns3:cad>81.0</ns3:cad>
						<ns3:hr>143</ns3:hr>
					</ns3:TrackPointExtension>
				</extensions>
			</trkpt>
			<trkpt lat="12.98208024" lon="77.69167655">
				<ele>894.05</ele>
				<time>2026-07-28T16:15:18Z</time>
				<extensions>
					<ns3:TrackPointExtension>
						<ns3:speed>1.87</ns3:speed>
						<ns3:cad>81.0</ns3:cad>
						<ns3:hr>143</ns3:hr>
					</ns3:TrackPointExtension>
				</extensions>
			</trkpt>
			<trkpt lat="12.98208024" lon="77.69165756">
				<ele>894.05</ele>
				<time>2026-07-28T16:15:19Z</time>
				<extensions>
					<ns3:TrackPointExtension>
						<ns3:speed>1.87</ns3:speed>
						<ns3:cad>81.0</ns3:cad>
						<ns3:hr>142</ns3:hr>
					</ns3:TrackPointExtension>
				</extensions>
			</trkpt>
			<trkpt lat="12.98208157" lon="77.69164023">
				<ele>894.05</ele>
				<time>2026-07-28T16:15:20Z</time>
				<extensions>
					<ns3:TrackPointExtension>
						<ns3:speed>1.88</ns3:speed>
						<ns3:cad>81.0</ns3:cad>
						<ns3:hr>143</ns3:hr>
					</ns3:TrackPointExtension>
				</extensions>
			</trkpt>
			<trkpt lat="12.98208223" lon="77.69162124">
				<ele>894.05</ele>
				<time>2026-07-28T16:15:21Z</time>
				<extensions>
					<ns3:TrackPointExtension>
						<ns3:speed>1.89</ns3:speed>
						<ns3:cad>81.0</ns3:cad>
						<ns3:hr>142</ns3:hr>
					</ns3:TrackPointExtension>
				</extensions>
			</trkpt>
			<trkpt lat="12.98208522" lon="77.69160425">
				<ele>894.05</ele>
				<time>2026-07-28T16:15:22Z</time>
				<extensions>
					<ns3:TrackPointExtension>
						<ns3:speed>1.9</ns3:speed>
						<ns3:cad>81.0</ns3:cad>
						<ns3:hr>143</ns3:hr>
					</ns3:TrackPointExtension>
				</extensions>
			</trkpt>
			<trkpt lat="12.98208922" lon="77.69158892">
				<ele>894.06</ele>
				<time>2026-07-28T16:15:23Z</time>
				<extensions>
					<ns3:TrackPointExtension>
						<ns3:speed>1.9</ns3:speed>
						<ns3:cad>81.0</ns3:cad>
						<ns3:hr>143</ns3:hr>
					</ns3:TrackPointExtension>
				</extensions>
			</trkpt>
			<trkpt lat="12.98208822" lon="77.69156959">
				<ele>894.07</ele>
				<time>2026-07-28T16:15:24Z</time>
				<extensions>
					<ns3:TrackPointExtension>
						<ns3:speed>1.89</ns3:speed>
						<ns3:cad>81.0</ns3:cad>
						<ns3:hr>142</ns3:hr>
					</ns3:TrackPointExtension>
				</extensions>
			</trkpt>
			<trkpt lat="12.98208556" lon="77.69155226">
				<ele>894.07</ele>
				<time>2026-07-28T16:15:25Z</time>
				<extensions>
					<ns3:TrackPointExtension>
						<ns3:speed>1.88</ns3:speed>
						<ns3:cad>81.0</ns3:cad>
						<ns3:hr>142</ns3:hr>
					</ns3:TrackPointExtension>
				</extensions>
			</trkpt>
			<trkpt lat="12.9820819" lon="77.6915446">
				<ele>894.08</ele>
				<time>2026-07-28T16:15:26Z</time>
				<extensions>
					<ns3:TrackPointExtension>
						<ns3:speed>1.87</ns3:speed>
						<ns3:cad>80.0</ns3:cad>
						<ns3:hr>142</ns3:hr>
					</ns3:TrackPointExtension>
				</extensions>
			</trkpt>
			<trkpt lat="12.98207924" lon="77.69153327">
				<ele>894.09</ele>
				<time>2026-07-28T16:15:27Z</time>
				<extensions>
					<ns3:TrackPointExtension>
						<ns3:speed>1.85</ns3:speed>
						<ns3:cad>80.0</ns3:cad>
						<ns3:hr>142</ns3:hr>
					</ns3:TrackPointExtension>
				</extensions>
			</trkpt>
			<trkpt lat="12.98207425" lon="77.69151961">
				<ele>894.1</ele>
				<time>2026-07-28T16:15:28Z</time>
				<extensions>
					<ns3:TrackPointExtension>
						<ns3:speed>1.84</ns3:speed>
						<ns3:cad>80.0</ns3:cad>
						<ns3:hr>142</ns3:hr>
					</ns3:TrackPointExtension>
				</extensions>
			</trkpt>
			<trkpt lat="12.98207325" lon="77.69150961">
				<ele>894.12</ele>
				<time>2026-07-28T16:15:29Z</time>
				<extensions>
					<ns3:TrackPointExtension>
						<ns3:speed>1.83</ns3:speed>
						<ns3:cad>80.0</ns3:cad>
						<ns3:hr>141</ns3:hr>
					</ns3:TrackPointExtension>
				</extensions>
			</trkpt>
			<trkpt lat="12.98206925" lon="77.69149762">
				<ele>894.13</ele>
				<time>2026-07-28T16:15:30Z</time>
				<extensions>
					<ns3:TrackPointExtension>
						<ns3:speed>1.82</ns3:speed>
						<ns3:cad>80.0</ns3:cad>
						<ns3:hr>141</ns3:hr>
					</ns3:TrackPointExtension>
				</extensions>
			</trkpt>
			<trkpt lat="12.98206226" lon="77.69148496">
				<ele>894.16</ele>
				<time>2026-07-28T16:15:32Z</time>
				<extensions>
					<ns3:TrackPointExtension>
						<ns3:speed>1.81</ns3:speed>
						<ns3:cad>80.0</ns3:cad>
						<ns3:hr>142</ns3:hr>
					</ns3:TrackPointExtension>
				</extensions>
			</trkpt>
			<trkpt lat="12.98205326" lon="77.69147197">
				<ele>894.16</ele>
				<time>2026-07-28T16:15:32Z</time>
				<extensions>
					<ns3:TrackPointExtension>
						<ns3:speed>1.81</ns3:speed>
						<ns3:cad>80.0</ns3:cad>
						<ns3:hr>142</ns3:hr>
					</ns3:TrackPointExtension>
				</extensions>
			</trkpt>
			<trkpt lat="12.98204393" lon="77.69145898">
				<ele>894.18</ele>
				<time>2026-07-28T16:15:33Z</time>
				<extensions>
					<ns3:TrackPointExtension>
						<ns3:speed>1.81</ns3:speed>
						<ns3:cad>80.0</ns3:cad>
						<ns3:hr>142</ns3:hr>
					</ns3:TrackPointExtension>
				</extensions>
			</trkpt>
			<trkpt lat="12.9820346" lon="77.69144665">
				<ele>894.2</ele>
				<time>2026-07-28T16:15:34Z</time>
				<extensions>
					<ns3:TrackPointExtension>
						<ns3:speed>1.79</ns3:speed>
						<ns3:cad>80.0</ns3:cad>
						<ns3:hr>142</ns3:hr>
					</ns3:TrackPointExtension>
				</extensions>
			</trkpt>
			<trkpt lat="12.98202394" lon="77.69143432">
				<ele>894.21</ele>
				<time>2026-07-28T16:15:35Z</time>
				<extensions>
					<ns3:TrackPointExtension>
						<ns3:speed>1.76</ns3:speed>
						<ns3:cad>80.0</ns3:cad>
						<ns3:hr>142</ns3:hr>
					</ns3:TrackPointExtension>
				</extensions>
			</trkpt>
			<trkpt lat="12.98201328" lon="77.69142166">
				<ele>894.23</ele>
				<time>2026-07-28T16:15:36Z</time>
				<extensions>
					<ns3:TrackPointExtension>
						<ns3:speed>1.75</ns3:speed>
						<ns3:cad>80.0</ns3:cad>
						<ns3:hr>142</ns3:hr>
					</ns3:TrackPointExtension>
				</extensions>
			</trkpt>
			<trkpt lat="12.98200195" lon="77.69140933">
				<ele>894.24</ele>
				<time>2026-07-28T16:15:37Z</time>
				<extensions>
					<ns3:TrackPointExtension>
						<ns3:speed>1.75</ns3:speed>
						<ns3:cad>80.0</ns3:cad>
						<ns3:hr>142</ns3:hr>
					</ns3:TrackPointExtension>
				</extensions>
			</trkpt>
			<trkpt lat="12.98198996" lon="77.69139867">
				<ele>894.25</ele>
				<time>2026-07-28T16:15:38Z</time>
				<extensions>
					<ns3:TrackPointExtension>
						<ns3:speed>1.75</ns3:speed>
						<ns3:cad>80.0</ns3:cad>
						<ns3:hr>142</ns3:hr>
					</ns3:TrackPointExtension>
				</extensions>
			</trkpt>
			<trkpt lat="12.98197663" lon="77.69138834">
				<ele>894.26</ele>
				<time>2026-07-28T16:15:39Z</time>
				<extensions>
					<ns3:TrackPointExtension>
						<ns3:speed>1.75</ns3:speed>
						<ns3:cad>80.0</ns3:cad>
						<ns3:hr>142</ns3:hr>
					</ns3:TrackPointExtension>
				</extensions>
			</trkpt>
			<trkpt lat="12.9819613" lon="77.69138035">
				<ele>894.26</ele>
				<time>2026-07-28T16:15:40Z</time>
				<extensions>
					<ns3:TrackPointExtension>
						<ns3:speed>1.76</ns3:speed>
						<ns3:cad>81.0</ns3:cad>
						<ns3:hr>143</ns3:hr>
					</ns3:TrackPointExtension>
				</extensions>
			</trkpt>
			<trkpt lat="12.98194631" lon="77.69137202">
				<ele>894.26</ele>
				<time>2026-07-28T16:15:41Z</time>
				<extensions>
					<ns3:TrackPointExtension>
						<ns3:speed>1.76</ns3:speed>
						<ns3:cad>81.0</ns3:cad>
						<ns3:hr>144</ns3:hr>
					</ns3:TrackPointExtension>
				</extensions>
			</trkpt>
			<trkpt lat="12.98193165" lon="77.69136336">
				<ele>894.25</ele>
				<time>2026-07-28T16:15:42Z</time>
				<extensions>
					<ns3:TrackPointExtension>
						<ns3:speed>1.76</ns3:speed>
						<ns3:cad>81.0</ns3:cad>
						<ns3:hr>145</ns3:hr>
					</ns3:TrackPointExtension>
				</extensions>
			</trkpt>
			<trkpt lat="12.98191765" lon="77.69135536">
				<ele>894.25</ele>
				<time>2026-07-28T16:15:43Z</time>
				<extensions>
					<ns3:TrackPointExtension>
					</ns3:TrackPointExtension>
				</extensions>
			</trkpt>
			<trkpt lat="12.98190465" lon="77.6913457">
				<ele>894.23</ele>
				<time>2026-07-28T16:15:44Z</time>
				<extensions>
					<ns3:TrackPointExtension>
						<ns3:speed>1.77</ns3:speed>
						<ns3:cad>82.0</ns3:cad>
						<ns3:hr>144</ns3:hr>
					</ns3:TrackPointExtension>
				</extensions>
			</trkpt>
			<trkpt lat="12.98189566" lon="77.69133104">
				<ele>894.21</ele>
				<time>2026-07-28T16:15:45Z</time>
				<extensions>
					<ns3:TrackPointExtension>
						<ns3:speed>1.77</ns3:speed>
						<ns3:cad>82.0</ns3:cad>
						<ns3:hr>144</ns3:hr>
					</ns3:TrackPointExtension>
				</extensions>
			</trkpt>
			<trkpt lat="12.981886" lon="77.69131704">
				<ele>894.19</ele>
				<time>2026-07-28T16:15:46Z</time>
				<extensions>
					<ns3:TrackPointExtension>
						<ns3:speed>1.78</ns3:speed>
						<ns3:cad>82.0</ns3:cad>
						<ns3:hr>144</ns3:hr>
					</ns3:TrackPointExtension>
				</extensions>
			</trkpt>
			<trkpt lat="12.981879" lon="77.69130205">
				<ele>894.16</ele>
				<time>2026-07-28T16:15:47Z</time>
				<extensions>
					<ns3:TrackPointExtension>
						<ns3:speed>1.78</ns3:speed>
						<ns3:cad>81.0</ns3:cad>
						<ns3:hr>144</ns3:hr>
					</ns3:TrackPointExtension>
				</extensions>
			</trkpt>
			<trkpt lat="12.98187401" lon="77.69128572">
				<ele>894.14</ele>
				<time>2026-07-28T16:15:48Z</time>
				<extensions>
					<ns3:TrackPointExtension>
						<ns3:speed>1.79</ns3:speed>
						<ns3:cad>81.0</ns3:cad>
						<ns3:hr>145</ns3:hr>
					</ns3:TrackPointExtension>
				</extensions>
			</trkpt>
			<trkpt lat="12.98187135" lon="77.69126839">
				<ele>894.11</ele>
				<time>2026-07-28T16:15:49Z</time>
				<extensions>
					<ns3:TrackPointExtension>
						<ns3:speed>1.79</ns3:speed>
						<ns3:cad>81.0</ns3:cad>
						<ns3:hr>145</ns3:hr>
					</ns3:TrackPointExtension>
				</extensions>
			</trkpt>
			<trkpt lat="12.98187069" lon="77.6912514">
				<ele>894.08</ele>
				<time>2026-07-28T16:15:50Z</time>
				<extensions>
					<ns3:TrackPointExtension>
						<ns3:speed>1.8</ns3:speed>
						<ns3:cad>80.0</ns3:cad>
						<ns3:hr>145</ns3:hr>
					</ns3:TrackPointExtension>
				</extensions>
			</trkpt>
			<trkpt lat="12.98187235" lon="77.69123407">
				<ele>894.05</ele>
				<time>2026-07-28T16:15:51Z</time>
				<extensions>
					<ns3:TrackPointExtension>
						<ns3:speed>1.8</ns3:speed>
						<ns3:cad>81.0</ns3:cad>
						<ns3:hr>144</ns3:hr>
					</ns3:TrackPointExtension>
				</extensions>
			</trkpt>
			<trkpt lat="12.98187635" lon="77.69121708">
				<ele>894.02</ele>
				<time>2026-07-28T16:15:52Z</time>
				<extensions>
					<ns3:TrackPointExtension>
						<ns3:speed>1.81</ns3:speed>
						<ns3:cad>81.0</ns3:cad>
						<ns3:hr>145</ns3:hr>
					</ns3:TrackPointExtension>
				</extensions>
			</trkpt>
			<trkpt lat="12.98188168" lon="77.69119942">
				<ele>893.98</ele>
				<time>2026-07-28T16:15:53Z</time>
				<extensions>
					<ns3:TrackPointExtension>
						<ns3:speed>1.81</ns3:speed>
						<ns3:cad>81.0</ns3:cad>
						<ns3:hr>143</ns3:hr>
					</ns3:TrackPointExtension>
				</extensions>
			</trkpt>
			<trkpt lat="12.98188634" lon="77.69118076">
				<ele>893.95</ele>
				<time>2026-07-28T16:15:54Z</time>
				<extensions>
					<ns3:TrackPointExtension>
						<ns3:speed>1.83</ns3:speed>
						<ns3:cad>81.0</ns3:cad>
						<ns3:hr>144</ns3:hr>
					</ns3:TrackPointExtension>
				</extensions>
			</trkpt>
			<trkpt lat="12.981892" lon="77.69116277">
				<ele>893.91</ele>
				<time>2026-07-28T16:15:55Z</time>
				<extensions>
					<ns3:TrackPointExtension>
						<ns3:speed>1.84</ns3:speed>
						<ns3:cad>81.0</ns3:cad>
						<ns3:hr>144</ns3:hr>
					</ns3:TrackPointExtension>
				</extensions>
			</trkpt>
			<trkpt lat="12.98189733" lon="77.69114478">
				<ele>893.87</ele>
				<time>2026-07-28T16:15:56Z</time>
				<extensions>
					<ns3:TrackPointExtension>
						<ns3:speed>1.86</ns3:speed>
						<ns3:cad>81.0</ns3:cad>
						<ns3:hr>144</ns3:hr>
					</ns3:TrackPointExtension>
				</extensions>
			</trkpt>
			<trkpt lat="12.98190299" lon="77.69112745">
				<ele>893.83</ele>
				<time>2026-07-28T16:15:57Z</time>
				<extensions>
					<ns3:TrackPointExtension>
						<ns3:speed>1.87</ns3:speed>
						<ns3:cad>81.0</ns3:cad>
						<ns3:hr>144</ns3:hr>
					</ns3:TrackPointExtension>
				</extensions>
			</trkpt>
			<trkpt lat="12.98190932" lon="77.69110946">
				<ele>893.8</ele>
				<time>2026-07-28T16:15:58Z</time>
				<extensions>
					<ns3:TrackPointExtension>
						<ns3:speed>1.89</ns3:speed>
						<ns3:cad>81.0</ns3:cad>
						<ns3:hr>144</ns3:hr>
					</ns3:TrackPointExtension>
				</extensions>
			</trkpt>
			<trkpt lat="12.98191632" lon="77.69109213">
				<ele>893.77</ele>
				<time>2026-07-28T16:15:59Z</time>
				<extensions>
					<ns3:TrackPointExtension>
						<ns3:speed>1.89</ns3:speed>
						<ns3:cad>81.0</ns3:cad>
						<ns3:hr>145</ns3:hr>
					</ns3:TrackPointExtension>
				</extensions>
			</trkpt>
			<trkpt lat="12.98192265" lon="77.69107514">
				<ele>893.75</ele>
				<time>2026-07-28T16:16:00Z</time>
				<extensions>
					<ns3:TrackPointExtension>
						<ns3:speed>1.89</ns3:speed>
						<ns3:cad>81.0</ns3:cad>
						<ns3:hr>145</ns3:hr>
					</ns3:TrackPointExtension>
				</extensions>
			</trkpt>
			<trkpt lat="12.98192898" lon="77.69105848">
				<ele>893.73</ele>
				<time>2026-07-28T16:16:01Z</time>
				<extensions>
					<ns3:TrackPointExtension>
						<ns3:speed>1.89</ns3:speed>
						<ns3:cad>81.0</ns3:cad>
						<ns3:hr>147</ns3:hr>
					</ns3:TrackPointExtension>
				</extensions>
			</trkpt>
			<trkpt lat="12.98193531" lon="77.69104082">
				<ele>893.71</ele>
				<time>2026-07-28T16:16:02Z</time>
				<extensions>
					<ns3:TrackPointExtension>
						<ns3:speed>1.9</ns3:speed>
						<ns3:cad>81.0</ns3:cad>
						<ns3:hr>147</ns3:hr>
					</ns3:TrackPointExtension>
				</extensions>
			</trkpt>
			<trkpt lat="12.98194264" lon="77.69102349">
				<ele>893.69</ele>
				<time>2026-07-28T16:16:03Z</time>
				<extensions>
					<ns3:TrackPointExtension>
						<ns3:speed>1.9</ns3:speed>
						<ns3:cad>80.0</ns3:cad>
						<ns3:hr>147</ns3:hr>
					</ns3:TrackPointExtension>
				</extensions>
			</trkpt>
			<trkpt lat="12.98194897" lon="77.69100683">
				<ele>893.69</ele>
				<time>2026-07-28T16:16:04Z</time>
				<extensions>
					<ns3:TrackPointExtension>
						<ns3:speed>1.9</ns3:speed>
						<ns3:cad>80.0</ns3:cad>
						<ns3:hr>148</ns3:hr>
					</ns3:TrackPointExtension>
				</extensions>
			</trkpt>
			<trkpt lat="12.98195663" lon="77.69098984">
				<ele>893.68</ele>
				<time>2026-07-28T16:16:05Z</time>
				<extensions>
					<ns3:TrackPointExtension>
						<ns3:speed>1.91</ns3:speed>
						<ns3:cad>80.0</ns3:cad>
						<ns3:hr>148</ns3:hr>
					</ns3:TrackPointExtension>
				</extensions>
			</trkpt>
			<trkpt lat="12.98196396" lon="77.69097385">
				<ele>893.68</ele>
				<time>2026-07-28T16:16:06Z</time>
				<extensions>
					<ns3:TrackPointExtension>
						<ns3:speed>1.91</ns3:speed>
						<ns3:cad>80.0</ns3:cad>
						<ns3:hr>149</ns3:hr>
					</ns3:TrackPointExtension>
				</extensions>
			</trkpt>
			<trkpt lat="12.98197129" lon="77.69095752">
				<ele>893.68</ele>
				<time>2026-07-28T16:16:07Z</time>
				<extensions>
					<ns3:TrackPointExtension>
						<ns3:speed>1.91</ns3:speed>
						<ns3:cad>80.0</ns3:cad>
						<ns3:hr>149</ns3:hr>
					</ns3:TrackPointExtension>
				</extensions>
			</trkpt>
			<trkpt lat="12.98197729" lon="77.69094119">
				<ele>893.68</ele>
				<time>2026-07-28T16:16:08Z</time>
				<extensions>
					<ns3:TrackPointExtension>
						<ns3:speed>1.91</ns3:speed>
						<ns3:cad>81.0</ns3:cad>
						<ns3:hr>149</ns3:hr>
					</ns3:TrackPointExtension>
				</extensions>
			</trkpt>
			<trkpt lat="12.98198328" lon="77.69092586">
				<ele>893.68</ele>
				<time>2026-07-28T16:16:09Z</time>
				<extensions>
					<ns3:TrackPointExtension>
						<ns3:speed>1.91</ns3:speed>
						<ns3:cad>81.0</ns3:cad>
						<ns3:hr>149</ns3:hr>
					</ns3:TrackPointExtension>
				</extensions>
			</trkpt>
			<trkpt lat="12.98198861" lon="77.69091086">
				<ele>893.67</ele>
				<time>2026-07-28T16:16:10Z</time>
				<extensions>
					<ns3:TrackPointExtension>
						<ns3:speed>1.91</ns3:speed>
						<ns3:cad>81.0</ns3:cad>
						<ns3:hr>151</ns3:hr>
					</ns3:TrackPointExtension>
				</extensions>
			</trkpt>
			<trkpt lat="12.98199327" lon="77.6908942">
				<ele>893.67</ele>
				<time>2026-07-28T16:16:11Z</time>
				<extensions>
					<ns3:TrackPointExtension>
						<ns3:speed>1.9</ns3:speed>
						<ns3:cad>81.0</ns3:cad>
						<ns3:hr>151</ns3:hr>
					</ns3:TrackPointExtension>
				</extensions>
			</trkpt>
			<trkpt lat="12.9819986" lon="77.69087821">
				<ele>893.68</ele>
				<time>2026-07-28T16:16:12Z</time>
				<extensions>
					<ns3:TrackPointExtension>
						<ns3:speed>1.89</ns3:speed>
						<ns3:cad>81.0</ns3:cad>
						<ns3:hr>151</ns3:hr>
					</ns3:TrackPointExtension>
				</extensions>
			</trkpt>
			<trkpt lat="12.98200326" lon="77.69086221">
				<ele>893.68</ele>
				<time>2026-07-28T16:16:13Z</time>
				<extensions>
					<ns3:TrackPointExtension>
						<ns3:speed>1.87</ns3:speed>
						<ns3:cad>80.0</ns3:cad>
						<ns3:hr>151</ns3:hr>
					</ns3:TrackPointExtension>
				</extensions>
			</trkpt>
			<trkpt lat="12.98200592" lon="77.69084421">
				<ele>893.68</ele>
				<time>2026-07-28T16:16:14Z</time>
				<extensions>
					<ns3:TrackPointExtension>
						<ns3:speed>1.87</ns3:speed>
						<ns3:cad>80.0</ns3:cad>
						<ns3:hr>150</ns3:hr>
					</ns3:TrackPointExtension>
				</extensions>
			</trkpt>
			<trkpt lat="12.98200825" lon="77.69082622">
				<ele>893.69</ele>
				<time>2026-07-28T16:16:15Z</time>
				<extensions>
					<ns3:TrackPointExtension>
						<ns3:speed>1.87</ns3:speed>
						<ns3:cad>80.0</ns3:cad>
						<ns3:hr>150</ns3:hr>
					</ns3:TrackPointExtension>
				</extensions>
			</trkpt>
			<trkpt lat="12.98200958" lon="77.69080756">
				<ele>893.69</ele>
				<time>2026-07-28T16:16:16Z</time>
				<extensions>
					<ns3:TrackPointExtension>
						<ns3:speed>1.87</ns3:speed>
						<ns3:cad>80.0</ns3:cad>
						<ns3:hr>151</ns3:hr>
					</ns3:TrackPointExtension>
				</extensions>
			</trkpt>
			<trkpt lat="12.98201224" lon="77.69079057">
				<ele>893.7</ele>
				<time>2026-07-28T16:16:17Z</time>
				<extensions>
					<ns3:TrackPointExtension>
						<ns3:speed>1.87</ns3:speed>
						<ns3:cad>80.0</ns3:cad>
						<ns3:hr>151</ns3:hr>
					</ns3:TrackPointExtension>
				</extensions>
			</trkpt>
			<trkpt lat="12.9820159" lon="77.69077291">
				<ele>893.7</ele>
				<time>2026-07-28T16:16:18Z</time>
				<extensions>
					<ns3:TrackPointExtension>
						<ns3:speed>1.87</ns3:speed>
						<ns3:cad>81.0</ns3:cad>
						<ns3:hr>151</ns3:hr>
					</ns3:TrackPointExtension>
				</extensions>
			</trkpt>
			<trkpt lat="12.98201956" lon="77.69075492">
				<ele>893.71</ele>
				<time>2026-07-28T16:16:19Z</time>
				<extensions>
					<ns3:TrackPointExtension>
						<ns3:speed>1.87</ns3:speed>
						<ns3:cad>81.0</ns3:cad>
						<ns3:hr>152</ns3:hr>
					</ns3:TrackPointExtension>
				</extensions>
			</trkpt>
			<trkpt lat="12.98202422" lon="77.69073826">
				<ele>893.72</ele>
				<time>2026-07-28T16:16:20Z</time>
				<extensions>
					<ns3:TrackPointExtension>
						<ns3:speed>1.86</ns3:speed>
						<ns3:cad>81.0</ns3:cad>
						<ns3:hr>152</ns3:hr>
					</ns3:TrackPointExtension>
				</extensions>
			</trkpt>
			<trkpt lat="12.98202788" lon="77.6907216">
				<ele>893.73</ele>
				<time>2026-07-28T16:16:21Z</time>
				<extensions>
					<ns3:TrackPointExtension>
						<ns3:speed>1.86</ns3:speed>
						<ns3:cad>81.0</ns3:cad>
						<ns3:hr>152</ns3:hr>
					</ns3:TrackPointExtension>
				</extensions>
			</trkpt>
			<trkpt lat="12.98203087" lon="77.69070427">
				<ele>893.74</ele>
				<time>2026-07-28T16:16:22Z</time>
				<extensions>
					<ns3:TrackPointExtension>
						<ns3:speed>1.86</ns3:speed>
						<ns3:cad>81.0</ns3:cad>
						<ns3:hr>153</ns3:hr>
					</ns3:TrackPointExtension>
				</extensions>
			</trkpt>
			<trkpt lat="12.9820332" lon="77.69068627">
				<ele>893.75</ele>
				<time>2026-07-28T16:16:23Z</time>
				<extensions>
					<ns3:TrackPointExtension>
						<ns3:speed>1.86</ns3:speed>
						<ns3:cad>81.0</ns3:cad>
						<ns3:hr>153</ns3:hr>
					</ns3:TrackPointExtension>
				</extensions>
			</trkpt>
			<trkpt lat="12.98203653" lon="77.69066961">
				<ele>893.76</ele>
				<time>2026-07-28T16:16:24Z</time>
				<extensions>
					<ns3:TrackPointExtension>
						<ns3:speed>1.86</ns3:speed>
						<ns3:cad>80.0</ns3:cad>
						<ns3:hr>153</ns3:hr>
					</ns3:TrackPointExtension>
				</extensions>
			</trkpt>
			<trkpt lat="12.98204053" lon="77.69065295">
				<ele>893.77</ele>
				<time>2026-07-28T16:16:25Z</time>
				<extensions>
					<ns3:TrackPointExtension>
						<ns3:speed>1.86</ns3:speed>
						<ns3:cad>80.0</ns3:cad>
						<ns3:hr>154</ns3:hr>
					</ns3:TrackPointExtension>
				</extensions>
			</trkpt>
			<trkpt lat="12.98204552" lon="77.69063696">
				<ele>893.78</ele>
				<time>2026-07-28T16:16:26Z</time>
				<extensions>
					<ns3:TrackPointExtension>
						<ns3:speed>1.86</ns3:speed>
						<ns3:cad>80.0</ns3:cad>
						<ns3:hr>154</ns3:hr>
					</ns3:TrackPointExtension>
				</extensions>
			</trkpt>
			<trkpt lat="12.98205051" lon="77.69062063">
				<ele>893.82</ele>
				<time>2026-07-28T16:16:27Z</time>
				<extensions>
					<ns3:TrackPointExtension>
						<ns3:speed>1.86</ns3:speed>
						<ns3:cad>80.0</ns3:cad>
						<ns3:hr>154</ns3:hr>
					</ns3:TrackPointExtension>
				</extensions>
			</trkpt>
			<trkpt lat="12.98205617" lon="77.69060563">
				<ele>893.83</ele>
				<time>2026-07-28T16:16:28Z</time>
				<extensions>
					<ns3:TrackPointExtension>
						<ns3:speed>1.86</ns3:speed>
						<ns3:cad>80.0</ns3:cad>
						<ns3:hr>154</ns3:hr>
					</ns3:TrackPointExtension>
				</extensions>
			</trkpt>
			<trkpt lat="12.9820615" lon="77.69059063">
				<ele>893.82</ele>
				<time>2026-07-28T16:16:29Z</time>
				<extensions>
					<ns3:TrackPointExtension>
						<ns3:speed>1.86</ns3:speed>
						<ns3:cad>80.0</ns3:cad>
						<ns3:hr>154</ns3:hr>
					</ns3:TrackPointExtension>
				</extensions>
			</trkpt>
			<trkpt lat="12.98206683" lon="77.6905763">
				<ele>893.83</ele>
				<time>2026-07-28T16:16:30Z</time>
				<extensions>
					<ns3:TrackPointExtension>
						<ns3:speed>1.85</ns3:speed>
						<ns3:cad>81.0</ns3:cad>
						<ns3:hr>154</ns3:hr>
					</ns3:TrackPointExtension>
				</extensions>
			</trkpt>
			<trkpt lat="12.98207149" lon="77.6905623">
				<ele>893.84</ele>
				<time>2026-07-28T16:16:31Z</time>
				<extensions>
					<ns3:TrackPointExtension>
						<ns3:speed>1.84</ns3:speed>
						<ns3:cad>81.0</ns3:cad>
						<ns3:hr>154</ns3:hr>
					</ns3:TrackPointExtension>
				</extensions>
			</trkpt>
			<trkpt lat="12.98207615" lon="77.69054864">
				<ele>893.85</ele>
				<time>2026-07-28T16:16:32Z</time>
				<extensions>
					<ns3:TrackPointExtension>
						<ns3:speed>1.82</ns3:speed>
						<ns3:cad>81.0</ns3:cad>
						<ns3:hr>155</ns3:hr>
					</ns3:TrackPointExtension>
				</extensions>
			</trkpt>
			<trkpt lat="12.98208015" lon="77.69053364">
				<ele>893.86</ele>
				<time>2026-07-28T16:16:33Z</time>
				<extensions>
					<ns3:TrackPointExtension>
						<ns3:speed>1.8</ns3:speed>
						<ns3:cad>81.0</ns3:cad>
						<ns3:hr>155</ns3:hr>
					</ns3:TrackPointExtension>
				</extensions>
			</trkpt>
			<trkpt lat="12.98208415" lon="77.69051898">
				<ele>893.87</ele>
				<time>2026-07-28T16:16:34Z</time>
				<extensions>
					<ns3:TrackPointExtension>
						<ns3:speed>1.79</ns3:speed>
						<ns3:cad>81.0</ns3:cad>
						<ns3:hr>155</ns3:hr>
					</ns3:TrackPointExtension>
				</extensions>
			</trkpt>
			<trkpt lat="12.98208781" lon="77.69050365">
				<ele>893.88</ele>
				<time>2026-07-28T16:16:35Z</time>
				<extensions>
					<ns3:TrackPointExtension>
						<ns3:speed>1.79</ns3:speed>
						<ns3:cad>80.0</ns3:cad>
						<ns3:hr>155</ns3:hr>
					</ns3:TrackPointExtension>
				</extensions>
			</trkpt>
			<trkpt lat="12.98209114" lon="77.69048965">
				<ele>893.89</ele>
				<time>2026-07-28T16:16:36Z</time>
				<extensions>
					<ns3:TrackPointExtension>
						<ns3:speed>1.79</ns3:speed>
						<ns3:cad>80.0</ns3:cad>
						<ns3:hr>155</ns3:hr>
					</ns3:TrackPointExtension>
				</extensions>
			</trkpt>
			<trkpt lat="12.98209513" lon="77.69047499">
				<ele>893.9</ele>
				<time>2026-07-28T16:16:37Z</time>
				<extensions>
					<ns3:TrackPointExtension>
						<ns3:speed>1.78</ns3:speed>
						<ns3:cad>80.0</ns3:cad>
						<ns3:hr>155</ns3:hr>
					</ns3:TrackPointExtension>
				</extensions>
			</trkpt>
			<trkpt lat="12.98209979" lon="77.69046033">
				<ele>893.91</ele>
				<time>2026-07-28T16:16:38Z</time>
				<extensions>
					<ns3:TrackPointExtension>
						<ns3:speed>1.77</ns3:speed>
						<ns3:cad>80.0</ns3:cad>
						<ns3:hr>154</ns3:hr>
					</ns3:TrackPointExtension>
				</extensions>
			</trkpt>
			<trkpt lat="12.98210445" lon="77.69044534">
				<ele>893.93</ele>
				<time>2026-07-28T16:16:39Z</time>
				<extensions>
					<ns3:TrackPointExtension>
						<ns3:speed>1.76</ns3:speed>
						<ns3:cad>81.0</ns3:cad>
						<ns3:hr>154</ns3:hr>
					</ns3:TrackPointExtension>
				</extensions>
			</trkpt>
			<trkpt lat="12.98211011" lon="77.69043034">
				<ele>893.95</ele>
				<time>2026-07-28T16:16:40Z</time>
				<extensions>
					<ns3:TrackPointExtension>
						<ns3:speed>1.75</ns3:speed>
						<ns3:cad>81.0</ns3:cad>
						<ns3:hr>154</ns3:hr>
					</ns3:TrackPointExtension>
				</extensions>
			</trkpt>
			<trkpt lat="12.98211677" lon="77.69041601">
				<ele>893.96</ele>
				<time>2026-07-28T16:16:41Z</time>
				<extensions>
					<ns3:TrackPointExtension>
						<ns3:speed>1.75</ns3:speed>
						<ns3:cad>82.0</ns3:cad>
						<ns3:hr>154</ns3:hr>
					</ns3:TrackPointExtension>
				</extensions>
			</trkpt>
			<trkpt lat="12.98212543" lon="77.69040302">
				<ele>893.98</ele>
				<time>2026-07-28T16:16:42Z</time>
				<extensions>
					<ns3:TrackPointExtension>
						<ns3:speed>1.74</ns3:speed>
						<ns3:cad>81.0</ns3:cad>
						<ns3:hr>153</ns3:hr>
					</ns3:TrackPointExtension>
				</extensions>
			</trkpt>
			<trkpt lat="12.98213909" lon="77.69039302">
				<ele>893.99</ele>
				<time>2026-07-28T16:16:43Z</time>
				<extensions>
					<ns3:TrackPointExtension>
						<ns3:speed>1.74</ns3:speed>
						<ns3:cad>81.0</ns3:cad>
						<ns3:hr>152</ns3:hr>
					</ns3:TrackPointExtension>
				</extensions>
			</trkpt>
			<trkpt lat="12.98215608" lon="77.69038569">
				<ele>894.01</ele>
				<time>2026-07-28T16:16:44Z</time>
				<extensions>
					<ns3:TrackPointExtension>
						<ns3:speed>1.73</ns3:speed>
						<ns3:cad>81.0</ns3:cad>
						<ns3:hr>152</ns3:hr>
					</ns3:TrackPointExtension>
				</extensions>
			</trkpt>
			<trkpt lat="12.98217374" lon="77.6903787">
				<ele>894.04</ele>
				<time>2026-07-28T16:16:45Z</time>
				<extensions>
					<ns3:TrackPointExtension>
						<ns3:speed>1.73</ns3:speed>
						<ns3:cad>81.0</ns3:cad>
						<ns3:hr>151</ns3:hr>
					</ns3:TrackPointExtension>
				</extensions>
			</trkpt>
			<trkpt lat="12.9821914" lon="77.69037304">
				<ele>894.06</ele>
				<time>2026-07-28T16:16:46Z</time>
				<extensions>
					<ns3:TrackPointExtension>
						<ns3:speed>1.74</ns3:speed>
						<ns3:cad>81.0</ns3:cad>
						<ns3:hr>151</ns3:hr>
					</ns3:TrackPointExtension>
				</extensions>
			</trkpt>
			<trkpt lat="12.98220806" lon="77.69036904">
				<ele>894.09</ele>
				<time>2026-07-28T16:16:47Z</time>
				<extensions>
					<ns3:TrackPointExtension>
						<ns3:speed>1.74</ns3:speed>
						<ns3:cad>81.0</ns3:cad>
						<ns3:hr>151</ns3:hr>
					</ns3:TrackPointExtension>
				</extensions>
			</trkpt>
			<trkpt lat="12.98222539" lon="77.69036671">
				<ele>894.12</ele>
				<time>2026-07-28T16:16:48Z</time>
				<extensions>
					<ns3:TrackPointExtension>
						<ns3:speed>1.74</ns3:speed>
						<ns3:cad>81.0</ns3:cad>
						<ns3:hr>151</ns3:hr>
					</ns3:TrackPointExtension>
				</extensions>
			</trkpt>
			<trkpt lat="12.98224238" lon="77.69036671">
				<ele>894.15</ele>
				<time>2026-07-28T16:16:49Z</time>
				<extensions>
					<ns3:TrackPointExtension>
						<ns3:speed>1.74</ns3:speed>
						<ns3:cad>80.0</ns3:cad>
						<ns3:hr>150</ns3:hr>
					</ns3:TrackPointExtension>
				</extensions>
			</trkpt>
			<trkpt lat="12.98226004" lon="77.69036804">
				<ele>894.18</ele>
				<time>2026-07-28T16:16:50Z</time>
				<extensions>
					<ns3:TrackPointExtension>
						<ns3:speed>1.74</ns3:speed>
						<ns3:cad>80.0</ns3:cad>
						<ns3:hr>149</ns3:hr>
					</ns3:TrackPointExtension>
				</extensions>
			</trkpt>
			<trkpt lat="12.98227737" lon="77.6903707">
				<ele>894.2</ele>
				<time>2026-07-28T16:16:51Z</time>
				<extensions>
					<ns3:TrackPointExtension>
						<ns3:speed>1.73</ns3:speed>
						<ns3:cad>80.0</ns3:cad>
						<ns3:hr>150</ns3:hr>
					</ns3:TrackPointExtension>
				</extensions>
			</trkpt>
			<trkpt lat="12.98229503" lon="77.69037503">
				<ele>894.23</ele>
				<time>2026-07-28T16:16:52Z</time>
				<extensions>
					<ns3:TrackPointExtension>
						<ns3:speed>1.74</ns3:speed>
						<ns3:cad>80.0</ns3:cad>
						<ns3:hr>150</ns3:hr>
					</ns3:TrackPointExtension>
				</extensions>
			</trkpt>
			<trkpt lat="12.98231202" lon="77.69037969">
				<ele>894.25</ele>
				<time>2026-07-28T16:16:53Z</time>
				<extensions>
					<ns3:TrackPointExtension>
						<ns3:speed>1.75</ns3:speed>
						<ns3:cad>81.0</ns3:cad>
						<ns3:hr>149</ns3:hr>
					</ns3:TrackPointExtension>
				</extensions>
			</trkpt>
			<trkpt lat="12.98233001" lon="77.69038502">
				<ele>894.28</ele>
				<time>2026-07-28T16:16:54Z</time>
				<extensions>
					<ns3:TrackPointExtension>
						<ns3:speed>1.75</ns3:speed>
						<ns3:cad>81.0</ns3:cad>
						<ns3:hr>149</ns3:hr>
					</ns3:TrackPointExtension>
				</extensions>
			</trkpt>
			<trkpt lat="12.98234567" lon="77.69039035">
				<ele>894.29</ele>
				<time>2026-07-28T16:16:55Z</time>
				<extensions>
					<ns3:TrackPointExtension>
						<ns3:speed>1.75</ns3:speed>
						<ns3:cad>81.0</ns3:cad>
						<ns3:hr>149</ns3:hr>
					</ns3:TrackPointExtension>
				</extensions>
			</trkpt>
			<trkpt lat="12.98236133" lon="77.69039601">
				<ele>894.3</ele>
				<time>2026-07-28T16:16:56Z</time>
				<extensions>
					<ns3:TrackPointExtension>
						<ns3:speed>1.75</ns3:speed>
						<ns3:cad>82.0</ns3:cad>
						<ns3:hr>149</ns3:hr>
					</ns3:TrackPointExtension>
				</extensions>
			</trkpt>
			<trkpt lat="12.98237599" lon="77.69040367">
				<ele>894.31</ele>
				<time>2026-07-28T16:16:57Z</time>
				<extensions>
					<ns3:TrackPointExtension>
						<ns3:speed>1.76</ns3:speed>
						<ns3:cad>81.0</ns3:cad>
						<ns3:hr>150</ns3:hr>
					</ns3:TrackPointExtension>
				</extensions>
			</trkpt>
			<trkpt lat="12.98238965" lon="77.69041333">
				<ele>894.32</ele>
				<time>2026-07-28T16:16:58Z</time>
				<extensions>
					<ns3:TrackPointExtension>
						<ns3:speed>1.76</ns3:speed>
						<ns3:cad>81.0</ns3:cad>
						<ns3:hr>149</ns3:hr>
					</ns3:TrackPointExtension>
				</extensions>
			</trkpt>
			<trkpt lat="12.98240164" lon="77.69042466">
				<ele>894.32</ele>
				<time>2026-07-28T16:16:59Z</time>
				<extensions>
					<ns3:TrackPointExtension>
						<ns3:speed>1.76</ns3:speed>
						<ns3:cad>80.0</ns3:cad>
						<ns3:hr>149</ns3:hr>
					</ns3:TrackPointExtension>
				</extensions>
			</trkpt>
			<trkpt lat="12.98241163" lon="77.69043732">
				<ele>894.32</ele>
				<time>2026-07-28T16:17:00Z</time>
				<extensions>
					<ns3:TrackPointExtension>
						<ns3:speed>1.76</ns3:speed>
						<ns3:cad>80.0</ns3:cad>
						<ns3:hr>149</ns3:hr>
					</ns3:TrackPointExtension>
				</extensions>
			</trkpt>
			<trkpt lat="12.98241896" lon="77.69045165">
				<ele>894.32</ele>
				<time>2026-07-28T16:17:01Z</time>
				<extensions>
					<ns3:TrackPointExtension>
						<ns3:speed>1.76</ns3:speed>
						<ns3:cad>80.0</ns3:cad>
						<ns3:hr>149</ns3:hr>
					</ns3:TrackPointExtension>
				</extensions>
			</trkpt>
			<trkpt lat="12.98242429" lon="77.69046564">
				<ele>894.32</ele>
				<time>2026-07-28T16:17:02Z</time>
				<extensions>
					<ns3:TrackPointExtension>
						<ns3:speed>1.77</ns3:speed>
						<ns3:cad>80.0</ns3:cad>
						<ns3:hr>149</ns3:hr>
					</ns3:TrackPointExtension>
				</extensions>
			</trkpt>
			<trkpt lat="12.98242762" lon="77.69047997">
				<ele>894.32</ele>
				<time>2026-07-28T16:17:03Z</time>
				<extensions>
					<ns3:TrackPointExtension>
						<ns3:speed>1.78</ns3:speed>
						<ns3:cad>80.0</ns3:cad>
						<ns3:hr>149</ns3:hr>
					</ns3:TrackPointExtension>
				</extensions>
			</trkpt>
			<trkpt lat="12.98242862" lon="77.69049496">
				<ele>894.31</ele>
				<time>2026-07-28T16:17:04Z</time>
				<extensions>
					<ns3:TrackPointExtension>
						<ns3:speed>1.77</ns3:speed>
						<ns3:cad>81.0</ns3:cad>
						<ns3:hr>149</ns3:hr>
					</ns3:TrackPointExtension>
				</extensions>
			</trkpt>
			<trkpt lat="12.98242829" lon="77.69051029">
				<ele>894.31</ele>
				<time>2026-07-28T16:17:05Z</time>
				<extensions>
					<ns3:TrackPointExtension>
						<ns3:hr>149</ns3:hr>
					</ns3:TrackPointExtension>
				</extensions>
			</trkpt>
			<trkpt lat="12.98242696" lon="77.69052529">
				<ele>894.3</ele>
				<time>2026-07-28T16:17:06Z</time>
				<extensions>
					<ns3:TrackPointExtension>
						<ns3:speed>1.78</ns3:speed>
						<ns3:cad>81.0</ns3:cad>
						<ns3:hr>149</ns3:hr>
					</ns3:TrackPointExtension>
				</extensions>
			</trkpt>
			<trkpt lat="12.98242397" lon="77.69054095">
				<ele>894.28</ele>
				<time>2026-07-28T16:17:07Z</time>
				<extensions>
					<ns3:TrackPointExtension>
						<ns3:speed>1.78</ns3:speed>
						<ns3:cad>81.0</ns3:cad>
						<ns3:hr>149</ns3:hr>
					</ns3:TrackPointExtension>
				</extensions>
			</trkpt>
			<trkpt lat="12.98242098" lon="77.69055661">
				<ele>894.27</ele>
				<time>2026-07-28T16:17:08Z</time>
				<extensions>
					<ns3:TrackPointExtension>
						<ns3:speed>1.78</ns3:speed>
						<ns3:cad>81.0</ns3:cad>
						<ns3:hr>149</ns3:hr>
					</ns3:TrackPointExtension>
				</extensions>
			</trkpt>
			<trkpt lat="12.98241665" lon="77.69057327">
				<ele>894.27</ele>
				<time>2026-07-28T16:17:09Z</time>
				<extensions>
					<ns3:TrackPointExtension>
					</ns3:TrackPointExtension>
				</extensions>
			</trkpt>
			<trkpt lat="12.98241099" lon="77.6905906">
				<ele>894.27</ele>
				<time>2026-07-28T16:17:10Z</time>
				<extensions>
					<ns3:TrackPointExtension>
						<ns3:speed>1.78</ns3:speed>
						<ns3:cad>81.0</ns3:cad>
						<ns3:hr>149</ns3:hr>
					</ns3:TrackPointExtension>
				</extensions>
			</trkpt>
			<trkpt lat="12.98240533" lon="77.69060759">
				<ele>894.25</ele>
				<time>2026-07-28T16:17:11Z</time>
				<extensions>
					<ns3:TrackPointExtension>
						<ns3:speed>1.77</ns3:speed>
						<ns3:cad>81.0</ns3:cad>
						<ns3:hr>150</ns3:hr>
					</ns3:TrackPointExtension>
				</extensions>
			</trkpt>
			<trkpt lat="12.982401" lon="77.69062359">
				<ele>894.23</ele>
				<time>2026-07-28T16:17:12Z</time>
				<extensions>
					<ns3:TrackPointExtension>
						<ns3:speed>1.78</ns3:speed>
						<ns3:cad>81.0</ns3:cad>
						<ns3:hr>150</ns3:hr>
					</ns3:TrackPointExtension>
				</extensions>
			</trkpt>
			<trkpt lat="12.98239934" lon="77.69063725">
				<ele>894.2</ele>
				<time>2026-07-28T16:17:13Z</time>
				<extensions>
					<ns3:TrackPointExtension>
						<ns3:speed>1.78</ns3:speed>
						<ns3:cad>81.0</ns3:cad>
						<ns3:hr>149</ns3:hr>
					</ns3:TrackPointExtension>
				</extensions>
			</trkpt>
			<trkpt lat="12.98239934" lon="77.69065158">
				<ele>894.19</ele>
				<time>2026-07-28T16:17:14Z</time>
				<extensions>
					<ns3:TrackPointExtension>
						<ns3:speed>1.78</ns3:speed>
						<ns3:cad>80.0</ns3:cad>
						<ns3:hr>149</ns3:hr>
					</ns3:TrackPointExtension>
				</extensions>
			</trkpt>
			<trkpt lat="12.98240634" lon="77.69066491">
				<ele>894.17</ele>
				<time>2026-07-28T16:17:15Z</time>
				<extensions>
					<ns3:TrackPointExtension>
						<ns3:speed>1.78</ns3:speed>
						<ns3:cad>80.0</ns3:cad>
						<ns3:hr>148</ns3:hr>
					</ns3:TrackPointExtension>
				</extensions>
			</trkpt>
			<trkpt lat="12.982415" lon="77.69068257">
				<ele>894.15</ele>
				<time>2026-07-28T16:17:16Z</time>
				<extensions>
					<ns3:TrackPointExtension>
						<ns3:speed>1.77</ns3:speed>
						<ns3:cad>79.0</ns3:cad>
						<ns3:hr>148</ns3:hr>
					</ns3:TrackPointExtension>
				</extensions>
			</trkpt>
			<trkpt lat="12.98241966" lon="77.69069756">
				<ele>894.13</ele>
				<time>2026-07-28T16:17:17Z</time>
				<extensions>
					<ns3:TrackPointExtension>
						<ns3:speed>1.77</ns3:speed>
						<ns3:cad>79.0</ns3:cad>
						<ns3:hr>148</ns3:hr>
					</ns3:TrackPointExtension>
				</extensions>
			</trkpt>
			<trkpt lat="12.98242632" lon="77.69071089">
				<ele>894.11</ele>
				<time>2026-07-28T16:17:18Z</time>
				<extensions>
					<ns3:TrackPointExtension>
						<ns3:speed>1.77</ns3:speed>
						<ns3:cad>78.0</ns3:cad>
						<ns3:hr>148</ns3:hr>
					</ns3:TrackPointExtension>
				</extensions>
			</trkpt>
			<trkpt lat="12.98243432" lon="77.69072255">
				<ele>894.09</ele>
				<time>2026-07-28T16:17:19Z</time>
				<extensions>
					<ns3:TrackPointExtension>
						<ns3:speed>1.77</ns3:speed>
						<ns3:cad>78.0</ns3:cad>
						<ns3:hr>147</ns3:hr>
					</ns3:TrackPointExtension>
				</extensions>
			</trkpt>
			<trkpt lat="12.98244198" lon="77.69073188">
				<ele>894.08</ele>
				<time>2026-07-28T16:17:20Z</time>
				<extensions>
					<ns3:TrackPointExtension>
						<ns3:speed>1.77</ns3:speed>
						<ns3:cad>78.0</ns3:cad>
						<ns3:hr>147</ns3:hr>
					</ns3:TrackPointExtension>
				</extensions>
			</trkpt>
			<trkpt lat="12.98244831" lon="77.69074087">
				<ele>894.06</ele>
				<time>2026-07-28T16:17:21Z</time>
				<extensions>
					<ns3:TrackPointExtension>
						<ns3:speed>1.76</ns3:speed>
						<ns3:cad>78.0</ns3:cad>
						<ns3:hr>146</ns3:hr>
					</ns3:TrackPointExtension>
				</extensions>
			</trkpt>
			<trkpt lat="12.9824603" lon="77.69074953">
				<ele>894.04</ele>
				<time>2026-07-28T16:17:22Z</time>
				<extensions>
					<ns3:TrackPointExtension>
						<ns3:speed>1.76</ns3:speed>
						<ns3:cad>78.0</ns3:cad>
						<ns3:hr>146</ns3:hr>
					</ns3:TrackPointExtension>
				</extensions>
			</trkpt>
			<trkpt lat="12.98247329" lon="77.69075886">
				<ele>894.06</ele>
				<time>2026-07-28T16:17:23Z</time>
				<extensions>
					<ns3:TrackPointExtension>
						<ns3:speed>1.76</ns3:speed>
						<ns3:cad>78.0</ns3:cad>
						<ns3:hr>146</ns3:hr>
					</ns3:TrackPointExtension>
				</extensions>
			</trkpt>
			<trkpt lat="12.98248995" lon="77.69076719">
				<ele>894.02</ele>
				<time>2026-07-28T16:17:24Z</time>
				<extensions>
					<ns3:TrackPointExtension>
						<ns3:speed>1.76</ns3:speed>
						<ns3:cad>78.0</ns3:cad>
						<ns3:hr>146</ns3:hr>
					</ns3:TrackPointExtension>
				</extensions>
			</trkpt>
			<trkpt lat="12.98250595" lon="77.69077352">
				<ele>894.49</ele>
				<time>2026-07-28T16:17:25Z</time>
				<extensions>
					<ns3:TrackPointExtension>
						<ns3:speed>1.75</ns3:speed>
						<ns3:cad>79.0</ns3:cad>
						<ns3:hr>146</ns3:hr>
					</ns3:TrackPointExtension>
				</extensions>
			</trkpt>
			<trkpt lat="12.98251728" lon="77.69077985">
				<ele>894.86</ele>
				<time>2026-07-28T16:17:26Z</time>
				<extensions>
					<ns3:TrackPointExtension>
						<ns3:speed>1.75</ns3:speed>
						<ns3:cad>79.0</ns3:cad>
						<ns3:hr>147</ns3:hr>
					</ns3:TrackPointExtension>
				</extensions>
			</trkpt>
			<trkpt lat="12.98252494" lon="77.69078918">
				<ele>894.88</ele>
				<time>2026-07-28T16:17:27Z</time>
				<extensions>
					<ns3:TrackPointExtension>
						<ns3:speed>1.74</ns3:speed>
						<ns3:cad>79.0</ns3:cad>
						<ns3:hr>147</ns3:hr>
					</ns3:TrackPointExtension>
				</extensions>
			</trkpt>
			<trkpt lat="12.98253427" lon="77.69079984">
				<ele>894.9</ele>
				<time>2026-07-28T16:17:28Z</time>
				<extensions>
					<ns3:TrackPointExtension>
						<ns3:speed>1.73</ns3:speed>
						<ns3:cad>79.0</ns3:cad>
						<ns3:hr>148</ns3:hr>
					</ns3:TrackPointExtension>
				</extensions>
			</trkpt>
			<trkpt lat="12.98254626" lon="77.6908125">
				<ele>894.92</ele>
				<time>2026-07-28T16:17:29Z</time>
				<extensions>
					<ns3:TrackPointExtension>
						<ns3:speed>1.73</ns3:speed>
						<ns3:cad>78.0</ns3:cad>
						<ns3:hr>149</ns3:hr>
					</ns3:TrackPointExtension>
				</extensions>
			</trkpt>
			<trkpt lat="12.98254093" lon="77.6908335">
				<ele>894.94</ele>
				<time>2026-07-28T16:17:30Z</time>
				<extensions>
					<ns3:TrackPointExtension>
						<ns3:speed>1.73</ns3:speed>
						<ns3:cad>78.0</ns3:cad>
						<ns3:hr>149</ns3:hr>
					</ns3:TrackPointExtension>
				</extensions>
			</trkpt>
			<trkpt lat="12.98253827" lon="77.69084983">
				<ele>894.34</ele>
				<time>2026-07-28T16:17:31Z</time>
				<extensions>
					<ns3:TrackPointExtension>
						<ns3:speed>1.73</ns3:speed>
						<ns3:cad>77.0</ns3:cad>
						<ns3:hr>149</ns3:hr>
					</ns3:TrackPointExtension>
				</extensions>
			</trkpt>
			<trkpt lat="12.98252961" lon="77.69086516">
				<ele>894.09</ele>
				<time>2026-07-28T16:17:32Z</time>
				<extensions>
					<ns3:TrackPointExtension>
						<ns3:speed>1.73</ns3:speed>
						<ns3:cad>76.0</ns3:cad>
						<ns3:hr>150</ns3:hr>
					</ns3:TrackPointExtension>
				</extensions>
			</trkpt>
			<trkpt lat="12.98252628" lon="77.69087682">
				<ele>894.0</ele>
				<time>2026-07-28T16:17:33Z</time>
				<extensions>
					<ns3:TrackPointExtension>
						<ns3:speed>1.73</ns3:speed>
						<ns3:cad>75.0</ns3:cad>
						<ns3:hr>150</ns3:hr>
					</ns3:TrackPointExtension>
				</extensions>
			</trkpt>
			<trkpt lat="12.98252495" lon="77.69088648">
				<ele>894.0</ele>
				<time>2026-07-28T16:17:34Z</time>
				<extensions>
					<ns3:TrackPointExtension>
						<ns3:speed>1.71</ns3:speed>
						<ns3:cad>76.0</ns3:cad>
						<ns3:hr>150</ns3:hr>
					</ns3:TrackPointExtension>
				</extensions>
			</trkpt>
			<trkpt lat="12.98252894" lon="77.69089514">
				<ele>893.92</ele>
				<time>2026-07-28T16:17:35Z</time>
				<extensions>
					<ns3:TrackPointExtension>
						<ns3:speed>1.7</ns3:speed>
						<ns3:cad>76.0</ns3:cad>
						<ns3:hr>150</ns3:hr>
					</ns3:TrackPointExtension>
				</extensions>
			</trkpt>
			<trkpt lat="12.98253527" lon="77.6909028">
				<ele>893.93</ele>
				<time>2026-07-28T16:17:36Z</time>
				<extensions>
					<ns3:TrackPointExtension>
						<ns3:speed>1.7</ns3:speed>
						<ns3:cad>76.0</ns3:cad>
						<ns3:hr>150</ns3:hr>
					</ns3:TrackPointExtension>
				</extensions>
			</trkpt>
			<trkpt lat="12.98254293" lon="77.69091013">
				<ele>893.92</ele>
				<time>2026-07-28T16:17:37Z</time>
				<extensions>
					<ns3:TrackPointExtension>
						<ns3:speed>1.7</ns3:speed>
						<ns3:cad>77.0</ns3:cad>
						<ns3:hr>150</ns3:hr>
					</ns3:TrackPointExtension>
				</extensions>
			</trkpt>
			<trkpt lat="12.98255093" lon="77.69091779">
				<ele>893.92</ele>
				<time>2026-07-28T16:17:38Z</time>
				<extensions>
					<ns3:TrackPointExtension>
						<ns3:speed>1.7</ns3:speed>
						<ns3:cad>78.0</ns3:cad>
						<ns3:hr>152</ns3:hr>
					</ns3:TrackPointExtension>
				</extensions>
			</trkpt>
			<trkpt lat="12.98255992" lon="77.69092512">
				<ele>893.93</ele>
				<time>2026-07-28T16:17:39Z</time>
				<extensions>
					<ns3:TrackPointExtension>
						<ns3:speed>1.7</ns3:speed>
						<ns3:cad>78.0</ns3:cad>
						<ns3:hr>151</ns3:hr>
					</ns3:TrackPointExtension>
				</extensions>
			</trkpt>
			<trkpt lat="12.98256858" lon="77.69093311">
				<ele>893.93</ele>
				<time>2026-07-28T16:17:40Z</time>
				<extensions>
					<ns3:TrackPointExtension>
						<ns3:speed>1.7</ns3:speed>
						<ns3:cad>78.0</ns3:cad>
						<ns3:hr>151</ns3:hr>
					</ns3:TrackPointExtension>
				</extensions>
			</trkpt>
			<trkpt lat="12.98257691" lon="77.69094011">
				<ele>893.92</ele>
				<time>2026-07-28T16:17:41Z</time>
				<extensions>
					<ns3:TrackPointExtension>
						<ns3:speed>1.71</ns3:speed>
						<ns3:cad>79.0</ns3:cad>
						<ns3:hr>150</ns3:hr>
					</ns3:TrackPointExtension>
				</extensions>
			</trkpt>
			<trkpt lat="12.98258657" lon="77.69094777">
				<ele>893.92</ele>
				<time>2026-07-28T16:17:42Z</time>
				<extensions>
					<ns3:TrackPointExtension>
						<ns3:speed>1.71</ns3:speed>
						<ns3:cad>80.0</ns3:cad>
						<ns3:hr>151</ns3:hr>
					</ns3:TrackPointExtension>
				</extensions>
			</trkpt>
			<trkpt lat="12.9825959" lon="77.69095443">
				<ele>893.93</ele>
				<time>2026-07-28T16:17:43Z</time>
				<extensions>
					<ns3:TrackPointExtension>
						<ns3:speed>1.72</ns3:speed>
						<ns3:cad>80.0</ns3:cad>
						<ns3:hr>151</ns3:hr>
					</ns3:TrackPointExtension>
				</extensions>
			</trkpt>
			<trkpt lat="12.9826069" lon="77.69096042">
				<ele>893.94</ele>
				<time>2026-07-28T16:17:44Z</time>
				<extensions>
					<ns3:TrackPointExtension>
						<ns3:speed>1.7</ns3:speed>
						<ns3:cad>81.0</ns3:cad>
						<ns3:hr>151</ns3:hr>
					</ns3:TrackPointExtension>
				</extensions>
			</trkpt>
			<trkpt lat="12.9826159" lon="77.69096808">
				<ele>893.94</ele>
				<time>2026-07-28T16:17:45Z</time>
				<extensions>
					<ns3:TrackPointExtension>
						<ns3:speed>1.7</ns3:speed>
						<ns3:cad>81.0</ns3:cad>
						<ns3:hr>151</ns3:hr>
					</ns3:TrackPointExtension>
				</extensions>
			</trkpt>
			<trkpt lat="12.98262589" lon="77.69097541">
				<ele>893.95</ele>
				<time>2026-07-28T16:17:46Z</time>
				<extensions>
					<ns3:TrackPointExtension>
						<ns3:speed>1.7</ns3:speed>
						<ns3:cad>81.0</ns3:cad>
						<ns3:hr>150</ns3:hr>
					</ns3:TrackPointExtension>
				</extensions>
			</trkpt>
			<trkpt lat="12.98263622" lon="77.6909824">
				<ele>893.96</ele>
				<time>2026-07-28T16:17:47Z</time>
				<extensions>
					<ns3:TrackPointExtension>
						<ns3:speed>1.68</ns3:speed>
						<ns3:cad>81.0</ns3:cad>
						<ns3:hr>150</ns3:hr>
					</ns3:TrackPointExtension>
				</extensions>
			</trkpt>
			<trkpt lat="12.98264621" lon="77.69098973">
				<ele>893.97</ele>
				<time>2026-07-28T16:17:48Z</time>
				<extensions>
					<ns3:TrackPointExtension>
						<ns3:speed>1.67</ns3:speed>
						<ns3:cad>81.0</ns3:cad>
						<ns3:hr>149</ns3:hr>
					</ns3:TrackPointExtension>
				</extensions>
			</trkpt>
			<trkpt lat="12.98265687" lon="77.69099773">
				<ele>893.98</ele>
				<time>2026-07-28T16:17:49Z</time>
				<extensions>
					<ns3:TrackPointExtension>
						<ns3:speed>1.65</ns3:speed>
						<ns3:cad>80.0</ns3:cad>
						<ns3:hr>149</ns3:hr>
					</ns3:TrackPointExtension>
				</extensions>
			</trkpt>
			<trkpt lat="12.9826682" lon="77.69100506">
				<ele>893.99</ele>
				<time>2026-07-28T16:17:50Z</time>
				<extensions>
					<ns3:TrackPointExtension>
						<ns3:speed>1.64</ns3:speed>
						<ns3:cad>80.0</ns3:cad>
						<ns3:hr>149</ns3:hr>
					</ns3:TrackPointExtension>
				</extensions>
			</trkpt>
			<trkpt lat="12.98267953" lon="77.69101205">
				<ele>894.0</ele>
				<time>2026-07-28T16:17:51Z</time>
				<extensions>
					<ns3:TrackPointExtension>
						<ns3:speed>1.62</ns3:speed>
						<ns3:cad>80.0</ns3:cad>
						<ns3:hr>149</ns3:hr>
					</ns3:TrackPointExtension>
				</extensions>
			</trkpt>
			<trkpt lat="12.98269019" lon="77.69101771">
				<ele>894.01</ele>
				<time>2026-07-28T16:17:52Z</time>
				<extensions>
					<ns3:TrackPointExtension>
						<ns3:speed>1.61</ns3:speed>
						<ns3:cad>80.0</ns3:cad>
						<ns3:hr>148</ns3:hr>
					</ns3:TrackPointExtension>
				</extensions>
			</trkpt>
			<trkpt lat="12.98270118" lon="77.69102304">
				<ele>894.01</ele>
				<time>2026-07-28T16:17:53Z</time>
				<extensions>
					<ns3:TrackPointExtension>
						<ns3:speed>1.6</ns3:speed>
						<ns3:cad>80.0</ns3:cad>
						<ns3:hr>149</ns3:hr>
					</ns3:TrackPointExtension>
				</extensions>
			</trkpt>
			<trkpt lat="12.98271317" lon="77.69102837">
				<ele>894.02</ele>
				<time>2026-07-28T16:17:54Z</time>
				<extensions>
					<ns3:TrackPointExtension>
						<ns3:speed>1.59</ns3:speed>
						<ns3:cad>80.0</ns3:cad>
						<ns3:hr>149</ns3:hr>
					</ns3:TrackPointExtension>
				</extensions>
			</trkpt>
			<trkpt lat="12.9827265" lon="77.69103337">
				<ele>894.03</ele>
				<time>2026-07-28T16:17:55Z</time>
				<extensions>
					<ns3:TrackPointExtension>
						<ns3:speed>1.58</ns3:speed>
						<ns3:cad>80.0</ns3:cad>
						<ns3:hr>148</ns3:hr>
					</ns3:TrackPointExtension>
				</extensions>
			</trkpt>
			<trkpt lat="12.98273983" lon="77.6910397">
				<ele>894.04</ele>
				<time>2026-07-28T16:17:56Z</time>
				<extensions>
					<ns3:TrackPointExtension>
						<ns3:speed>1.59</ns3:speed>
						<ns3:cad>80.0</ns3:cad>
						<ns3:hr>149</ns3:hr>
					</ns3:TrackPointExtension>
				</extensions>
			</trkpt>
			<trkpt lat="12.98275249" lon="77.69104703">
				<ele>894.05</ele>
				<time>2026-07-28T16:17:57Z</time>
				<extensions>
					<ns3:TrackPointExtension>
						<ns3:speed>1.6</ns3:speed>
						<ns3:cad>79.0</ns3:cad>
						<ns3:hr>149</ns3:hr>
					</ns3:TrackPointExtension>
				</extensions>
			</trkpt>
			<trkpt lat="12.98276515" lon="77.69105402">
				<ele>894.06</ele>
				<time>2026-07-28T16:17:58Z</time>
				<extensions>
					<ns3:TrackPointExtension>
						<ns3:speed>1.6</ns3:speed>
						<ns3:cad>78.0</ns3:cad>
						<ns3:hr>149</ns3:hr>
					</ns3:TrackPointExtension>
				</extensions>
			</trkpt>
			<trkpt lat="12.98277848" lon="77.69106001">
				<ele>894.21</ele>
				<time>2026-07-28T16:17:59Z</time>
				<extensions>
					<ns3:TrackPointExtension>
						<ns3:speed>1.6</ns3:speed>
						<ns3:cad>78.0</ns3:cad>
						<ns3:hr>148</ns3:hr>
					</ns3:TrackPointExtension>
				</extensions>
			</trkpt>
			<trkpt lat="12.98279214" lon="77.691066">
				<ele>894.22</ele>
				<time>2026-07-28T16:18:00Z</time>
				<extensions>
					<ns3:TrackPointExtension>
						<ns3:speed>1.6</ns3:speed>
						<ns3:cad>78.0</ns3:cad>
						<ns3:hr>148</ns3:hr>
					</ns3:TrackPointExtension>
				</extensions>
			</trkpt>
			<trkpt lat="12.98280647" lon="77.69107066">
				<ele>894.22</ele>
				<time>2026-07-28T16:18:01Z</time>
				<extensions>
					<ns3:TrackPointExtension>
						<ns3:speed>1.6</ns3:speed>
						<ns3:cad>78.0</ns3:cad>
						<ns3:hr>147</ns3:hr>
					</ns3:TrackPointExtension>
				</extensions>
			</trkpt>
			<trkpt lat="12.98282113" lon="77.69107465">
				<ele>894.23</ele>
				<time>2026-07-28T16:18:02Z</time>
				<extensions>
					<ns3:TrackPointExtension>
						<ns3:speed>1.61</ns3:speed>
						<ns3:cad>78.0</ns3:cad>
						<ns3:hr>148</ns3:hr>
					</ns3:TrackPointExtension>
				</extensions>
			</trkpt>
			<trkpt lat="12.98283513" lon="77.69107931">
				<ele>894.24</ele>
				<time>2026-07-28T16:18:03Z</time>
				<extensions>
					<ns3:TrackPointExtension>
						<ns3:speed>1.62</ns3:speed>
						<ns3:cad>78.0</ns3:cad>
						<ns3:hr>148</ns3:hr>
					</ns3:TrackPointExtension>
				</extensions>
			</trkpt>
			<trkpt lat="12.98284946" lon="77.69108397">
				<ele>894.25</ele>
				<time>2026-07-28T16:18:04Z</time>
				<extensions>
					<ns3:TrackPointExtension>
						<ns3:speed>1.62</ns3:speed>
						<ns3:cad>79.0</ns3:cad>
						<ns3:hr>148</ns3:hr>
					</ns3:TrackPointExtension>
				</extensions>
			</trkpt>
			<trkpt lat="12.98286412" lon="77.69108897">
				<ele>894.25</ele>
				<time>2026-07-28T16:18:05Z</time>
				<extensions>
					<ns3:TrackPointExtension>
						<ns3:speed>1.62</ns3:speed>
						<ns3:cad>80.0</ns3:cad>
						<ns3:hr>147</ns3:hr>
					</ns3:TrackPointExtension>
				</extensions>
			</trkpt>
			<trkpt lat="12.98287978" lon="77.69109496">
				<ele>894.26</ele>
				<time>2026-07-28T16:18:06Z</time>
				<extensions>
					<ns3:TrackPointExtension>
						<ns3:speed>1.63</ns3:speed>
						<ns3:cad>81.0</ns3:cad>
						<ns3:hr>147</ns3:hr>
					</ns3:TrackPointExtension>
				</extensions>
			</trkpt>
			<trkpt lat="12.98289344" lon="77.69110062">
				<ele>894.26</ele>
				<time>2026-07-28T16:18:07Z</time>
				<extensions>
					<ns3:TrackPointExtension>
						<ns3:speed>1.64</ns3:speed>
						<ns3:cad>81.0</ns3:cad>
						<ns3:hr>147</ns3:hr>
					</ns3:TrackPointExtension>
				</extensions>
			</trkpt>
			<trkpt lat="12.9829081" lon="77.69110628">
				<ele>894.26</ele>
				<time>2026-07-28T16:18:08Z</time>
				<extensions>
					<ns3:TrackPointExtension>
						<ns3:speed>1.64</ns3:speed>
						<ns3:cad>82.0</ns3:cad>
						<ns3:hr>147</ns3:hr>
					</ns3:TrackPointExtension>
				</extensions>
			</trkpt>
			<trkpt lat="12.98292276" lon="77.69111227">
				<ele>894.26</ele>
				<time>2026-07-28T16:18:09Z</time>
				<extensions>
					<ns3:TrackPointExtension>
						<ns3:speed>1.65</ns3:speed>
						<ns3:cad>81.0</ns3:cad>
						<ns3:hr>147</ns3:hr>
					</ns3:TrackPointExtension>
				</extensions>
			</trkpt>
			<trkpt lat="12.98293742" lon="77.69111893">
				<ele>894.25</ele>
				<time>2026-07-28T16:18:10Z</time>
				<extensions>
					<ns3:TrackPointExtension>
						<ns3:speed>1.65</ns3:speed>
						<ns3:cad>81.0</ns3:cad>
						<ns3:hr>147</ns3:hr>
					</ns3:TrackPointExtension>
				</extensions>
			</trkpt>
			<trkpt lat="12.98295342" lon="77.69112593">
				<ele>894.25</ele>
				<time>2026-07-28T16:18:11Z</time>
				<extensions>
					<ns3:TrackPointExtension>
						<ns3:speed>1.65</ns3:speed>
						<ns3:cad>80.0</ns3:cad>
						<ns3:hr>148</ns3:hr>
					</ns3:TrackPointExtension>
				</extensions>
			</trkpt>
			<trkpt lat="12.98297041" lon="77.69113192">
				<ele>894.23</ele>
				<time>2026-07-28T16:18:12Z</time>
				<extensions>
					<ns3:TrackPointExtension>
						<ns3:speed>1.65</ns3:speed>
						<ns3:cad>80.0</ns3:cad>
						<ns3:hr>148</ns3:hr>
					</ns3:TrackPointExtension>
				</extensions>
			</trkpt>
			<trkpt lat="12.98298674" lon="77.69113891">
				<ele>894.22</ele>
				<time>2026-07-28T16:18:13Z</time>
				<extensions>
					<ns3:TrackPointExtension>
						<ns3:speed>1.66</ns3:speed>
						<ns3:cad>80.0</ns3:cad>
						<ns3:hr>149</ns3:hr>
					</ns3:TrackPointExtension>
				</extensions>
			</trkpt>
			<trkpt lat="12.9830034" lon="77.69114424">
				<ele>894.22</ele>
				<time>2026-07-28T16:18:14Z</time>
				<extensions>
					<ns3:TrackPointExtension>
						<ns3:speed>1.67</ns3:speed>
						<ns3:cad>80.0</ns3:cad>
						<ns3:hr>149</ns3:hr>
					</ns3:TrackPointExtension>
				</extensions>
			</trkpt>
			<trkpt lat="12.98301906" lon="77.69114957">
				<ele>894.22</ele>
				<time>2026-07-28T16:18:15Z</time>
				<extensions>
					<ns3:TrackPointExtension>
						<ns3:speed>1.67</ns3:speed>
						<ns3:cad>80.0</ns3:cad>
						<ns3:hr>150</ns3:hr>
					</ns3:TrackPointExtension>
				</extensions>
			</trkpt>
			<trkpt lat="12.98303472" lon="77.6911549">
				<ele>894.21</ele>
				<time>2026-07-28T16:18:16Z</time>
				<extensions>
					<ns3:TrackPointExtension>
						<ns3:speed>1.68</ns3:speed>
						<ns3:cad>80.0</ns3:cad>
						<ns3:hr>150</ns3:hr>
					</ns3:TrackPointExtension>
				</extensions>
			</trkpt>
			<trkpt lat="12.98305072" lon="77.69116056">
				<ele>894.05</ele>
				<time>2026-07-28T16:18:17Z</time>
				<extensions>
					<ns3:TrackPointExtension>
						<ns3:speed>1.69</ns3:speed>
						<ns3:cad>80.0</ns3:cad>
						<ns3:hr>150</ns3:hr>
					</ns3:TrackPointExtension>
				</extensions>
			</trkpt>
			<trkpt lat="12.98306605" lon="77.69116622">
				<ele>894.04</ele>
				<time>2026-07-28T16:18:18Z</time>
				<extensions>
					<ns3:TrackPointExtension>
						<ns3:speed>1.69</ns3:speed>
						<ns3:cad>80.0</ns3:cad>
						<ns3:hr>150</ns3:hr>
					</ns3:TrackPointExtension>
				</extensions>
			</trkpt>
			<trkpt lat="12.98308071" lon="77.69117188">
				<ele>894.03</ele>
				<time>2026-07-28T16:18:19Z</time>
				<extensions>
					<ns3:TrackPointExtension>
						<ns3:speed>1.7</ns3:speed>
						<ns3:cad>80.0</ns3:cad>
						<ns3:hr>150</ns3:hr>
					</ns3:TrackPointExtension>
				</extensions>
			</trkpt>
			<trkpt lat="12.9830957" lon="77.69117821">
				<ele>894.02</ele>
				<time>2026-07-28T16:18:20Z</time>
				<extensions>
					<ns3:TrackPointExtension>
						<ns3:speed>1.7</ns3:speed>
						<ns3:cad>81.0</ns3:cad>
						<ns3:hr>150</ns3:hr>
					</ns3:TrackPointExtension>
				</extensions>
			</trkpt>
			<trkpt lat="12.98311069" lon="77.69118387">
				<ele>894.01</ele>
				<time>2026-07-28T16:18:21Z</time>
				<extensions>
					<ns3:TrackPointExtension>
						<ns3:speed>1.7</ns3:speed>
						<ns3:cad>81.0</ns3:cad>
						<ns3:hr>149</ns3:hr>
					</ns3:TrackPointExtension>
				</extensions>
			</trkpt>
			<trkpt lat="12.98312602" lon="77.69118953">
				<ele>894.01</ele>
				<time>2026-07-28T16:18:22Z</time>
				<extensions>
					<ns3:TrackPointExtension>
						<ns3:speed>1.7</ns3:speed>
						<ns3:cad>80.0</ns3:cad>
						<ns3:hr>150</ns3:hr>
					</ns3:TrackPointExtension>
				</extensions>
			</trkpt>
			<trkpt lat="12.98314135" lon="77.69119519">
				<ele>893.99</ele>
				<time>2026-07-28T16:18:23Z</time>
				<extensions>
					<ns3:TrackPointExtension>
						<ns3:speed>1.71</ns3:speed>
						<ns3:cad>80.0</ns3:cad>
						<ns3:hr>150</ns3:hr>
					</ns3:TrackPointExtension>
				</extensions>
			</trkpt>
			<trkpt lat="12.98315601" lon="77.69120152">
				<ele>893.98</ele>
				<time>2026-07-28T16:18:24Z</time>
				<extensions>
					<ns3:TrackPointExtension>
						<ns3:speed>1.71</ns3:speed>
						<ns3:cad>80.0</ns3:cad>
						<ns3:hr>150</ns3:hr>
					</ns3:TrackPointExtension>
				</extensions>
			</trkpt>
			<trkpt lat="12.98317067" lon="77.69120785">
				<ele>893.98</ele>
				<time>2026-07-28T16:18:25Z</time>
				<extensions>
					<ns3:TrackPointExtension>
						<ns3:speed>1.71</ns3:speed>
						<ns3:cad>80.0</ns3:cad>
						<ns3:hr>150</ns3:hr>
					</ns3:TrackPointExtension>
				</extensions>
			</trkpt>
			<trkpt lat="12.98318633" lon="77.69121384">
				<ele>893.98</ele>
				<time>2026-07-28T16:18:26Z</time>
				<extensions>
					<ns3:TrackPointExtension>
						<ns3:speed>1.71</ns3:speed>
						<ns3:cad>79.0</ns3:cad>
						<ns3:hr>150</ns3:hr>
					</ns3:TrackPointExtension>
				</extensions>
			</trkpt>
			<trkpt lat="12.98320233" lon="77.6912195">
				<ele>893.98</ele>
				<time>2026-07-28T16:18:27Z</time>
				<extensions>
					<ns3:TrackPointExtension>
						<ns3:speed>1.71</ns3:speed>
						<ns3:cad>79.0</ns3:cad>
						<ns3:hr>151</ns3:hr>
					</ns3:TrackPointExtension>
				</extensions>
			</trkpt>
			<trkpt lat="12.98321699" lon="77.69122516">
				<ele>893.99</ele>
				<time>2026-07-28T16:18:28Z</time>
				<extensions>
					<ns3:TrackPointExtension>
						<ns3:speed>1.71</ns3:speed>
						<ns3:cad>78.0</ns3:cad>
						<ns3:hr>150</ns3:hr>
					</ns3:TrackPointExtension>
				</extensions>
			</trkpt>
			<trkpt lat="12.98323198" lon="77.69123082">
				<ele>893.99</ele>
				<time>2026-07-28T16:18:29Z</time>
				<extensions>
					<ns3:TrackPointExtension>
						<ns3:speed>1.71</ns3:speed>
						<ns3:cad>78.0</ns3:cad>
						<ns3:hr>151</ns3:hr>
					</ns3:TrackPointExtension>
				</extensions>
			</trkpt>
			<trkpt lat="12.98324764" lon="77.69123615">
				<ele>894.0</ele>
				<time>2026-07-28T16:18:30Z</time>
				<extensions>
					<ns3:TrackPointExtension>
						<ns3:speed>1.72</ns3:speed>
						<ns3:cad>78.0</ns3:cad>
						<ns3:hr>151</ns3:hr>
					</ns3:TrackPointExtension>
				</extensions>
			</trkpt>
			<trkpt lat="12.98326364" lon="77.69124181">
				<ele>894.0</ele>
				<time>2026-07-28T16:18:31Z</time>
				<extensions>
					<ns3:TrackPointExtension>
						<ns3:speed>1.72</ns3:speed>
						<ns3:cad>78.0</ns3:cad>
						<ns3:hr>150</ns3:hr>
					</ns3:TrackPointExtension>
				</extensions>
			</trkpt>
			<trkpt lat="12.9832813" lon="77.69124747">
				<ele>894.01</ele>
				<time>2026-07-28T16:18:32Z</time>
				<extensions>
					<ns3:TrackPointExtension>
						<ns3:speed>1.73</ns3:speed>
						<ns3:cad>78.0</ns3:cad>
						<ns3:hr>151</ns3:hr>
					</ns3:TrackPointExtension>
				</extensions>
			</trkpt>
			<trkpt lat="12.98329829" lon="77.69125213">
				<ele>894.02</ele>
				<time>2026-07-28T16:18:33Z</time>
				<extensions>
					<ns3:TrackPointExtension>
						<ns3:speed>1.74</ns3:speed>
						<ns3:cad>78.0</ns3:cad>
						<ns3:hr>151</ns3:hr>
					</ns3:TrackPointExtension>
				</extensions>
			</trkpt>
			<trkpt lat="12.98331629" lon="77.69125713">
				<ele>894.02</ele>
				<time>2026-07-28T16:18:34Z</time>
				<extensions>
					<ns3:TrackPointExtension>
					</ns3:TrackPointExtension>
				</extensions>
			</trkpt>
			<trkpt lat="12.98333362" lon="77.69126179">
				<ele>894.03</ele>
				<time>2026-07-28T16:18:35Z</time>
				<extensions>
					<ns3:TrackPointExtension>
						<ns3:speed>1.75</ns3:speed>
						<ns3:cad>79.0</ns3:cad>
						<ns3:hr>151</ns3:hr>
					</ns3:TrackPointExtension>
				</extensions>
			</trkpt>
			<trkpt lat="12.98334995" lon="77.69126679">
				<ele>894.04</ele>
				<time>2026-07-28T16:18:36Z</time>
				<extensions>
					<ns3:TrackPointExtension>
						<ns3:speed>1.76</ns3:speed>
						<ns3:cad>80.0</ns3:cad>
						<ns3:hr>151</ns3:hr>
					</ns3:TrackPointExtension>
				</extensions>
			</trkpt>
			<trkpt lat="12.98336561" lon="77.69127179">
				<ele>894.05</ele>
				<time>2026-07-28T16:18:37Z</time>
				<extensions>
					<ns3:TrackPointExtension>
						<ns3:speed>1.76</ns3:speed>
						<ns3:cad>80.0</ns3:cad>
						<ns3:hr>150</ns3:hr>
					</ns3:TrackPointExtension>
				</extensions>
			</trkpt>
			<trkpt lat="12.98338194" lon="77.69127612">
				<ele>894.06</ele>
				<time>2026-07-28T16:18:38Z</time>
				<extensions>
					<ns3:TrackPointExtension>
						<ns3:speed>1.76</ns3:speed>
						<ns3:cad>81.0</ns3:cad>
						<ns3:hr>150</ns3:hr>
					</ns3:TrackPointExtension>
				</extensions>
			</trkpt>
			<trkpt lat="12.98339827" lon="77.69128012">
				<ele>894.07</ele>
				<time>2026-07-28T16:18:39Z</time>
				<extensions>
					<ns3:TrackPointExtension>
						<ns3:speed>1.77</ns3:speed>
						<ns3:cad>81.0</ns3:cad>
						<ns3:hr>150</ns3:hr>
					</ns3:TrackPointExtension>
				</extensions>
			</trkpt>
			<trkpt lat="12.98341393" lon="77.69128512">
				<ele>894.08</ele>
				<time>2026-07-28T16:18:40Z</time>
				<extensions>
					<ns3:TrackPointExtension>
						<ns3:speed>1.77</ns3:speed>
						<ns3:cad>80.0</ns3:cad>
						<ns3:hr>150</ns3:hr>
					</ns3:TrackPointExtension>
				</extensions>
			</trkpt>
			<trkpt lat="12.98342926" lon="77.69129012">
				<ele>894.09</ele>
				<time>2026-07-28T16:18:41Z</time>
				<extensions>
					<ns3:TrackPointExtension>
						<ns3:speed>1.76</ns3:speed>
						<ns3:cad>80.0</ns3:cad>
						<ns3:hr>150</ns3:hr>
					</ns3:TrackPointExtension>
				</extensions>
			</trkpt>
			<trkpt lat="12.98344592" lon="77.69129445">
				<ele>894.1</ele>
				<time>2026-07-28T16:18:42Z</time>
				<extensions>
					<ns3:TrackPointExtension>
						<ns3:speed>1.76</ns3:speed>
						<ns3:cad>79.0</ns3:cad>
						<ns3:hr>151</ns3:hr>
					</ns3:TrackPointExtension>
				</extensions>
			</trkpt>
			<trkpt lat="12.98346192" lon="77.69129844">
				<ele>894.1</ele>
				<time>2026-07-28T16:18:43Z</time>
				<extensions>
					<ns3:TrackPointExtension>
						<ns3:speed>1.76</ns3:speed>
						<ns3:cad>78.0</ns3:cad>
						<ns3:hr>151</ns3:hr>
					</ns3:TrackPointExtension>
				</extensions>
			</trkpt>
			<trkpt lat="12.98347825" lon="77.6913021">
				<ele>894.11</ele>
				<time>2026-07-28T16:18:44Z</time>
				<extensions>
					<ns3:TrackPointExtension>
						<ns3:speed>1.76</ns3:speed>
						<ns3:cad>78.0</ns3:cad>
						<ns3:hr>152</ns3:hr>
					</ns3:TrackPointExtension>
				</extensions>
			</trkpt>
			<trkpt lat="12.98349458" lon="77.69130476">
				<ele>894.12</ele>
				<time>2026-07-28T16:18:45Z</time>
				<extensions>
					<ns3:TrackPointExtension>
						<ns3:speed>1.76</ns3:speed>
						<ns3:cad>78.0</ns3:cad>
						<ns3:hr>154</ns3:hr>
					</ns3:TrackPointExtension>
				</extensions>
			</trkpt>
			<trkpt lat="12.98351124" lon="77.69130842">
				<ele>894.13</ele>
				<time>2026-07-28T16:18:46Z</time>
				<extensions>
					<ns3:TrackPointExtension>
						<ns3:speed>1.76</ns3:speed>
						<ns3:cad>77.0</ns3:cad>
						<ns3:hr>154</ns3:hr>
					</ns3:TrackPointExtension>
				</extensions>
			</trkpt>
			<trkpt lat="12.9835279" lon="77.69131208">
				<ele>894.14</ele>
				<time>2026-07-28T16:18:47Z</time>
				<extensions>
					<ns3:TrackPointExtension>
						<ns3:speed>1.76</ns3:speed>
						<ns3:cad>77.0</ns3:cad>
						<ns3:hr>154</ns3:hr>
					</ns3:TrackPointExtension>
				</extensions>
			</trkpt>
			<trkpt lat="12.98354456" lon="77.69131574">
				<ele>894.15</ele>
				<time>2026-07-28T16:18:48Z</time>
				<extensions>
					<ns3:TrackPointExtension>
						<ns3:speed>1.76</ns3:speed>
						<ns3:cad>78.0</ns3:cad>
						<ns3:hr>155</ns3:hr>
					</ns3:TrackPointExtension>
				</extensions>
			</trkpt>
			<trkpt lat="12.98356056" lon="77.6913204">
				<ele>894.16</ele>
				<time>2026-07-28T16:18:49Z</time>
				<extensions>
					<ns3:TrackPointExtension>
						<ns3:speed>1.76</ns3:speed>
						<ns3:cad>78.0</ns3:cad>
						<ns3:hr>154</ns3:hr>
					</ns3:TrackPointExtension>
				</extensions>
			</trkpt>
			<trkpt lat="12.98357656" lon="77.6913254">
				<ele>894.17</ele>
				<time>2026-07-28T16:18:50Z</time>
				<extensions>
					<ns3:TrackPointExtension>
						<ns3:speed>1.76</ns3:speed>
						<ns3:cad>78.0</ns3:cad>
					</ns3:TrackPointExtension>
				</extensions>
			</trkpt>
			<trkpt lat="12.98359256" lon="77.69133139">
				<ele>894.17</ele>
				<time>2026-07-28T16:18:51Z</time>
				<extensions>
					<ns3:TrackPointExtension>
						<ns3:speed>1.76</ns3:speed>
						<ns3:cad>79.0</ns3:cad>
						<ns3:hr>154</ns3:hr>
					</ns3:TrackPointExtension>
				</extensions>
			</trkpt>
			<trkpt lat="12.98360655" lon="77.69133905">
				<ele>894.18</ele>
				<time>2026-07-28T16:18:52Z</time>
				<extensions>
					<ns3:TrackPointExtension>
						<ns3:speed>1.76</ns3:speed>
						<ns3:cad>79.0</ns3:cad>
						<ns3:hr>154</ns3:hr>
					</ns3:TrackPointExtension>
				</extensions>
			</trkpt>
			<trkpt lat="12.98361755" lon="77.69134971">
				<ele>894.18</ele>
				<time>2026-07-28T16:18:53Z</time>
				<extensions>
					<ns3:TrackPointExtension>
						<ns3:speed>1.75</ns3:speed>
						<ns3:cad>79.0</ns3:cad>
						<ns3:hr>154</ns3:hr>
					</ns3:TrackPointExtension>
				</extensions>
			</trkpt>
			<trkpt lat="12.98362488" lon="77.69136137">
				<ele>894.18</ele>
				<time>2026-07-28T16:18:54Z</time>
				<extensions>
					<ns3:TrackPointExtension>
						<ns3:speed>1.75</ns3:speed>
						<ns3:cad>78.0</ns3:cad>
						<ns3:hr>154</ns3:hr>
					</ns3:TrackPointExtension>
				</extensions>
			</trkpt>
			<trkpt lat="12.98362954" lon="77.6913747">
				<ele>894.18</ele>
				<time>2026-07-28T16:18:55Z</time>
				<extensions>
					<ns3:TrackPointExtension>
						<ns3:speed>1.74</ns3:speed>
						<ns3:cad>78.0</ns3:cad>
						<ns3:hr>154</ns3:hr>
					</ns3:TrackPointExtension>
				</extensions>
			</trkpt>
			<trkpt lat="12.98363154" lon="77.69138836">
				<ele>894.18</ele>
				<time>2026-07-28T16:18:56Z</time>
				<extensions>
					<ns3:TrackPointExtension>
						<ns3:speed>1.74</ns3:speed>
						<ns3:cad>77.0</ns3:cad>
						<ns3:hr>154</ns3:hr>
					</ns3:TrackPointExtension>
				</extensions>
			</trkpt>
			<trkpt lat="12.98363187" lon="77.69140269">
				<ele>894.18</ele>
				<time>2026-07-28T16:18:57Z</time>
				<extensions>
					<ns3:TrackPointExtension>
						<ns3:speed>1.73</ns3:speed>
						<ns3:cad>76.0</ns3:cad>
						<ns3:hr>154</ns3:hr>
					</ns3:TrackPointExtension>
				</extensions>
			</trkpt>
			<trkpt lat="12.98363154" lon="77.69141635">
				<ele>894.18</ele>
				<time>2026-07-28T16:18:58Z</time>
				<extensions>
					<ns3:TrackPointExtension>
						<ns3:speed>1.73</ns3:speed>
						<ns3:cad>77.0</ns3:cad>
						<ns3:hr>154</ns3:hr>
					</ns3:TrackPointExtension>
				</extensions>
			</trkpt>
			<trkpt lat="12.98362921" lon="77.69143035">
				<ele>894.19</ele>
				<time>2026-07-28T16:18:59Z</time>
				<extensions>
					<ns3:TrackPointExtension>
						<ns3:speed>1.73</ns3:speed>
						<ns3:cad>78.0</ns3:cad>
						<ns3:hr>153</ns3:hr>
					</ns3:TrackPointExtension>
				</extensions>
			</trkpt>
			<trkpt lat="12.98362655" lon="77.69144434">
				<ele>894.19</ele>
				<time>2026-07-28T16:19:00Z</time>
				<extensions>
					<ns3:TrackPointExtension>
						<ns3:speed>1.73</ns3:speed>
						<ns3:cad>79.0</ns3:cad>
						<ns3:hr>152</ns3:hr>
					</ns3:TrackPointExtension>
				</extensions>
			</trkpt>
			<trkpt lat="12.98362255" lon="77.69145767">
				<ele>893.93</ele>
				<time>2026-07-28T16:19:01Z</time>
				<extensions>
					<ns3:TrackPointExtension>
						<ns3:speed>1.73</ns3:speed>
						<ns3:cad>80.0</ns3:cad>
						<ns3:hr>152</ns3:hr>
					</ns3:TrackPointExtension>
				</extensions>
			</trkpt>
			<trkpt lat="12.98361789" lon="77.69147066">
				<ele>893.93</ele>
				<time>2026-07-28T16:19:02Z</time>
				<extensions>
					<ns3:TrackPointExtension>
						<ns3:speed>1.73</ns3:speed>
						<ns3:cad>81.0</ns3:cad>
						<ns3:hr>152</ns3:hr>
					</ns3:TrackPointExtension>
				</extensions>
			</trkpt>
			<trkpt lat="12.98361356" lon="77.69148399">
				<ele>893.93</ele>
				<time>2026-07-28T16:19:03Z</time>
				<extensions>
					<ns3:TrackPointExtension>
						<ns3:speed>1.72</ns3:speed>
						<ns3:cad>81.0</ns3:cad>
						<ns3:hr>152</ns3:hr>
					</ns3:TrackPointExtension>
				</extensions>
			</trkpt>
			<trkpt lat="12.9836079" lon="77.69149732">
				<ele>893.92</ele>
				<time>2026-07-28T16:19:04Z</time>
				<extensions>
					<ns3:TrackPointExtension>
						<ns3:speed>1.71</ns3:speed>
						<ns3:cad>81.0</ns3:cad>
						<ns3:hr>151</ns3:hr>
					</ns3:TrackPointExtension>
				</extensions>
			</trkpt>
			<trkpt lat="12.98360257" lon="77.69151131">
				<ele>893.91</ele>
				<time>2026-07-28T16:19:05Z</time>
				<extensions>
					<ns3:TrackPointExtension>
						<ns3:speed>1.71</ns3:speed>
						<ns3:cad>80.0</ns3:cad>
						<ns3:hr>151</ns3:hr>
					</ns3:TrackPointExtension>
				</extensions>
			</trkpt>
			<trkpt lat="12.98359724" lon="77.69152531">
				<ele>893.9</ele>
				<time>2026-07-28T16:19:06Z</time>
				<extensions>
					<ns3:TrackPointExtension>
						<ns3:speed>1.71</ns3:speed>
						<ns3:cad>79.0</ns3:cad>
						<ns3:hr>151</ns3:hr>
					</ns3:TrackPointExtension>
				</extensions>
			</trkpt>
			<trkpt lat="12.98359291" lon="77.6915393">
				<ele>893.89</ele>
				<time>2026-07-28T16:19:07Z</time>
				<extensions>
					<ns3:TrackPointExtension>
						<ns3:speed>1.71</ns3:speed>
						<ns3:cad>78.0</ns3:cad>
						<ns3:hr>150</ns3:hr>
					</ns3:TrackPointExtension>
				</extensions>
			</trkpt>
			<trkpt lat="12.98358691" lon="77.6915533">
				<ele>893.87</ele>
				<time>2026-07-28T16:19:08Z</time>
				<extensions>
					<ns3:TrackPointExtension>
						<ns3:speed>1.71</ns3:speed>
						<ns3:cad>77.0</ns3:cad>
						<ns3:hr>150</ns3:hr>
					</ns3:TrackPointExtension>
				</extensions>
			</trkpt>
			<trkpt lat="12.98358058" lon="77.69156763">
				<ele>893.86</ele>
				<time>2026-07-28T16:19:09Z</time>
				<extensions>
					<ns3:TrackPointExtension>
						<ns3:speed>1.71</ns3:speed>
						<ns3:cad>77.0</ns3:cad>
						<ns3:hr>150</ns3:hr>
					</ns3:TrackPointExtension>
				</extensions>
			</trkpt>
			<trkpt lat="12.98357459" lon="77.69158163">
				<ele>893.85</ele>
				<time>2026-07-28T16:19:10Z</time>
				<extensions>
					<ns3:TrackPointExtension>
						<ns3:speed>1.71</ns3:speed>
						<ns3:cad>77.0</ns3:cad>
						<ns3:hr>150</ns3:hr>
					</ns3:TrackPointExtension>
				</extensions>
			</trkpt>
			<trkpt lat="12.98356793" lon="77.69159562">
				<ele>893.84</ele>
				<time>2026-07-28T16:19:11Z</time>
				<extensions>
					<ns3:TrackPointExtension>
						<ns3:speed>1.71</ns3:speed>
						<ns3:cad>78.0</ns3:cad>
						<ns3:hr>150</ns3:hr>
					</ns3:TrackPointExtension>
				</extensions>
			</trkpt>
			<trkpt lat="12.9835596" lon="77.69160962">
				<ele>893.84</ele>
				<time>2026-07-28T16:19:12Z</time>
				<extensions>
					<ns3:TrackPointExtension>
						<ns3:speed>1.72</ns3:speed>
						<ns3:cad>78.0</ns3:cad>
						<ns3:hr>150</ns3:hr>
					</ns3:TrackPointExtension>
				</extensions>
			</trkpt>
			<trkpt lat="12.98355227" lon="77.69162395">
				<ele>893.83</ele>
				<time>2026-07-28T16:19:13Z</time>
				<extensions>
					<ns3:TrackPointExtension>
						<ns3:speed>1.72</ns3:speed>
						<ns3:cad>80.0</ns3:cad>
						<ns3:hr>149</ns3:hr>
					</ns3:TrackPointExtension>
				</extensions>
			</trkpt>
			<trkpt lat="12.98354428" lon="77.69163795">
				<ele>893.82</ele>
				<time>2026-07-28T16:19:14Z</time>
				<extensions>
					<ns3:TrackPointExtension>
						<ns3:speed>1.72</ns3:speed>
						<ns3:cad>80.0</ns3:cad>
						<ns3:hr>149</ns3:hr>
					</ns3:TrackPointExtension>
				</extensions>
			</trkpt>
			<trkpt lat="12.98353628" lon="77.69165228">
				<ele>893.81</ele>
				<time>2026-07-28T16:19:15Z</time>
				<extensions>
					<ns3:TrackPointExtension>
						<ns3:speed>1.72</ns3:speed>
						<ns3:cad>81.0</ns3:cad>
						<ns3:hr>150</ns3:hr>
					</ns3:TrackPointExtension>
				</extensions>
			</trkpt>
			<trkpt lat="12.98352895" lon="77.69166561">
				<ele>893.81</ele>
				<time>2026-07-28T16:19:16Z</time>
				<extensions>
					<ns3:TrackPointExtension>
						<ns3:speed>1.72</ns3:speed>
						<ns3:cad>81.0</ns3:cad>
						<ns3:hr>149</ns3:hr>
					</ns3:TrackPointExtension>
				</extensions>
			</trkpt>
			<trkpt lat="12.98352262" lon="77.6916796">
				<ele>893.8</ele>
				<time>2026-07-28T16:19:17Z</time>
				<extensions>
					<ns3:TrackPointExtension>
						<ns3:speed>1.73</ns3:speed>
						<ns3:cad>81.0</ns3:cad>
						<ns3:hr>149</ns3:hr>
					</ns3:TrackPointExtension>
				</extensions>
			</trkpt>
			<trkpt lat="12.98351596" lon="77.69169326">
				<ele>893.79</ele>
				<time>2026-07-28T16:19:18Z</time>
				<extensions>
					<ns3:TrackPointExtension>
						<ns3:speed>1.73</ns3:speed>
						<ns3:cad>81.0</ns3:cad>
						<ns3:hr>150</ns3:hr>
					</ns3:TrackPointExtension>
				</extensions>
			</trkpt>
			<trkpt lat="12.98350996" lon="77.69170759">
				<ele>893.78</ele>
				<time>2026-07-28T16:19:19Z</time>
				<extensions>
					<ns3:TrackPointExtension>
						<ns3:speed>1.73</ns3:speed>
						<ns3:cad>80.0</ns3:cad>
						<ns3:hr>150</ns3:hr>
					</ns3:TrackPointExtension>
				</extensions>
			</trkpt>
			<trkpt lat="12.98350296" lon="77.69172158">
				<ele>893.76</ele>
				<time>2026-07-28T16:19:20Z</time>
				<extensions>
					<ns3:TrackPointExtension>
						<ns3:speed>1.72</ns3:speed>
						<ns3:cad>80.0</ns3:cad>
						<ns3:hr>150</ns3:hr>
					</ns3:TrackPointExtension>
				</extensions>
			</trkpt>
			<trkpt lat="12.98349663" lon="77.69173591">
				<ele>893.75</ele>
				<time>2026-07-28T16:19:21Z</time>
				<extensions>
					<ns3:TrackPointExtension>
						<ns3:speed>1.72</ns3:speed>
						<ns3:cad>80.0</ns3:cad>
						<ns3:hr>150</ns3:hr>
					</ns3:TrackPointExtension>
				</extensions>
			</trkpt>
			<trkpt lat="12.9834893" lon="77.6917499">
				<ele>893.74</ele>
				<time>2026-07-28T16:19:22Z</time>
				<extensions>
					<ns3:TrackPointExtension>
						<ns3:speed>1.72</ns3:speed>
						<ns3:cad>80.0</ns3:cad>
						<ns3:hr>150</ns3:hr>
					</ns3:TrackPointExtension>
				</extensions>
			</trkpt>
			<trkpt lat="12.98348064" lon="77.69176223">
				<ele>893.73</ele>
				<time>2026-07-28T16:19:23Z</time>
				<extensions>
					<ns3:TrackPointExtension>
						<ns3:speed>1.72</ns3:speed>
						<ns3:cad>79.0</ns3:cad>
						<ns3:hr>150</ns3:hr>
					</ns3:TrackPointExtension>
				</extensions>
			</trkpt>
			<trkpt lat="12.98347131" lon="77.69177422">
				<ele>893.72</ele>
				<time>2026-07-28T16:19:24Z</time>
				<extensions>
					<ns3:TrackPointExtension>
						<ns3:speed>1.71</ns3:speed>
						<ns3:cad>79.0</ns3:cad>
						<ns3:hr>150</ns3:hr>
					</ns3:TrackPointExtension>
				</extensions>
			</trkpt>
			<trkpt lat="12.98346198" lon="77.69178555">
				<ele>893.7</ele>
				<time>2026-07-28T16:19:25Z</time>
				<extensions>
					<ns3:TrackPointExtension>
						<ns3:speed>1.7</ns3:speed>
						<ns3:cad>78.0</ns3:cad>
						<ns3:hr>150</ns3:hr>
					</ns3:TrackPointExtension>
				</extensions>
			</trkpt>
			<trkpt lat="12.98345165" lon="77.69179688">
				<ele>893.7</ele>
				<time>2026-07-28T16:19:26Z</time>
				<extensions>
					<ns3:TrackPointExtension>
						<ns3:speed>1.7</ns3:speed>
						<ns3:cad>78.0</ns3:cad>
						<ns3:hr>150</ns3:hr>
					</ns3:TrackPointExtension>
				</extensions>
			</trkpt>
			<trkpt lat="12.98344065" lon="77.69180721">
				<ele>893.69</ele>
				<time>2026-07-28T16:19:27Z</time>
				<extensions>
					<ns3:TrackPointExtension>
						<ns3:speed>1.69</ns3:speed>
						<ns3:cad>78.0</ns3:cad>
						<ns3:hr>150</ns3:hr>
					</ns3:TrackPointExtension>
				</extensions>
			</trkpt>
			<trkpt lat="12.98342899" lon="77.69181654">
				<ele>893.68</ele>
				<time>2026-07-28T16:19:28Z</time>
				<extensions>
					<ns3:TrackPointExtension>
						<ns3:speed>1.69</ns3:speed>
						<ns3:cad>77.0</ns3:cad>
						<ns3:hr>150</ns3:hr>
					</ns3:TrackPointExtension>
				</extensions>
			</trkpt>
			<trkpt lat="12.98341566" lon="77.6918242">
				<ele>893.67</ele>
				<time>2026-07-28T16:19:29Z</time>
				<extensions>
					<ns3:TrackPointExtension>
						<ns3:speed>1.68</ns3:speed>
						<ns3:cad>78.0</ns3:cad>
						<ns3:hr>149</ns3:hr>
					</ns3:TrackPointExtension>
				</extensions>
			</trkpt>
			<trkpt lat="12.98340233" lon="77.69182986">
				<ele>893.67</ele>
				<time>2026-07-28T16:19:30Z</time>
				<extensions>
					<ns3:TrackPointExtension>
						<ns3:speed>1.68</ns3:speed>
						<ns3:cad>78.0</ns3:cad>
						<ns3:hr>149</ns3:hr>
					</ns3:TrackPointExtension>
				</extensions>
			</trkpt>
			<trkpt lat="12.98338867" lon="77.69183486">
				<ele>893.66</ele>
				<time>2026-07-28T16:19:31Z</time>
				<extensions>
					<ns3:TrackPointExtension>
						<ns3:speed>1.68</ns3:speed>
						<ns3:cad>79.0</ns3:cad>
						<ns3:hr>149</ns3:hr>
					</ns3:TrackPointExtension>
				</extensions>
			</trkpt>
			<trkpt lat="12.98337301" lon="77.69183919">
				<ele>893.66</ele>
				<time>2026-07-28T16:19:32Z</time>
				<extensions>
					<ns3:TrackPointExtension>
						<ns3:speed>1.67</ns3:speed>
						<ns3:cad>80.0</ns3:cad>
						<ns3:hr>148</ns3:hr>
					</ns3:TrackPointExtension>
				</extensions>
			</trkpt>
			<trkpt lat="12.98335735" lon="77.69184252">
				<ele>893.66</ele>
				<time>2026-07-28T16:19:33Z</time>
				<extensions>
					<ns3:TrackPointExtension>
						<ns3:speed>1.67</ns3:speed>
						<ns3:cad>81.0</ns3:cad>
						<ns3:hr>148</ns3:hr>
					</ns3:TrackPointExtension>
				</extensions>
			</trkpt>
			<trkpt lat="12.98334302" lon="77.69184318">
				<ele>893.66</ele>
				<time>2026-07-28T16:19:34Z</time>
				<extensions>
					<ns3:TrackPointExtension>
						<ns3:speed>1.67</ns3:speed>
						<ns3:cad>81.0</ns3:cad>
						<ns3:hr>147</ns3:hr>
					</ns3:TrackPointExtension>
				</extensions>
			</trkpt>
			<trkpt lat="12.98332969" lon="77.69184551">
				<ele>893.66</ele>
				<time>2026-07-28T16:19:35Z</time>
				<extensions>
					<ns3:TrackPointExtension>
						<ns3:speed>1.67</ns3:speed>
						<ns3:cad>81.0</ns3:cad>
						<ns3:hr>146</ns3:hr>
					</ns3:TrackPointExtension>
				</extensions>
			</trkpt>
			<trkpt lat="12.98331536" lon="77.69184617">
				<ele>893.66</ele>
				<time>2026-07-28T16:19:36Z</time>
				<extensions>
					<ns3:TrackPointExtension>
						<ns3:speed>1.67</ns3:speed>
						<ns3:cad>80.0</ns3:cad>
						<ns3:hr>146</ns3:hr>
					</ns3:TrackPointExtension>
				</extensions>
			</trkpt>
			<trkpt lat="12.98330103" lon="77.6918465">
				<ele>893.66</ele>
				<time>2026-07-28T16:19:37Z</time>
				<extensions>
					<ns3:TrackPointExtension>
						<ns3:speed>1.67</ns3:speed>
						<ns3:cad>80.0</ns3:cad>
						<ns3:hr>147</ns3:hr>
					</ns3:TrackPointExtension>
				</extensions>
			</trkpt>
			<trkpt lat="12.9832857" lon="77.69184683">
				<ele>893.66</ele>
				<time>2026-07-28T16:19:38Z</time>
				<extensions>
					<ns3:TrackPointExtension>
						<ns3:speed>1.67</ns3:speed>
						<ns3:cad>80.0</ns3:cad>
						<ns3:hr>147</ns3:hr>
					</ns3:TrackPointExtension>
				</extensions>
			</trkpt>
			<trkpt lat="12.98327071" lon="77.69184782">
				<ele>893.66</ele>
				<time>2026-07-28T16:19:39Z</time>
				<extensions>
					<ns3:TrackPointExtension>
						<ns3:speed>1.67</ns3:speed>
						<ns3:cad>80.0</ns3:cad>
						<ns3:hr>147</ns3:hr>
					</ns3:TrackPointExtension>
				</extensions>
			</trkpt>
			<trkpt lat="12.98325671" lon="77.69184616">
				<ele>893.66</ele>
				<time>2026-07-28T16:19:40Z</time>
				<extensions>
					<ns3:TrackPointExtension>
						<ns3:speed>1.67</ns3:speed>
						<ns3:cad>80.0</ns3:cad>
						<ns3:hr>148</ns3:hr>
					</ns3:TrackPointExtension>
				</extensions>
			</trkpt>
			<trkpt lat="12.98324472" lon="77.69184682">
				<ele>893.65</ele>
				<time>2026-07-28T16:19:41Z</time>
				<extensions>
					<ns3:TrackPointExtension>
						<ns3:speed>1.66</ns3:speed>
						<ns3:cad>81.0</ns3:cad>
						<ns3:hr>148</ns3:hr>
					</ns3:TrackPointExtension>
				</extensions>
			</trkpt>
			<trkpt lat="12.98323139" lon="77.69184748">
				<ele>893.65</ele>
				<time>2026-07-28T16:19:42Z</time>
				<extensions>
					<ns3:TrackPointExtension>
						<ns3:speed>1.66</ns3:speed>
						<ns3:cad>81.0</ns3:cad>
						<ns3:hr>148</ns3:hr>
					</ns3:TrackPointExtension>
				</extensions>
			</trkpt>
			<trkpt lat="12.98321806" lon="77.69185414">
				<ele>893.65</ele>
				<time>2026-07-28T16:19:43Z</time>
				<extensions>
					<ns3:TrackPointExtension>
						<ns3:speed>1.66</ns3:speed>
						<ns3:cad>81.0</ns3:cad>
						<ns3:hr>147</ns3:hr>
					</ns3:TrackPointExtension>
				</extensions>
			</trkpt>
			<trkpt lat="12.9832074" lon="77.6918628">
				<ele>893.64</ele>
				<time>2026-07-28T16:19:44Z</time>
				<extensions>
					<ns3:TrackPointExtension>
						<ns3:speed>1.66</ns3:speed>
						<ns3:cad>81.0</ns3:cad>
						<ns3:hr>147</ns3:hr>
					</ns3:TrackPointExtension>
				</extensions>
			</trkpt>
			<trkpt lat="12.98319807" lon="77.69187313">
				<ele>893.64</ele>
				<time>2026-07-28T16:19:45Z</time>
				<extensions>
					<ns3:TrackPointExtension>
						<ns3:speed>1.65</ns3:speed>
						<ns3:cad>80.0</ns3:cad>
						<ns3:hr>147</ns3:hr>
					</ns3:TrackPointExtension>
				</extensions>
			</trkpt>
			<trkpt lat="12.98318941" lon="77.69188413">
				<ele>893.63</ele>
				<time>2026-07-28T16:19:46Z</time>
				<extensions>
					<ns3:TrackPointExtension>
						<ns3:speed>1.64</ns3:speed>
						<ns3:cad>80.0</ns3:cad>
						<ns3:hr>147</ns3:hr>
					</ns3:TrackPointExtension>
				</extensions>
			</trkpt>
			<trkpt lat="12.98318142" lon="77.69189679">
				<ele>893.63</ele>
				<time>2026-07-28T16:19:47Z</time>
				<extensions>
					<ns3:TrackPointExtension>
						<ns3:speed>1.63</ns3:speed>
						<ns3:cad>79.0</ns3:cad>
						<ns3:hr>147</ns3:hr>
					</ns3:TrackPointExtension>
				</extensions>
			</trkpt>
			<trkpt lat="12.98317409" lon="77.69191145">
				<ele>893.63</ele>
				<time>2026-07-28T16:19:48Z</time>
				<extensions>
					<ns3:TrackPointExtension>
						<ns3:speed>1.63</ns3:speed>
						<ns3:cad>78.0</ns3:cad>
						<ns3:hr>147</ns3:hr>
					</ns3:TrackPointExtension>
				</extensions>
			</trkpt>
			<trkpt lat="12.98316643" lon="77.69192578">
				<ele>893.62</ele>
				<time>2026-07-28T16:19:49Z</time>
				<extensions>
					<ns3:TrackPointExtension>
						<ns3:speed>1.63</ns3:speed>
						<ns3:cad>78.0</ns3:cad>
						<ns3:hr>147</ns3:hr>
					</ns3:TrackPointExtension>
				</extensions>
			</trkpt>
			<trkpt lat="12.98315777" lon="77.69194044">
				<ele>893.62</ele>
				<time>2026-07-28T16:19:50Z</time>
				<extensions>
					<ns3:TrackPointExtension>
						<ns3:speed>1.64</ns3:speed>
						<ns3:cad>78.0</ns3:cad>
						<ns3:hr>147</ns3:hr>
					</ns3:TrackPointExtension>
				</extensions>
			</trkpt>
			<trkpt lat="12.98314778" lon="77.69195444">
				<ele>893.62</ele>
				<time>2026-07-28T16:19:51Z</time>
				<extensions>
					<ns3:TrackPointExtension>
						<ns3:speed>1.64</ns3:speed>
						<ns3:cad>78.0</ns3:cad>
						<ns3:hr>147</ns3:hr>
					</ns3:TrackPointExtension>
				</extensions>
			</trkpt>
			<trkpt lat="12.98313779" lon="77.6919681">
				<ele>893.62</ele>
				<time>2026-07-28T16:19:52Z</time>
				<extensions>
					<ns3:TrackPointExtension>
						<ns3:speed>1.65</ns3:speed>
						<ns3:cad>78.0</ns3:cad>
						<ns3:hr>148</ns3:hr>
					</ns3:TrackPointExtension>
				</extensions>
			</trkpt>
			<trkpt lat="12.98312646" lon="77.69197976">
				<ele>893.61</ele>
				<time>2026-07-28T16:19:53Z</time>
				<extensions>
					<ns3:TrackPointExtension>
						<ns3:speed>1.65</ns3:speed>
						<ns3:cad>78.0</ns3:cad>
						<ns3:hr>148</ns3:hr>
					</ns3:TrackPointExtension>
				</extensions>
			</trkpt>
			<trkpt lat="12.9831148" lon="77.69199142">
				<ele>893.61</ele>
				<time>2026-07-28T16:19:54Z</time>
				<extensions>
					<ns3:TrackPointExtension>
						<ns3:speed>1.65</ns3:speed>
						<ns3:cad>78.0</ns3:cad>
						<ns3:hr>148</ns3:hr>
					</ns3:TrackPointExtension>
				</extensions>
			</trkpt>
			<trkpt lat="12.98310281" lon="77.69200175">
				<ele>893.6</ele>
				<time>2026-07-28T16:19:55Z</time>
				<extensions>
					<ns3:TrackPointExtension>
						<ns3:speed>1.66</ns3:speed>
						<ns3:cad>77.0</ns3:cad>
						<ns3:hr>149</ns3:hr>
					</ns3:TrackPointExtension>
				</extensions>
			</trkpt>
			<trkpt lat="12.98309148" lon="77.69201175">
				<ele>893.59</ele>
				<time>2026-07-28T16:19:56Z</time>
				<extensions>
					<ns3:TrackPointExtension>
						<ns3:speed>1.66</ns3:speed>
						<ns3:cad>77.0</ns3:cad>
						<ns3:hr>149</ns3:hr>
					</ns3:TrackPointExtension>
				</extensions>
			</trkpt>
			<trkpt lat="12.98308082" lon="77.69202175">
				<ele>893.59</ele>
				<time>2026-07-28T16:19:57Z</time>
				<extensions>
					<ns3:TrackPointExtension>
						<ns3:speed>1.66</ns3:speed>
						<ns3:cad>76.0</ns3:cad>
						<ns3:hr>149</ns3:hr>
					</ns3:TrackPointExtension>
				</extensions>
			</trkpt>
			<trkpt lat="12.98307049" lon="77.69203208">
				<ele>893.59</ele>
				<time>2026-07-28T16:19:58Z</time>
				<extensions>
					<ns3:TrackPointExtension>
						<ns3:speed>1.66</ns3:speed>
						<ns3:cad>76.0</ns3:cad>
						<ns3:hr>148</ns3:hr>
					</ns3:TrackPointExtension>
				</extensions>
			</trkpt>
			<trkpt lat="12.98306083" lon="77.69204207">
				<ele>893.59</ele>
				<time>2026-07-28T16:19:59Z</time>
				<extensions>
					<ns3:TrackPointExtension>
						<ns3:speed>1.65</ns3:speed>
						<ns3:cad>76.0</ns3:cad>
						<ns3:hr>148</ns3:hr>
					</ns3:TrackPointExtension>
				</extensions>
			</trkpt>
			<trkpt lat="12.98304884" lon="77.69205007">
				<ele>893.58</ele>
				<time>2026-07-28T16:20:00Z</time>
				<extensions>
					<ns3:TrackPointExtension>
						<ns3:speed>1.64</ns3:speed>
						<ns3:cad>76.0</ns3:cad>
						<ns3:hr>148</ns3:hr>
					</ns3:TrackPointExtension>
				</extensions>
			</trkpt>
			<trkpt lat="12.98303651" lon="77.69205773">
				<ele>893.58</ele>
				<time>2026-07-28T16:20:01Z</time>
				<extensions>
					<ns3:TrackPointExtension>
						<ns3:speed>1.63</ns3:speed>
						<ns3:cad>76.0</ns3:cad>
						<ns3:hr>148</ns3:hr>
					</ns3:TrackPointExtension>
				</extensions>
			</trkpt>
			<trkpt lat="12.98302418" lon="77.69206406">
				<ele>893.57</ele>
				<time>2026-07-28T16:20:02Z</time>
				<extensions>
					<ns3:TrackPointExtension>
						<ns3:speed>1.62</ns3:speed>
						<ns3:cad>76.0</ns3:cad>
						<ns3:hr>148</ns3:hr>
					</ns3:TrackPointExtension>
				</extensions>
			</trkpt>
			<trkpt lat="12.98301185" lon="77.69206939">
				<ele>893.57</ele>
				<time>2026-07-28T16:20:03Z</time>
				<extensions>
					<ns3:TrackPointExtension>
						<ns3:speed>1.61</ns3:speed>
						<ns3:cad>76.0</ns3:cad>
						<ns3:hr>148</ns3:hr>
					</ns3:TrackPointExtension>
				</extensions>
			</trkpt>
			<trkpt lat="12.98299885" lon="77.69207439">
				<ele>893.57</ele>
				<time>2026-07-28T16:20:04Z</time>
				<extensions>
					<ns3:TrackPointExtension>
					</ns3:TrackPointExtension>
				</extensions>
			</trkpt>
			<trkpt lat="12.98298519" lon="77.69207939">
				<ele>893.57</ele>
				<time>2026-07-28T16:20:05Z</time>
				<extensions>
					<ns3:TrackPointExtension>
						<ns3:speed>1.61</ns3:speed>
						<ns3:cad>76.0</ns3:cad>
						<ns3:hr>148</ns3:hr>
					</ns3:TrackPointExtension>
				</extensions>
			</trkpt>
			<trkpt lat="12.98297086" lon="77.69208439">
				<ele>893.57</ele>
				<time>2026-07-28T16:20:06Z</time>
				<extensions>
					<ns3:TrackPointExtension>
						<ns3:speed>1.6</ns3:speed>
						<ns3:cad>77.0</ns3:cad>
						<ns3:hr>148</ns3:hr>
					</ns3:TrackPointExtension>
				</extensions>
			</trkpt>
			<trkpt lat="12.98295787" lon="77.69208972">
				<ele>893.56</ele>
				<time>2026-07-28T16:20:07Z</time>
				<extensions>
					<ns3:TrackPointExtension>
						<ns3:speed>1.59</ns3:speed>
						<ns3:cad>77.0</ns3:cad>
						<ns3:hr>150</ns3:hr>
					</ns3:TrackPointExtension>
				</extensions>
			</trkpt>
			<trkpt lat="12.98294454" lon="77.69209505">
				<ele>893.56</ele>
				<time>2026-07-28T16:20:08Z</time>
				<extensions>
					<ns3:TrackPointExtension>
						<ns3:speed>1.58</ns3:speed>
						<ns3:cad>77.0</ns3:cad>
						<ns3:hr>149</ns3:hr>
					</ns3:TrackPointExtension>
				</extensions>
			</trkpt>
			<trkpt lat="12.98293121" lon="77.69210104">
				<ele>893.56</ele>
				<time>2026-07-28T16:20:09Z</time>
				<extensions>
					<ns3:TrackPointExtension>
						<ns3:speed>1.58</ns3:speed>
						<ns3:cad>77.0</ns3:cad>
						<ns3:hr>149</ns3:hr>
					</ns3:TrackPointExtension>
				</extensions>
			</trkpt>
			<trkpt lat="12.98291788" lon="77.6921087">
				<ele>893.56</ele>
				<time>2026-07-28T16:20:10Z</time>
				<extensions>
					<ns3:TrackPointExtension>
						<ns3:speed>1.57</ns3:speed>
						<ns3:cad>77.0</ns3:cad>
						<ns3:hr>148</ns3:hr>
					</ns3:TrackPointExtension>
				</extensions>
			</trkpt>
			<trkpt lat="12.98290455" lon="77.69211803">
				<ele>893.56</ele>
				<time>2026-07-28T16:20:11Z</time>
				<extensions>
					<ns3:TrackPointExtension>
						<ns3:speed>1.56</ns3:speed>
						<ns3:cad>76.0</ns3:cad>
						<ns3:hr>148</ns3:hr>
					</ns3:TrackPointExtension>
				</extensions>
			</trkpt>
			<trkpt lat="12.98289055" lon="77.69212569">
				<ele>893.56</ele>
				<time>2026-07-28T16:20:12Z</time>
				<extensions>
					<ns3:TrackPointExtension>
						<ns3:speed>1.56</ns3:speed>
						<ns3:cad>76.0</ns3:cad>
						<ns3:hr>148</ns3:hr>
					</ns3:TrackPointExtension>
				</extensions>
			</trkpt>
			<trkpt lat="12.98287622" lon="77.69213435">
				<ele>893.56</ele>
				<time>2026-07-28T16:20:13Z</time>
				<extensions>
					<ns3:TrackPointExtension>
						<ns3:speed>1.56</ns3:speed>
						<ns3:cad>76.0</ns3:cad>
						<ns3:hr>148</ns3:hr>
					</ns3:TrackPointExtension>
				</extensions>
			</trkpt>
			<trkpt lat="12.98286222" lon="77.69214268">
				<ele>893.57</ele>
				<time>2026-07-28T16:20:14Z</time>
				<extensions>
					<ns3:TrackPointExtension>
						<ns3:speed>1.56</ns3:speed>
						<ns3:cad>76.0</ns3:cad>
						<ns3:hr>148</ns3:hr>
					</ns3:TrackPointExtension>
				</extensions>
			</trkpt>
			<trkpt lat="12.98284856" lon="77.69215134">
				<ele>893.57</ele>
				<time>2026-07-28T16:20:15Z</time>
				<extensions>
					<ns3:TrackPointExtension>
						<ns3:speed>1.57</ns3:speed>
						<ns3:cad>76.0</ns3:cad>
						<ns3:hr>148</ns3:hr>
					</ns3:TrackPointExtension>
				</extensions>
			</trkpt>
			<trkpt lat="12.9828349" lon="77.69215967">
				<ele>893.58</ele>
				<time>2026-07-28T16:20:16Z</time>
				<extensions>
					<ns3:TrackPointExtension>
						<ns3:speed>1.57</ns3:speed>
						<ns3:cad>77.0</ns3:cad>
						<ns3:hr>148</ns3:hr>
					</ns3:TrackPointExtension>
				</extensions>
			</trkpt>
			<trkpt lat="12.98282224" lon="77.69216933">
				<ele>893.59</ele>
				<time>2026-07-28T16:20:17Z</time>
				<extensions>
					<ns3:TrackPointExtension>
						<ns3:speed>1.58</ns3:speed>
						<ns3:cad>77.0</ns3:cad>
						<ns3:hr>149</ns3:hr>
					</ns3:TrackPointExtension>
				</extensions>
			</trkpt>
			<trkpt lat="12.98280991" lon="77.69217899">
				<ele>893.59</ele>
				<time>2026-07-28T16:20:18Z</time>
				<extensions>
					<ns3:TrackPointExtension>
						<ns3:speed>1.58</ns3:speed>
						<ns3:cad>78.0</ns3:cad>
						<ns3:hr>150</ns3:hr>
					</ns3:TrackPointExtension>
				</extensions>
			</trkpt>
			<trkpt lat="12.98279691" lon="77.69218932">
				<ele>893.6</ele>
				<time>2026-07-28T16:20:19Z</time>
				<extensions>
					<ns3:TrackPointExtension>
						<ns3:speed>1.6</ns3:speed>
						<ns3:cad>78.0</ns3:cad>
						<ns3:hr>149</ns3:hr>
					</ns3:TrackPointExtension>
				</extensions>
			</trkpt>
			<trkpt lat="12.98278558" lon="77.69220131">
				<ele>893.61</ele>
				<time>2026-07-28T16:20:20Z</time>
				<extensions>
					<ns3:TrackPointExtension>
						<ns3:speed>1.61</ns3:speed>
						<ns3:cad>79.0</ns3:cad>
						<ns3:hr>148</ns3:hr>
					</ns3:TrackPointExtension>
				</extensions>
			</trkpt>
			<trkpt lat="12.98277392" lon="77.69221397">
				<ele>893.62</ele>
				<time>2026-07-28T16:20:21Z</time>
				<extensions>
					<ns3:TrackPointExtension>
						<ns3:speed>1.62</ns3:speed>
						<ns3:cad>80.0</ns3:cad>
						<ns3:hr>147</ns3:hr>
					</ns3:TrackPointExtension>
				</extensions>
			</trkpt>
			<trkpt lat="12.98276359" lon="77.69222796">
				<ele>893.63</ele>
				<time>2026-07-28T16:20:22Z</time>
				<extensions>
					<ns3:TrackPointExtension>
						<ns3:speed>1.63</ns3:speed>
						<ns3:cad>80.0</ns3:cad>
						<ns3:hr>145</ns3:hr>
					</ns3:TrackPointExtension>
				</extensions>
			</trkpt>
			<trkpt lat="12.98275459" lon="77.69224429">
				<ele>893.65</ele>
				<time>2026-07-28T16:20:23Z</time>
				<extensions>
					<ns3:TrackPointExtension>
						<ns3:speed>1.64</ns3:speed>
						<ns3:cad>80.0</ns3:cad>
						<ns3:hr>145</ns3:hr>
					</ns3:TrackPointExtension>
				</extensions>
			</trkpt>
			<trkpt lat="12.98274726" lon="77.69226128">
				<ele>893.66</ele>
				<time>2026-07-28T16:20:24Z</time>
				<extensions>
					<ns3:TrackPointExtension>
						<ns3:speed>1.65</ns3:speed>
						<ns3:cad>79.0</ns3:cad>
						<ns3:hr>146</ns3:hr>
					</ns3:TrackPointExtension>
				</extensions>
			</trkpt>
			<trkpt lat="12.9827396" lon="77.69227694">
				<ele>893.68</ele>
				<time>2026-07-28T16:20:25Z</time>
				<extensions>
					<ns3:TrackPointExtension>
						<ns3:speed>1.67</ns3:speed>
						<ns3:cad>79.0</ns3:cad>
						<ns3:hr>147</ns3:hr>
					</ns3:TrackPointExtension>
				</extensions>
			</trkpt>
			<trkpt lat="12.9827296" lon="77.69229227">
				<ele>893.69</ele>
				<time>2026-07-28T16:20:26Z</time>
				<extensions>
					<ns3:TrackPointExtension>
						<ns3:speed>1.68</ns3:speed>
						<ns3:cad>78.0</ns3:cad>
						<ns3:hr>147</ns3:hr>
					</ns3:TrackPointExtension>
				</extensions>
			</trkpt>
			<trkpt lat="12.98271827" lon="77.6923056">
				<ele>893.71</ele>
				<time>2026-07-28T16:20:27Z</time>
				<extensions>
					<ns3:TrackPointExtension>
						<ns3:speed>1.7</ns3:speed>
						<ns3:cad>78.0</ns3:cad>
						<ns3:hr>147</ns3:hr>
					</ns3:TrackPointExtension>
				</extensions>
			</trkpt>
			<trkpt lat="12.98270561" lon="77.69231626">
				<ele>893.72</ele>
				<time>2026-07-28T16:20:28Z</time>
				<extensions>
					<ns3:TrackPointExtension>
						<ns3:speed>1.72</ns3:speed>
						<ns3:cad>78.0</ns3:cad>
						<ns3:hr>147</ns3:hr>
					</ns3:TrackPointExtension>
				</extensions>
			</trkpt>
			<trkpt lat="12.98269195" lon="77.69232526">
				<ele>893.73</ele>
				<time>2026-07-28T16:20:29Z</time>
				<extensions>
					<ns3:TrackPointExtension>
						<ns3:speed>1.72</ns3:speed>
						<ns3:cad>78.0</ns3:cad>
						<ns3:hr>147</ns3:hr>
					</ns3:TrackPointExtension>
				</extensions>
			</trkpt>
			<trkpt lat="12.98267762" lon="77.69233192">
				<ele>893.74</ele>
				<time>2026-07-28T16:20:30Z</time>
				<extensions>
					<ns3:TrackPointExtension>
						<ns3:speed>1.73</ns3:speed>
						<ns3:cad>78.0</ns3:cad>
						<ns3:hr>147</ns3:hr>
					</ns3:TrackPointExtension>
				</extensions>
			</trkpt>
			<trkpt lat="12.98266262" lon="77.69233658">
				<ele>893.74</ele>
				<time>2026-07-28T16:20:31Z</time>
				<extensions>
					<ns3:TrackPointExtension>
						<ns3:speed>1.73</ns3:speed>
						<ns3:cad>78.0</ns3:cad>
						<ns3:hr>146</ns3:hr>
					</ns3:TrackPointExtension>
				</extensions>
			</trkpt>
			<trkpt lat="12.98264729" lon="77.69233957">
				<ele>893.75</ele>
				<time>2026-07-28T16:20:32Z</time>
				<extensions>
					<ns3:TrackPointExtension>
						<ns3:speed>1.73</ns3:speed>
						<ns3:cad>78.0</ns3:cad>
						<ns3:hr>147</ns3:hr>
					</ns3:TrackPointExtension>
				</extensions>
			</trkpt>
			<trkpt lat="12.98263096" lon="77.6923399">
				<ele>893.76</ele>
				<time>2026-07-28T16:20:33Z</time>
				<extensions>
					<ns3:TrackPointExtension>
						<ns3:speed>1.74</ns3:speed>
						<ns3:cad>78.0</ns3:cad>
						<ns3:hr>148</ns3:hr>
					</ns3:TrackPointExtension>
				</extensions>
			</trkpt>
			<trkpt lat="12.9826153" lon="77.69233791">
				<ele>893.77</ele>
				<time>2026-07-28T16:20:34Z</time>
				<extensions>
					<ns3:TrackPointExtension>
						<ns3:speed>1.75</ns3:speed>
						<ns3:cad>78.0</ns3:cad>
						<ns3:hr>149</ns3:hr>
					</ns3:TrackPointExtension>
				</extensions>
			</trkpt>
			<trkpt lat="12.98259964" lon="77.69233558">
				<ele>893.77</ele>
				<time>2026-07-28T16:20:35Z</time>
				<extensions>
					<ns3:TrackPointExtension>
						<ns3:speed>1.76</ns3:speed>
						<ns3:cad>78.0</ns3:cad>
						<ns3:hr>149</ns3:hr>
					</ns3:TrackPointExtension>
				</extensions>
			</trkpt>
			<trkpt lat="12.98258298" lon="77.69233425">
				<ele>893.79</ele>
				<time>2026-07-28T16:20:36Z</time>
				<extensions>
					<ns3:TrackPointExtension>
						<ns3:speed>1.76</ns3:speed>
						<ns3:cad>78.0</ns3:cad>
						<ns3:hr>149</ns3:hr>
					</ns3:TrackPointExtension>
				</extensions>
			</trkpt>
			<trkpt lat="12.98256632" lon="77.69233392">
				<ele>893.8</ele>
				<time>2026-07-28T16:20:37Z</time>
				<extensions>
					<ns3:TrackPointExtension>
						<ns3:speed>1.76</ns3:speed>
						<ns3:cad>78.0</ns3:cad>
						<ns3:hr>150</ns3:hr>
					</ns3:TrackPointExtension>
				</extensions>
			</trkpt>
			<trkpt lat="12.98254966" lon="77.69233392">
				<ele>893.81</ele>
				<time>2026-07-28T16:20:38Z</time>
				<extensions>
					<ns3:TrackPointExtension>
						<ns3:speed>1.76</ns3:speed>
						<ns3:cad>78.0</ns3:cad>
						<ns3:hr>150</ns3:hr>
					</ns3:TrackPointExtension>
				</extensions>
			</trkpt>
			<trkpt lat="12.982533" lon="77.69233491">
				<ele>893.82</ele>
				<time>2026-07-28T16:20:39Z</time>
				<extensions>
					<ns3:TrackPointExtension>
						<ns3:speed>1.76</ns3:speed>
						<ns3:cad>78.0</ns3:cad>
						<ns3:hr>150</ns3:hr>
					</ns3:TrackPointExtension>
				</extensions>
			</trkpt>
			<trkpt lat="12.98251634" lon="77.69233724">
				<ele>893.83</ele>
				<time>2026-07-28T16:20:40Z</time>
				<extensions>
					<ns3:TrackPointExtension>
						<ns3:speed>1.76</ns3:speed>
						<ns3:cad>78.0</ns3:cad>
						<ns3:hr>151</ns3:hr>
					</ns3:TrackPointExtension>
				</extensions>
			</trkpt>
			<trkpt lat="12.98249968" lon="77.6923399">
				<ele>893.84</ele>
				<time>2026-07-28T16:20:41Z</time>
				<extensions>
					<ns3:TrackPointExtension>
						<ns3:speed>1.75</ns3:speed>
						<ns3:cad>78.0</ns3:cad>
						<ns3:hr>151</ns3:hr>
					</ns3:TrackPointExtension>
				</extensions>
			</trkpt>
			<trkpt lat="12.98248235" lon="77.69234323">
				<ele>893.85</ele>
				<time>2026-07-28T16:20:42Z</time>
				<extensions>
					<ns3:TrackPointExtension>
						<ns3:speed>1.75</ns3:speed>
						<ns3:cad>78.0</ns3:cad>
						<ns3:hr>152</ns3:hr>
					</ns3:TrackPointExtension>
				</extensions>
			</trkpt>
			<trkpt lat="12.98246536" lon="77.69234622">
				<ele>893.87</ele>
				<time>2026-07-28T16:20:43Z</time>
				<extensions>
					<ns3:TrackPointExtension>
						<ns3:speed>1.75</ns3:speed>
						<ns3:cad>78.0</ns3:cad>
						<ns3:hr>152</ns3:hr>
					</ns3:TrackPointExtension>
				</extensions>
			</trkpt>
			<trkpt lat="12.9824477" lon="77.69234788">
				<ele>893.88</ele>
				<time>2026-07-28T16:20:44Z</time>
				<extensions>
					<ns3:TrackPointExtension>
						<ns3:speed>1.75</ns3:speed>
						<ns3:cad>78.0</ns3:cad>
						<ns3:hr>153</ns3:hr>
					</ns3:TrackPointExtension>
				</extensions>
			</trkpt>
			<trkpt lat="12.9824307" lon="77.69234821">
				<ele>893.89</ele>
				<time>2026-07-28T16:20:45Z</time>
				<extensions>
					<ns3:TrackPointExtension>
						<ns3:speed>1.75</ns3:speed>
						<ns3:cad>77.0</ns3:cad>
						<ns3:hr>152</ns3:hr>
					</ns3:TrackPointExtension>
				</extensions>
			</trkpt>
			<trkpt lat="12.98241271" lon="77.69234788">
				<ele>893.91</ele>
				<time>2026-07-28T16:20:46Z</time>
				<extensions>
					<ns3:TrackPointExtension>
						<ns3:speed>1.76</ns3:speed>
						<ns3:cad>77.0</ns3:cad>
						<ns3:hr>153</ns3:hr>
					</ns3:TrackPointExtension>
				</extensions>
			</trkpt>
			<trkpt lat="12.98239671" lon="77.69234488">
				<ele>893.94</ele>
				<time>2026-07-28T16:20:47Z</time>
				<extensions>
					<ns3:TrackPointExtension>
						<ns3:speed>1.76</ns3:speed>
						<ns3:cad>77.0</ns3:cad>
						<ns3:hr>153</ns3:hr>
					</ns3:TrackPointExtension>
				</extensions>
			</trkpt>
			<trkpt lat="12.98238071" lon="77.69233955">
				<ele>893.95</ele>
				<time>2026-07-28T16:20:48Z</time>
				<extensions>
					<ns3:TrackPointExtension>
						<ns3:speed>1.75</ns3:speed>
						<ns3:cad>78.0</ns3:cad>
						<ns3:hr>153</ns3:hr>
					</ns3:TrackPointExtension>
				</extensions>
			</trkpt>
			<trkpt lat="12.98236438" lon="77.69233322">
				<ele>893.97</ele>
				<time>2026-07-28T16:20:49Z</time>
				<extensions>
					<ns3:TrackPointExtension>
						<ns3:speed>1.75</ns3:speed>
						<ns3:cad>78.0</ns3:cad>
						<ns3:hr>154</ns3:hr>
					</ns3:TrackPointExtension>
				</extensions>
			</trkpt>
			<trkpt lat="12.98234872" lon="77.69232689">
				<ele>893.99</ele>
				<time>2026-07-28T16:20:50Z</time>
				<extensions>
					<ns3:TrackPointExtension>
						<ns3:speed>1.75</ns3:speed>
						<ns3:cad>78.0</ns3:cad>
						<ns3:hr>154</ns3:hr>
					</ns3:TrackPointExtension>
				</extensions>
			</trkpt>
			<trkpt lat="12.98233373" lon="77.69231823">
				<ele>894.01</ele>
				<time>2026-07-28T16:20:51Z</time>
				<extensions>
					<ns3:TrackPointExtension>
						<ns3:speed>1.75</ns3:speed>
						<ns3:cad>78.0</ns3:cad>
						<ns3:hr>153</ns3:hr>
					</ns3:TrackPointExtension>
				</extensions>
			</trkpt>
			<trkpt lat="12.98232073" lon="77.69230857">
				<ele>894.03</ele>
				<time>2026-07-28T16:20:52Z</time>
				<extensions>
					<ns3:TrackPointExtension>
						<ns3:speed>1.75</ns3:speed>
						<ns3:cad>78.0</ns3:cad>
						<ns3:hr>153</ns3:hr>
					</ns3:TrackPointExtension>
				</extensions>
			</trkpt>
			<trkpt lat="12.98230907" lon="77.69229857">
				<ele>894.04</ele>
				<time>2026-07-28T16:20:53Z</time>
				<extensions>
					<ns3:TrackPointExtension>
						<ns3:speed>1.74</ns3:speed>
						<ns3:cad>78.0</ns3:cad>
						<ns3:hr>153</ns3:hr>
					</ns3:TrackPointExtension>
				</extensions>
			</trkpt>
			<trkpt lat="12.98229874" lon="77.69228991">
				<ele>894.05</ele>
				<time>2026-07-28T16:20:54Z</time>
				<extensions>
					<ns3:TrackPointExtension>
						<ns3:speed>1.73</ns3:speed>
						<ns3:cad>78.0</ns3:cad>
						<ns3:hr>153</ns3:hr>
					</ns3:TrackPointExtension>
				</extensions>
			</trkpt>
			<trkpt lat="12.98229041" lon="77.69228358">
				<ele>894.06</ele>
				<time>2026-07-28T16:20:55Z</time>
				<extensions>
					<ns3:TrackPointExtension>
						<ns3:speed>1.73</ns3:speed>
						<ns3:cad>78.0</ns3:cad>
						<ns3:hr>153</ns3:hr>
					</ns3:TrackPointExtension>
				</extensions>
			</trkpt>
			<trkpt lat="12.98228275" lon="77.69227692">
				<ele>894.06</ele>
				<time>2026-07-28T16:20:56Z</time>
				<extensions>
					<ns3:TrackPointExtension>
						<ns3:speed>1.72</ns3:speed>
						<ns3:cad>77.0</ns3:cad>
						<ns3:hr>154</ns3:hr>
					</ns3:TrackPointExtension>
				</extensions>
			</trkpt>
			<trkpt lat="12.98227642" lon="77.69226959">
				<ele>894.07</ele>
				<time>2026-07-28T16:20:57Z</time>
				<extensions>
					<ns3:TrackPointExtension>
						<ns3:speed>1.69</ns3:speed>
						<ns3:cad>76.0</ns3:cad>
						<ns3:hr>153</ns3:hr>
					</ns3:TrackPointExtension>
				</extensions>
			</trkpt>
			<trkpt lat="12.98226843" lon="77.69226059">
				<ele>894.07</ele>
				<time>2026-07-28T16:20:58Z</time>
				<extensions>
					<ns3:TrackPointExtension>
						<ns3:speed>1.67</ns3:speed>
						<ns3:cad>75.0</ns3:cad>
						<ns3:hr>154</ns3:hr>
					</ns3:TrackPointExtension>
				</extensions>
			</trkpt>
			<trkpt lat="12.9822591" lon="77.69224959">
				<ele>894.08</ele>
				<time>2026-07-28T16:20:59Z</time>
				<extensions>
					<ns3:TrackPointExtension>
						<ns3:speed>1.66</ns3:speed>
						<ns3:cad>75.0</ns3:cad>
						<ns3:hr>154</ns3:hr>
					</ns3:TrackPointExtension>
				</extensions>
			</trkpt>
			<trkpt lat="12.98224944" lon="77.69223726">
				<ele>894.09</ele>
				<time>2026-07-28T16:21:00Z</time>
				<extensions>
					<ns3:TrackPointExtension>
						<ns3:speed>1.64</ns3:speed>
						<ns3:cad>75.0</ns3:cad>
						<ns3:hr>153</ns3:hr>
					</ns3:TrackPointExtension>
				</extensions>
			</trkpt>
			<trkpt lat="12.98224044" lon="77.6922246">
				<ele>894.1</ele>
				<time>2026-07-28T16:21:01Z</time>
				<extensions>
					<ns3:TrackPointExtension>
						<ns3:speed>1.63</ns3:speed>
						<ns3:cad>76.0</ns3:cad>
						<ns3:hr>153</ns3:hr>
					</ns3:TrackPointExtension>
				</extensions>
			</trkpt>
			<trkpt lat="12.98223211" lon="77.69221161">
				<ele>894.11</ele>
				<time>2026-07-28T16:21:02Z</time>
				<extensions>
					<ns3:TrackPointExtension>
						<ns3:speed>1.63</ns3:speed>
						<ns3:cad>77.0</ns3:cad>
						<ns3:hr>152</ns3:hr>
					</ns3:TrackPointExtension>
				</extensions>
			</trkpt>
			<trkpt lat="12.98222445" lon="77.69219761">
				<ele>894.12</ele>
				<time>2026-07-28T16:21:03Z</time>
				<extensions>
					<ns3:TrackPointExtension>
						<ns3:speed>1.62</ns3:speed>
						<ns3:cad>78.0</ns3:cad>
						<ns3:hr>152</ns3:hr>
					</ns3:TrackPointExtension>
				</extensions>
			</trkpt>
			<trkpt lat="12.98221745" lon="77.69218428">
				<ele>894.12</ele>
				<time>2026-07-28T16:21:04Z</time>
				<extensions>
					<ns3:TrackPointExtension>
						<ns3:speed>1.62</ns3:speed>
						<ns3:cad>78.0</ns3:cad>
						<ns3:hr>152</ns3:hr>
					</ns3:TrackPointExtension>
				</extensions>
			</trkpt>
			<trkpt lat="12.98220912" lon="77.69217128">
				<ele>894.13</ele>
				<time>2026-07-28T16:21:05Z</time>
				<extensions>
					<ns3:TrackPointExtension>
						<ns3:speed>1.61</ns3:speed>
						<ns3:cad>78.0</ns3:cad>
						<ns3:hr>152</ns3:hr>
					</ns3:TrackPointExtension>
				</extensions>
			</trkpt>
			<trkpt lat="12.98220079" lon="77.69215829">
				<ele>894.14</ele>
				<time>2026-07-28T16:21:06Z</time>
				<extensions>
					<ns3:TrackPointExtension>
						<ns3:speed>1.61</ns3:speed>
						<ns3:cad>78.0</ns3:cad>
						<ns3:hr>152</ns3:hr>
					</ns3:TrackPointExtension>
				</extensions>
			</trkpt>
			<trkpt lat="12.98219246" lon="77.69214563">
				<ele>894.15</ele>
				<time>2026-07-28T16:21:07Z</time>
				<extensions>
					<ns3:TrackPointExtension>
						<ns3:speed>1.6</ns3:speed>
						<ns3:cad>78.0</ns3:cad>
						<ns3:hr>152</ns3:hr>
					</ns3:TrackPointExtension>
				</extensions>
			</trkpt>
			<trkpt lat="12.98218413" lon="77.69213297">
				<ele>894.15</ele>
				<time>2026-07-28T16:21:08Z</time>
				<extensions>
					<ns3:TrackPointExtension>
						<ns3:speed>1.6</ns3:speed>
						<ns3:cad>77.0</ns3:cad>
						<ns3:hr>153</ns3:hr>
					</ns3:TrackPointExtension>
				</extensions>
			</trkpt>
			<trkpt lat="12.9821778" lon="77.69211997">
				<ele>894.16</ele>
				<time>2026-07-28T16:21:09Z</time>
				<extensions>
					<ns3:TrackPointExtension>
						<ns3:speed>1.6</ns3:speed>
						<ns3:cad>76.0</ns3:cad>
						<ns3:hr>154</ns3:hr>
					</ns3:TrackPointExtension>
				</extensions>
			</trkpt>
			<trkpt lat="12.98217047" lon="77.69210698">
				<ele>894.15</ele>
				<time>2026-07-28T16:21:10Z</time>
				<extensions>
					<ns3:TrackPointExtension>
						<ns3:speed>1.61</ns3:speed>
						<ns3:cad>76.0</ns3:cad>
						<ns3:hr>155</ns3:hr>
					</ns3:TrackPointExtension>
				</extensions>
			</trkpt>
			<trkpt lat="12.98216214" lon="77.69209365">
				<ele>894.15</ele>
				<time>2026-07-28T16:21:11Z</time>
				<extensions>
					<ns3:TrackPointExtension>
						<ns3:speed>1.61</ns3:speed>
						<ns3:cad>76.0</ns3:cad>
						<ns3:hr>155</ns3:hr>
					</ns3:TrackPointExtension>
				</extensions>
			</trkpt>
			<trkpt lat="12.98215214" lon="77.69208099">
				<ele>894.16</ele>
				<time>2026-07-28T16:21:12Z</time>
				<extensions>
					<ns3:TrackPointExtension>
						<ns3:speed>1.61</ns3:speed>
						<ns3:cad>76.0</ns3:cad>
						<ns3:hr>155</ns3:hr>
					</ns3:TrackPointExtension>
				</extensions>
			</trkpt>
			<trkpt lat="12.98214048" lon="77.692069">
				<ele>894.17</ele>
				<time>2026-07-28T16:21:13Z</time>
				<extensions>
					<ns3:TrackPointExtension>
						<ns3:speed>1.61</ns3:speed>
						<ns3:cad>77.0</ns3:cad>
						<ns3:hr>155</ns3:hr>
					</ns3:TrackPointExtension>
				</extensions>
			</trkpt>
			<trkpt lat="12.98212715" lon="77.69205701">
				<ele>894.17</ele>
				<time>2026-07-28T16:21:14Z</time>
				<extensions>
					<ns3:TrackPointExtension>
						<ns3:speed>1.61</ns3:speed>
						<ns3:cad>77.0</ns3:cad>
						<ns3:hr>155</ns3:hr>
					</ns3:TrackPointExtension>
				</extensions>
			</trkpt>
			<trkpt lat="12.98211282" lon="77.69204502">
				<ele>894.18</ele>
				<time>2026-07-28T16:21:15Z</time>
				<extensions>
					<ns3:TrackPointExtension>
						<ns3:speed>1.62</ns3:speed>
						<ns3:cad>77.0</ns3:cad>
						<ns3:hr>155</ns3:hr>
					</ns3:TrackPointExtension>
				</extensions>
			</trkpt>
			<trkpt lat="12.98209849" lon="77.69203602">
				<ele>894.19</ele>
				<time>2026-07-28T16:21:16Z</time>
				<extensions>
					<ns3:TrackPointExtension>
						<ns3:speed>1.62</ns3:speed>
						<ns3:cad>78.0</ns3:cad>
						<ns3:hr>155</ns3:hr>
					</ns3:TrackPointExtension>
				</extensions>
			</trkpt>
			<trkpt lat="12.98208316" lon="77.69202636">
				<ele>894.19</ele>
				<time>2026-07-28T16:21:17Z</time>
				<extensions>
					<ns3:TrackPointExtension>
						<ns3:speed>1.63</ns3:speed>
						<ns3:cad>78.0</ns3:cad>
						<ns3:hr>155</ns3:hr>
					</ns3:TrackPointExtension>
				</extensions>
			</trkpt>
			<trkpt lat="12.98206783" lon="77.6920167">
				<ele>894.2</ele>
				<time>2026-07-28T16:21:18Z</time>
				<extensions>
					<ns3:TrackPointExtension>
						<ns3:speed>1.64</ns3:speed>
						<ns3:cad>79.0</ns3:cad>
						<ns3:hr>155</ns3:hr>
					</ns3:TrackPointExtension>
				</extensions>
			</trkpt>
			<trkpt lat="12.9820535" lon="77.6920067">
				<ele>894.2</ele>
				<time>2026-07-28T16:21:19Z</time>
				<extensions>
					<ns3:TrackPointExtension>
						<ns3:speed>1.65</ns3:speed>
						<ns3:cad>79.0</ns3:cad>
						<ns3:hr>155</ns3:hr>
					</ns3:TrackPointExtension>
				</extensions>
			</trkpt>
			<trkpt lat="12.98204017" lon="77.69199504">
				<ele>894.2</ele>
				<time>2026-07-28T16:21:20Z</time>
				<extensions>
					<ns3:TrackPointExtension>
						<ns3:speed>1.67</ns3:speed>
						<ns3:cad>79.0</ns3:cad>
						<ns3:hr>155</ns3:hr>
					</ns3:TrackPointExtension>
				</extensions>
			</trkpt>
			<trkpt lat="12.98203018" lon="77.69198171">
				<ele>894.2</ele>
				<time>2026-07-28T16:21:21Z</time>
				<extensions>
					<ns3:TrackPointExtension>
						<ns3:speed>1.67</ns3:speed>
						<ns3:cad>79.0</ns3:cad>
						<ns3:hr>155</ns3:hr>
					</ns3:TrackPointExtension>
				</extensions>
			</trkpt>
			<trkpt lat="12.98202352" lon="77.69196705">
				<ele>894.19</ele>
				<time>2026-07-28T16:21:22Z</time>
				<extensions>
					<ns3:TrackPointExtension>
						<ns3:speed>1.68</ns3:speed>
						<ns3:cad>78.0</ns3:cad>
						<ns3:hr>155</ns3:hr>
					</ns3:TrackPointExtension>
				</extensions>
			</trkpt>
			<trkpt lat="12.98202019" lon="77.69195239">
				<ele>894.18</ele>
				<time>2026-07-28T16:21:23Z</time>
				<extensions>
					<ns3:TrackPointExtension>
						<ns3:speed>1.68</ns3:speed>
						<ns3:cad>78.0</ns3:cad>
						<ns3:hr>156</ns3:hr>
					</ns3:TrackPointExtension>
				</extensions>
			</trkpt>
			<trkpt lat="12.98202019" lon="77.69193706">
				<ele>894.17</ele>
				<time>2026-07-28T16:21:24Z</time>
				<extensions>
					<ns3:TrackPointExtension>
						<ns3:speed>1.69</ns3:speed>
						<ns3:cad>78.0</ns3:cad>
						<ns3:hr>155</ns3:hr>
					</ns3:TrackPointExtension>
				</extensions>
			</trkpt>
			<trkpt lat="12.98202352" lon="77.6919204">
				<ele>894.16</ele>
				<time>2026-07-28T16:21:25Z</time>
				<extensions>
					<ns3:TrackPointExtension>
						<ns3:speed>1.69</ns3:speed>
						<ns3:cad>77.0</ns3:cad>
						<ns3:hr>155</ns3:hr>
					</ns3:TrackPointExtension>
				</extensions>
			</trkpt>
			<trkpt lat="12.98202751" lon="77.69190374">
				<ele>894.14</ele>
				<time>2026-07-28T16:21:26Z</time>
				<extensions>
					<ns3:TrackPointExtension>
						<ns3:speed>1.7</ns3:speed>
						<ns3:cad>78.0</ns3:cad>
						<ns3:hr>154</ns3:hr>
					</ns3:TrackPointExtension>
				</extensions>
			</trkpt>
			<trkpt lat="12.9820325" lon="77.69188708">
				<ele>894.13</ele>
				<time>2026-07-28T16:21:27Z</time>
				<extensions>
					<ns3:TrackPointExtension>
						<ns3:speed>1.72</ns3:speed>
						<ns3:cad>78.0</ns3:cad>
						<ns3:hr>153</ns3:hr>
					</ns3:TrackPointExtension>
				</extensions>
			</trkpt>
			<trkpt lat="12.98203749" lon="77.69187042">
				<ele>894.11</ele>
				<time>2026-07-28T16:21:28Z</time>
				<extensions>
					<ns3:TrackPointExtension>
						<ns3:speed>1.73</ns3:speed>
						<ns3:cad>80.0</ns3:cad>
						<ns3:hr>152</ns3:hr>
					</ns3:TrackPointExtension>
				</extensions>
			</trkpt>
			<trkpt lat="12.98204115" lon="77.69185176">
				<ele>894.1</ele>
				<time>2026-07-28T16:21:30Z</time>
				<extensions>
					<ns3:TrackPointExtension>
						<ns3:speed>1.73</ns3:speed>
						<ns3:cad>80.0</ns3:cad>
						<ns3:hr>150</ns3:hr>
					</ns3:TrackPointExtension>
				</extensions>
			</trkpt>
			<trkpt lat="12.98204548" lon="77.69183343">
				<ele>894.1</ele>
				<time>2026-07-28T16:21:30Z</time>
				<extensions>
					<ns3:TrackPointExtension>
						<ns3:speed>1.73</ns3:speed>
						<ns3:cad>80.0</ns3:cad>
						<ns3:hr>150</ns3:hr>
					</ns3:TrackPointExtension>
				</extensions>
			</trkpt>
			<trkpt lat="12.98205047" lon="77.69181677">
				<ele>894.08</ele>
				<time>2026-07-28T16:21:31Z</time>
				<extensions>
					<ns3:TrackPointExtension>
						<ns3:speed>1.71</ns3:speed>
						<ns3:cad>80.0</ns3:cad>
						<ns3:hr>151</ns3:hr>
					</ns3:TrackPointExtension>
				</extensions>
			</trkpt>
			<trkpt lat="12.9820548" lon="77.69180178">
				<ele>894.07</ele>
				<time>2026-07-28T16:21:32Z</time>
				<extensions>
					<ns3:TrackPointExtension>
						<ns3:speed>1.7</ns3:speed>
						<ns3:cad>80.0</ns3:cad>
						<ns3:hr>151</ns3:hr>
					</ns3:TrackPointExtension>
				</extensions>
			</trkpt>
			<trkpt lat="12.9820588" lon="77.69178678">
				<ele>894.05</ele>
				<time>2026-07-28T16:21:34Z</time>
				<extensions>
					<ns3:TrackPointExtension>
						<ns3:speed>1.69</ns3:speed>
						<ns3:cad>78.0</ns3:cad>
						<ns3:hr>152</ns3:hr>
					</ns3:TrackPointExtension>
				</extensions>
			</trkpt>
			<trkpt lat="12.98206246" lon="77.69177212">
				<ele>894.03</ele>
				<time>2026-07-28T16:21:35Z</time>
				<extensions>
					<ns3:TrackPointExtension>
						<ns3:speed>1.68</ns3:speed>
						<ns3:cad>78.0</ns3:cad>
						<ns3:hr>151</ns3:hr>
					</ns3:TrackPointExtension>
				</extensions>
			</trkpt>
			<trkpt lat="12.98206612" lon="77.69175813">
				<ele>894.03</ele>
				<time>2026-07-28T16:21:35Z</time>
				<extensions>
					<ns3:TrackPointExtension>
						<ns3:speed>1.68</ns3:speed>
						<ns3:cad>78.0</ns3:cad>
						<ns3:hr>151</ns3:hr>
					</ns3:TrackPointExtension>
				</extensions>
			</trkpt>
			<trkpt lat="12.98206978" lon="77.69174447">
				<ele>894.01</ele>
				<time>2026-07-28T16:21:36Z</time>
				<extensions>
					<ns3:TrackPointExtension>
						<ns3:speed>1.66</ns3:speed>
						<ns3:cad>77.0</ns3:cad>
						<ns3:hr>151</ns3:hr>
					</ns3:TrackPointExtension>
				</extensions>
			</trkpt>
			<trkpt lat="12.98207311" lon="77.69173181">
				<ele>894.0</ele>
				<time>2026-07-28T16:21:37Z</time>
				<extensions>
					<ns3:TrackPointExtension>
						<ns3:speed>1.65</ns3:speed>
						<ns3:cad>78.0</ns3:cad>
						<ns3:hr>151</ns3:hr>
					</ns3:TrackPointExtension>
				</extensions>
			</trkpt>
			<trkpt lat="12.98207577" lon="77.69171848">
				<ele>893.99</ele>
				<time>2026-07-28T16:21:38Z</time>
				<extensions>
					<ns3:TrackPointExtension>
						<ns3:speed>1.63</ns3:speed>
						<ns3:cad>60.0</ns3:cad>
						<ns3:hr>151</ns3:hr>
					</ns3:TrackPointExtension>
				</extensions>
			</trkpt>
			<trkpt lat="12.9820781" lon="77.69170448">
				<ele>893.98</ele>
				<time>2026-07-28T16:21:39Z</time>
				<extensions>
					<ns3:TrackPointExtension>
						<ns3:speed>1.62</ns3:speed>
						<ns3:cad>55.0</ns3:cad>
						<ns3:hr>152</ns3:hr>
					</ns3:TrackPointExtension>
				</extensions>
			</trkpt>
			<trkpt lat="12.9820801" lon="77.69169215">
				<ele>893.98</ele>
				<time>2026-07-28T16:21:40Z</time>
				<extensions>
					<ns3:TrackPointExtension>
						<ns3:speed>1.6</ns3:speed>
						<ns3:cad>53.0</ns3:cad>
						<ns3:hr>151</ns3:hr>
					</ns3:TrackPointExtension>
				</extensions>
			</trkpt>
			<trkpt lat="12.9820821" lon="77.69168016">
				<ele>893.98</ele>
				<time>2026-07-28T16:21:41Z</time>
				<extensions>
					<ns3:TrackPointExtension>
						<ns3:speed>1.58</ns3:speed>
						<ns3:cad>52.0</ns3:cad>
						<ns3:hr>149</ns3:hr>
					</ns3:TrackPointExtension>
				</extensions>
			</trkpt>
			<trkpt lat="12.98208509" lon="77.6916685">
				<ele>893.97</ele>
				<time>2026-07-28T16:21:42Z</time>
				<extensions>
					<ns3:TrackPointExtension>
						<ns3:speed>1.56</ns3:speed>
						<ns3:cad>50.0</ns3:cad>
						<ns3:hr>148</ns3:hr>
					</ns3:TrackPointExtension>
				</extensions>
			</trkpt>
			<trkpt lat="12.98208842" lon="77.69165584">
				<ele>893.97</ele>
				<time>2026-07-28T16:21:43Z</time>
				<extensions>
					<ns3:TrackPointExtension>
						<ns3:speed>1.54</ns3:speed>
						<ns3:cad>49.0</ns3:cad>
						<ns3:hr>148</ns3:hr>
					</ns3:TrackPointExtension>
				</extensions>
			</trkpt>
			<trkpt lat="12.98209242" lon="77.69164385">
				<ele>893.98</ele>
				<time>2026-07-28T16:21:44Z</time>
				<extensions>
					<ns3:TrackPointExtension>
						<ns3:speed>1.52</ns3:speed>
						<ns3:cad>49.0</ns3:cad>
						<ns3:hr>148</ns3:hr>
					</ns3:TrackPointExtension>
				</extensions>
			</trkpt>
			<trkpt lat="12.98209575" lon="77.69163186">
				<ele>893.98</ele>
				<time>2026-07-28T16:21:45Z</time>
				<extensions>
					<ns3:TrackPointExtension>
						<ns3:speed>1.5</ns3:speed>
						<ns3:cad>50.0</ns3:cad>
						<ns3:hr>148</ns3:hr>
					</ns3:TrackPointExtension>
				</extensions>
			</trkpt>
			<trkpt lat="12.98210008" lon="77.69161986">
				<ele>893.98</ele>
				<time>2026-07-28T16:21:46Z</time>
				<extensions>
					<ns3:TrackPointExtension>
						<ns3:speed>1.48</ns3:speed>
						<ns3:cad>52.0</ns3:cad>
						<ns3:hr>148</ns3:hr>
					</ns3:TrackPointExtension>
				</extensions>
			</trkpt>
			<trkpt lat="12.98210407" lon="77.6916082">
				<ele>893.98</ele>
				<time>2026-07-28T16:21:47Z</time>
				<extensions>
					<ns3:TrackPointExtension>
						<ns3:speed>1.45</ns3:speed>
						<ns3:cad>52.0</ns3:cad>
						<ns3:hr>148</ns3:hr>
					</ns3:TrackPointExtension>
				</extensions>
			</trkpt>
			<trkpt lat="12.98210706" lon="77.69159587">
				<ele>893.99</ele>
				<time>2026-07-28T16:21:48Z</time>
				<extensions>
					<ns3:TrackPointExtension>
						<ns3:speed>1.42</ns3:speed>
						<ns3:cad>52.0</ns3:cad>
						<ns3:hr>148</ns3:hr>
					</ns3:TrackPointExtension>
				</extensions>
			</trkpt>
			<trkpt lat="12.98210806" lon="77.69158087">
				<ele>893.99</ele>
				<time>2026-07-28T16:21:49Z</time>
				<extensions>
					<ns3:TrackPointExtension>
						<ns3:speed>1.39</ns3:speed>
						<ns3:cad>52.0</ns3:cad>
						<ns3:hr>148</ns3:hr>
					</ns3:TrackPointExtension>
				</extensions>
			</trkpt>
			<trkpt lat="12.98210939" lon="77.69156754">
				<ele>894.0</ele>
				<time>2026-07-28T16:21:50Z</time>
				<extensions>
					<ns3:TrackPointExtension>
						<ns3:speed>1.35</ns3:speed>
						<ns3:cad>52.0</ns3:cad>
						<ns3:hr>147</ns3:hr>
					</ns3:TrackPointExtension>
				</extensions>
			</trkpt>
			<trkpt lat="12.98210972" lon="77.69155488">
				<ele>893.99</ele>
				<time>2026-07-28T16:21:51Z</time>
				<extensions>
					<ns3:TrackPointExtension>
						<ns3:speed>1.32</ns3:speed>
						<ns3:cad>53.0</ns3:cad>
						<ns3:hr>147</ns3:hr>
					</ns3:TrackPointExtension>
				</extensions>
			</trkpt>
			<trkpt lat="12.98210839" lon="77.69153922">
				<ele>894.0</ele>
				<time>2026-07-28T16:21:52Z</time>
				<extensions>
					<ns3:TrackPointExtension>
						<ns3:speed>1.29</ns3:speed>
						<ns3:cad>53.0</ns3:cad>
						<ns3:hr>148</ns3:hr>
					</ns3:TrackPointExtension>
				</extensions>
			</trkpt>
			<trkpt lat="12.98210773" lon="77.69152489">
				<ele>894.0</ele>
				<time>2026-07-28T16:21:53Z</time>
				<extensions>
					<ns3:TrackPointExtension>
						<ns3:speed>1.26</ns3:speed>
						<ns3:cad>53.0</ns3:cad>
						<ns3:hr>148</ns3:hr>
					</ns3:TrackPointExtension>
				</extensions>
			</trkpt>
			<trkpt lat="12.9821074" lon="77.69151656">
				<ele>894.0</ele>
				<time>2026-07-28T16:21:54Z</time>
				<extensions>
					<ns3:TrackPointExtension>
						<ns3:speed>0.0</ns3:speed>
						<ns3:cad>53.0</ns3:cad>
						<ns3:hr>147</ns3:hr>
					</ns3:TrackPointExtension>
				</extensions>
			</trkpt>
			<trkpt lat="12.98210906" lon="77.6915109">
				<ele>894.02</ele>
				<time>2026-07-28T16:21:55Z</time>
				<extensions>
					<ns3:TrackPointExtension>
						<ns3:speed>0.0</ns3:speed>
						<ns3:cad>53.0</ns3:cad>
						<ns3:hr>147</ns3:hr>
					</ns3:TrackPointExtension>
				</extensions>
			</trkpt>
			<trkpt lat="12.98211172" lon="77.6915069">
				<ele>894.01</ele>
				<time>2026-07-28T16:21:56Z</time>
				<extensions>
					<ns3:TrackPointExtension>
						<ns3:speed>0.97</ns3:speed>
						<ns3:cad>52.0</ns3:cad>
						<ns3:hr>147</ns3:hr>
					</ns3:TrackPointExtension>
				</extensions>
			</trkpt>
			<trkpt lat="12.98211438" lon="77.69149891">
				<ele>894.01</ele>
				<time>2026-07-28T16:21:57Z</time>
				<extensions>
					<ns3:TrackPointExtension>
						<ns3:speed>0.97</ns3:speed>
						<ns3:cad>52.0</ns3:cad>
						<ns3:hr>146</ns3:hr>
					</ns3:TrackPointExtension>
				</extensions>
			</trkpt>
			<trkpt lat="12.98211604" lon="77.69148692">
				<ele>894.01</ele>
				<time>2026-07-28T16:21:58Z</time>
				<extensions>
					<ns3:TrackPointExtension>
						<ns3:speed>1.03</ns3:speed>
						<ns3:cad>52.0</ns3:cad>
						<ns3:hr>145</ns3:hr>
					</ns3:TrackPointExtension>
				</extensions>
			</trkpt>
			<trkpt lat="12.98211804" lon="77.69147459">
				<ele>894.02</ele>
				<time>2026-07-28T16:21:59Z</time>
				<extensions>
					<ns3:TrackPointExtension>
						<ns3:speed>1.03</ns3:speed>
						<ns3:cad>52.0</ns3:cad>
						<ns3:hr>145</ns3:hr>
					</ns3:TrackPointExtension>
				</extensions>
			</trkpt>
			<trkpt lat="12.98211937" lon="77.69146159">
				<ele>894.04</ele>
				<time>2026-07-28T16:22:00Z</time>
				<extensions>
					<ns3:TrackPointExtension>
						<ns3:speed>1.04</ns3:speed>
						<ns3:cad>52.0</ns3:cad>
						<ns3:hr>145</ns3:hr>
					</ns3:TrackPointExtension>
				</extensions>
			</trkpt>
			<trkpt lat="12.9821197" lon="77.69144793">
				<ele>894.05</ele>
				<time>2026-07-28T16:22:01Z</time>
				<extensions>
					<ns3:TrackPointExtension>
						<ns3:speed>1.04</ns3:speed>
						<ns3:cad>52.0</ns3:cad>
						<ns3:hr>143</ns3:hr>
					</ns3:TrackPointExtension>
				</extensions>
			</trkpt>
			<trkpt lat="12.98211771" lon="77.6914346">
				<ele>894.06</ele>
				<time>2026-07-28T16:22:02Z</time>
				<extensions>
					<ns3:TrackPointExtension>
						<ns3:speed>1.05</ns3:speed>
						<ns3:cad>52.0</ns3:cad>
						<ns3:hr>142</ns3:hr>
					</ns3:TrackPointExtension>
				</extensions>
			</trkpt>
			<trkpt lat="12.98211538" lon="77.69142094">
				<ele>894.07</ele>
				<time>2026-07-28T16:22:03Z</time>
				<extensions>
					<ns3:TrackPointExtension>
						<ns3:speed>1.01</ns3:speed>
						<ns3:cad>52.0</ns3:cad>
						<ns3:hr>141</ns3:hr>
					</ns3:TrackPointExtension>
				</extensions>
			</trkpt>
			<trkpt lat="12.98210905" lon="77.69140795">
				<ele>894.08</ele>
				<time>2026-07-28T16:22:04Z</time>
				<extensions>
					<ns3:TrackPointExtension>
						<ns3:speed>0.99</ns3:speed>
						<ns3:cad>51.0</ns3:cad>
						<ns3:hr>140</ns3:hr>
					</ns3:TrackPointExtension>
				</extensions>
			</trkpt>
			<trkpt lat="12.98210205" lon="77.69139529">
				<ele>894.12</ele>
				<time>2026-07-28T16:22:05Z</time>
				<extensions>
					<ns3:TrackPointExtension>
						<ns3:speed>0.98</ns3:speed>
						<ns3:cad>51.0</ns3:cad>
						<ns3:hr>139</ns3:hr>
					</ns3:TrackPointExtension>
				</extensions>
			</trkpt>
			<trkpt lat="12.98209906" lon="77.69138263">
				<ele>894.12</ele>
				<time>2026-07-28T16:22:06Z</time>
				<extensions>
					<ns3:TrackPointExtension>
						<ns3:speed>0.99</ns3:speed>
						<ns3:cad>50.0</ns3:cad>
						<ns3:hr>137</ns3:hr>
					</ns3:TrackPointExtension>
				</extensions>
			</trkpt>
			<trkpt lat="12.98209607" lon="77.69137263">
				<ele>894.14</ele>
				<time>2026-07-28T16:22:07Z</time>
				<extensions>
					<ns3:TrackPointExtension>
						<ns3:speed>1.01</ns3:speed>
						<ns3:cad>50.0</ns3:cad>
						<ns3:hr>136</ns3:hr>
					</ns3:TrackPointExtension>
				</extensions>
			</trkpt>
			<trkpt lat="12.98209374" lon="77.69136497">
				<ele>894.14</ele>
				<time>2026-07-28T16:22:08Z</time>
				<extensions>
					<ns3:TrackPointExtension>
						<ns3:speed>1.02</ns3:speed>
						<ns3:cad>51.0</ns3:cad>
						<ns3:hr>134</ns3:hr>
					</ns3:TrackPointExtension>
				</extensions>
			</trkpt>
			<trkpt lat="12.98209074" lon="77.69135731">
				<ele>894.15</ele>
				<time>2026-07-28T16:22:09Z</time>
				<extensions>
					<ns3:TrackPointExtension>
						<ns3:speed>1.04</ns3:speed>
						<ns3:cad>51.0</ns3:cad>
						<ns3:hr>133</ns3:hr>
					</ns3:TrackPointExtension>
				</extensions>
			</trkpt>
			<trkpt lat="12.98208508" lon="77.69134998">
				<ele>894.14</ele>
				<time>2026-07-28T16:22:10Z</time>
				<extensions>
					<ns3:TrackPointExtension>
						<ns3:speed>1.05</ns3:speed>
						<ns3:cad>51.0</ns3:cad>
						<ns3:hr>134</ns3:hr>
					</ns3:TrackPointExtension>
				</extensions>
			</trkpt>
			<trkpt lat="12.98207775" lon="77.69134499">
				<ele>894.14</ele>
				<time>2026-07-28T16:22:11Z</time>
				<extensions>
					<ns3:TrackPointExtension>
						<ns3:speed>1.08</ns3:speed>
						<ns3:cad>50.0</ns3:cad>
						<ns3:hr>134</ns3:hr>
					</ns3:TrackPointExtension>
				</extensions>
			</trkpt>
			<trkpt lat="12.98206776" lon="77.69134133">
				<ele>894.14</ele>
				<time>2026-07-28T16:22:12Z</time>
				<extensions>
					<ns3:TrackPointExtension>
						<ns3:speed>1.12</ns3:speed>
						<ns3:cad>50.0</ns3:cad>
						<ns3:hr>133</ns3:hr>
					</ns3:TrackPointExtension>
				</extensions>
			</trkpt>
			<trkpt lat="12.98205543" lon="77.691339">
				<ele>894.14</ele>
				<time>2026-07-28T16:22:13Z</time>
				<extensions>
					<ns3:TrackPointExtension>
						<ns3:speed>1.16</ns3:speed>
						<ns3:cad>50.0</ns3:cad>
						<ns3:hr>133</ns3:hr>
					</ns3:TrackPointExtension>
				</extensions>
			</trkpt>
			<trkpt lat="12.9820411" lon="77.69133567">
				<ele>894.13</ele>
				<time>2026-07-28T16:22:14Z</time>
				<extensions>
					<ns3:TrackPointExtension>
						<ns3:speed>1.94</ns3:speed>
						<ns3:cad>77.0</ns3:cad>
						<ns3:hr>134</ns3:hr>
					</ns3:TrackPointExtension>
				</extensions>
			</trkpt>
			<trkpt lat="12.98202677" lon="77.69133101">
				<ele>894.14</ele>
				<time>2026-07-28T16:22:15Z</time>
				<extensions>
					<ns3:TrackPointExtension>
						<ns3:speed>1.94</ns3:speed>
						<ns3:cad>77.0</ns3:cad>
						<ns3:hr>135</ns3:hr>
					</ns3:TrackPointExtension>
				</extensions>
			</trkpt>
			<trkpt lat="12.98201277" lon="77.69132435">
				<ele>894.13</ele>
				<time>2026-07-28T16:22:16Z</time>
				<extensions>
					<ns3:TrackPointExtension>
						<ns3:speed>1.84</ns3:speed>
						<ns3:cad>78.0</ns3:cad>
						<ns3:hr>136</ns3:hr>
					</ns3:TrackPointExtension>
				</extensions>
			</trkpt>
			<trkpt lat="12.98200011" lon="77.69131435">
				<ele>894.12</ele>
				<time>2026-07-28T16:22:17Z</time>
				<extensions>
					<ns3:TrackPointExtension>
						<ns3:speed>1.89</ns3:speed>
						<ns3:cad>78.0</ns3:cad>
						<ns3:hr>136</ns3:hr>
					</ns3:TrackPointExtension>
				</extensions>
			</trkpt>
			<trkpt lat="12.98198611" lon="77.69130302">
				<ele>894.1</ele>
				<time>2026-07-28T16:22:18Z</time>
				<extensions>
					<ns3:TrackPointExtension>
						<ns3:speed>1.94</ns3:speed>
						<ns3:cad>79.0</ns3:cad>
						<ns3:hr>137</ns3:hr>
					</ns3:TrackPointExtension>
				</extensions>
			</trkpt>
			<trkpt lat="12.98197312" lon="77.69129069">
				<ele>894.08</ele>
				<time>2026-07-28T16:22:19Z</time>
				<extensions>
					<ns3:TrackPointExtension>
						<ns3:speed>1.97</ns3:speed>
						<ns3:cad>80.0</ns3:cad>
						<ns3:hr>136</ns3:hr>
					</ns3:TrackPointExtension>
				</extensions>
			</trkpt>
			<trkpt lat="12.98196313" lon="77.69127669">
				<ele>894.06</ele>
				<time>2026-07-28T16:22:20Z</time>
				<extensions>
					<ns3:TrackPointExtension>
						<ns3:speed>1.99</ns3:speed>
						<ns3:cad>81.0</ns3:cad>
						<ns3:hr>136</ns3:hr>
					</ns3:TrackPointExtension>
				</extensions>
			</trkpt>
			<trkpt lat="12.98195513" lon="77.69126236">
				<ele>894.03</ele>
				<time>2026-07-28T16:22:21Z</time>
				<extensions>
					<ns3:TrackPointExtension>
						<ns3:speed>2.0</ns3:speed>
						<ns3:cad>81.0</ns3:cad>
						<ns3:hr>136</ns3:hr>
					</ns3:TrackPointExtension>
				</extensions>
			</trkpt>
			<trkpt lat="12.98194914" lon="77.69124703">
				<ele>894.0</ele>
				<time>2026-07-28T16:22:22Z</time>
				<extensions>
					<ns3:TrackPointExtension>
						<ns3:speed>2.0</ns3:speed>
						<ns3:cad>81.0</ns3:cad>
						<ns3:hr>138</ns3:hr>
					</ns3:TrackPointExtension>
				</extensions>
			</trkpt>
			<trkpt lat="12.98194548" lon="77.69123237">
				<ele>893.96</ele>
				<time>2026-07-28T16:22:23Z</time>
				<extensions>
					<ns3:TrackPointExtension>
						<ns3:speed>2.0</ns3:speed>
						<ns3:cad>81.0</ns3:cad>
						<ns3:hr>138</ns3:hr>
					</ns3:TrackPointExtension>
				</extensions>
			</trkpt>
			<trkpt lat="12.98194647" lon="77.69121571">
				<ele>893.92</ele>
				<time>2026-07-28T16:22:24Z</time>
				<extensions>
					<ns3:TrackPointExtension>
						<ns3:speed>2.0</ns3:speed>
						<ns3:cad>80.0</ns3:cad>
						<ns3:hr>139</ns3:hr>
					</ns3:TrackPointExtension>
				</extensions>
			</trkpt>
			<trkpt lat="12.9819498" lon="77.69119971">
				<ele>893.88</ele>
				<time>2026-07-28T16:22:25Z</time>
				<extensions>
					<ns3:TrackPointExtension>
						<ns3:speed>2.0</ns3:speed>
						<ns3:cad>80.0</ns3:cad>
						<ns3:hr>139</ns3:hr>
					</ns3:TrackPointExtension>
				</extensions>
			</trkpt>
			<trkpt lat="12.9819538" lon="77.69118272">
				<ele>893.81</ele>
				<time>2026-07-28T16:22:26Z</time>
				<extensions>
					<ns3:TrackPointExtension>
						<ns3:speed>2.0</ns3:speed>
						<ns3:cad>80.0</ns3:cad>
						<ns3:hr>139</ns3:hr>
					</ns3:TrackPointExtension>
				</extensions>
			</trkpt>
			<trkpt lat="12.98195879" lon="77.69116539">
				<ele>893.75</ele>
				<time>2026-07-28T16:22:27Z</time>
				<extensions>
					<ns3:TrackPointExtension>
						<ns3:speed>2.0</ns3:speed>
						<ns3:cad>80.0</ns3:cad>
						<ns3:hr>139</ns3:hr>
					</ns3:TrackPointExtension>
				</extensions>
			</trkpt>
			<trkpt lat="12.98196345" lon="77.69114773">
				<ele>893.71</ele>
				<time>2026-07-28T16:22:28Z</time>
				<extensions>
					<ns3:TrackPointExtension>
						<ns3:speed>2.01</ns3:speed>
						<ns3:cad>80.0</ns3:cad>
						<ns3:hr>140</ns3:hr>
					</ns3:TrackPointExtension>
				</extensions>
			</trkpt>
			<trkpt lat="12.98196811" lon="77.69112874">
				<ele>893.68</ele>
				<time>2026-07-28T16:22:29Z</time>
				<extensions>
					<ns3:TrackPointExtension>
						<ns3:speed>2.03</ns3:speed>
						<ns3:cad>81.0</ns3:cad>
						<ns3:hr>140</ns3:hr>
					</ns3:TrackPointExtension>
				</extensions>
			</trkpt>
			<trkpt lat="12.98197077" lon="77.69110841">
				<ele>893.65</ele>
				<time>2026-07-28T16:22:30Z</time>
				<extensions>
					<ns3:TrackPointExtension>
						<ns3:speed>2.04</ns3:speed>
						<ns3:cad>81.0</ns3:cad>
						<ns3:hr>140</ns3:hr>
					</ns3:TrackPointExtension>
				</extensions>
			</trkpt>
			<trkpt lat="12.98197243" lon="77.69108542">
				<ele>893.63</ele>
				<time>2026-07-28T16:22:31Z</time>
				<extensions>
					<ns3:TrackPointExtension>
						<ns3:speed>2.04</ns3:speed>
						<ns3:cad>81.0</ns3:cad>
						<ns3:hr>141</ns3:hr>
					</ns3:TrackPointExtension>
				</extensions>
			</trkpt>
			<trkpt lat="12.98197476" lon="77.69106409">
				<ele>893.61</ele>
				<time>2026-07-28T16:22:32Z</time>
				<extensions>
					<ns3:TrackPointExtension>
						<ns3:speed>2.04</ns3:speed>
						<ns3:cad>80.0</ns3:cad>
						<ns3:hr>141</ns3:hr>
					</ns3:TrackPointExtension>
				</extensions>
			</trkpt>
			<trkpt lat="12.98197476" lon="77.69104143">
				<ele>893.6</ele>
				<time>2026-07-28T16:22:33Z</time>
				<extensions>
					<ns3:TrackPointExtension>
						<ns3:speed>2.05</ns3:speed>
						<ns3:cad>80.0</ns3:cad>
						<ns3:hr>141</ns3:hr>
					</ns3:TrackPointExtension>
				</extensions>
			</trkpt>
			<trkpt lat="12.98197609" lon="77.69101977">
				<ele>893.59</ele>
				<time>2026-07-28T16:22:34Z</time>
				<extensions>
					<ns3:TrackPointExtension>
						<ns3:speed>2.06</ns3:speed>
						<ns3:cad>80.0</ns3:cad>
						<ns3:hr>142</ns3:hr>
					</ns3:TrackPointExtension>
				</extensions>
			</trkpt>
			<trkpt lat="12.98197642" lon="77.69099844">
				<ele>893.59</ele>
				<time>2026-07-28T16:22:35Z</time>
				<extensions>
					<ns3:TrackPointExtension>
						<ns3:speed>2.06</ns3:speed>
						<ns3:cad>80.0</ns3:cad>
						<ns3:hr>142</ns3:hr>
					</ns3:TrackPointExtension>
				</extensions>
			</trkpt>
			<trkpt lat="12.98197708" lon="77.69097678">
				<ele>893.58</ele>
				<time>2026-07-28T16:22:36Z</time>
				<extensions>
					<ns3:TrackPointExtension>
						<ns3:speed>2.07</ns3:speed>
						<ns3:cad>80.0</ns3:cad>
						<ns3:hr>142</ns3:hr>
					</ns3:TrackPointExtension>
				</extensions>
			</trkpt>
			<trkpt lat="12.98197874" lon="77.69095578">
				<ele>893.58</ele>
				<time>2026-07-28T16:22:37Z</time>
				<extensions>
					<ns3:TrackPointExtension>
						<ns3:speed>2.07</ns3:speed>
						<ns3:cad>80.0</ns3:cad>
						<ns3:hr>142</ns3:hr>
					</ns3:TrackPointExtension>
				</extensions>
			</trkpt>
			<trkpt lat="12.98198074" lon="77.69093445">
				<ele>893.58</ele>
				<time>2026-07-28T16:22:38Z</time>
				<extensions>
					<ns3:TrackPointExtension>
						<ns3:speed>2.07</ns3:speed>
						<ns3:cad>80.0</ns3:cad>
						<ns3:hr>142</ns3:hr>
					</ns3:TrackPointExtension>
				</extensions>
			</trkpt>
			<trkpt lat="12.9819824" lon="77.69091512">
				<ele>893.59</ele>
				<time>2026-07-28T16:22:39Z</time>
				<extensions>
					<ns3:TrackPointExtension>
						<ns3:speed>2.08</ns3:speed>
						<ns3:cad>80.0</ns3:cad>
						<ns3:hr>143</ns3:hr>
					</ns3:TrackPointExtension>
				</extensions>
			</trkpt>
			<trkpt lat="12.98198473" lon="77.69089613">
				<ele>893.58</ele>
				<time>2026-07-28T16:22:40Z</time>
				<extensions>
					<ns3:TrackPointExtension>
						<ns3:speed>2.08</ns3:speed>
						<ns3:cad>80.0</ns3:cad>
						<ns3:hr>142</ns3:hr>
					</ns3:TrackPointExtension>
				</extensions>
			</trkpt>
			<trkpt lat="12.98198739" lon="77.69087747">
				<ele>893.58</ele>
				<time>2026-07-28T16:22:41Z</time>
				<extensions>
					<ns3:TrackPointExtension>
						<ns3:speed>2.08</ns3:speed>
						<ns3:cad>81.0</ns3:cad>
						<ns3:hr>143</ns3:hr>
					</ns3:TrackPointExtension>
				</extensions>
			</trkpt>
			<trkpt lat="12.98199039" lon="77.69085681">
				<ele>893.58</ele>
				<time>2026-07-28T16:22:42Z</time>
				<extensions>
					<ns3:TrackPointExtension>
						<ns3:speed>2.08</ns3:speed>
						<ns3:cad>81.0</ns3:cad>
						<ns3:hr>143</ns3:hr>
					</ns3:TrackPointExtension>
				</extensions>
			</trkpt>
			<trkpt lat="12.98199405" lon="77.69083648">
				<ele>893.58</ele>
				<time>2026-07-28T16:22:43Z</time>
				<extensions>
					<ns3:TrackPointExtension>
						<ns3:speed>2.09</ns3:speed>
						<ns3:cad>81.0</ns3:cad>
						<ns3:hr>143</ns3:hr>
					</ns3:TrackPointExtension>
				</extensions>
			</trkpt>
			<trkpt lat="12.98199838" lon="77.69081682">
				<ele>893.59</ele>
				<time>2026-07-28T16:22:44Z</time>
				<extensions>
					<ns3:TrackPointExtension>
						<ns3:speed>2.09</ns3:speed>
						<ns3:cad>81.0</ns3:cad>
						<ns3:hr>143</ns3:hr>
					</ns3:TrackPointExtension>
				</extensions>
			</trkpt>
			<trkpt lat="12.98200171" lon="77.69079849">
				<ele>893.59</ele>
				<time>2026-07-28T16:22:45Z</time>
				<extensions>
					<ns3:TrackPointExtension>
						<ns3:speed>2.1</ns3:speed>
						<ns3:cad>81.0</ns3:cad>
						<ns3:hr>143</ns3:hr>
					</ns3:TrackPointExtension>
				</extensions>
			</trkpt>
			<trkpt lat="12.98200537" lon="77.6907795">
				<ele>893.6</ele>
				<time>2026-07-28T16:22:46Z</time>
				<extensions>
					<ns3:TrackPointExtension>
						<ns3:speed>2.1</ns3:speed>
						<ns3:cad>81.0</ns3:cad>
						<ns3:hr>143</ns3:hr>
					</ns3:TrackPointExtension>
				</extensions>
			</trkpt>
			<trkpt lat="12.98201003" lon="77.69075984">
				<ele>893.61</ele>
				<time>2026-07-28T16:22:47Z</time>
				<extensions>
					<ns3:TrackPointExtension>
						<ns3:speed>2.09</ns3:speed>
						<ns3:cad>81.0</ns3:cad>
						<ns3:hr>143</ns3:hr>
					</ns3:TrackPointExtension>
				</extensions>
			</trkpt>
			<trkpt lat="12.98201536" lon="77.69074051">
				<ele>893.62</ele>
				<time>2026-07-28T16:22:48Z</time>
				<extensions>
					<ns3:TrackPointExtension>
						<ns3:speed>2.1</ns3:speed>
						<ns3:cad>81.0</ns3:cad>
						<ns3:hr>143</ns3:hr>
					</ns3:TrackPointExtension>
				</extensions>
			</trkpt>
			<trkpt lat="12.98202169" lon="77.69072118">
				<ele>893.64</ele>
				<time>2026-07-28T16:22:49Z</time>
				<extensions>
					<ns3:TrackPointExtension>
						<ns3:speed>2.1</ns3:speed>
						<ns3:cad>80.0</ns3:cad>
						<ns3:hr>143</ns3:hr>
					</ns3:TrackPointExtension>
				</extensions>
			</trkpt>
			<trkpt lat="12.98202902" lon="77.69070252">
				<ele>893.65</ele>
				<time>2026-07-28T16:22:50Z</time>
				<extensions>
					<ns3:TrackPointExtension>
						<ns3:speed>2.1</ns3:speed>
						<ns3:cad>81.0</ns3:cad>
						<ns3:hr>144</ns3:hr>
					</ns3:TrackPointExtension>
				</extensions>
			</trkpt>
			<trkpt lat="12.98203602" lon="77.69068319">
				<ele>893.67</ele>
				<time>2026-07-28T16:22:51Z</time>
				<extensions>
					<ns3:TrackPointExtension>
						<ns3:speed>2.1</ns3:speed>
						<ns3:cad>81.0</ns3:cad>
						<ns3:hr>144</ns3:hr>
					</ns3:TrackPointExtension>
				</extensions>
			</trkpt>
			<trkpt lat="12.98204235" lon="77.6906642">
				<ele>893.68</ele>
				<time>2026-07-28T16:22:52Z</time>
				<extensions>
					<ns3:TrackPointExtension>
						<ns3:speed>2.11</ns3:speed>
						<ns3:cad>82.0</ns3:cad>
						<ns3:hr>144</ns3:hr>
					</ns3:TrackPointExtension>
				</extensions>
			</trkpt>
			<trkpt lat="12.98204634" lon="77.69064487">
				<ele>893.68</ele>
				<time>2026-07-28T16:22:53Z</time>
				<extensions>
					<ns3:TrackPointExtension>
						<ns3:speed>2.11</ns3:speed>
						<ns3:cad>82.0</ns3:cad>
						<ns3:hr>145</ns3:hr>
					</ns3:TrackPointExtension>
				</extensions>
			</trkpt>
			<trkpt lat="12.98204967" lon="77.69062621">
				<ele>893.69</ele>
				<time>2026-07-28T16:22:54Z</time>
				<extensions>
					<ns3:TrackPointExtension>
						<ns3:speed>2.11</ns3:speed>
						<ns3:cad>82.0</ns3:cad>
						<ns3:hr>144</ns3:hr>
					</ns3:TrackPointExtension>
				</extensions>
			</trkpt>
			<trkpt lat="12.982053" lon="77.69060755">
				<ele>893.72</ele>
				<time>2026-07-28T16:22:55Z</time>
				<extensions>
					<ns3:TrackPointExtension>
						<ns3:speed>2.11</ns3:speed>
						<ns3:cad>82.0</ns3:cad>
						<ns3:hr>145</ns3:hr>
					</ns3:TrackPointExtension>
				</extensions>
			</trkpt>
			<trkpt lat="12.98205699" lon="77.69058956">
				<ele>893.72</ele>
				<time>2026-07-28T16:22:56Z</time>
				<extensions>
					<ns3:TrackPointExtension>
						<ns3:speed>2.1</ns3:speed>
						<ns3:cad>82.0</ns3:cad>
						<ns3:hr>146</ns3:hr>
					</ns3:TrackPointExtension>
				</extensions>
			</trkpt>
			<trkpt lat="12.98206165" lon="77.69057157">
				<ele>893.74</ele>
				<time>2026-07-28T16:22:57Z</time>
				<extensions>
					<ns3:TrackPointExtension>
						<ns3:speed>2.1</ns3:speed>
						<ns3:cad>81.0</ns3:cad>
						<ns3:hr>146</ns3:hr>
					</ns3:TrackPointExtension>
				</extensions>
			</trkpt>
			<trkpt lat="12.98206631" lon="77.69055258">
				<ele>893.75</ele>
				<time>2026-07-28T16:22:58Z</time>
				<extensions>
					<ns3:TrackPointExtension>
						<ns3:speed>2.09</ns3:speed>
						<ns3:cad>81.0</ns3:cad>
						<ns3:hr>146</ns3:hr>
					</ns3:TrackPointExtension>
				</extensions>
			</trkpt>
			<trkpt lat="12.98207097" lon="77.69053392">
				<ele>893.76</ele>
				<time>2026-07-28T16:22:59Z</time>
				<extensions>
					<ns3:TrackPointExtension>
						<ns3:speed>2.09</ns3:speed>
						<ns3:cad>80.0</ns3:cad>
						<ns3:hr>147</ns3:hr>
					</ns3:TrackPointExtension>
				</extensions>
			</trkpt>
			<trkpt lat="12.9820763" lon="77.69051559">
				<ele>893.77</ele>
				<time>2026-07-28T16:23:00Z</time>
				<extensions>
					<ns3:TrackPointExtension>
						<ns3:speed>2.08</ns3:speed>
						<ns3:cad>80.0</ns3:cad>
						<ns3:hr>148</ns3:hr>
					</ns3:TrackPointExtension>
				</extensions>
			</trkpt>
			<trkpt lat="12.98208229" lon="77.69049693">
				<ele>893.79</ele>
				<time>2026-07-28T16:23:01Z</time>
				<extensions>
					<ns3:TrackPointExtension>
						<ns3:speed>2.08</ns3:speed>
						<ns3:cad>80.0</ns3:cad>
						<ns3:hr>149</ns3:hr>
					</ns3:TrackPointExtension>
				</extensions>
			</trkpt>
			<trkpt lat="12.98208862" lon="77.6904786">
				<ele>893.81</ele>
				<time>2026-07-28T16:23:02Z</time>
				<extensions>
					<ns3:TrackPointExtension>
						<ns3:speed>2.08</ns3:speed>
						<ns3:cad>80.0</ns3:cad>
						<ns3:hr>149</ns3:hr>
					</ns3:TrackPointExtension>
				</extensions>
			</trkpt>
			<trkpt lat="12.98209528" lon="77.6904606">
				<ele>893.82</ele>
				<time>2026-07-28T16:23:03Z</time>
				<extensions>
					<ns3:TrackPointExtension>
						<ns3:speed>2.08</ns3:speed>
						<ns3:cad>80.0</ns3:cad>
						<ns3:hr>149</ns3:hr>
					</ns3:TrackPointExtension>
				</extensions>
			</trkpt>
			<trkpt lat="12.98210094" lon="77.69044294">
				<ele>893.84</ele>
				<time>2026-07-28T16:23:04Z</time>
				<extensions>
					<ns3:TrackPointExtension>
						<ns3:speed>2.08</ns3:speed>
						<ns3:cad>80.0</ns3:cad>
						<ns3:hr>150</ns3:hr>
					</ns3:TrackPointExtension>
				</extensions>
			</trkpt>
			<trkpt lat="12.9821086" lon="77.69042628">
				<ele>893.86</ele>
				<time>2026-07-28T16:23:05Z</time>
				<extensions>
					<ns3:TrackPointExtension>
						<ns3:speed>2.08</ns3:speed>
						<ns3:cad>80.0</ns3:cad>
						<ns3:hr>150</ns3:hr>
					</ns3:TrackPointExtension>
				</extensions>
			</trkpt>
			<trkpt lat="12.98212026" lon="77.69041162">
				<ele>893.86</ele>
				<time>2026-07-28T16:23:06Z</time>
				<extensions>
					<ns3:TrackPointExtension>
						<ns3:hr>151</ns3:hr>
					</ns3:TrackPointExtension>
				</extensions>
			</trkpt>
			<trkpt lat="12.98213426" lon="77.69039796">
				<ele>893.87</ele>
				<time>2026-07-28T16:23:07Z</time>
				<extensions>
					<ns3:TrackPointExtension>
						<ns3:speed>2.07</ns3:speed>
						<ns3:cad>80.0</ns3:cad>
					</ns3:TrackPointExtension>
				</extensions>
			</trkpt>
			<trkpt lat="12.98215026" lon="77.6903873">
				<ele>893.89</ele>
				<time>2026-07-28T16:23:08Z</time>
				<extensions>
					<ns3:TrackPointExtension>
						<ns3:speed>2.07</ns3:speed>
						<ns3:cad>80.0</ns3:cad>
						<ns3:hr>152</ns3:hr>
					</ns3:TrackPointExtension>
				</extensions>
			</trkpt>
			<trkpt lat="12.98216826" lon="77.69037864">
				<ele>893.91</ele>
				<time>2026-07-28T16:23:09Z</time>
				<extensions>
					<ns3:TrackPointExtension>
						<ns3:speed>2.07</ns3:speed>
						<ns3:cad>80.0</ns3:cad>
						<ns3:hr>152</ns3:hr>
					</ns3:TrackPointExtension>
				</extensions>
			</trkpt>
			<trkpt lat="12.98218759" lon="77.69037231">
				<ele>893.93</ele>
				<time>2026-07-28T16:23:10Z</time>
				<extensions>
					<ns3:TrackPointExtension>
						<ns3:speed>2.07</ns3:speed>
						<ns3:cad>80.0</ns3:cad>
						<ns3:hr>152</ns3:hr>
					</ns3:TrackPointExtension>
				</extensions>
			</trkpt>
			<trkpt lat="12.98220759" lon="77.69036798">
				<ele>893.96</ele>
				<time>2026-07-28T16:23:11Z</time>
				<extensions>
					<ns3:TrackPointExtension>
						<ns3:speed>2.07</ns3:speed>
						<ns3:cad>80.0</ns3:cad>
						<ns3:hr>152</ns3:hr>
					</ns3:TrackPointExtension>
				</extensions>
			</trkpt>
			<trkpt lat="12.98222925" lon="77.69036699">
				<ele>893.99</ele>
				<time>2026-07-28T16:23:12Z</time>
				<extensions>
					<ns3:TrackPointExtension>
						<ns3:speed>2.07</ns3:speed>
						<ns3:cad>80.0</ns3:cad>
						<ns3:hr>152</ns3:hr>
					</ns3:TrackPointExtension>
				</extensions>
			</trkpt>
			<trkpt lat="12.98224991" lon="77.69036998">
				<ele>894.03</ele>
				<time>2026-07-28T16:23:13Z</time>
				<extensions>
					<ns3:TrackPointExtension>
						<ns3:speed>2.07</ns3:speed>
						<ns3:cad>80.0</ns3:cad>
						<ns3:hr>152</ns3:hr>
					</ns3:TrackPointExtension>
				</extensions>
			</trkpt>
			<trkpt lat="12.98226924" lon="77.69037364">
				<ele>894.07</ele>
				<time>2026-07-28T16:23:14Z</time>
				<extensions>
					<ns3:TrackPointExtension>
						<ns3:speed>2.07</ns3:speed>
						<ns3:cad>81.0</ns3:cad>
						<ns3:hr>152</ns3:hr>
					</ns3:TrackPointExtension>
				</extensions>
			</trkpt>
			<trkpt lat="12.98228823" lon="77.69037797">
				<ele>894.1</ele>
				<time>2026-07-28T16:23:15Z</time>
				<extensions>
					<ns3:TrackPointExtension>
						<ns3:speed>2.07</ns3:speed>
						<ns3:cad>81.0</ns3:cad>
						<ns3:hr>152</ns3:hr>
					</ns3:TrackPointExtension>
				</extensions>
			</trkpt>
			<trkpt lat="12.98230623" lon="77.69038263">
				<ele>894.12</ele>
				<time>2026-07-28T16:23:16Z</time>
				<extensions>
					<ns3:TrackPointExtension>
						<ns3:speed>2.05</ns3:speed>
						<ns3:cad>81.0</ns3:cad>
						<ns3:hr>153</ns3:hr>
					</ns3:TrackPointExtension>
				</extensions>
			</trkpt>
			<trkpt lat="12.98232422" lon="77.69038862">
				<ele>894.15</ele>
				<time>2026-07-28T16:23:17Z</time>
				<extensions>
					<ns3:TrackPointExtension>
						<ns3:speed>2.04</ns3:speed>
						<ns3:cad>80.0</ns3:cad>
						<ns3:hr>152</ns3:hr>
					</ns3:TrackPointExtension>
				</extensions>
			</trkpt>
			<trkpt lat="12.98234188" lon="77.69039561">
				<ele>894.17</ele>
				<time>2026-07-28T16:23:18Z</time>
				<extensions>
					<ns3:TrackPointExtension>
						<ns3:speed>2.04</ns3:speed>
						<ns3:cad>80.0</ns3:cad>
						<ns3:hr>152</ns3:hr>
					</ns3:TrackPointExtension>
				</extensions>
			</trkpt>
			<trkpt lat="12.98235821" lon="77.6904036">
				<ele>894.19</ele>
				<time>2026-07-28T16:23:19Z</time>
				<extensions>
					<ns3:TrackPointExtension>
						<ns3:speed>2.04</ns3:speed>
						<ns3:cad>80.0</ns3:cad>
						<ns3:hr>153</ns3:hr>
					</ns3:TrackPointExtension>
				</extensions>
			</trkpt>
			<trkpt lat="12.98237354" lon="77.69041326">
				<ele>894.2</ele>
				<time>2026-07-28T16:23:20Z</time>
				<extensions>
					<ns3:TrackPointExtension>
						<ns3:speed>2.04</ns3:speed>
						<ns3:cad>80.0</ns3:cad>
						<ns3:hr>155</ns3:hr>
					</ns3:TrackPointExtension>
				</extensions>
			</trkpt>
			<trkpt lat="12.98238654" lon="77.69042459">
				<ele>894.21</ele>
				<time>2026-07-28T16:23:21Z</time>
				<extensions>
					<ns3:TrackPointExtension>
						<ns3:speed>2.04</ns3:speed>
						<ns3:cad>79.0</ns3:cad>
						<ns3:hr>155</ns3:hr>
					</ns3:TrackPointExtension>
				</extensions>
			</trkpt>
			<trkpt lat="12.98239787" lon="77.69043625">
				<ele>894.21</ele>
				<time>2026-07-28T16:23:22Z</time>
				<extensions>
					<ns3:TrackPointExtension>
						<ns3:speed>2.04</ns3:speed>
						<ns3:cad>79.0</ns3:cad>
						<ns3:hr>155</ns3:hr>
					</ns3:TrackPointExtension>
				</extensions>
			</trkpt>
			<trkpt lat="12.98240786" lon="77.69044891">
				<ele>894.22</ele>
				<time>2026-07-28T16:23:23Z</time>
				<extensions>
					<ns3:TrackPointExtension>
						<ns3:speed>2.02</ns3:speed>
						<ns3:cad>79.0</ns3:cad>
						<ns3:hr>155</ns3:hr>
					</ns3:TrackPointExtension>
				</extensions>
			</trkpt>
			<trkpt lat="12.98241519" lon="77.69046291">
				<ele>894.22</ele>
				<time>2026-07-28T16:23:24Z</time>
				<extensions>
					<ns3:TrackPointExtension>
						<ns3:speed>2.01</ns3:speed>
						<ns3:cad>79.0</ns3:cad>
						<ns3:hr>155</ns3:hr>
					</ns3:TrackPointExtension>
				</extensions>
			</trkpt>
			<trkpt lat="12.98242118" lon="77.69047757">
				<ele>894.21</ele>
				<time>2026-07-28T16:23:25Z</time>
				<extensions>
					<ns3:TrackPointExtension>
						<ns3:speed>2.0</ns3:speed>
						<ns3:cad>78.0</ns3:cad>
						<ns3:hr>155</ns3:hr>
					</ns3:TrackPointExtension>
				</extensions>
			</trkpt>
			<trkpt lat="12.98242451" lon="77.6904929">
				<ele>894.21</ele>
				<time>2026-07-28T16:23:26Z</time>
				<extensions>
					<ns3:TrackPointExtension>
						<ns3:speed>1.99</ns3:speed>
						<ns3:cad>78.0</ns3:cad>
						<ns3:hr>155</ns3:hr>
					</ns3:TrackPointExtension>
				</extensions>
			</trkpt>
			<trkpt lat="12.98242584" lon="77.69050823">
				<ele>894.21</ele>
				<time>2026-07-28T16:23:27Z</time>
				<extensions>
					<ns3:TrackPointExtension>
						<ns3:speed>1.98</ns3:speed>
						<ns3:cad>78.0</ns3:cad>
						<ns3:hr>154</ns3:hr>
					</ns3:TrackPointExtension>
				</extensions>
			</trkpt>
			<trkpt lat="12.98242551" lon="77.69052322">
				<ele>894.21</ele>
				<time>2026-07-28T16:23:28Z</time>
				<extensions>
					<ns3:TrackPointExtension>
						<ns3:speed>1.97</ns3:speed>
						<ns3:cad>78.0</ns3:cad>
						<ns3:hr>154</ns3:hr>
					</ns3:TrackPointExtension>
				</extensions>
			</trkpt>
			<trkpt lat="12.98242452" lon="77.69053822">
				<ele>894.2</ele>
				<time>2026-07-28T16:23:29Z</time>
				<extensions>
					<ns3:TrackPointExtension>
						<ns3:speed>1.97</ns3:speed>
						<ns3:cad>78.0</ns3:cad>
						<ns3:hr>154</ns3:hr>
					</ns3:TrackPointExtension>
				</extensions>
			</trkpt>
			<trkpt lat="12.98242319" lon="77.69055255">
				<ele>894.2</ele>
				<time>2026-07-28T16:23:30Z</time>
				<extensions>
					<ns3:TrackPointExtension>
						<ns3:speed>1.96</ns3:speed>
						<ns3:cad>78.0</ns3:cad>
						<ns3:hr>154</ns3:hr>
					</ns3:TrackPointExtension>
				</extensions>
			</trkpt>
			<trkpt lat="12.98242253" lon="77.69056654">
				<ele>894.19</ele>
				<time>2026-07-28T16:23:31Z</time>
				<extensions>
					<ns3:TrackPointExtension>
						<ns3:speed>1.96</ns3:speed>
						<ns3:cad>78.0</ns3:cad>
						<ns3:hr>153</ns3:hr>
					</ns3:TrackPointExtension>
				</extensions>
			</trkpt>
			<trkpt lat="12.98242154" lon="77.6905812">
				<ele>894.18</ele>
				<time>2026-07-28T16:23:32Z</time>
				<extensions>
					<ns3:TrackPointExtension>
						<ns3:speed>1.95</ns3:speed>
						<ns3:cad>78.0</ns3:cad>
						<ns3:hr>153</ns3:hr>
					</ns3:TrackPointExtension>
				</extensions>
			</trkpt>
			<trkpt lat="12.98242587" lon="77.69059253">
				<ele>894.17</ele>
				<time>2026-07-28T16:23:33Z</time>
				<extensions>
					<ns3:TrackPointExtension>
						<ns3:speed>1.94</ns3:speed>
						<ns3:cad>77.0</ns3:cad>
						<ns3:hr>152</ns3:hr>
					</ns3:TrackPointExtension>
				</extensions>
			</trkpt>
			<trkpt lat="12.98243287" lon="77.69060253">
				<ele>894.16</ele>
				<time>2026-07-28T16:23:34Z</time>
				<extensions>
					<ns3:TrackPointExtension>
						<ns3:speed>1.93</ns3:speed>
						<ns3:cad>76.0</ns3:cad>
						<ns3:hr>151</ns3:hr>
					</ns3:TrackPointExtension>
				</extensions>
			</trkpt>
			<trkpt lat="12.98244553" lon="77.69060919">
				<ele>894.15</ele>
				<time>2026-07-28T16:23:35Z</time>
				<extensions>
					<ns3:TrackPointExtension>
						<ns3:speed>1.92</ns3:speed>
						<ns3:cad>76.0</ns3:cad>
						<ns3:hr>151</ns3:hr>
					</ns3:TrackPointExtension>
				</extensions>
			</trkpt>
			<trkpt lat="12.98246052" lon="77.69061452">
				<ele>894.16</ele>
				<time>2026-07-28T16:23:36Z</time>
				<extensions>
					<ns3:TrackPointExtension>
						<ns3:speed>1.9</ns3:speed>
						<ns3:cad>77.0</ns3:cad>
						<ns3:hr>151</ns3:hr>
					</ns3:TrackPointExtension>
				</extensions>
			</trkpt>
			<trkpt lat="12.98247418" lon="77.69061918">
				<ele>894.16</ele>
				<time>2026-07-28T16:23:37Z</time>
				<extensions>
					<ns3:TrackPointExtension>
						<ns3:speed>1.89</ns3:speed>
						<ns3:cad>77.0</ns3:cad>
						<ns3:hr>151</ns3:hr>
					</ns3:TrackPointExtension>
				</extensions>
			</trkpt>
			<trkpt lat="12.98248717" lon="77.69062384">
				<ele>894.16</ele>
				<time>2026-07-28T16:23:38Z</time>
				<extensions>
					<ns3:TrackPointExtension>
						<ns3:speed>1.85</ns3:speed>
						<ns3:cad>78.0</ns3:cad>
						<ns3:hr>151</ns3:hr>
					</ns3:TrackPointExtension>
				</extensions>
			</trkpt>
			<trkpt lat="12.98249216" lon="77.6906265">
				<ele>894.16</ele>
				<time>2026-07-28T16:23:39Z</time>
				<extensions>
					<ns3:TrackPointExtension>
						<ns3:speed>1.81</ns3:speed>
						<ns3:cad>78.0</ns3:cad>
						<ns3:hr>150</ns3:hr>
					</ns3:TrackPointExtension>
				</extensions>
			</trkpt>
			<trkpt lat="12.98249515" lon="77.69062683">
				<ele>894.15</ele>
				<time>2026-07-28T16:23:40Z</time>
				<extensions>
					<ns3:TrackPointExtension>
						<ns3:speed>1.78</ns3:speed>
						<ns3:cad>77.0</ns3:cad>
						<ns3:hr>150</ns3:hr>
					</ns3:TrackPointExtension>
				</extensions>
			</trkpt>
			<trkpt lat="12.98249548" lon="77.69062584">
				<ele>894.14</ele>
				<time>2026-07-28T16:23:41Z</time>
				<extensions>
					<ns3:TrackPointExtension>
						<ns3:speed>1.75</ns3:speed>
						<ns3:cad>76.0</ns3:cad>
						<ns3:hr>150</ns3:hr>
					</ns3:TrackPointExtension>
				</extensions>
			</trkpt>
			<trkpt lat="12.98249714" lon="77.69062451">
				<ele>894.14</ele>
				<time>2026-07-28T16:23:42Z</time>
				<extensions>
					<ns3:TrackPointExtension>
						<ns3:speed>1.72</ns3:speed>
						<ns3:cad>75.0</ns3:cad>
						<ns3:hr>150</ns3:hr>
					</ns3:TrackPointExtension>
				</extensions>
			</trkpt>
			<trkpt lat="12.98249814" lon="77.69062318">
				<ele>894.13</ele>
				<time>2026-07-28T16:23:43Z</time>
				<extensions>
					<ns3:TrackPointExtension>
						<ns3:speed>1.67</ns3:speed>
						<ns3:cad>75.0</ns3:cad>
						<ns3:hr>150</ns3:hr>
					</ns3:TrackPointExtension>
				</extensions>
			</trkpt>
			<trkpt lat="12.98249748" lon="77.69062351">
				<ele>894.13</ele>
				<time>2026-07-28T16:23:44Z</time>
				<extensions>
					<ns3:TrackPointExtension>
						<ns3:speed>1.62</ns3:speed>
						<ns3:cad>75.0</ns3:cad>
						<ns3:hr>150</ns3:hr>
					</ns3:TrackPointExtension>
				</extensions>
			</trkpt>
			<trkpt lat="12.98250114" lon="77.69062784">
				<ele>894.12</ele>
				<time>2026-07-28T16:23:45Z</time>
				<extensions>
					<ns3:TrackPointExtension>
						<ns3:speed>1.57</ns3:speed>
						<ns3:cad>76.0</ns3:cad>
						<ns3:hr>148</ns3:hr>
					</ns3:TrackPointExtension>
				</extensions>
			</trkpt>
			<trkpt lat="12.98250713" lon="77.6906325">
				<ele>894.12</ele>
				<time>2026-07-28T16:23:46Z</time>
				<extensions>
					<ns3:TrackPointExtension>
						<ns3:speed>1.53</ns3:speed>
						<ns3:cad>77.0</ns3:cad>
						<ns3:hr>148</ns3:hr>
					</ns3:TrackPointExtension>
				</extensions>
			</trkpt>
			<trkpt lat="12.98251413" lon="77.69064116">
				<ele>894.2</ele>
				<time>2026-07-28T16:23:47Z</time>
				<extensions>
					<ns3:TrackPointExtension>
						<ns3:speed>1.12</ns3:speed>
						<ns3:cad>78.0</ns3:cad>
						<ns3:hr>149</ns3:hr>
					</ns3:TrackPointExtension>
				</extensions>
			</trkpt>
			<trkpt lat="12.98252346" lon="77.69065116">
				<ele>894.21</ele>
				<time>2026-07-28T16:23:48Z</time>
				<extensions>
					<ns3:TrackPointExtension>
						<ns3:speed>1.76</ns3:speed>
						<ns3:cad>79.0</ns3:cad>
						<ns3:hr>149</ns3:hr>
					</ns3:TrackPointExtension>
				</extensions>
			</trkpt>
			<trkpt lat="12.98253079" lon="77.69066182">
				<ele>894.36</ele>
				<time>2026-07-28T16:23:49Z</time>
				<extensions>
					<ns3:TrackPointExtension>
						<ns3:speed>1.8</ns3:speed>
						<ns3:cad>79.0</ns3:cad>
						<ns3:hr>149</ns3:hr>
					</ns3:TrackPointExtension>
				</extensions>
			</trkpt>
			<trkpt lat="12.98254278" lon="77.69067182">
				<ele>894.59</ele>
				<time>2026-07-28T16:23:50Z</time>
				<extensions>
					<ns3:TrackPointExtension>
						<ns3:speed>1.91</ns3:speed>
						<ns3:cad>79.0</ns3:cad>
						<ns3:hr>148</ns3:hr>
					</ns3:TrackPointExtension>
				</extensions>
			</trkpt>
			<trkpt lat="12.98254744" lon="77.69067815">
				<ele>894.62</ele>
				<time>2026-07-28T16:23:51Z</time>
				<extensions>
					<ns3:TrackPointExtension>
						<ns3:speed>1.94</ns3:speed>
						<ns3:cad>79.0</ns3:cad>
						<ns3:hr>148</ns3:hr>
					</ns3:TrackPointExtension>
				</extensions>
			</trkpt>
			<trkpt lat="12.98255243" lon="77.69068048">
				<ele>894.61</ele>
				<time>2026-07-28T16:23:52Z</time>
				<extensions>
					<ns3:TrackPointExtension>
						<ns3:speed>1.95</ns3:speed>
						<ns3:cad>79.0</ns3:cad>
						<ns3:hr>148</ns3:hr>
					</ns3:TrackPointExtension>
				</extensions>
			</trkpt>
			<trkpt lat="12.98255842" lon="77.69068081">
				<ele>894.61</ele>
				<time>2026-07-28T16:23:53Z</time>
				<extensions>
					<ns3:TrackPointExtension>
						<ns3:speed>1.92</ns3:speed>
						<ns3:cad>79.0</ns3:cad>
						<ns3:hr>147</ns3:hr>
					</ns3:TrackPointExtension>
				</extensions>
			</trkpt>
			<trkpt lat="12.98255743" lon="77.69068214">
				<ele>894.59</ele>
				<time>2026-07-28T16:23:54Z</time>
				<extensions>
					<ns3:TrackPointExtension>
						<ns3:speed>1.91</ns3:speed>
						<ns3:cad>78.0</ns3:cad>
						<ns3:hr>147</ns3:hr>
					</ns3:TrackPointExtension>
				</extensions>
			</trkpt>
			<trkpt lat="12.98255543" lon="77.6906858">
				<ele>894.58</ele>
				<time>2026-07-28T16:23:55Z</time>
				<extensions>
					<ns3:TrackPointExtension>
						<ns3:speed>1.88</ns3:speed>
						<ns3:cad>78.0</ns3:cad>
						<ns3:hr>147</ns3:hr>
					</ns3:TrackPointExtension>
				</extensions>
			</trkpt>
			<trkpt lat="12.9825511" lon="77.69069313">
				<ele>894.56</ele>
				<time>2026-07-28T16:23:56Z</time>
				<extensions>
					<ns3:TrackPointExtension>
						<ns3:speed>1.85</ns3:speed>
						<ns3:cad>77.0</ns3:cad>
						<ns3:hr>147</ns3:hr>
					</ns3:TrackPointExtension>
				</extensions>
			</trkpt>
			<trkpt lat="12.98254644" lon="77.69070346">
				<ele>894.55</ele>
				<time>2026-07-28T16:23:57Z</time>
				<extensions>
					<ns3:TrackPointExtension>
						<ns3:speed>1.83</ns3:speed>
						<ns3:cad>76.0</ns3:cad>
						<ns3:hr>147</ns3:hr>
					</ns3:TrackPointExtension>
				</extensions>
			</trkpt>
			<trkpt lat="12.98254345" lon="77.69071379">
				<ele>894.54</ele>
				<time>2026-07-28T16:23:58Z</time>
				<extensions>
					<ns3:TrackPointExtension>
						<ns3:speed>1.82</ns3:speed>
						<ns3:cad>75.0</ns3:cad>
						<ns3:hr>147</ns3:hr>
					</ns3:TrackPointExtension>
				</extensions>
			</trkpt>
			<trkpt lat="12.98253579" lon="77.69072745">
				<ele>894.52</ele>
				<time>2026-07-28T16:23:59Z</time>
				<extensions>
					<ns3:TrackPointExtension>
						<ns3:speed>1.8</ns3:speed>
						<ns3:cad>75.0</ns3:cad>
						<ns3:hr>147</ns3:hr>
					</ns3:TrackPointExtension>
				</extensions>
			</trkpt>
			<trkpt lat="12.98252213" lon="77.69074611">
				<ele>894.5</ele>
				<time>2026-07-28T16:24:00Z</time>
				<extensions>
					<ns3:TrackPointExtension>
						<ns3:speed>1.79</ns3:speed>
						<ns3:cad>74.0</ns3:cad>
						<ns3:hr>147</ns3:hr>
					</ns3:TrackPointExtension>
				</extensions>
			</trkpt>
			<trkpt lat="12.98251247" lon="77.69076444">
				<ele>894.56</ele>
				<time>2026-07-28T16:24:01Z</time>
				<extensions>
					<ns3:TrackPointExtension>
						<ns3:speed>1.76</ns3:speed>
						<ns3:cad>74.0</ns3:cad>
						<ns3:hr>146</ns3:hr>
					</ns3:TrackPointExtension>
				</extensions>
			</trkpt>
			<trkpt lat="12.98251114" lon="77.6907811">
				<ele>894.57</ele>
				<time>2026-07-28T16:24:02Z</time>
				<extensions>
					<ns3:TrackPointExtension>
						<ns3:speed>1.73</ns3:speed>
						<ns3:cad>74.0</ns3:cad>
						<ns3:hr>145</ns3:hr>
					</ns3:TrackPointExtension>
				</extensions>
			</trkpt>
			<trkpt lat="12.9825178" lon="77.69079776">
				<ele>894.56</ele>
				<time>2026-07-28T16:24:03Z</time>
				<extensions>
					<ns3:TrackPointExtension>
						<ns3:speed>1.7</ns3:speed>
						<ns3:cad>74.0</ns3:cad>
						<ns3:hr>145</ns3:hr>
					</ns3:TrackPointExtension>
				</extensions>
			</trkpt>
			<trkpt lat="12.98252646" lon="77.69081109">
				<ele>894.56</ele>
				<time>2026-07-28T16:24:04Z</time>
				<extensions>
					<ns3:TrackPointExtension>
						<ns3:speed>1.68</ns3:speed>
						<ns3:cad>74.0</ns3:cad>
						<ns3:hr>145</ns3:hr>
					</ns3:TrackPointExtension>
				</extensions>
			</trkpt>
			<trkpt lat="12.98253645" lon="77.69082308">
				<ele>894.36</ele>
				<time>2026-07-28T16:24:05Z</time>
				<extensions>
					<ns3:TrackPointExtension>
						<ns3:speed>1.66</ns3:speed>
						<ns3:cad>75.0</ns3:cad>
						<ns3:hr>147</ns3:hr>
					</ns3:TrackPointExtension>
				</extensions>
			</trkpt>
			<trkpt lat="12.98254678" lon="77.69083341">
				<ele>894.18</ele>
				<time>2026-07-28T16:24:06Z</time>
				<extensions>
					<ns3:TrackPointExtension>
						<ns3:speed>1.66</ns3:speed>
						<ns3:cad>76.0</ns3:cad>
						<ns3:hr>148</ns3:hr>
					</ns3:TrackPointExtension>
				</extensions>
			</trkpt>
			<trkpt lat="12.98255877" lon="77.69084174">
				<ele>894.17</ele>
				<time>2026-07-28T16:24:07Z</time>
				<extensions>
					<ns3:TrackPointExtension>
						<ns3:speed>1.65</ns3:speed>
						<ns3:cad>77.0</ns3:cad>
						<ns3:hr>147</ns3:hr>
					</ns3:TrackPointExtension>
				</extensions>
			</trkpt>
			<trkpt lat="12.98257243" lon="77.6908484">
				<ele>894.16</ele>
				<time>2026-07-28T16:24:08Z</time>
				<extensions>
					<ns3:TrackPointExtension>
						<ns3:speed>1.65</ns3:speed>
						<ns3:cad>77.0</ns3:cad>
						<ns3:hr>147</ns3:hr>
					</ns3:TrackPointExtension>
				</extensions>
			</trkpt>
			<trkpt lat="12.98258576" lon="77.69085473">
				<ele>894.15</ele>
				<time>2026-07-28T16:24:09Z</time>
				<extensions>
					<ns3:TrackPointExtension>
						<ns3:speed>1.64</ns3:speed>
						<ns3:cad>77.0</ns3:cad>
						<ns3:hr>147</ns3:hr>
					</ns3:TrackPointExtension>
				</extensions>
			</trkpt>
			<trkpt lat="12.98259876" lon="77.69086173">
				<ele>894.15</ele>
				<time>2026-07-28T16:24:10Z</time>
				<extensions>
					<ns3:TrackPointExtension>
						<ns3:speed>1.64</ns3:speed>
						<ns3:cad>77.0</ns3:cad>
						<ns3:hr>147</ns3:hr>
					</ns3:TrackPointExtension>
				</extensions>
			</trkpt>
			<trkpt lat="12.98260909" lon="77.69087339">
				<ele>894.03</ele>
				<time>2026-07-28T16:24:11Z</time>
				<extensions>
					<ns3:TrackPointExtension>
						<ns3:speed>1.64</ns3:speed>
						<ns3:cad>77.0</ns3:cad>
						<ns3:hr>146</ns3:hr>
					</ns3:TrackPointExtension>
				</extensions>
			</trkpt>
			<trkpt lat="12.98261942" lon="77.69088305">
				<ele>894.02</ele>
				<time>2026-07-28T16:24:12Z</time>
				<extensions>
					<ns3:TrackPointExtension>
						<ns3:speed>1.65</ns3:speed>
						<ns3:cad>76.0</ns3:cad>
						<ns3:hr>146</ns3:hr>
					</ns3:TrackPointExtension>
				</extensions>
			</trkpt>
			<trkpt lat="12.98262941" lon="77.69089205">
				<ele>894.01</ele>
				<time>2026-07-28T16:24:13Z</time>
				<extensions>
					<ns3:TrackPointExtension>
						<ns3:speed>1.66</ns3:speed>
						<ns3:cad>76.0</ns3:cad>
						<ns3:hr>146</ns3:hr>
					</ns3:TrackPointExtension>
				</extensions>
			</trkpt>
			<trkpt lat="12.98263941" lon="77.69090105">
				<ele>894.0</ele>
				<time>2026-07-28T16:24:14Z</time>
				<extensions>
					<ns3:TrackPointExtension>
						<ns3:speed>1.66</ns3:speed>
						<ns3:cad>77.0</ns3:cad>
						<ns3:hr>147</ns3:hr>
					</ns3:TrackPointExtension>
				</extensions>
			</trkpt>
			<trkpt lat="12.98265074" lon="77.69090838">
				<ele>893.99</ele>
				<time>2026-07-28T16:24:15Z</time>
				<extensions>
					<ns3:TrackPointExtension>
						<ns3:speed>1.67</ns3:speed>
						<ns3:cad>77.0</ns3:cad>
						<ns3:hr>146</ns3:hr>
					</ns3:TrackPointExtension>
				</extensions>
			</trkpt>
			<trkpt lat="12.98266307" lon="77.69091471">
				<ele>893.99</ele>
				<time>2026-07-28T16:24:16Z</time>
				<extensions>
					<ns3:TrackPointExtension>
						<ns3:speed>1.68</ns3:speed>
						<ns3:cad>77.0</ns3:cad>
						<ns3:hr>146</ns3:hr>
					</ns3:TrackPointExtension>
				</extensions>
			</trkpt>
			<trkpt lat="12.98267506" lon="77.69092037">
				<ele>893.99</ele>
				<time>2026-07-28T16:24:17Z</time>
				<extensions>
					<ns3:TrackPointExtension>
						<ns3:speed>1.67</ns3:speed>
						<ns3:cad>77.0</ns3:cad>
						<ns3:hr>146</ns3:hr>
					</ns3:TrackPointExtension>
				</extensions>
			</trkpt>
			<trkpt lat="12.98268739" lon="77.69092537">
				<ele>893.99</ele>
				<time>2026-07-28T16:24:18Z</time>
				<extensions>
					<ns3:TrackPointExtension>
						<ns3:speed>1.66</ns3:speed>
						<ns3:cad>76.0</ns3:cad>
						<ns3:hr>145</ns3:hr>
					</ns3:TrackPointExtension>
				</extensions>
			</trkpt>
			<trkpt lat="12.98269805" lon="77.69093136">
				<ele>893.99</ele>
				<time>2026-07-28T16:24:19Z</time>
				<extensions>
					<ns3:TrackPointExtension>
						<ns3:speed>1.66</ns3:speed>
						<ns3:cad>76.0</ns3:cad>
						<ns3:hr>145</ns3:hr>
					</ns3:TrackPointExtension>
				</extensions>
			</trkpt>
			<trkpt lat="12.98270938" lon="77.69093802">
				<ele>894.0</ele>
				<time>2026-07-28T16:24:20Z</time>
				<extensions>
					<ns3:TrackPointExtension>
						<ns3:speed>1.64</ns3:speed>
						<ns3:cad>77.0</ns3:cad>
						<ns3:hr>145</ns3:hr>
					</ns3:TrackPointExtension>
				</extensions>
			</trkpt>
			<trkpt lat="12.98271937" lon="77.69094568">
				<ele>893.95</ele>
				<time>2026-07-28T16:24:21Z</time>
				<extensions>
					<ns3:TrackPointExtension>
						<ns3:speed>1.63</ns3:speed>
						<ns3:cad>78.0</ns3:cad>
						<ns3:hr>145</ns3:hr>
					</ns3:TrackPointExtension>
				</extensions>
			</trkpt>
			<trkpt lat="12.98273003" lon="77.69095301">
				<ele>893.93</ele>
				<time>2026-07-28T16:24:22Z</time>
				<extensions>
					<ns3:TrackPointExtension>
						<ns3:speed>1.62</ns3:speed>
						<ns3:cad>78.0</ns3:cad>
						<ns3:hr>144</ns3:hr>
					</ns3:TrackPointExtension>
				</extensions>
			</trkpt>
			<trkpt lat="12.98273969" lon="77.69096067">
				<ele>893.95</ele>
				<time>2026-07-28T16:24:23Z</time>
				<extensions>
					<ns3:TrackPointExtension>
						<ns3:speed>1.6</ns3:speed>
						<ns3:cad>80.0</ns3:cad>
						<ns3:hr>144</ns3:hr>
					</ns3:TrackPointExtension>
				</extensions>
			</trkpt>
			<trkpt lat="12.98275035" lon="77.690968">
				<ele>893.97</ele>
				<time>2026-07-28T16:24:24Z</time>
				<extensions>
					<ns3:TrackPointExtension>
						<ns3:speed>1.59</ns3:speed>
						<ns3:cad>81.0</ns3:cad>
						<ns3:hr>144</ns3:hr>
					</ns3:TrackPointExtension>
				</extensions>
			</trkpt>
			<trkpt lat="12.98276068" lon="77.69097566">
				<ele>893.98</ele>
				<time>2026-07-28T16:24:25Z</time>
				<extensions>
					<ns3:TrackPointExtension>
						<ns3:speed>1.58</ns3:speed>
						<ns3:cad>82.0</ns3:cad>
						<ns3:hr>144</ns3:hr>
					</ns3:TrackPointExtension>
				</extensions>
			</trkpt>
			<trkpt lat="12.98277201" lon="77.69098232">
				<ele>893.99</ele>
				<time>2026-07-28T16:24:26Z</time>
				<extensions>
					<ns3:TrackPointExtension>
						<ns3:speed>1.57</ns3:speed>
						<ns3:cad>82.0</ns3:cad>
						<ns3:hr>144</ns3:hr>
					</ns3:TrackPointExtension>
				</extensions>
			</trkpt>
			<trkpt lat="12.98278301" lon="77.69098898">
				<ele>894.0</ele>
				<time>2026-07-28T16:24:27Z</time>
				<extensions>
					<ns3:TrackPointExtension>
						<ns3:speed>1.57</ns3:speed>
						<ns3:cad>82.0</ns3:cad>
						<ns3:hr>144</ns3:hr>
					</ns3:TrackPointExtension>
				</extensions>
			</trkpt>
			<trkpt lat="12.98279434" lon="77.69099564">
				<ele>894.01</ele>
				<time>2026-07-28T16:24:28Z</time>
				<extensions>
					<ns3:TrackPointExtension>
						<ns3:speed>1.56</ns3:speed>
						<ns3:cad>82.0</ns3:cad>
						<ns3:hr>143</ns3:hr>
					</ns3:TrackPointExtension>
				</extensions>
			</trkpt>
			<trkpt lat="12.98280633" lon="77.6910023">
				<ele>894.02</ele>
				<time>2026-07-28T16:24:29Z</time>
				<extensions>
					<ns3:TrackPointExtension>
						<ns3:speed>1.56</ns3:speed>
						<ns3:cad>82.0</ns3:cad>
						<ns3:hr>143</ns3:hr>
					</ns3:TrackPointExtension>
				</extensions>
			</trkpt>
			<trkpt lat="12.98281832" lon="77.69100896">
				<ele>894.03</ele>
				<time>2026-07-28T16:24:30Z</time>
				<extensions>
					<ns3:TrackPointExtension>
						<ns3:speed>1.55</ns3:speed>
						<ns3:cad>81.0</ns3:cad>
						<ns3:hr>143</ns3:hr>
					</ns3:TrackPointExtension>
				</extensions>
			</trkpt>
			<trkpt lat="12.98282932" lon="77.69101562">
				<ele>894.03</ele>
				<time>2026-07-28T16:24:31Z</time>
				<extensions>
					<ns3:TrackPointExtension>
						<ns3:speed>1.53</ns3:speed>
						<ns3:cad>81.0</ns3:cad>
						<ns3:hr>143</ns3:hr>
					</ns3:TrackPointExtension>
				</extensions>
			</trkpt>
			<trkpt lat="12.98283998" lon="77.69102295">
				<ele>894.04</ele>
				<time>2026-07-28T16:24:32Z</time>
				<extensions>
					<ns3:TrackPointExtension>
						<ns3:speed>1.53</ns3:speed>
						<ns3:cad>80.0</ns3:cad>
						<ns3:hr>142</ns3:hr>
					</ns3:TrackPointExtension>
				</extensions>
			</trkpt>
			<trkpt lat="12.98285031" lon="77.69103128">
				<ele>894.05</ele>
				<time>2026-07-28T16:24:33Z</time>
				<extensions>
					<ns3:TrackPointExtension>
						<ns3:speed>1.53</ns3:speed>
						<ns3:cad>80.0</ns3:cad>
						<ns3:hr>141</ns3:hr>
					</ns3:TrackPointExtension>
				</extensions>
			</trkpt>
			<trkpt lat="12.98286131" lon="77.69103927">
				<ele>894.05</ele>
				<time>2026-07-28T16:24:34Z</time>
				<extensions>
					<ns3:TrackPointExtension>
						<ns3:speed>1.53</ns3:speed>
						<ns3:cad>79.0</ns3:cad>
						<ns3:hr>142</ns3:hr>
					</ns3:TrackPointExtension>
				</extensions>
			</trkpt>
			<trkpt lat="12.98287264" lon="77.69104727">
				<ele>894.06</ele>
				<time>2026-07-28T16:24:35Z</time>
				<extensions>
					<ns3:TrackPointExtension>
						<ns3:speed>1.53</ns3:speed>
						<ns3:cad>78.0</ns3:cad>
						<ns3:hr>142</ns3:hr>
					</ns3:TrackPointExtension>
				</extensions>
			</trkpt>
			<trkpt lat="12.98288397" lon="77.69105393">
				<ele>894.06</ele>
				<time>2026-07-28T16:24:36Z</time>
				<extensions>
					<ns3:TrackPointExtension>
						<ns3:speed>1.52</ns3:speed>
						<ns3:cad>77.0</ns3:cad>
						<ns3:hr>142</ns3:hr>
					</ns3:TrackPointExtension>
				</extensions>
			</trkpt>
			<trkpt lat="12.98289596" lon="77.69106059">
				<ele>894.06</ele>
				<time>2026-07-28T16:24:37Z</time>
				<extensions>
					<ns3:TrackPointExtension>
						<ns3:speed>1.52</ns3:speed>
						<ns3:cad>76.0</ns3:cad>
						<ns3:hr>141</ns3:hr>
					</ns3:TrackPointExtension>
				</extensions>
			</trkpt>
			<trkpt lat="12.98290795" lon="77.69106792">
				<ele>894.07</ele>
				<time>2026-07-28T16:24:38Z</time>
				<extensions>
					<ns3:TrackPointExtension>
						<ns3:speed>1.52</ns3:speed>
						<ns3:cad>76.0</ns3:cad>
						<ns3:hr>141</ns3:hr>
					</ns3:TrackPointExtension>
				</extensions>
			</trkpt>
			<trkpt lat="12.98292061" lon="77.69107558">
				<ele>894.07</ele>
				<time>2026-07-28T16:24:39Z</time>
				<extensions>
					<ns3:TrackPointExtension>
						<ns3:hr>141</ns3:hr>
					</ns3:TrackPointExtension>
				</extensions>
			</trkpt>
			<trkpt lat="12.98293294" lon="77.69108291">
				<ele>894.07</ele>
				<time>2026-07-28T16:24:40Z</time>
				<extensions>
					<ns3:TrackPointExtension>
						<ns3:speed>1.51</ns3:speed>
						<ns3:cad>76.0</ns3:cad>
					</ns3:TrackPointExtension>
				</extensions>
			</trkpt>
			<trkpt lat="12.9829456" lon="77.69108924">
				<ele>894.07</ele>
				<time>2026-07-28T16:24:41Z</time>
				<extensions>
					<ns3:TrackPointExtension>
						<ns3:speed>1.53</ns3:speed>
						<ns3:cad>75.0</ns3:cad>
						<ns3:hr>141</ns3:hr>
					</ns3:TrackPointExtension>
				</extensions>
			</trkpt>
			<trkpt lat="12.98295626" lon="77.69109657">
				<ele>894.06</ele>
				<time>2026-07-28T16:24:42Z</time>
				<extensions>
					<ns3:TrackPointExtension>
						<ns3:speed>1.55</ns3:speed>
						<ns3:cad>75.0</ns3:cad>
						<ns3:hr>141</ns3:hr>
					</ns3:TrackPointExtension>
				</extensions>
			</trkpt>
			<trkpt lat="12.98296759" lon="77.69110357">
				<ele>894.04</ele>
				<time>2026-07-28T16:24:43Z</time>
				<extensions>
					<ns3:TrackPointExtension>
						<ns3:speed>1.57</ns3:speed>
						<ns3:cad>76.0</ns3:cad>
						<ns3:hr>141</ns3:hr>
					</ns3:TrackPointExtension>
				</extensions>
			</trkpt>
			<trkpt lat="12.98297825" lon="77.69111423">
				<ele>894.03</ele>
				<time>2026-07-28T16:24:44Z</time>
				<extensions>
					<ns3:TrackPointExtension>
						<ns3:speed>1.58</ns3:speed>
						<ns3:cad>76.0</ns3:cad>
						<ns3:hr>140</ns3:hr>
					</ns3:TrackPointExtension>
				</extensions>
			</trkpt>
			<trkpt lat="12.98298991" lon="77.69112356">
				<ele>894.01</ele>
				<time>2026-07-28T16:24:45Z</time>
				<extensions>
					<ns3:TrackPointExtension>
						<ns3:speed>1.59</ns3:speed>
						<ns3:cad>76.0</ns3:cad>
						<ns3:hr>140</ns3:hr>
					</ns3:TrackPointExtension>
				</extensions>
			</trkpt>
			<trkpt lat="12.9830029" lon="77.69113156">
				<ele>894.13</ele>
				<time>2026-07-28T16:24:46Z</time>
				<extensions>
					<ns3:TrackPointExtension>
						<ns3:speed>1.6</ns3:speed>
						<ns3:cad>76.0</ns3:cad>
						<ns3:hr>140</ns3:hr>
					</ns3:TrackPointExtension>
				</extensions>
			</trkpt>
			<trkpt lat="12.98301756" lon="77.69113789">
				<ele>894.12</ele>
				<time>2026-07-28T16:24:47Z</time>
				<extensions>
					<ns3:TrackPointExtension>
						<ns3:speed>1.62</ns3:speed>
						<ns3:cad>76.0</ns3:cad>
						<ns3:hr>141</ns3:hr>
					</ns3:TrackPointExtension>
				</extensions>
			</trkpt>
			<trkpt lat="12.98303289" lon="77.69114355">
				<ele>894.12</ele>
				<time>2026-07-28T16:24:48Z</time>
				<extensions>
					<ns3:TrackPointExtension>
						<ns3:speed>1.63</ns3:speed>
						<ns3:cad>76.0</ns3:cad>
						<ns3:hr>142</ns3:hr>
					</ns3:TrackPointExtension>
				</extensions>
			</trkpt>
			<trkpt lat="12.98304889" lon="77.69114921">
				<ele>893.99</ele>
				<time>2026-07-28T16:24:49Z</time>
				<extensions>
					<ns3:TrackPointExtension>
						<ns3:speed>1.66</ns3:speed>
						<ns3:cad>75.0</ns3:cad>
						<ns3:hr>142</ns3:hr>
					</ns3:TrackPointExtension>
				</extensions>
			</trkpt>
			<trkpt lat="12.98306522" lon="77.69115554">
				<ele>893.99</ele>
				<time>2026-07-28T16:24:50Z</time>
				<extensions>
					<ns3:TrackPointExtension>
						<ns3:speed>1.68</ns3:speed>
						<ns3:cad>75.0</ns3:cad>
						<ns3:hr>143</ns3:hr>
					</ns3:TrackPointExtension>
				</extensions>
			</trkpt>
			<trkpt lat="12.98308155" lon="77.69116153">
				<ele>893.98</ele>
				<time>2026-07-28T16:24:51Z</time>
				<extensions>
					<ns3:TrackPointExtension>
						<ns3:speed>1.7</ns3:speed>
						<ns3:cad>76.0</ns3:cad>
						<ns3:hr>142</ns3:hr>
					</ns3:TrackPointExtension>
				</extensions>
			</trkpt>
			<trkpt lat="12.98309854" lon="77.69116786">
				<ele>893.96</ele>
				<time>2026-07-28T16:24:52Z</time>
				<extensions>
					<ns3:TrackPointExtension>
						<ns3:speed>1.72</ns3:speed>
						<ns3:cad>80.0</ns3:cad>
						<ns3:hr>142</ns3:hr>
					</ns3:TrackPointExtension>
				</extensions>
			</trkpt>
			<trkpt lat="12.9831162" lon="77.69117419">
				<ele>893.95</ele>
				<time>2026-07-28T16:24:53Z</time>
				<extensions>
					<ns3:TrackPointExtension>
						<ns3:speed>1.75</ns3:speed>
						<ns3:cad>82.0</ns3:cad>
						<ns3:hr>142</ns3:hr>
					</ns3:TrackPointExtension>
				</extensions>
			</trkpt>
			<trkpt lat="12.98313486" lon="77.69118085">
				<ele>893.94</ele>
				<time>2026-07-28T16:24:54Z</time>
				<extensions>
					<ns3:TrackPointExtension>
						<ns3:speed>1.78</ns3:speed>
						<ns3:cad>82.0</ns3:cad>
						<ns3:hr>141</ns3:hr>
					</ns3:TrackPointExtension>
				</extensions>
			</trkpt>
			<trkpt lat="12.98315319" lon="77.69118751">
				<ele>893.92</ele>
				<time>2026-07-28T16:24:55Z</time>
				<extensions>
					<ns3:TrackPointExtension>
						<ns3:speed>1.81</ns3:speed>
						<ns3:cad>81.0</ns3:cad>
						<ns3:hr>142</ns3:hr>
					</ns3:TrackPointExtension>
				</extensions>
			</trkpt>
			<trkpt lat="12.98317152" lon="77.6911935">
				<ele>893.92</ele>
				<time>2026-07-28T16:24:56Z</time>
				<extensions>
					<ns3:TrackPointExtension>
						<ns3:speed>1.84</ns3:speed>
						<ns3:cad>80.0</ns3:cad>
						<ns3:hr>142</ns3:hr>
					</ns3:TrackPointExtension>
				</extensions>
			</trkpt>
			<trkpt lat="12.98319018" lon="77.69119883">
				<ele>893.92</ele>
				<time>2026-07-28T16:24:57Z</time>
				<extensions>
					<ns3:TrackPointExtension>
						<ns3:speed>1.84</ns3:speed>
						<ns3:cad>80.0</ns3:cad>
						<ns3:hr>143</ns3:hr>
					</ns3:TrackPointExtension>
				</extensions>
			</trkpt>
			<trkpt lat="12.98320917" lon="77.69120416">
				<ele>893.92</ele>
				<time>2026-07-28T16:24:58Z</time>
				<extensions>
					<ns3:TrackPointExtension>
						<ns3:speed>1.87</ns3:speed>
						<ns3:cad>80.0</ns3:cad>
						<ns3:hr>144</ns3:hr>
					</ns3:TrackPointExtension>
				</extensions>
			</trkpt>
			<trkpt lat="12.98322916" lon="77.69120815">
				<ele>893.93</ele>
				<time>2026-07-28T16:24:59Z</time>
				<extensions>
					<ns3:TrackPointExtension>
						<ns3:speed>1.89</ns3:speed>
						<ns3:cad>80.0</ns3:cad>
						<ns3:hr>143</ns3:hr>
					</ns3:TrackPointExtension>
				</extensions>
			</trkpt>
			<trkpt lat="12.98324916" lon="77.69121248">
				<ele>893.93</ele>
				<time>2026-07-28T16:25:00Z</time>
				<extensions>
					<ns3:TrackPointExtension>
						<ns3:speed>1.91</ns3:speed>
						<ns3:cad>80.0</ns3:cad>
						<ns3:hr>143</ns3:hr>
					</ns3:TrackPointExtension>
				</extensions>
			</trkpt>
			<trkpt lat="12.98326915" lon="77.69121781">
				<ele>893.94</ele>
				<time>2026-07-28T16:25:01Z</time>
				<extensions>
					<ns3:TrackPointExtension>
						<ns3:speed>1.94</ns3:speed>
						<ns3:cad>80.0</ns3:cad>
						<ns3:hr>144</ns3:hr>
					</ns3:TrackPointExtension>
				</extensions>
			</trkpt>
			<trkpt lat="12.98328914" lon="77.69122347">
				<ele>893.95</ele>
				<time>2026-07-28T16:25:02Z</time>
				<extensions>
					<ns3:TrackPointExtension>
						<ns3:speed>1.96</ns3:speed>
						<ns3:cad>80.0</ns3:cad>
						<ns3:hr>145</ns3:hr>
					</ns3:TrackPointExtension>
				</extensions>
			</trkpt>
			<trkpt lat="12.98330914" lon="77.69123013">
				<ele>893.96</ele>
				<time>2026-07-28T16:25:03Z</time>
				<extensions>
					<ns3:TrackPointExtension>
						<ns3:speed>1.98</ns3:speed>
						<ns3:cad>80.0</ns3:cad>
						<ns3:hr>144</ns3:hr>
					</ns3:TrackPointExtension>
				</extensions>
			</trkpt>
			<trkpt lat="12.98332913" lon="77.69123746">
				<ele>893.97</ele>
				<time>2026-07-28T16:25:04Z</time>
				<extensions>
					<ns3:TrackPointExtension>
						<ns3:speed>2.02</ns3:speed>
						<ns3:cad>80.0</ns3:cad>
						<ns3:hr>145</ns3:hr>
					</ns3:TrackPointExtension>
				</extensions>
			</trkpt>
			<trkpt lat="12.98334846" lon="77.69124479">
				<ele>893.98</ele>
				<time>2026-07-28T16:25:05Z</time>
				<extensions>
					<ns3:TrackPointExtension>
						<ns3:speed>2.04</ns3:speed>
						<ns3:cad>81.0</ns3:cad>
						<ns3:hr>146</ns3:hr>
					</ns3:TrackPointExtension>
				</extensions>
			</trkpt>
			<trkpt lat="12.98336812" lon="77.69125112">
				<ele>894.0</ele>
				<time>2026-07-28T16:25:06Z</time>
				<extensions>
					<ns3:TrackPointExtension>
						<ns3:speed>2.04</ns3:speed>
						<ns3:cad>81.0</ns3:cad>
						<ns3:hr>146</ns3:hr>
					</ns3:TrackPointExtension>
				</extensions>
			</trkpt>
			<trkpt lat="12.98338711" lon="77.69125811">
				<ele>894.01</ele>
				<time>2026-07-28T16:25:07Z</time>
				<extensions>
					<ns3:TrackPointExtension>
						<ns3:speed>2.05</ns3:speed>
						<ns3:cad>80.0</ns3:cad>
						<ns3:hr>146</ns3:hr>
					</ns3:TrackPointExtension>
				</extensions>
			</trkpt>
			<trkpt lat="12.9834061" lon="77.6912651">
				<ele>894.02</ele>
				<time>2026-07-28T16:25:08Z</time>
				<extensions>
					<ns3:TrackPointExtension>
						<ns3:speed>2.05</ns3:speed>
						<ns3:cad>80.0</ns3:cad>
						<ns3:hr>146</ns3:hr>
					</ns3:TrackPointExtension>
				</extensions>
			</trkpt>
			<trkpt lat="12.98342443" lon="77.69127043">
				<ele>894.03</ele>
				<time>2026-07-28T16:25:09Z</time>
				<extensions>
					<ns3:TrackPointExtension>
						<ns3:speed>2.06</ns3:speed>
						<ns3:cad>80.0</ns3:cad>
						<ns3:hr>146</ns3:hr>
					</ns3:TrackPointExtension>
				</extensions>
			</trkpt>
			<trkpt lat="12.98344309" lon="77.69127642">
				<ele>894.04</ele>
				<time>2026-07-28T16:25:10Z</time>
				<extensions>
					<ns3:TrackPointExtension>
						<ns3:speed>2.06</ns3:speed>
						<ns3:cad>79.0</ns3:cad>
						<ns3:hr>147</ns3:hr>
					</ns3:TrackPointExtension>
				</extensions>
			</trkpt>
			<trkpt lat="12.98346142" lon="77.69128142">
				<ele>894.05</ele>
				<time>2026-07-28T16:25:11Z</time>
				<extensions>
					<ns3:TrackPointExtension>
						<ns3:speed>2.05</ns3:speed>
						<ns3:cad>79.0</ns3:cad>
						<ns3:hr>147</ns3:hr>
					</ns3:TrackPointExtension>
				</extensions>
			</trkpt>
			<trkpt lat="12.98347975" lon="77.69128508">
				<ele>894.05</ele>
				<time>2026-07-28T16:25:12Z</time>
				<extensions>
					<ns3:TrackPointExtension>
						<ns3:speed>2.04</ns3:speed>
						<ns3:cad>79.0</ns3:cad>
						<ns3:hr>147</ns3:hr>
					</ns3:TrackPointExtension>
				</extensions>
			</trkpt>
			<trkpt lat="12.98349775" lon="77.69128908">
				<ele>894.05</ele>
				<time>2026-07-28T16:25:13Z</time>
				<extensions>
					<ns3:TrackPointExtension>
						<ns3:speed>2.02</ns3:speed>
						<ns3:cad>78.0</ns3:cad>
						<ns3:hr>148</ns3:hr>
					</ns3:TrackPointExtension>
				</extensions>
			</trkpt>
			<trkpt lat="12.98351375" lon="77.69129307">
				<ele>894.06</ele>
				<time>2026-07-28T16:25:14Z</time>
				<extensions>
					<ns3:TrackPointExtension>
						<ns3:speed>1.98</ns3:speed>
						<ns3:cad>78.0</ns3:cad>
						<ns3:hr>149</ns3:hr>
					</ns3:TrackPointExtension>
				</extensions>
			</trkpt>
			<trkpt lat="12.98352841" lon="77.6912954">
				<ele>894.06</ele>
				<time>2026-07-28T16:25:15Z</time>
				<extensions>
					<ns3:TrackPointExtension>
						<ns3:speed>1.93</ns3:speed>
						<ns3:cad>77.0</ns3:cad>
						<ns3:hr>149</ns3:hr>
					</ns3:TrackPointExtension>
				</extensions>
			</trkpt>
			<trkpt lat="12.9835414" lon="77.69129806">
				<ele>894.06</ele>
				<time>2026-07-28T16:25:16Z</time>
				<extensions>
					<ns3:TrackPointExtension>
					</ns3:TrackPointExtension>
				</extensions>
			</trkpt>
			<trkpt lat="12.98355106" lon="77.69130039">
				<ele>894.06</ele>
				<time>2026-07-28T16:25:17Z</time>
				<extensions>
					<ns3:TrackPointExtension>
						<ns3:speed>1.89</ns3:speed>
						<ns3:cad>76.0</ns3:cad>
						<ns3:hr>149</ns3:hr>
					</ns3:TrackPointExtension>
				</extensions>
			</trkpt>
			<trkpt lat="12.98356072" lon="77.69130372">
				<ele>894.06</ele>
				<time>2026-07-28T16:25:18Z</time>
				<extensions>
					<ns3:TrackPointExtension>
						<ns3:speed>1.83</ns3:speed>
						<ns3:cad>75.0</ns3:cad>
						<ns3:hr>149</ns3:hr>
					</ns3:TrackPointExtension>
				</extensions>
			</trkpt>
			<trkpt lat="12.98358371" lon="77.69131105">
				<ele>894.05</ele>
				<time>2026-07-28T16:25:21Z</time>
				<extensions>
					<ns3:TrackPointExtension>
						<ns3:speed>1.71</ns3:speed>
						<ns3:cad>73.0</ns3:cad>
						<ns3:hr>149</ns3:hr>
					</ns3:TrackPointExtension>
				</extensions>
			</trkpt>
			<trkpt lat="12.98357938" lon="77.69130872">
				<ele>894.04</ele>
				<time>2026-07-28T16:25:22Z</time>
				<extensions>
					<ns3:TrackPointExtension>
						<ns3:speed>1.29</ns3:speed>
						<ns3:cad>72.0</ns3:cad>
						<ns3:hr>149</ns3:hr>
					</ns3:TrackPointExtension>
				</extensions>
			</trkpt>
			<trkpt lat="12.98356538" lon="77.69130539">
				<ele>894.02</ele>
				<time>2026-07-28T16:25:23Z</time>
				<extensions>
					<ns3:TrackPointExtension>
						<ns3:speed>1.28</ns3:speed>
						<ns3:cad>72.0</ns3:cad>
						<ns3:hr>149</ns3:hr>
					</ns3:TrackPointExtension>
				</extensions>
			</trkpt>
			<trkpt lat="12.98354472" lon="77.69129739">
				<ele>894.01</ele>
				<time>2026-07-28T16:25:24Z</time>
				<extensions>
					<ns3:TrackPointExtension>
						<ns3:speed>1.28</ns3:speed>
						<ns3:cad>73.0</ns3:cad>
						<ns3:hr>149</ns3:hr>
					</ns3:TrackPointExtension>
				</extensions>
			</trkpt>
			<trkpt lat="12.98352306" lon="77.69129073">
				<ele>893.99</ele>
				<time>2026-07-28T16:25:25Z</time>
				<extensions>
					<ns3:TrackPointExtension>
						<ns3:speed>0.42</ns3:speed>
						<ns3:cad>68.0</ns3:cad>
						<ns3:hr>150</ns3:hr>
					</ns3:TrackPointExtension>
				</extensions>
			</trkpt>
			<trkpt lat="12.98350506" lon="77.6912854">
				<ele>893.98</ele>
				<time>2026-07-28T16:25:26Z</time>
				<extensions>
					<ns3:TrackPointExtension>
						<ns3:speed>0.99</ns3:speed>
						<ns3:cad>44.0</ns3:cad>
						<ns3:hr>150</ns3:hr>
					</ns3:TrackPointExtension>
				</extensions>
			</trkpt>
			<trkpt lat="12.98349073" lon="77.69128007">
				<ele>893.97</ele>
				<time>2026-07-28T16:25:27Z</time>
				<extensions>
					<ns3:TrackPointExtension>
						<ns3:speed>0.82</ns3:speed>
						<ns3:cad>44.0</ns3:cad>
						<ns3:hr>153</ns3:hr>
					</ns3:TrackPointExtension>
				</extensions>
			</trkpt>
			<trkpt lat="12.98347874" lon="77.69127574">
				<ele>893.96</ele>
				<time>2026-07-28T16:25:28Z</time>
				<extensions>
					<ns3:TrackPointExtension>
						<ns3:speed>0.88</ns3:speed>
						<ns3:cad>44.0</ns3:cad>
						<ns3:hr>155</ns3:hr>
					</ns3:TrackPointExtension>
				</extensions>
			</trkpt>
			<trkpt lat="12.98346641" lon="77.69127208">
				<ele>893.95</ele>
				<time>2026-07-28T16:25:29Z</time>
				<extensions>
					<ns3:TrackPointExtension>
						<ns3:speed>0.83</ns3:speed>
						<ns3:cad>45.0</ns3:cad>
						<ns3:hr>155</ns3:hr>
					</ns3:TrackPointExtension>
				</extensions>
			</trkpt>
			<trkpt lat="12.98345475" lon="77.69126942">
				<ele>893.94</ele>
				<time>2026-07-28T16:25:30Z</time>
				<extensions>
					<ns3:TrackPointExtension>
						<ns3:speed>0.89</ns3:speed>
						<ns3:cad>46.0</ns3:cad>
						<ns3:hr>152</ns3:hr>
					</ns3:TrackPointExtension>
				</extensions>
			</trkpt>
			<trkpt lat="12.98344309" lon="77.69126709">
				<ele>893.93</ele>
				<time>2026-07-28T16:25:31Z</time>
				<extensions>
					<ns3:TrackPointExtension>
						<ns3:speed>0.93</ns3:speed>
						<ns3:cad>47.0</ns3:cad>
						<ns3:hr>150</ns3:hr>
					</ns3:TrackPointExtension>
				</extensions>
			</trkpt>
			<trkpt lat="12.9834321" lon="77.69126509">
				<ele>893.93</ele>
				<time>2026-07-28T16:25:32Z</time>
				<extensions>
					<ns3:TrackPointExtension>
						<ns3:speed>0.93</ns3:speed>
						<ns3:cad>47.0</ns3:cad>
						<ns3:hr>149</ns3:hr>
					</ns3:TrackPointExtension>
				</extensions>
			</trkpt>
			<trkpt lat="12.98342177" lon="77.69126276">
				<ele>893.93</ele>
				<time>2026-07-28T16:25:33Z</time>
				<extensions>
					<ns3:TrackPointExtension>
						<ns3:speed>0.93</ns3:speed>
						<ns3:cad>47.0</ns3:cad>
						<ns3:hr>148</ns3:hr>
					</ns3:TrackPointExtension>
				</extensions>
			</trkpt>
			<trkpt lat="12.98341011" lon="77.69126177">
				<ele>893.92</ele>
				<time>2026-07-28T16:25:34Z</time>
				<extensions>
					<ns3:TrackPointExtension>
						<ns3:speed>0.9</ns3:speed>
						<ns3:cad>47.0</ns3:cad>
						<ns3:hr>148</ns3:hr>
					</ns3:TrackPointExtension>
				</extensions>
			</trkpt>
			<trkpt lat="12.98339878" lon="77.69126078">
				<ele>893.91</ele>
				<time>2026-07-28T16:25:35Z</time>
				<extensions>
					<ns3:TrackPointExtension>
						<ns3:speed>0.88</ns3:speed>
						<ns3:cad>46.0</ns3:cad>
						<ns3:hr>146</ns3:hr>
					</ns3:TrackPointExtension>
				</extensions>
			</trkpt>
			<trkpt lat="12.98338845" lon="77.69126012">
				<ele>893.9</ele>
				<time>2026-07-28T16:25:36Z</time>
				<extensions>
					<ns3:TrackPointExtension>
						<ns3:speed>0.87</ns3:speed>
						<ns3:cad>46.0</ns3:cad>
						<ns3:hr>145</ns3:hr>
					</ns3:TrackPointExtension>
				</extensions>
			</trkpt>
			<trkpt lat="12.98337879" lon="77.69125879">
				<ele>893.9</ele>
				<time>2026-07-28T16:25:37Z</time>
				<extensions>
					<ns3:TrackPointExtension>
						<ns3:speed>0.86</ns3:speed>
						<ns3:cad>47.0</ns3:cad>
						<ns3:hr>145</ns3:hr>
					</ns3:TrackPointExtension>
				</extensions>
			</trkpt>
			<trkpt lat="12.9833688" lon="77.6912568">
				<ele>893.89</ele>
				<time>2026-07-28T16:25:38Z</time>
				<extensions>
					<ns3:TrackPointExtension>
						<ns3:speed>0.85</ns3:speed>
						<ns3:cad>48.0</ns3:cad>
						<ns3:hr>145</ns3:hr>
					</ns3:TrackPointExtension>
				</extensions>
			</trkpt>
			<trkpt lat="12.98335914" lon="77.69125514">
				<ele>893.88</ele>
				<time>2026-07-28T16:25:39Z</time>
				<extensions>
					<ns3:TrackPointExtension>
						<ns3:speed>0.85</ns3:speed>
						<ns3:cad>48.0</ns3:cad>
						<ns3:hr>143</ns3:hr>
					</ns3:TrackPointExtension>
				</extensions>
			</trkpt>
			<trkpt lat="12.98334915" lon="77.69125414">
				<ele>893.88</ele>
				<time>2026-07-28T16:25:40Z</time>
				<extensions>
					<ns3:TrackPointExtension>
						<ns3:speed>0.85</ns3:speed>
						<ns3:cad>48.0</ns3:cad>
						<ns3:hr>142</ns3:hr>
					</ns3:TrackPointExtension>
				</extensions>
			</trkpt>
			<trkpt lat="12.98333849" lon="77.69125248">
				<ele>893.87</ele>
				<time>2026-07-28T16:25:41Z</time>
				<extensions>
					<ns3:TrackPointExtension>
						<ns3:speed>0.85</ns3:speed>
						<ns3:cad>48.0</ns3:cad>
						<ns3:hr>141</ns3:hr>
					</ns3:TrackPointExtension>
				</extensions>
			</trkpt>
			<trkpt lat="12.98332883" lon="77.69125049">
				<ele>893.86</ele>
				<time>2026-07-28T16:25:42Z</time>
				<extensions>
					<ns3:TrackPointExtension>
						<ns3:speed>0.85</ns3:speed>
						<ns3:cad>48.0</ns3:cad>
						<ns3:hr>140</ns3:hr>
					</ns3:TrackPointExtension>
				</extensions>
			</trkpt>
			<trkpt lat="12.98331884" lon="77.69124916">
				<ele>893.86</ele>
				<time>2026-07-28T16:25:43Z</time>
				<extensions>
					<ns3:TrackPointExtension>
						<ns3:speed>0.85</ns3:speed>
						<ns3:cad>47.0</ns3:cad>
						<ns3:hr>139</ns3:hr>
					</ns3:TrackPointExtension>
				</extensions>
			</trkpt>
			<trkpt lat="12.98330884" lon="77.69124783">
				<ele>893.85</ele>
				<time>2026-07-28T16:25:44Z</time>
				<extensions>
					<ns3:TrackPointExtension>
						<ns3:speed>0.85</ns3:speed>
						<ns3:cad>47.0</ns3:cad>
						<ns3:hr>139</ns3:hr>
					</ns3:TrackPointExtension>
				</extensions>
			</trkpt>
			<trkpt lat="12.98329985" lon="77.6912455">
				<ele>893.84</ele>
				<time>2026-07-28T16:25:45Z</time>
				<extensions>
					<ns3:TrackPointExtension>
						<ns3:speed>0.84</ns3:speed>
						<ns3:cad>47.0</ns3:cad>
						<ns3:hr>138</ns3:hr>
					</ns3:TrackPointExtension>
				</extensions>
			</trkpt>
			<trkpt lat="12.98329019" lon="77.69124351">
				<ele>893.84</ele>
				<time>2026-07-28T16:25:46Z</time>
				<extensions>
					<ns3:TrackPointExtension>
						<ns3:speed>0.84</ns3:speed>
						<ns3:cad>46.0</ns3:cad>
						<ns3:hr>138</ns3:hr>
					</ns3:TrackPointExtension>
				</extensions>
			</trkpt>
			<trkpt lat="12.98328053" lon="77.69124151">
				<ele>893.84</ele>
				<time>2026-07-28T16:25:47Z</time>
				<extensions>
					<ns3:TrackPointExtension>
						<ns3:speed>0.85</ns3:speed>
						<ns3:cad>46.0</ns3:cad>
						<ns3:hr>137</ns3:hr>
					</ns3:TrackPointExtension>
				</extensions>
			</trkpt>
			<trkpt lat="12.98327087" lon="77.69124118">
				<ele>893.83</ele>
				<time>2026-07-28T16:25:48Z</time>
				<extensions>
					<ns3:TrackPointExtension>
						<ns3:speed>0.86</ns3:speed>
						<ns3:cad>46.0</ns3:cad>
						<ns3:hr>137</ns3:hr>
					</ns3:TrackPointExtension>
				</extensions>
			</trkpt>
			<trkpt lat="12.98326154" lon="77.69124151">
				<ele>893.83</ele>
				<time>2026-07-28T16:25:49Z</time>
				<extensions>
					<ns3:TrackPointExtension>
						<ns3:speed>0.87</ns3:speed>
						<ns3:cad>47.0</ns3:cad>
						<ns3:hr>137</ns3:hr>
					</ns3:TrackPointExtension>
				</extensions>
			</trkpt>
			<trkpt lat="12.98325254" lon="77.69124018">
				<ele>893.83</ele>
				<time>2026-07-28T16:25:50Z</time>
				<extensions>
					<ns3:TrackPointExtension>
						<ns3:speed>0.87</ns3:speed>
						<ns3:cad>47.0</ns3:cad>
						<ns3:hr>137</ns3:hr>
					</ns3:TrackPointExtension>
				</extensions>
			</trkpt>
			<trkpt lat="12.98324455" lon="77.69124084">
				<ele>893.82</ele>
				<time>2026-07-28T16:25:51Z</time>
				<extensions>
					<ns3:TrackPointExtension>
						<ns3:speed>0.87</ns3:speed>
						<ns3:cad>48.0</ns3:cad>
						<ns3:hr>136</ns3:hr>
					</ns3:TrackPointExtension>
				</extensions>
			</trkpt>
			<trkpt lat="12.98323589" lon="77.69124084">
				<ele>893.82</ele>
				<time>2026-07-28T16:25:52Z</time>
				<extensions>
					<ns3:TrackPointExtension>
						<ns3:speed>0.87</ns3:speed>
						<ns3:cad>48.0</ns3:cad>
						<ns3:hr>135</ns3:hr>
					</ns3:TrackPointExtension>
				</extensions>
			</trkpt>
			<trkpt lat="12.98322723" lon="77.69124051">
				<ele>893.82</ele>
				<time>2026-07-28T16:25:53Z</time>
				<extensions>
					<ns3:TrackPointExtension>
						<ns3:speed>0.87</ns3:speed>
						<ns3:cad>49.0</ns3:cad>
						<ns3:hr>134</ns3:hr>
					</ns3:TrackPointExtension>
				</extensions>
			</trkpt>
			<trkpt lat="12.9832179" lon="77.69124051">
				<ele>893.82</ele>
				<time>2026-07-28T16:25:54Z</time>
				<extensions>
					<ns3:TrackPointExtension>
						<ns3:speed>0.87</ns3:speed>
						<ns3:cad>49.0</ns3:cad>
						<ns3:hr>133</ns3:hr>
					</ns3:TrackPointExtension>
				</extensions>
			</trkpt>
			<trkpt lat="12.98320791" lon="77.69123985">
				<ele>893.82</ele>
				<time>2026-07-28T16:25:55Z</time>
				<extensions>
					<ns3:TrackPointExtension>
						<ns3:speed>0.86</ns3:speed>
						<ns3:cad>49.0</ns3:cad>
						<ns3:hr>132</ns3:hr>
					</ns3:TrackPointExtension>
				</extensions>
			</trkpt>
			<trkpt lat="12.98319858" lon="77.69123919">
				<ele>893.82</ele>
				<time>2026-07-28T16:25:56Z</time>
				<extensions>
					<ns3:TrackPointExtension>
						<ns3:speed>0.86</ns3:speed>
						<ns3:cad>49.0</ns3:cad>
						<ns3:hr>131</ns3:hr>
					</ns3:TrackPointExtension>
				</extensions>
			</trkpt>
			<trkpt lat="12.98318892" lon="77.69123853">
				<ele>893.81</ele>
				<time>2026-07-28T16:25:57Z</time>
				<extensions>
					<ns3:TrackPointExtension>
						<ns3:speed>0.86</ns3:speed>
						<ns3:cad>49.0</ns3:cad>
						<ns3:hr>131</ns3:hr>
					</ns3:TrackPointExtension>
				</extensions>
			</trkpt>
			<trkpt lat="12.98317992" lon="77.69123986">
				<ele>893.81</ele>
				<time>2026-07-28T16:25:58Z</time>
				<extensions>
					<ns3:TrackPointExtension>
						<ns3:speed>0.86</ns3:speed>
						<ns3:cad>49.0</ns3:cad>
						<ns3:hr>132</ns3:hr>
					</ns3:TrackPointExtension>
				</extensions>
			</trkpt>
			<trkpt lat="12.98317026" lon="77.69124085">
				<ele>893.81</ele>
				<time>2026-07-28T16:25:59Z</time>
				<extensions>
					<ns3:TrackPointExtension>
						<ns3:speed>0.86</ns3:speed>
						<ns3:cad>49.0</ns3:cad>
						<ns3:hr>132</ns3:hr>
					</ns3:TrackPointExtension>
				</extensions>
			</trkpt>
			<trkpt lat="12.9831606" lon="77.69124218">
				<ele>893.81</ele>
				<time>2026-07-28T16:26:00Z</time>
				<extensions>
					<ns3:TrackPointExtension>
						<ns3:speed>0.86</ns3:speed>
						<ns3:cad>50.0</ns3:cad>
						<ns3:hr>131</ns3:hr>
					</ns3:TrackPointExtension>
				</extensions>
			</trkpt>
			<trkpt lat="12.9831506" lon="77.69124351">
				<ele>893.81</ele>
				<time>2026-07-28T16:26:01Z</time>
				<extensions>
					<ns3:TrackPointExtension>
						<ns3:speed>0.86</ns3:speed>
						<ns3:cad>50.0</ns3:cad>
						<ns3:hr>131</ns3:hr>
					</ns3:TrackPointExtension>
				</extensions>
			</trkpt>
			<trkpt lat="12.98314027" lon="77.69124517">
				<ele>893.81</ele>
				<time>2026-07-28T16:26:02Z</time>
				<extensions>
					<ns3:TrackPointExtension>
						<ns3:speed>0.86</ns3:speed>
						<ns3:cad>50.0</ns3:cad>
						<ns3:hr>130</ns3:hr>
					</ns3:TrackPointExtension>
				</extensions>
			</trkpt>
			<trkpt lat="12.98312994" lon="77.69124517">
				<ele>893.82</ele>
				<time>2026-07-28T16:26:03Z</time>
				<extensions>
					<ns3:TrackPointExtension>
						<ns3:speed>0.86</ns3:speed>
						<ns3:cad>50.0</ns3:cad>
						<ns3:hr>129</ns3:hr>
					</ns3:TrackPointExtension>
				</extensions>
			</trkpt>
			<trkpt lat="12.98311694" lon="77.69124716">
				<ele>893.83</ele>
				<time>2026-07-28T16:26:04Z</time>
				<extensions>
					<ns3:TrackPointExtension>
						<ns3:speed>0.86</ns3:speed>
						<ns3:cad>48.0</ns3:cad>
						<ns3:hr>129</ns3:hr>
					</ns3:TrackPointExtension>
				</extensions>
			</trkpt>
			<trkpt lat="12.98310528" lon="77.69124782">
				<ele>893.84</ele>
				<time>2026-07-28T16:26:05Z</time>
				<extensions>
					<ns3:TrackPointExtension>
						<ns3:speed>0.86</ns3:speed>
						<ns3:cad>48.0</ns3:cad>
						<ns3:hr>128</ns3:hr>
					</ns3:TrackPointExtension>
				</extensions>
			</trkpt>
			<trkpt lat="12.98309562" lon="77.69125148">
				<ele>893.84</ele>
				<time>2026-07-28T16:26:06Z</time>
				<extensions>
					<ns3:TrackPointExtension>
						<ns3:speed>0.87</ns3:speed>
						<ns3:cad>48.0</ns3:cad>
						<ns3:hr>127</ns3:hr>
					</ns3:TrackPointExtension>
				</extensions>
			</trkpt>
			<trkpt lat="12.98308496" lon="77.69125381">
				<ele>893.85</ele>
				<time>2026-07-28T16:26:07Z</time>
				<extensions>
					<ns3:TrackPointExtension>
						<ns3:speed>0.87</ns3:speed>
						<ns3:cad>48.0</ns3:cad>
						<ns3:hr>127</ns3:hr>
					</ns3:TrackPointExtension>
				</extensions>
			</trkpt>
			<trkpt lat="12.98307363" lon="77.69125714">
				<ele>893.85</ele>
				<time>2026-07-28T16:26:08Z</time>
				<extensions>
					<ns3:TrackPointExtension>
						<ns3:speed>0.87</ns3:speed>
						<ns3:cad>49.0</ns3:cad>
						<ns3:hr>126</ns3:hr>
					</ns3:TrackPointExtension>
				</extensions>
			</trkpt>
			<trkpt lat="12.9830613" lon="77.69126313">
				<ele>893.86</ele>
				<time>2026-07-28T16:26:09Z</time>
				<extensions>
					<ns3:TrackPointExtension>
						<ns3:speed>0.87</ns3:speed>
						<ns3:cad>49.0</ns3:cad>
						<ns3:hr>126</ns3:hr>
					</ns3:TrackPointExtension>
				</extensions>
			</trkpt>
			<trkpt lat="12.98304864" lon="77.69127079">
				<ele>893.87</ele>
				<time>2026-07-28T16:26:10Z</time>
				<extensions>
					<ns3:TrackPointExtension>
						<ns3:speed>0.87</ns3:speed>
						<ns3:cad>49.0</ns3:cad>
						<ns3:hr>126</ns3:hr>
					</ns3:TrackPointExtension>
				</extensions>
			</trkpt>
			<trkpt lat="12.98303598" lon="77.69127345">
				<ele>893.89</ele>
				<time>2026-07-28T16:26:11Z</time>
				<extensions>
					<ns3:TrackPointExtension>
						<ns3:speed>0.87</ns3:speed>
						<ns3:cad>49.0</ns3:cad>
						<ns3:hr>127</ns3:hr>
					</ns3:TrackPointExtension>
				</extensions>
			</trkpt>
			<trkpt lat="12.98302399" lon="77.69127312">
				<ele>893.93</ele>
				<time>2026-07-28T16:26:12Z</time>
				<extensions>
					<ns3:TrackPointExtension>
						<ns3:speed>0.87</ns3:speed>
						<ns3:cad>49.0</ns3:cad>
						<ns3:hr>127</ns3:hr>
					</ns3:TrackPointExtension>
				</extensions>
			</trkpt>
			<trkpt lat="12.98301233" lon="77.69127046">
				<ele>893.94</ele>
				<time>2026-07-28T16:26:13Z</time>
				<extensions>
					<ns3:TrackPointExtension>
						<ns3:speed>0.87</ns3:speed>
						<ns3:cad>49.0</ns3:cad>
						<ns3:hr>127</ns3:hr>
					</ns3:TrackPointExtension>
				</extensions>
			</trkpt>
			<trkpt lat="12.983001" lon="77.6912678">
				<ele>893.96</ele>
				<time>2026-07-28T16:26:14Z</time>
				<extensions>
					<ns3:TrackPointExtension>
						<ns3:speed>0.87</ns3:speed>
						<ns3:cad>49.0</ns3:cad>
						<ns3:hr>126</ns3:hr>
					</ns3:TrackPointExtension>
				</extensions>
			</trkpt>
			<trkpt lat="12.98299034" lon="77.6912658">
				<ele>893.97</ele>
				<time>2026-07-28T16:26:15Z</time>
				<extensions>
					<ns3:TrackPointExtension>
						<ns3:speed>0.87</ns3:speed>
						<ns3:cad>49.0</ns3:cad>
						<ns3:hr>126</ns3:hr>
					</ns3:TrackPointExtension>
				</extensions>
			</trkpt>
			<trkpt lat="12.98297801" lon="77.69126247">
				<ele>893.99</ele>
				<time>2026-07-28T16:26:16Z</time>
				<extensions>
					<ns3:TrackPointExtension>
						<ns3:speed>0.87</ns3:speed>
						<ns3:cad>49.0</ns3:cad>
						<ns3:hr>125</ns3:hr>
					</ns3:TrackPointExtension>
				</extensions>
			</trkpt>
			<trkpt lat="12.98296368" lon="77.69126048">
				<ele>894.01</ele>
				<time>2026-07-28T16:26:17Z</time>
				<extensions>
					<ns3:TrackPointExtension>
						<ns3:speed>0.87</ns3:speed>
						<ns3:cad>48.0</ns3:cad>
						<ns3:hr>124</ns3:hr>
					</ns3:TrackPointExtension>
				</extensions>
			</trkpt>
			<trkpt lat="12.98295002" lon="77.69125782">
				<ele>894.01</ele>
				<time>2026-07-28T16:26:18Z</time>
				<extensions>
					<ns3:TrackPointExtension>
						<ns3:speed>0.88</ns3:speed>
						<ns3:cad>48.0</ns3:cad>
						<ns3:hr>123</ns3:hr>
					</ns3:TrackPointExtension>
				</extensions>
			</trkpt>
			<trkpt lat="12.98293769" lon="77.69125483">
				<ele>894.03</ele>
				<time>2026-07-28T16:26:19Z</time>
				<extensions>
					<ns3:TrackPointExtension>
						<ns3:speed>0.88</ns3:speed>
						<ns3:cad>48.0</ns3:cad>
						<ns3:hr>123</ns3:hr>
					</ns3:TrackPointExtension>
				</extensions>
			</trkpt>
			<trkpt lat="12.9829257" lon="77.69125183">
				<ele>894.04</ele>
				<time>2026-07-28T16:26:20Z</time>
				<extensions>
					<ns3:TrackPointExtension>
						<ns3:speed>0.9</ns3:speed>
						<ns3:cad>48.0</ns3:cad>
						<ns3:hr>123</ns3:hr>
					</ns3:TrackPointExtension>
				</extensions>
			</trkpt>
			<trkpt lat="12.98291404" lon="77.6912495">
				<ele>894.05</ele>
				<time>2026-07-28T16:26:21Z</time>
				<extensions>
					<ns3:TrackPointExtension>
						<ns3:speed>0.91</ns3:speed>
						<ns3:cad>49.0</ns3:cad>
						<ns3:hr>124</ns3:hr>
					</ns3:TrackPointExtension>
				</extensions>
			</trkpt>
			<trkpt lat="12.98290205" lon="77.6912465">
				<ele>894.05</ele>
				<time>2026-07-28T16:26:22Z</time>
				<extensions>
					<ns3:TrackPointExtension>
						<ns3:speed>0.92</ns3:speed>
						<ns3:cad>49.0</ns3:cad>
						<ns3:hr>124</ns3:hr>
					</ns3:TrackPointExtension>
				</extensions>
			</trkpt>
			<trkpt lat="12.98288972" lon="77.69124384">
				<ele>894.05</ele>
				<time>2026-07-28T16:26:23Z</time>
				<extensions>
					<ns3:TrackPointExtension>
						<ns3:speed>0.93</ns3:speed>
						<ns3:cad>49.0</ns3:cad>
						<ns3:hr>123</ns3:hr>
					</ns3:TrackPointExtension>
				</extensions>
			</trkpt>
			<trkpt lat="12.98287706" lon="77.69123918">
				<ele>894.05</ele>
				<time>2026-07-28T16:26:24Z</time>
				<extensions>
					<ns3:TrackPointExtension>
						<ns3:speed>0.94</ns3:speed>
						<ns3:cad>49.0</ns3:cad>
						<ns3:hr>123</ns3:hr>
					</ns3:TrackPointExtension>
				</extensions>
			</trkpt>
			<trkpt lat="12.98286407" lon="77.69123452">
				<ele>894.05</ele>
				<time>2026-07-28T16:26:25Z</time>
				<extensions>
					<ns3:TrackPointExtension>
						<ns3:speed>0.94</ns3:speed>
						<ns3:cad>49.0</ns3:cad>
						<ns3:hr>122</ns3:hr>
					</ns3:TrackPointExtension>
				</extensions>
			</trkpt>
			<trkpt lat="12.98285174" lon="77.69123019">
				<ele>894.05</ele>
				<time>2026-07-28T16:26:26Z</time>
				<extensions>
					<ns3:TrackPointExtension>
						<ns3:speed>0.95</ns3:speed>
						<ns3:cad>49.0</ns3:cad>
						<ns3:hr>122</ns3:hr>
					</ns3:TrackPointExtension>
				</extensions>
			</trkpt>
			<trkpt lat="12.98283875" lon="77.69122519">
				<ele>894.04</ele>
				<time>2026-07-28T16:26:27Z</time>
				<extensions>
					<ns3:TrackPointExtension>
						<ns3:speed>0.96</ns3:speed>
						<ns3:cad>49.0</ns3:cad>
						<ns3:hr>121</ns3:hr>
					</ns3:TrackPointExtension>
				</extensions>
			</trkpt>
			<trkpt lat="12.98282642" lon="77.69121986">
				<ele>894.04</ele>
				<time>2026-07-28T16:26:28Z</time>
				<extensions>
					<ns3:TrackPointExtension>
						<ns3:speed>0.96</ns3:speed>
						<ns3:cad>49.0</ns3:cad>
						<ns3:hr>121</ns3:hr>
					</ns3:TrackPointExtension>
				</extensions>
			</trkpt>
			<trkpt lat="12.98281443" lon="77.6912142">
				<ele>894.03</ele>
				<time>2026-07-28T16:26:29Z</time>
				<extensions>
					<ns3:TrackPointExtension>
						<ns3:speed>0.97</ns3:speed>
						<ns3:cad>49.0</ns3:cad>
						<ns3:hr>121</ns3:hr>
					</ns3:TrackPointExtension>
				</extensions>
			</trkpt>
			<trkpt lat="12.9828031" lon="77.69120954">
				<ele>894.02</ele>
				<time>2026-07-28T16:26:30Z</time>
				<extensions>
					<ns3:TrackPointExtension>
						<ns3:speed>0.97</ns3:speed>
						<ns3:cad>49.0</ns3:cad>
						<ns3:hr>121</ns3:hr>
					</ns3:TrackPointExtension>
				</extensions>
			</trkpt>
			<trkpt lat="12.98279277" lon="77.69120521">
				<ele>894.02</ele>
				<time>2026-07-28T16:26:31Z</time>
				<extensions>
					<ns3:TrackPointExtension>
						<ns3:speed>0.97</ns3:speed>
						<ns3:cad>49.0</ns3:cad>
						<ns3:hr>120</ns3:hr>
					</ns3:TrackPointExtension>
				</extensions>
			</trkpt>
			<trkpt lat="12.98277278" lon="77.69119755">
				<ele>894.02</ele>
				<time>2026-07-28T16:26:33Z</time>
				<extensions>
					<ns3:TrackPointExtension>
					</ns3:TrackPointExtension>
				</extensions>
			</trkpt>
			<trkpt lat="12.98276279" lon="77.69119422">
				<ele>894.01</ele>
				<time>2026-07-28T16:26:34Z</time>
				<extensions>
					<ns3:TrackPointExtension>
						<ns3:speed>0.98</ns3:speed>
						<ns3:cad>50.0</ns3:cad>
						<ns3:hr>120</ns3:hr>
					</ns3:TrackPointExtension>
				</extensions>
			</trkpt>
		</trkseg>
	</trk>
</gpx>
