<?xml version='1.0' encoding='UTF-8' standalone='yes' ?>
<gpx xsi:schemaLocation="http://www.topografix.com/GPX/1/1 http://www.topografix.com/GPX/1/1/gpx.xsd" xmlns="http://www.topografix.com/GPX/1/1" xmlns:xsi="http://www.w3.org/2001/XMLSchema-instance" xmlns:ns3="http://www.garmin.com/xmlschemas/TrackPointExtension/v1" xmlns:ns2="http://www.garmin.com/xmlschemas/GpxExtensions/v3" xmlns:ns1="http://www.cluetrust.com/XML/GPXDATA/1/0" creator="Amazfit T-Rex 3 Pro (48mm)" version="1.1">
	<trk>
		<name><![CDATA[20260726 Outdoor running]]></name>
		<trkseg>
			<trkpt lat="12.98208333" lon="77.690815">
				<ele>888.33</ele>
				<time>2026-07-26T13:48:10Z</time>
				<extensions>
					<ns3:TrackPointExtension>
						<ns3:speed>0.0</ns3:speed>
						<ns3:cad>0.0</ns3:cad>
						<ns3:hr>96</ns3:hr>
					</ns3:TrackPointExtension>
				</extensions>
			</trkpt>
			<trkpt lat="12.98208366" lon="77.690815">
				<ele>888.33</ele>
				<time>2026-07-26T13:48:10Z</time>
				<extensions>
					<ns3:TrackPointExtension>
						<ns3:speed>0.0</ns3:speed>
						<ns3:cad>0.0</ns3:cad>
						<ns3:hr>96</ns3:hr>
					</ns3:TrackPointExtension>
				</extensions>
			</trkpt>
			<trkpt lat="12.98208399" lon="77.690815">
				<ele>888.32</ele>
				<time>2026-07-26T13:48:11Z</time>
				<extensions>
					<ns3:TrackPointExtension>
						<ns3:speed>0.0</ns3:speed>
						<ns3:cad>0.0</ns3:cad>
					</ns3:TrackPointExtension>
				</extensions>
			</trkpt>
			<trkpt lat="12.98208498" lon="77.690815">
				<ele>888.31</ele>
				<time>2026-07-26T13:48:12Z</time>
				<extensions>
					<ns3:TrackPointExtension>
						<ns3:speed>0.0</ns3:speed>
						<ns3:cad>0.0</ns3:cad>
						<ns3:hr>96</ns3:hr>
					</ns3:TrackPointExtension>
				</extensions>
			</trkpt>
			<trkpt lat="12.98208531" lon="77.69081301">
				<ele>888.31</ele>
				<time>2026-07-26T13:48:13Z</time>
				<extensions>
					<ns3:TrackPointExtension>
						<ns3:speed>0.0</ns3:speed>
						<ns3:cad>0.0</ns3:cad>
						<ns3:hr>96</ns3:hr>
					</ns3:TrackPointExtension>
				</extensions>
			</trkpt>
			<trkpt lat="12.98208664" lon="77.69080901">
				<ele>888.29</ele>
				<time>2026-07-26T13:48:14Z</time>
				<extensions>
					<ns3:TrackPointExtension>
						<ns3:speed>0.0</ns3:speed>
						<ns3:cad>0.0</ns3:cad>
						<ns3:hr>97</ns3:hr>
					</ns3:TrackPointExtension>
				</extensions>
			</trkpt>
			<trkpt lat="12.98208997" lon="77.69079968">
				<ele>888.28</ele>
				<time>2026-07-26T13:48:15Z</time>
				<extensions>
					<ns3:TrackPointExtension>
						<ns3:speed>0.0</ns3:speed>
						<ns3:cad>0.0</ns3:cad>
						<ns3:hr>96</ns3:hr>
					</ns3:TrackPointExtension>
				</extensions>
			</trkpt>
			<trkpt lat="12.9820933" lon="77.69078769">
				<ele>888.25</ele>
				<time>2026-07-26T13:48:16Z</time>
				<extensions>
					<ns3:TrackPointExtension>
						<ns3:speed>0.0</ns3:speed>
						<ns3:cad>0.0</ns3:cad>
						<ns3:hr>97</ns3:hr>
					</ns3:TrackPointExtension>
				</extensions>
			</trkpt>
			<trkpt lat="12.98209629" lon="77.69077403">
				<ele>888.23</ele>
				<time>2026-07-26T13:48:17Z</time>
				<extensions>
					<ns3:TrackPointExtension>
						<ns3:speed>0.0</ns3:speed>
						<ns3:cad>0.0</ns3:cad>
						<ns3:hr>97</ns3:hr>
					</ns3:TrackPointExtension>
				</extensions>
			</trkpt>
			<trkpt lat="12.98210029" lon="77.69075837">
				<ele>888.21</ele>
				<time>2026-07-26T13:48:18Z</time>
				<extensions>
					<ns3:TrackPointExtension>
						<ns3:speed>0.98</ns3:speed>
						<ns3:cad>0.0</ns3:cad>
						<ns3:hr>99</ns3:hr>
					</ns3:TrackPointExtension>
				</extensions>
			</trkpt>
			<trkpt lat="12.98210528" lon="77.69074138">
				<ele>888.19</ele>
				<time>2026-07-26T13:48:19Z</time>
				<extensions>
					<ns3:TrackPointExtension>
						<ns3:speed>1.23</ns3:speed>
						<ns3:cad>0.0</ns3:cad>
						<ns3:hr>102</ns3:hr>
					</ns3:TrackPointExtension>
				</extensions>
			</trkpt>
			<trkpt lat="12.98211027" lon="77.69072272">
				<ele>888.17</ele>
				<time>2026-07-26T13:48:20Z</time>
				<extensions>
					<ns3:TrackPointExtension>
						<ns3:speed>1.44</ns3:speed>
						<ns3:cad>78.0</ns3:cad>
						<ns3:hr>104</ns3:hr>
					</ns3:TrackPointExtension>
				</extensions>
			</trkpt>
			<trkpt lat="12.98211627" lon="77.69070172">
				<ele>888.15</ele>
				<time>2026-07-26T13:48:21Z</time>
				<extensions>
					<ns3:TrackPointExtension>
						<ns3:speed>1.66</ns3:speed>
						<ns3:cad>79.0</ns3:cad>
						<ns3:hr>106</ns3:hr>
					</ns3:TrackPointExtension>
				</extensions>
			</trkpt>
			<trkpt lat="12.98212093" lon="77.69067972">
				<ele>888.14</ele>
				<time>2026-07-26T13:48:22Z</time>
				<extensions>
					<ns3:TrackPointExtension>
						<ns3:speed>1.87</ns3:speed>
						<ns3:cad>79.0</ns3:cad>
						<ns3:hr>107</ns3:hr>
					</ns3:TrackPointExtension>
				</extensions>
			</trkpt>
			<trkpt lat="12.98212493" lon="77.69065639">
				<ele>888.14</ele>
				<time>2026-07-26T13:48:23Z</time>
				<extensions>
					<ns3:TrackPointExtension>
						<ns3:speed>2.04</ns3:speed>
						<ns3:cad>80.0</ns3:cad>
						<ns3:hr>109</ns3:hr>
					</ns3:TrackPointExtension>
				</extensions>
			</trkpt>
			<trkpt lat="12.98213093" lon="77.69063306">
				<ele>888.15</ele>
				<time>2026-07-26T13:48:24Z</time>
				<extensions>
					<ns3:TrackPointExtension>
						<ns3:speed>2.16</ns3:speed>
						<ns3:cad>80.0</ns3:cad>
						<ns3:hr>108</ns3:hr>
					</ns3:TrackPointExtension>
				</extensions>
			</trkpt>
			<trkpt lat="12.98213626" lon="77.6906104">
				<ele>888.16</ele>
				<time>2026-07-26T13:48:25Z</time>
				<extensions>
					<ns3:TrackPointExtension>
						<ns3:speed>2.27</ns3:speed>
						<ns3:cad>80.0</ns3:cad>
						<ns3:hr>108</ns3:hr>
					</ns3:TrackPointExtension>
				</extensions>
			</trkpt>
			<trkpt lat="12.98214292" lon="77.69058674">
				<ele>888.19</ele>
				<time>2026-07-26T13:48:26Z</time>
				<extensions>
					<ns3:TrackPointExtension>
						<ns3:speed>2.34</ns3:speed>
						<ns3:cad>80.0</ns3:cad>
						<ns3:hr>109</ns3:hr>
					</ns3:TrackPointExtension>
				</extensions>
			</trkpt>
			<trkpt lat="12.98214958" lon="77.69056408">
				<ele>888.22</ele>
				<time>2026-07-26T13:48:27Z</time>
				<extensions>
					<ns3:TrackPointExtension>
						<ns3:speed>2.39</ns3:speed>
						<ns3:cad>80.0</ns3:cad>
						<ns3:hr>112</ns3:hr>
					</ns3:TrackPointExtension>
				</extensions>
			</trkpt>
			<trkpt lat="12.98215558" lon="77.69054109">
				<ele>888.26</ele>
				<time>2026-07-26T13:48:28Z</time>
				<extensions>
					<ns3:TrackPointExtension>
						<ns3:speed>2.5</ns3:speed>
						<ns3:cad>81.0</ns3:cad>
						<ns3:hr>113</ns3:hr>
					</ns3:TrackPointExtension>
				</extensions>
			</trkpt>
			<trkpt lat="12.98216191" lon="77.69051876">
				<ele>888.3</ele>
				<time>2026-07-26T13:48:29Z</time>
				<extensions>
					<ns3:TrackPointExtension>
						<ns3:speed>2.48</ns3:speed>
						<ns3:cad>81.0</ns3:cad>
						<ns3:hr>113</ns3:hr>
					</ns3:TrackPointExtension>
				</extensions>
			</trkpt>
			<trkpt lat="12.98216891" lon="77.6904971">
				<ele>888.36</ele>
				<time>2026-07-26T13:48:30Z</time>
				<extensions>
					<ns3:TrackPointExtension>
						<ns3:speed>2.46</ns3:speed>
						<ns3:cad>81.0</ns3:cad>
						<ns3:hr>114</ns3:hr>
					</ns3:TrackPointExtension>
				</extensions>
			</trkpt>
			<trkpt lat="12.9821779" lon="77.69047544">
				<ele>888.41</ele>
				<time>2026-07-26T13:48:31Z</time>
				<extensions>
					<ns3:TrackPointExtension>
						<ns3:speed>2.45</ns3:speed>
						<ns3:cad>81.0</ns3:cad>
						<ns3:hr>114</ns3:hr>
					</ns3:TrackPointExtension>
				</extensions>
			</trkpt>
			<trkpt lat="12.9821879" lon="77.69045511">
				<ele>888.46</ele>
				<time>2026-07-26T13:48:32Z</time>
				<extensions>
					<ns3:TrackPointExtension>
						<ns3:speed>2.45</ns3:speed>
						<ns3:cad>81.0</ns3:cad>
						<ns3:hr>117</ns3:hr>
					</ns3:TrackPointExtension>
				</extensions>
			</trkpt>
			<trkpt lat="12.98219856" lon="77.69043545">
				<ele>888.51</ele>
				<time>2026-07-26T13:48:33Z</time>
				<extensions>
					<ns3:TrackPointExtension>
						<ns3:speed>2.44</ns3:speed>
						<ns3:cad>81.0</ns3:cad>
						<ns3:hr>118</ns3:hr>
					</ns3:TrackPointExtension>
				</extensions>
			</trkpt>
			<trkpt lat="12.98221155" lon="77.69041812">
				<ele>888.56</ele>
				<time>2026-07-26T13:48:34Z</time>
				<extensions>
					<ns3:TrackPointExtension>
						<ns3:speed>2.44</ns3:speed>
						<ns3:cad>81.0</ns3:cad>
						<ns3:hr>119</ns3:hr>
					</ns3:TrackPointExtension>
				</extensions>
			</trkpt>
			<trkpt lat="12.98222555" lon="77.69040279">
				<ele>888.61</ele>
				<time>2026-07-26T13:48:35Z</time>
				<extensions>
					<ns3:TrackPointExtension>
						<ns3:speed>2.45</ns3:speed>
						<ns3:cad>80.0</ns3:cad>
						<ns3:hr>120</ns3:hr>
					</ns3:TrackPointExtension>
				</extensions>
			</trkpt>
			<trkpt lat="12.98224121" lon="77.69039046">
				<ele>888.65</ele>
				<time>2026-07-26T13:48:36Z</time>
				<extensions>
					<ns3:TrackPointExtension>
						<ns3:speed>2.45</ns3:speed>
						<ns3:cad>80.0</ns3:cad>
						<ns3:hr>121</ns3:hr>
					</ns3:TrackPointExtension>
				</extensions>
			</trkpt>
			<trkpt lat="12.98225921" lon="77.69038013">
				<ele>888.73</ele>
				<time>2026-07-26T13:48:37Z</time>
				<extensions>
					<ns3:TrackPointExtension>
						<ns3:speed>2.44</ns3:speed>
						<ns3:cad>80.0</ns3:cad>
						<ns3:hr>122</ns3:hr>
					</ns3:TrackPointExtension>
				</extensions>
			</trkpt>
			<trkpt lat="12.98227754" lon="77.69037347">
				<ele>888.79</ele>
				<time>2026-07-26T13:48:38Z</time>
				<extensions>
					<ns3:TrackPointExtension>
						<ns3:speed>2.43</ns3:speed>
						<ns3:cad>80.0</ns3:cad>
						<ns3:hr>123</ns3:hr>
					</ns3:TrackPointExtension>
				</extensions>
			</trkpt>
			<trkpt lat="12.98229687" lon="77.69036848">
				<ele>888.83</ele>
				<time>2026-07-26T13:48:39Z</time>
				<extensions>
					<ns3:TrackPointExtension>
						<ns3:speed>2.43</ns3:speed>
						<ns3:cad>80.0</ns3:cad>
						<ns3:hr>124</ns3:hr>
					</ns3:TrackPointExtension>
				</extensions>
			</trkpt>
			<trkpt lat="12.98231686" lon="77.69036648">
				<ele>888.87</ele>
				<time>2026-07-26T13:48:40Z</time>
				<extensions>
					<ns3:TrackPointExtension>
						<ns3:speed>2.42</ns3:speed>
						<ns3:cad>80.0</ns3:cad>
						<ns3:hr>125</ns3:hr>
					</ns3:TrackPointExtension>
				</extensions>
			</trkpt>
			<trkpt lat="12.98233652" lon="77.69036648">
				<ele>888.91</ele>
				<time>2026-07-26T13:48:41Z</time>
				<extensions>
					<ns3:TrackPointExtension>
						<ns3:speed>2.4</ns3:speed>
						<ns3:cad>81.0</ns3:cad>
						<ns3:hr>125</ns3:hr>
					</ns3:TrackPointExtension>
				</extensions>
			</trkpt>
			<trkpt lat="12.98235651" lon="77.69036981">
				<ele>888.95</ele>
				<time>2026-07-26T13:48:42Z</time>
				<extensions>
					<ns3:TrackPointExtension>
						<ns3:speed>2.39</ns3:speed>
						<ns3:cad>80.0</ns3:cad>
						<ns3:hr>125</ns3:hr>
					</ns3:TrackPointExtension>
				</extensions>
			</trkpt>
			<trkpt lat="12.98237584" lon="77.69037447">
				<ele>888.98</ele>
				<time>2026-07-26T13:48:43Z</time>
				<extensions>
					<ns3:TrackPointExtension>
						<ns3:speed>2.39</ns3:speed>
						<ns3:cad>80.0</ns3:cad>
						<ns3:hr>126</ns3:hr>
					</ns3:TrackPointExtension>
				</extensions>
			</trkpt>
			<trkpt lat="12.9823945" lon="77.69038146">
				<ele>889.0</ele>
				<time>2026-07-26T13:48:44Z</time>
				<extensions>
					<ns3:TrackPointExtension>
						<ns3:speed>2.39</ns3:speed>
						<ns3:cad>80.0</ns3:cad>
						<ns3:hr>127</ns3:hr>
					</ns3:TrackPointExtension>
				</extensions>
			</trkpt>
			<trkpt lat="12.9824125" lon="77.69039079">
				<ele>889.02</ele>
				<time>2026-07-26T13:48:45Z</time>
				<extensions>
					<ns3:TrackPointExtension>
						<ns3:speed>2.39</ns3:speed>
						<ns3:cad>81.0</ns3:cad>
						<ns3:hr>128</ns3:hr>
					</ns3:TrackPointExtension>
				</extensions>
			</trkpt>
			<trkpt lat="12.98242949" lon="77.69040179">
				<ele>889.03</ele>
				<time>2026-07-26T13:48:46Z</time>
				<extensions>
					<ns3:TrackPointExtension>
						<ns3:speed>2.39</ns3:speed>
						<ns3:cad>81.0</ns3:cad>
						<ns3:hr>129</ns3:hr>
					</ns3:TrackPointExtension>
				</extensions>
			</trkpt>
			<trkpt lat="12.98244415" lon="77.69041478">
				<ele>889.05</ele>
				<time>2026-07-26T13:48:47Z</time>
				<extensions>
					<ns3:TrackPointExtension>
						<ns3:speed>2.39</ns3:speed>
						<ns3:cad>81.0</ns3:cad>
						<ns3:hr>129</ns3:hr>
					</ns3:TrackPointExtension>
				</extensions>
			</trkpt>
			<trkpt lat="12.98245581" lon="77.69043211">
				<ele>889.05</ele>
				<time>2026-07-26T13:48:48Z</time>
				<extensions>
					<ns3:TrackPointExtension>
						<ns3:hr>129</ns3:hr>
					</ns3:TrackPointExtension>
				</extensions>
			</trkpt>
			<trkpt lat="12.98246447" lon="77.6904511">
				<ele>889.06</ele>
				<time>2026-07-26T13:48:49Z</time>
				<extensions>
					<ns3:TrackPointExtension>
						<ns3:speed>2.38</ns3:speed>
						<ns3:cad>81.0</ns3:cad>
						<ns3:hr>130</ns3:hr>
					</ns3:TrackPointExtension>
				</extensions>
			</trkpt>
			<trkpt lat="12.98247113" lon="77.69047076">
				<ele>889.06</ele>
				<time>2026-07-26T13:48:50Z</time>
				<extensions>
					<ns3:TrackPointExtension>
					</ns3:TrackPointExtension>
				</extensions>
			</trkpt>
			<trkpt lat="12.98247513" lon="77.69049009">
				<ele>889.06</ele>
				<time>2026-07-26T13:48:51Z</time>
				<extensions>
					<ns3:TrackPointExtension>
						<ns3:speed>2.38</ns3:speed>
						<ns3:cad>81.0</ns3:cad>
						<ns3:hr>132</ns3:hr>
					</ns3:TrackPointExtension>
				</extensions>
			</trkpt>
			<trkpt lat="12.98247546" lon="77.69051009">
				<ele>889.07</ele>
				<time>2026-07-26T13:48:52Z</time>
				<extensions>
					<ns3:TrackPointExtension>
						<ns3:speed>2.36</ns3:speed>
						<ns3:cad>81.0</ns3:cad>
						<ns3:hr>132</ns3:hr>
					</ns3:TrackPointExtension>
				</extensions>
			</trkpt>
			<trkpt lat="12.9824738" lon="77.69052908">
				<ele>889.07</ele>
				<time>2026-07-26T13:48:53Z</time>
				<extensions>
					<ns3:TrackPointExtension>
						<ns3:speed>2.35</ns3:speed>
						<ns3:cad>81.0</ns3:cad>
						<ns3:hr>133</ns3:hr>
					</ns3:TrackPointExtension>
				</extensions>
			</trkpt>
			<trkpt lat="12.9824698" lon="77.69054874">
				<ele>889.07</ele>
				<time>2026-07-26T13:48:54Z</time>
				<extensions>
					<ns3:TrackPointExtension>
						<ns3:speed>2.34</ns3:speed>
						<ns3:cad>80.0</ns3:cad>
						<ns3:hr>133</ns3:hr>
					</ns3:TrackPointExtension>
				</extensions>
			</trkpt>
			<trkpt lat="12.98246581" lon="77.6905684">
				<ele>889.07</ele>
				<time>2026-07-26T13:48:55Z</time>
				<extensions>
					<ns3:TrackPointExtension>
						<ns3:speed>2.32</ns3:speed>
						<ns3:cad>80.0</ns3:cad>
						<ns3:hr>132</ns3:hr>
					</ns3:TrackPointExtension>
				</extensions>
			</trkpt>
			<trkpt lat="12.98246148" lon="77.6905884">
				<ele>889.07</ele>
				<time>2026-07-26T13:48:56Z</time>
				<extensions>
					<ns3:TrackPointExtension>
						<ns3:speed>2.32</ns3:speed>
						<ns3:cad>80.0</ns3:cad>
						<ns3:hr>133</ns3:hr>
					</ns3:TrackPointExtension>
				</extensions>
			</trkpt>
			<trkpt lat="12.98245648" lon="77.69060839">
				<ele>889.07</ele>
				<time>2026-07-26T13:48:57Z</time>
				<extensions>
					<ns3:TrackPointExtension>
						<ns3:speed>2.3</ns3:speed>
						<ns3:cad>80.0</ns3:cad>
						<ns3:hr>134</ns3:hr>
					</ns3:TrackPointExtension>
				</extensions>
			</trkpt>
			<trkpt lat="12.98244982" lon="77.69062872">
				<ele>889.07</ele>
				<time>2026-07-26T13:48:58Z</time>
				<extensions>
					<ns3:TrackPointExtension>
						<ns3:speed>2.3</ns3:speed>
						<ns3:cad>80.0</ns3:cad>
						<ns3:hr>133</ns3:hr>
					</ns3:TrackPointExtension>
				</extensions>
			</trkpt>
			<trkpt lat="12.98244349" lon="77.69064938">
				<ele>889.06</ele>
				<time>2026-07-26T13:48:59Z</time>
				<extensions>
					<ns3:TrackPointExtension>
						<ns3:speed>2.3</ns3:speed>
						<ns3:cad>80.0</ns3:cad>
						<ns3:hr>134</ns3:hr>
					</ns3:TrackPointExtension>
				</extensions>
			</trkpt>
			<trkpt lat="12.98243783" lon="77.69067004">
				<ele>889.06</ele>
				<time>2026-07-26T13:49:00Z</time>
				<extensions>
					<ns3:TrackPointExtension>
						<ns3:speed>2.3</ns3:speed>
						<ns3:cad>81.0</ns3:cad>
						<ns3:hr>135</ns3:hr>
					</ns3:TrackPointExtension>
				</extensions>
			</trkpt>
			<trkpt lat="12.98243183" lon="77.69069004">
				<ele>889.04</ele>
				<time>2026-07-26T13:49:01Z</time>
				<extensions>
					<ns3:TrackPointExtension>
						<ns3:speed>2.3</ns3:speed>
						<ns3:cad>81.0</ns3:cad>
						<ns3:hr>136</ns3:hr>
					</ns3:TrackPointExtension>
				</extensions>
			</trkpt>
			<trkpt lat="12.98242584" lon="77.69071003">
				<ele>889.03</ele>
				<time>2026-07-26T13:49:02Z</time>
				<extensions>
					<ns3:TrackPointExtension>
						<ns3:speed>2.3</ns3:speed>
						<ns3:cad>83.0</ns3:cad>
						<ns3:hr>137</ns3:hr>
					</ns3:TrackPointExtension>
				</extensions>
			</trkpt>
			<trkpt lat="12.98241784" lon="77.69073136">
				<ele>889.02</ele>
				<time>2026-07-26T13:49:03Z</time>
				<extensions>
					<ns3:TrackPointExtension>
						<ns3:speed>2.3</ns3:speed>
						<ns3:cad>83.0</ns3:cad>
						<ns3:hr>138</ns3:hr>
					</ns3:TrackPointExtension>
				</extensions>
			</trkpt>
			<trkpt lat="12.98240918" lon="77.69075336">
				<ele>889.01</ele>
				<time>2026-07-26T13:49:04Z</time>
				<extensions>
					<ns3:TrackPointExtension>
						<ns3:speed>2.3</ns3:speed>
						<ns3:cad>84.0</ns3:cad>
						<ns3:hr>138</ns3:hr>
					</ns3:TrackPointExtension>
				</extensions>
			</trkpt>
			<trkpt lat="12.98240085" lon="77.69077536">
				<ele>889.0</ele>
				<time>2026-07-26T13:49:05Z</time>
				<extensions>
					<ns3:TrackPointExtension>
						<ns3:speed>2.3</ns3:speed>
						<ns3:cad>84.0</ns3:cad>
						<ns3:hr>139</ns3:hr>
					</ns3:TrackPointExtension>
				</extensions>
			</trkpt>
			<trkpt lat="12.98239252" lon="77.69079702">
				<ele>888.99</ele>
				<time>2026-07-26T13:49:06Z</time>
				<extensions>
					<ns3:TrackPointExtension>
						<ns3:speed>2.3</ns3:speed>
						<ns3:cad>84.0</ns3:cad>
						<ns3:hr>137</ns3:hr>
					</ns3:TrackPointExtension>
				</extensions>
			</trkpt>
			<trkpt lat="12.98238586" lon="77.69082201">
				<ele>888.98</ele>
				<time>2026-07-26T13:49:07Z</time>
				<extensions>
					<ns3:TrackPointExtension>
						<ns3:speed>2.3</ns3:speed>
						<ns3:cad>84.0</ns3:cad>
						<ns3:hr>137</ns3:hr>
					</ns3:TrackPointExtension>
				</extensions>
			</trkpt>
			<trkpt lat="12.98238053" lon="77.69084867">
				<ele>888.96</ele>
				<time>2026-07-26T13:49:08Z</time>
				<extensions>
					<ns3:TrackPointExtension>
						<ns3:speed>2.31</ns3:speed>
						<ns3:cad>84.0</ns3:cad>
						<ns3:hr>138</ns3:hr>
					</ns3:TrackPointExtension>
				</extensions>
			</trkpt>
			<trkpt lat="12.9823762" lon="77.690875">
				<ele>888.94</ele>
				<time>2026-07-26T13:49:09Z</time>
				<extensions>
					<ns3:TrackPointExtension>
						<ns3:speed>2.32</ns3:speed>
						<ns3:cad>84.0</ns3:cad>
						<ns3:hr>138</ns3:hr>
					</ns3:TrackPointExtension>
				</extensions>
			</trkpt>
			<trkpt lat="12.98237753" lon="77.69089899">
				<ele>888.92</ele>
				<time>2026-07-26T13:49:10Z</time>
				<extensions>
					<ns3:TrackPointExtension>
						<ns3:speed>2.32</ns3:speed>
						<ns3:cad>83.0</ns3:cad>
						<ns3:hr>139</ns3:hr>
					</ns3:TrackPointExtension>
				</extensions>
			</trkpt>
			<trkpt lat="12.98238586" lon="77.69091665">
				<ele>888.88</ele>
				<time>2026-07-26T13:49:11Z</time>
				<extensions>
					<ns3:TrackPointExtension>
						<ns3:speed>2.32</ns3:speed>
						<ns3:cad>83.0</ns3:cad>
						<ns3:hr>139</ns3:hr>
					</ns3:TrackPointExtension>
				</extensions>
			</trkpt>
			<trkpt lat="12.98239852" lon="77.69092931">
				<ele>888.86</ele>
				<time>2026-07-26T13:49:12Z</time>
				<extensions>
					<ns3:TrackPointExtension>
						<ns3:speed>2.32</ns3:speed>
						<ns3:cad>81.0</ns3:cad>
						<ns3:hr>140</ns3:hr>
					</ns3:TrackPointExtension>
				</extensions>
			</trkpt>
			<trkpt lat="12.98241551" lon="77.69093931">
				<ele>888.84</ele>
				<time>2026-07-26T13:49:13Z</time>
				<extensions>
					<ns3:TrackPointExtension>
						<ns3:speed>2.33</ns3:speed>
						<ns3:cad>81.0</ns3:cad>
						<ns3:hr>140</ns3:hr>
					</ns3:TrackPointExtension>
				</extensions>
			</trkpt>
			<trkpt lat="12.98243584" lon="77.69094897">
				<ele>888.81</ele>
				<time>2026-07-26T13:49:14Z</time>
				<extensions>
					<ns3:TrackPointExtension>
						<ns3:speed>2.33</ns3:speed>
						<ns3:cad>80.0</ns3:cad>
						<ns3:hr>141</ns3:hr>
					</ns3:TrackPointExtension>
				</extensions>
			</trkpt>
			<trkpt lat="12.9824595" lon="77.6909593">
				<ele>888.77</ele>
				<time>2026-07-26T13:49:15Z</time>
				<extensions>
					<ns3:TrackPointExtension>
						<ns3:speed>2.34</ns3:speed>
						<ns3:cad>80.0</ns3:cad>
						<ns3:hr>141</ns3:hr>
					</ns3:TrackPointExtension>
				</extensions>
			</trkpt>
			<trkpt lat="12.98248483" lon="77.69096763">
				<ele>888.74</ele>
				<time>2026-07-26T13:49:16Z</time>
				<extensions>
					<ns3:TrackPointExtension>
						<ns3:speed>2.36</ns3:speed>
						<ns3:cad>80.0</ns3:cad>
						<ns3:hr>141</ns3:hr>
					</ns3:TrackPointExtension>
				</extensions>
			</trkpt>
			<trkpt lat="12.98251016" lon="77.69097496">
				<ele>888.7</ele>
				<time>2026-07-26T13:49:17Z</time>
				<extensions>
					<ns3:TrackPointExtension>
						<ns3:speed>2.38</ns3:speed>
						<ns3:cad>80.0</ns3:cad>
						<ns3:hr>143</ns3:hr>
					</ns3:TrackPointExtension>
				</extensions>
			</trkpt>
			<trkpt lat="12.98253582" lon="77.69098062">
				<ele>888.67</ele>
				<time>2026-07-26T13:49:18Z</time>
				<extensions>
					<ns3:TrackPointExtension>
						<ns3:speed>2.39</ns3:speed>
						<ns3:cad>81.0</ns3:cad>
						<ns3:hr>143</ns3:hr>
					</ns3:TrackPointExtension>
				</extensions>
			</trkpt>
			<trkpt lat="12.98255915" lon="77.69098628">
				<ele>888.62</ele>
				<time>2026-07-26T13:49:19Z</time>
				<extensions>
					<ns3:TrackPointExtension>
						<ns3:speed>2.41</ns3:speed>
						<ns3:cad>81.0</ns3:cad>
						<ns3:hr>143</ns3:hr>
					</ns3:TrackPointExtension>
				</extensions>
			</trkpt>
			<trkpt lat="12.98258081" lon="77.69099227">
				<ele>888.59</ele>
				<time>2026-07-26T13:49:20Z</time>
				<extensions>
					<ns3:TrackPointExtension>
						<ns3:speed>2.42</ns3:speed>
						<ns3:cad>81.0</ns3:cad>
						<ns3:hr>144</ns3:hr>
					</ns3:TrackPointExtension>
				</extensions>
			</trkpt>
			<trkpt lat="12.98260147" lon="77.6909986">
				<ele>888.55</ele>
				<time>2026-07-26T13:49:21Z</time>
				<extensions>
					<ns3:TrackPointExtension>
						<ns3:speed>2.43</ns3:speed>
						<ns3:cad>80.0</ns3:cad>
						<ns3:hr>144</ns3:hr>
					</ns3:TrackPointExtension>
				</extensions>
			</trkpt>
			<trkpt lat="12.9826228" lon="77.69100659">
				<ele>888.51</ele>
				<time>2026-07-26T13:49:22Z</time>
				<extensions>
					<ns3:TrackPointExtension>
						<ns3:speed>2.43</ns3:speed>
						<ns3:cad>80.0</ns3:cad>
						<ns3:hr>145</ns3:hr>
					</ns3:TrackPointExtension>
				</extensions>
			</trkpt>
			<trkpt lat="12.98264346" lon="77.69101425">
				<ele>888.47</ele>
				<time>2026-07-26T13:49:23Z</time>
				<extensions>
					<ns3:TrackPointExtension>
						<ns3:speed>2.43</ns3:speed>
						<ns3:cad>80.0</ns3:cad>
						<ns3:hr>145</ns3:hr>
					</ns3:TrackPointExtension>
				</extensions>
			</trkpt>
			<trkpt lat="12.98266446" lon="77.69102191">
				<ele>888.44</ele>
				<time>2026-07-26T13:49:24Z</time>
				<extensions>
					<ns3:TrackPointExtension>
						<ns3:speed>2.43</ns3:speed>
						<ns3:cad>79.0</ns3:cad>
						<ns3:hr>145</ns3:hr>
					</ns3:TrackPointExtension>
				</extensions>
			</trkpt>
			<trkpt lat="12.98268579" lon="77.69102824">
				<ele>888.4</ele>
				<time>2026-07-26T13:49:25Z</time>
				<extensions>
					<ns3:TrackPointExtension>
						<ns3:speed>2.43</ns3:speed>
						<ns3:cad>79.0</ns3:cad>
						<ns3:hr>145</ns3:hr>
					</ns3:TrackPointExtension>
				</extensions>
			</trkpt>
			<trkpt lat="12.98270679" lon="77.69103423">
				<ele>888.38</ele>
				<time>2026-07-26T13:49:26Z</time>
				<extensions>
					<ns3:TrackPointExtension>
						<ns3:speed>2.43</ns3:speed>
						<ns3:cad>79.0</ns3:cad>
						<ns3:hr>146</ns3:hr>
					</ns3:TrackPointExtension>
				</extensions>
			</trkpt>
			<trkpt lat="12.98272712" lon="77.69103956">
				<ele>888.36</ele>
				<time>2026-07-26T13:49:27Z</time>
				<extensions>
					<ns3:TrackPointExtension>
						<ns3:speed>2.42</ns3:speed>
						<ns3:cad>79.0</ns3:cad>
						<ns3:hr>148</ns3:hr>
					</ns3:TrackPointExtension>
				</extensions>
			</trkpt>
			<trkpt lat="12.98274812" lon="77.69104489">
				<ele>888.34</ele>
				<time>2026-07-26T13:49:28Z</time>
				<extensions>
					<ns3:TrackPointExtension>
						<ns3:speed>2.42</ns3:speed>
						<ns3:cad>80.0</ns3:cad>
						<ns3:hr>149</ns3:hr>
					</ns3:TrackPointExtension>
				</extensions>
			</trkpt>
			<trkpt lat="12.98276878" lon="77.69105088">
				<ele>888.34</ele>
				<time>2026-07-26T13:49:29Z</time>
				<extensions>
					<ns3:TrackPointExtension>
						<ns3:speed>2.41</ns3:speed>
						<ns3:cad>80.0</ns3:cad>
						<ns3:hr>149</ns3:hr>
					</ns3:TrackPointExtension>
				</extensions>
			</trkpt>
			<trkpt lat="12.98278844" lon="77.69105588">
				<ele>888.33</ele>
				<time>2026-07-26T13:49:30Z</time>
				<extensions>
					<ns3:TrackPointExtension>
						<ns3:speed>2.41</ns3:speed>
						<ns3:cad>80.0</ns3:cad>
						<ns3:hr>148</ns3:hr>
					</ns3:TrackPointExtension>
				</extensions>
			</trkpt>
			<trkpt lat="12.9828081" lon="77.69106054">
				<ele>888.33</ele>
				<time>2026-07-26T13:49:31Z</time>
				<extensions>
					<ns3:TrackPointExtension>
						<ns3:speed>2.4</ns3:speed>
						<ns3:cad>80.0</ns3:cad>
						<ns3:hr>149</ns3:hr>
					</ns3:TrackPointExtension>
				</extensions>
			</trkpt>
			<trkpt lat="12.98282743" lon="77.69106553">
				<ele>888.34</ele>
				<time>2026-07-26T13:49:32Z</time>
				<extensions>
					<ns3:TrackPointExtension>
						<ns3:speed>2.39</ns3:speed>
						<ns3:cad>80.0</ns3:cad>
						<ns3:hr>149</ns3:hr>
					</ns3:TrackPointExtension>
				</extensions>
			</trkpt>
			<trkpt lat="12.98284676" lon="77.69107053">
				<ele>888.34</ele>
				<time>2026-07-26T13:49:33Z</time>
				<extensions>
					<ns3:TrackPointExtension>
						<ns3:speed>2.38</ns3:speed>
						<ns3:cad>80.0</ns3:cad>
						<ns3:hr>151</ns3:hr>
					</ns3:TrackPointExtension>
				</extensions>
			</trkpt>
			<trkpt lat="12.98286676" lon="77.69107553">
				<ele>888.35</ele>
				<time>2026-07-26T13:49:34Z</time>
				<extensions>
					<ns3:TrackPointExtension>
						<ns3:speed>2.36</ns3:speed>
						<ns3:cad>80.0</ns3:cad>
						<ns3:hr>152</ns3:hr>
					</ns3:TrackPointExtension>
				</extensions>
			</trkpt>
			<trkpt lat="12.98288642" lon="77.69107953">
				<ele>888.36</ele>
				<time>2026-07-26T13:49:35Z</time>
				<extensions>
					<ns3:TrackPointExtension>
						<ns3:speed>2.34</ns3:speed>
						<ns3:cad>80.0</ns3:cad>
						<ns3:hr>152</ns3:hr>
					</ns3:TrackPointExtension>
				</extensions>
			</trkpt>
			<trkpt lat="12.98290575" lon="77.69108419">
				<ele>888.37</ele>
				<time>2026-07-26T13:49:36Z</time>
				<extensions>
					<ns3:TrackPointExtension>
						<ns3:speed>2.32</ns3:speed>
						<ns3:cad>81.0</ns3:cad>
						<ns3:hr>151</ns3:hr>
					</ns3:TrackPointExtension>
				</extensions>
			</trkpt>
			<trkpt lat="12.98292575" lon="77.69108919">
				<ele>888.38</ele>
				<time>2026-07-26T13:49:37Z</time>
				<extensions>
					<ns3:TrackPointExtension>
						<ns3:speed>2.3</ns3:speed>
						<ns3:cad>81.0</ns3:cad>
						<ns3:hr>151</ns3:hr>
					</ns3:TrackPointExtension>
				</extensions>
			</trkpt>
			<trkpt lat="12.98294574" lon="77.69109385">
				<ele>888.38</ele>
				<time>2026-07-26T13:49:38Z</time>
				<extensions>
					<ns3:TrackPointExtension>
						<ns3:speed>2.29</ns3:speed>
						<ns3:cad>81.0</ns3:cad>
						<ns3:hr>150</ns3:hr>
					</ns3:TrackPointExtension>
				</extensions>
			</trkpt>
			<trkpt lat="12.98296607" lon="77.69109884">
				<ele>888.39</ele>
				<time>2026-07-26T13:49:39Z</time>
				<extensions>
					<ns3:TrackPointExtension>
						<ns3:speed>2.27</ns3:speed>
						<ns3:cad>81.0</ns3:cad>
						<ns3:hr>151</ns3:hr>
					</ns3:TrackPointExtension>
				</extensions>
			</trkpt>
			<trkpt lat="12.9829854" lon="77.69110317">
				<ele>888.4</ele>
				<time>2026-07-26T13:49:40Z</time>
				<extensions>
					<ns3:TrackPointExtension>
						<ns3:speed>2.26</ns3:speed>
						<ns3:cad>81.0</ns3:cad>
						<ns3:hr>152</ns3:hr>
					</ns3:TrackPointExtension>
				</extensions>
			</trkpt>
			<trkpt lat="12.98300506" lon="77.69110783">
				<ele>888.41</ele>
				<time>2026-07-26T13:49:41Z</time>
				<extensions>
					<ns3:TrackPointExtension>
						<ns3:speed>2.25</ns3:speed>
						<ns3:cad>81.0</ns3:cad>
						<ns3:hr>152</ns3:hr>
					</ns3:TrackPointExtension>
				</extensions>
			</trkpt>
			<trkpt lat="12.98302405" lon="77.69111116">
				<ele>888.41</ele>
				<time>2026-07-26T13:49:42Z</time>
				<extensions>
					<ns3:TrackPointExtension>
						<ns3:speed>2.24</ns3:speed>
						<ns3:cad>81.0</ns3:cad>
						<ns3:hr>151</ns3:hr>
					</ns3:TrackPointExtension>
				</extensions>
			</trkpt>
			<trkpt lat="12.98304304" lon="77.69111449">
				<ele>888.42</ele>
				<time>2026-07-26T13:49:43Z</time>
				<extensions>
					<ns3:TrackPointExtension>
						<ns3:speed>2.23</ns3:speed>
						<ns3:cad>81.0</ns3:cad>
						<ns3:hr>151</ns3:hr>
					</ns3:TrackPointExtension>
				</extensions>
			</trkpt>
			<trkpt lat="12.98306237" lon="77.69111849">
				<ele>888.42</ele>
				<time>2026-07-26T13:49:44Z</time>
				<extensions>
					<ns3:TrackPointExtension>
						<ns3:speed>2.21</ns3:speed>
						<ns3:cad>81.0</ns3:cad>
						<ns3:hr>151</ns3:hr>
					</ns3:TrackPointExtension>
				</extensions>
			</trkpt>
			<trkpt lat="12.98308103" lon="77.69112349">
				<ele>888.42</ele>
				<time>2026-07-26T13:49:45Z</time>
				<extensions>
					<ns3:TrackPointExtension>
						<ns3:speed>2.21</ns3:speed>
						<ns3:cad>81.0</ns3:cad>
						<ns3:hr>150</ns3:hr>
					</ns3:TrackPointExtension>
				</extensions>
			</trkpt>
			<trkpt lat="12.98309969" lon="77.69112948">
				<ele>888.42</ele>
				<time>2026-07-26T13:49:46Z</time>
				<extensions>
					<ns3:TrackPointExtension>
						<ns3:speed>2.21</ns3:speed>
						<ns3:cad>81.0</ns3:cad>
						<ns3:hr>151</ns3:hr>
					</ns3:TrackPointExtension>
				</extensions>
			</trkpt>
			<trkpt lat="12.98311835" lon="77.69113481">
				<ele>888.42</ele>
				<time>2026-07-26T13:49:47Z</time>
				<extensions>
					<ns3:TrackPointExtension>
						<ns3:speed>2.21</ns3:speed>
						<ns3:cad>81.0</ns3:cad>
						<ns3:hr>151</ns3:hr>
					</ns3:TrackPointExtension>
				</extensions>
			</trkpt>
			<trkpt lat="12.98313668" lon="77.69114014">
				<ele>888.41</ele>
				<time>2026-07-26T13:49:48Z</time>
				<extensions>
					<ns3:TrackPointExtension>
						<ns3:speed>2.2</ns3:speed>
						<ns3:cad>81.0</ns3:cad>
						<ns3:hr>151</ns3:hr>
					</ns3:TrackPointExtension>
				</extensions>
			</trkpt>
			<trkpt lat="12.98315534" lon="77.6911458">
				<ele>888.41</ele>
				<time>2026-07-26T13:49:49Z</time>
				<extensions>
					<ns3:TrackPointExtension>
						<ns3:speed>2.19</ns3:speed>
						<ns3:cad>81.0</ns3:cad>
						<ns3:hr>151</ns3:hr>
					</ns3:TrackPointExtension>
				</extensions>
			</trkpt>
			<trkpt lat="12.98317433" lon="77.69115046">
				<ele>888.41</ele>
				<time>2026-07-26T13:49:50Z</time>
				<extensions>
					<ns3:TrackPointExtension>
						<ns3:speed>2.18</ns3:speed>
						<ns3:cad>81.0</ns3:cad>
						<ns3:hr>151</ns3:hr>
					</ns3:TrackPointExtension>
				</extensions>
			</trkpt>
			<trkpt lat="12.98319233" lon="77.69115612">
				<ele>888.41</ele>
				<time>2026-07-26T13:49:51Z</time>
				<extensions>
					<ns3:TrackPointExtension>
						<ns3:speed>2.17</ns3:speed>
						<ns3:cad>80.0</ns3:cad>
						<ns3:hr>152</ns3:hr>
					</ns3:TrackPointExtension>
				</extensions>
			</trkpt>
			<trkpt lat="12.98321066" lon="77.69116145">
				<ele>888.41</ele>
				<time>2026-07-26T13:49:52Z</time>
				<extensions>
					<ns3:TrackPointExtension>
						<ns3:speed>2.17</ns3:speed>
						<ns3:cad>80.0</ns3:cad>
						<ns3:hr>150</ns3:hr>
					</ns3:TrackPointExtension>
				</extensions>
			</trkpt>
			<trkpt lat="12.98322799" lon="77.69116778">
				<ele>888.42</ele>
				<time>2026-07-26T13:49:53Z</time>
				<extensions>
					<ns3:TrackPointExtension>
						<ns3:speed>2.17</ns3:speed>
						<ns3:cad>80.0</ns3:cad>
						<ns3:hr>150</ns3:hr>
					</ns3:TrackPointExtension>
				</extensions>
			</trkpt>
			<trkpt lat="12.98324599" lon="77.69117444">
				<ele>888.42</ele>
				<time>2026-07-26T13:49:54Z</time>
				<extensions>
					<ns3:TrackPointExtension>
						<ns3:speed>2.17</ns3:speed>
						<ns3:cad>80.0</ns3:cad>
						<ns3:hr>150</ns3:hr>
					</ns3:TrackPointExtension>
				</extensions>
			</trkpt>
			<trkpt lat="12.98326398" lon="77.69117977">
				<ele>888.43</ele>
				<time>2026-07-26T13:49:55Z</time>
				<extensions>
					<ns3:TrackPointExtension>
						<ns3:speed>2.17</ns3:speed>
						<ns3:cad>80.0</ns3:cad>
						<ns3:hr>149</ns3:hr>
					</ns3:TrackPointExtension>
				</extensions>
			</trkpt>
			<trkpt lat="12.98328198" lon="77.6911851">
				<ele>888.43</ele>
				<time>2026-07-26T13:49:56Z</time>
				<extensions>
					<ns3:TrackPointExtension>
						<ns3:speed>2.17</ns3:speed>
						<ns3:cad>80.0</ns3:cad>
						<ns3:hr>148</ns3:hr>
					</ns3:TrackPointExtension>
				</extensions>
			</trkpt>
			<trkpt lat="12.98330031" lon="77.69119076">
				<ele>888.44</ele>
				<time>2026-07-26T13:49:57Z</time>
				<extensions>
					<ns3:TrackPointExtension>
						<ns3:speed>2.17</ns3:speed>
						<ns3:cad>80.0</ns3:cad>
						<ns3:hr>148</ns3:hr>
					</ns3:TrackPointExtension>
				</extensions>
			</trkpt>
			<trkpt lat="12.98331864" lon="77.69119675">
				<ele>888.45</ele>
				<time>2026-07-26T13:49:58Z</time>
				<extensions>
					<ns3:TrackPointExtension>
						<ns3:speed>2.17</ns3:speed>
						<ns3:cad>81.0</ns3:cad>
						<ns3:hr>148</ns3:hr>
					</ns3:TrackPointExtension>
				</extensions>
			</trkpt>
			<trkpt lat="12.98333697" lon="77.69120208">
				<ele>888.46</ele>
				<time>2026-07-26T13:49:59Z</time>
				<extensions>
					<ns3:TrackPointExtension>
						<ns3:speed>2.18</ns3:speed>
						<ns3:cad>81.0</ns3:cad>
						<ns3:hr>147</ns3:hr>
					</ns3:TrackPointExtension>
				</extensions>
			</trkpt>
			<trkpt lat="12.98335596" lon="77.69120674">
				<ele>888.49</ele>
				<time>2026-07-26T13:50:00Z</time>
				<extensions>
					<ns3:TrackPointExtension>
						<ns3:speed>2.18</ns3:speed>
						<ns3:cad>81.0</ns3:cad>
						<ns3:hr>148</ns3:hr>
					</ns3:TrackPointExtension>
				</extensions>
			</trkpt>
			<trkpt lat="12.98337462" lon="77.69121273">
				<ele>888.49</ele>
				<time>2026-07-26T13:50:01Z</time>
				<extensions>
					<ns3:TrackPointExtension>
						<ns3:speed>2.18</ns3:speed>
						<ns3:cad>81.0</ns3:cad>
						<ns3:hr>148</ns3:hr>
					</ns3:TrackPointExtension>
				</extensions>
			</trkpt>
			<trkpt lat="12.98339395" lon="77.69121739">
				<ele>888.5</ele>
				<time>2026-07-26T13:50:02Z</time>
				<extensions>
					<ns3:TrackPointExtension>
						<ns3:speed>2.19</ns3:speed>
						<ns3:cad>83.0</ns3:cad>
						<ns3:hr>148</ns3:hr>
					</ns3:TrackPointExtension>
				</extensions>
			</trkpt>
			<trkpt lat="12.98341361" lon="77.69122239">
				<ele>888.52</ele>
				<time>2026-07-26T13:50:03Z</time>
				<extensions>
					<ns3:TrackPointExtension>
						<ns3:speed>2.19</ns3:speed>
						<ns3:cad>83.0</ns3:cad>
						<ns3:hr>148</ns3:hr>
					</ns3:TrackPointExtension>
				</extensions>
			</trkpt>
			<trkpt lat="12.9834326" lon="77.69122772">
				<ele>888.54</ele>
				<time>2026-07-26T13:50:04Z</time>
				<extensions>
					<ns3:TrackPointExtension>
						<ns3:speed>2.19</ns3:speed>
						<ns3:cad>83.0</ns3:cad>
						<ns3:hr>148</ns3:hr>
					</ns3:TrackPointExtension>
				</extensions>
			</trkpt>
			<trkpt lat="12.98345126" lon="77.69123638">
				<ele>888.58</ele>
				<time>2026-07-26T13:50:05Z</time>
				<extensions>
					<ns3:TrackPointExtension>
						<ns3:speed>2.19</ns3:speed>
						<ns3:cad>83.0</ns3:cad>
						<ns3:hr>148</ns3:hr>
					</ns3:TrackPointExtension>
				</extensions>
			</trkpt>
			<trkpt lat="12.98346992" lon="77.69124571">
				<ele>888.58</ele>
				<time>2026-07-26T13:50:06Z</time>
				<extensions>
					<ns3:TrackPointExtension>
						<ns3:speed>2.2</ns3:speed>
						<ns3:cad>81.0</ns3:cad>
						<ns3:hr>148</ns3:hr>
					</ns3:TrackPointExtension>
				</extensions>
			</trkpt>
			<trkpt lat="12.98348758" lon="77.69125504">
				<ele>888.79</ele>
				<time>2026-07-26T13:50:07Z</time>
				<extensions>
					<ns3:TrackPointExtension>
						<ns3:speed>2.2</ns3:speed>
						<ns3:cad>81.0</ns3:cad>
						<ns3:hr>149</ns3:hr>
					</ns3:TrackPointExtension>
				</extensions>
			</trkpt>
			<trkpt lat="12.98350558" lon="77.69126604">
				<ele>888.83</ele>
				<time>2026-07-26T13:50:08Z</time>
				<extensions>
					<ns3:TrackPointExtension>
						<ns3:speed>2.2</ns3:speed>
						<ns3:cad>81.0</ns3:cad>
						<ns3:hr>149</ns3:hr>
					</ns3:TrackPointExtension>
				</extensions>
			</trkpt>
			<trkpt lat="12.98352357" lon="77.69127604">
				<ele>888.86</ele>
				<time>2026-07-26T13:50:09Z</time>
				<extensions>
					<ns3:TrackPointExtension>
						<ns3:speed>2.21</ns3:speed>
						<ns3:cad>81.0</ns3:cad>
						<ns3:hr>149</ns3:hr>
					</ns3:TrackPointExtension>
				</extensions>
			</trkpt>
			<trkpt lat="12.9835419" lon="77.69128537">
				<ele>888.89</ele>
				<time>2026-07-26T13:50:10Z</time>
				<extensions>
					<ns3:TrackPointExtension>
						<ns3:speed>2.21</ns3:speed>
						<ns3:cad>81.0</ns3:cad>
						<ns3:hr>149</ns3:hr>
					</ns3:TrackPointExtension>
				</extensions>
			</trkpt>
			<trkpt lat="12.98356023" lon="77.69129436">
				<ele>888.92</ele>
				<time>2026-07-26T13:50:11Z</time>
				<extensions>
					<ns3:TrackPointExtension>
						<ns3:speed>2.21</ns3:speed>
						<ns3:cad>81.0</ns3:cad>
						<ns3:hr>148</ns3:hr>
					</ns3:TrackPointExtension>
				</extensions>
			</trkpt>
			<trkpt lat="12.98357856" lon="77.69130302">
				<ele>888.96</ele>
				<time>2026-07-26T13:50:12Z</time>
				<extensions>
					<ns3:TrackPointExtension>
						<ns3:speed>2.21</ns3:speed>
						<ns3:cad>81.0</ns3:cad>
						<ns3:hr>148</ns3:hr>
					</ns3:TrackPointExtension>
				</extensions>
			</trkpt>
			<trkpt lat="12.98359689" lon="77.69131135">
				<ele>888.98</ele>
				<time>2026-07-26T13:50:13Z</time>
				<extensions>
					<ns3:TrackPointExtension>
						<ns3:speed>2.21</ns3:speed>
						<ns3:cad>81.0</ns3:cad>
						<ns3:hr>149</ns3:hr>
					</ns3:TrackPointExtension>
				</extensions>
			</trkpt>
			<trkpt lat="12.98361422" lon="77.69132135">
				<ele>889.03</ele>
				<time>2026-07-26T13:50:14Z</time>
				<extensions>
					<ns3:TrackPointExtension>
						<ns3:speed>2.22</ns3:speed>
						<ns3:cad>80.0</ns3:cad>
						<ns3:hr>149</ns3:hr>
					</ns3:TrackPointExtension>
				</extensions>
			</trkpt>
			<trkpt lat="12.98362755" lon="77.69133735">
				<ele>889.08</ele>
				<time>2026-07-26T13:50:15Z</time>
				<extensions>
					<ns3:TrackPointExtension>
						<ns3:speed>2.23</ns3:speed>
						<ns3:cad>80.0</ns3:cad>
						<ns3:hr>149</ns3:hr>
					</ns3:TrackPointExtension>
				</extensions>
			</trkpt>
			<trkpt lat="12.98363621" lon="77.69135601">
				<ele>889.13</ele>
				<time>2026-07-26T13:50:16Z</time>
				<extensions>
					<ns3:TrackPointExtension>
						<ns3:speed>2.23</ns3:speed>
						<ns3:cad>80.0</ns3:cad>
						<ns3:hr>150</ns3:hr>
					</ns3:TrackPointExtension>
				</extensions>
			</trkpt>
			<trkpt lat="12.98363954" lon="77.69137601">
				<ele>889.2</ele>
				<time>2026-07-26T13:50:17Z</time>
				<extensions>
					<ns3:TrackPointExtension>
						<ns3:speed>2.23</ns3:speed>
						<ns3:cad>80.0</ns3:cad>
						<ns3:hr>150</ns3:hr>
					</ns3:TrackPointExtension>
				</extensions>
			</trkpt>
			<trkpt lat="12.98363921" lon="77.69139667">
				<ele>889.2</ele>
				<time>2026-07-26T13:50:18Z</time>
				<extensions>
					<ns3:TrackPointExtension>
					</ns3:TrackPointExtension>
				</extensions>
			</trkpt>
			<trkpt lat="12.98363721" lon="77.691417">
				<ele>889.26</ele>
				<time>2026-07-26T13:50:19Z</time>
				<extensions>
					<ns3:TrackPointExtension>
						<ns3:speed>2.24</ns3:speed>
						<ns3:cad>80.0</ns3:cad>
						<ns3:hr>150</ns3:hr>
					</ns3:TrackPointExtension>
				</extensions>
			</trkpt>
			<trkpt lat="12.98363188" lon="77.69143666">
				<ele>889.32</ele>
				<time>2026-07-26T13:50:20Z</time>
				<extensions>
					<ns3:TrackPointExtension>
						<ns3:speed>2.24</ns3:speed>
						<ns3:cad>80.0</ns3:cad>
						<ns3:hr>151</ns3:hr>
					</ns3:TrackPointExtension>
				</extensions>
			</trkpt>
			<trkpt lat="12.98362555" lon="77.69145632">
				<ele>889.39</ele>
				<time>2026-07-26T13:50:21Z</time>
				<extensions>
					<ns3:TrackPointExtension>
						<ns3:speed>2.24</ns3:speed>
						<ns3:cad>80.0</ns3:cad>
						<ns3:hr>152</ns3:hr>
					</ns3:TrackPointExtension>
				</extensions>
			</trkpt>
			<trkpt lat="12.98361789" lon="77.69147565">
				<ele>889.45</ele>
				<time>2026-07-26T13:50:22Z</time>
				<extensions>
					<ns3:TrackPointExtension>
						<ns3:speed>2.25</ns3:speed>
						<ns3:cad>80.0</ns3:cad>
						<ns3:hr>151</ns3:hr>
					</ns3:TrackPointExtension>
				</extensions>
			</trkpt>
			<trkpt lat="12.98361123" lon="77.69149531">
				<ele>889.53</ele>
				<time>2026-07-26T13:50:23Z</time>
				<extensions>
					<ns3:TrackPointExtension>
						<ns3:speed>2.25</ns3:speed>
						<ns3:cad>80.0</ns3:cad>
						<ns3:hr>151</ns3:hr>
					</ns3:TrackPointExtension>
				</extensions>
			</trkpt>
			<trkpt lat="12.98360457" lon="77.69151464">
				<ele>889.59</ele>
				<time>2026-07-26T13:50:24Z</time>
				<extensions>
					<ns3:TrackPointExtension>
						<ns3:speed>2.25</ns3:speed>
						<ns3:cad>80.0</ns3:cad>
						<ns3:hr>151</ns3:hr>
					</ns3:TrackPointExtension>
				</extensions>
			</trkpt>
			<trkpt lat="12.98359791" lon="77.69153464">
				<ele>889.63</ele>
				<time>2026-07-26T13:50:25Z</time>
				<extensions>
					<ns3:TrackPointExtension>
						<ns3:speed>2.25</ns3:speed>
						<ns3:cad>81.0</ns3:cad>
						<ns3:hr>150</ns3:hr>
					</ns3:TrackPointExtension>
				</extensions>
			</trkpt>
			<trkpt lat="12.98359025" lon="77.69155463">
				<ele>889.67</ele>
				<time>2026-07-26T13:50:26Z</time>
				<extensions>
					<ns3:TrackPointExtension>
						<ns3:speed>2.25</ns3:speed>
						<ns3:cad>81.0</ns3:cad>
						<ns3:hr>150</ns3:hr>
					</ns3:TrackPointExtension>
				</extensions>
			</trkpt>
			<trkpt lat="12.98358192" lon="77.69157396">
				<ele>889.69</ele>
				<time>2026-07-26T13:50:27Z</time>
				<extensions>
					<ns3:TrackPointExtension>
						<ns3:speed>2.25</ns3:speed>
						<ns3:cad>81.0</ns3:cad>
						<ns3:hr>151</ns3:hr>
					</ns3:TrackPointExtension>
				</extensions>
			</trkpt>
			<trkpt lat="12.98357359" lon="77.69159329">
				<ele>889.71</ele>
				<time>2026-07-26T13:50:28Z</time>
				<extensions>
					<ns3:TrackPointExtension>
						<ns3:speed>2.26</ns3:speed>
						<ns3:cad>83.0</ns3:cad>
						<ns3:hr>151</ns3:hr>
					</ns3:TrackPointExtension>
				</extensions>
			</trkpt>
			<trkpt lat="12.98356459" lon="77.69161329">
				<ele>889.7</ele>
				<time>2026-07-26T13:50:29Z</time>
				<extensions>
					<ns3:TrackPointExtension>
						<ns3:speed>2.26</ns3:speed>
						<ns3:cad>83.0</ns3:cad>
						<ns3:hr>150</ns3:hr>
					</ns3:TrackPointExtension>
				</extensions>
			</trkpt>
			<trkpt lat="12.98355726" lon="77.69163295">
				<ele>889.69</ele>
				<time>2026-07-26T13:50:30Z</time>
				<extensions>
					<ns3:TrackPointExtension>
						<ns3:speed>2.26</ns3:speed>
						<ns3:cad>83.0</ns3:cad>
						<ns3:hr>150</ns3:hr>
					</ns3:TrackPointExtension>
				</extensions>
			</trkpt>
			<trkpt lat="12.9835486" lon="77.69165361">
				<ele>889.66</ele>
				<time>2026-07-26T13:50:31Z</time>
				<extensions>
					<ns3:TrackPointExtension>
						<ns3:speed>2.27</ns3:speed>
						<ns3:cad>81.0</ns3:cad>
						<ns3:hr>150</ns3:hr>
					</ns3:TrackPointExtension>
				</extensions>
			</trkpt>
			<trkpt lat="12.98354027" lon="77.69167294">
				<ele>889.61</ele>
				<time>2026-07-26T13:50:32Z</time>
				<extensions>
					<ns3:TrackPointExtension>
						<ns3:speed>2.27</ns3:speed>
						<ns3:cad>81.0</ns3:cad>
						<ns3:hr>151</ns3:hr>
					</ns3:TrackPointExtension>
				</extensions>
			</trkpt>
			<trkpt lat="12.98353061" lon="77.69169227">
				<ele>889.56</ele>
				<time>2026-07-26T13:50:33Z</time>
				<extensions>
					<ns3:TrackPointExtension>
						<ns3:speed>2.27</ns3:speed>
						<ns3:cad>81.0</ns3:cad>
						<ns3:hr>149</ns3:hr>
					</ns3:TrackPointExtension>
				</extensions>
			</trkpt>
			<trkpt lat="12.98352195" lon="77.69171193">
				<ele>889.51</ele>
				<time>2026-07-26T13:50:34Z</time>
				<extensions>
					<ns3:TrackPointExtension>
						<ns3:speed>2.27</ns3:speed>
						<ns3:cad>81.0</ns3:cad>
						<ns3:hr>148</ns3:hr>
					</ns3:TrackPointExtension>
				</extensions>
			</trkpt>
			<trkpt lat="12.98351362" lon="77.69173093">
				<ele>889.46</ele>
				<time>2026-07-26T13:50:35Z</time>
				<extensions>
					<ns3:TrackPointExtension>
						<ns3:speed>2.28</ns3:speed>
						<ns3:cad>80.0</ns3:cad>
						<ns3:hr>148</ns3:hr>
					</ns3:TrackPointExtension>
				</extensions>
			</trkpt>
			<trkpt lat="12.98350596" lon="77.69174959">
				<ele>889.41</ele>
				<time>2026-07-26T13:50:36Z</time>
				<extensions>
					<ns3:TrackPointExtension>
						<ns3:speed>2.28</ns3:speed>
						<ns3:cad>80.0</ns3:cad>
						<ns3:hr>149</ns3:hr>
					</ns3:TrackPointExtension>
				</extensions>
			</trkpt>
			<trkpt lat="12.98349797" lon="77.69176858">
				<ele>889.36</ele>
				<time>2026-07-26T13:50:37Z</time>
				<extensions>
					<ns3:TrackPointExtension>
						<ns3:speed>2.27</ns3:speed>
						<ns3:cad>80.0</ns3:cad>
						<ns3:hr>149</ns3:hr>
					</ns3:TrackPointExtension>
				</extensions>
			</trkpt>
			<trkpt lat="12.98348798" lon="77.69178557">
				<ele>889.34</ele>
				<time>2026-07-26T13:50:38Z</time>
				<extensions>
					<ns3:TrackPointExtension>
						<ns3:speed>2.27</ns3:speed>
						<ns3:cad>80.0</ns3:cad>
						<ns3:hr>149</ns3:hr>
					</ns3:TrackPointExtension>
				</extensions>
			</trkpt>
			<trkpt lat="12.98347565" lon="77.69180057">
				<ele>889.31</ele>
				<time>2026-07-26T13:50:39Z</time>
				<extensions>
					<ns3:TrackPointExtension>
						<ns3:speed>2.26</ns3:speed>
						<ns3:cad>80.0</ns3:cad>
						<ns3:hr>150</ns3:hr>
					</ns3:TrackPointExtension>
				</extensions>
			</trkpt>
			<trkpt lat="12.98346199" lon="77.6918139">
				<ele>889.29</ele>
				<time>2026-07-26T13:50:40Z</time>
				<extensions>
					<ns3:TrackPointExtension>
						<ns3:speed>2.26</ns3:speed>
						<ns3:cad>80.0</ns3:cad>
						<ns3:hr>150</ns3:hr>
					</ns3:TrackPointExtension>
				</extensions>
			</trkpt>
			<trkpt lat="12.98344666" lon="77.69182689">
				<ele>889.28</ele>
				<time>2026-07-26T13:50:41Z</time>
				<extensions>
					<ns3:TrackPointExtension>
						<ns3:speed>2.25</ns3:speed>
						<ns3:cad>80.0</ns3:cad>
						<ns3:hr>150</ns3:hr>
					</ns3:TrackPointExtension>
				</extensions>
			</trkpt>
			<trkpt lat="12.98343133" lon="77.69183855">
				<ele>889.26</ele>
				<time>2026-07-26T13:50:42Z</time>
				<extensions>
					<ns3:TrackPointExtension>
						<ns3:speed>2.25</ns3:speed>
						<ns3:cad>80.0</ns3:cad>
						<ns3:hr>150</ns3:hr>
					</ns3:TrackPointExtension>
				</extensions>
			</trkpt>
			<trkpt lat="12.98341467" lon="77.69184754">
				<ele>889.25</ele>
				<time>2026-07-26T13:50:43Z</time>
				<extensions>
					<ns3:TrackPointExtension>
						<ns3:speed>2.24</ns3:speed>
						<ns3:cad>80.0</ns3:cad>
						<ns3:hr>150</ns3:hr>
					</ns3:TrackPointExtension>
				</extensions>
			</trkpt>
			<trkpt lat="12.98339801" lon="77.6918542">
				<ele>889.25</ele>
				<time>2026-07-26T13:50:44Z</time>
				<extensions>
					<ns3:TrackPointExtension>
						<ns3:speed>2.24</ns3:speed>
						<ns3:cad>80.0</ns3:cad>
						<ns3:hr>149</ns3:hr>
					</ns3:TrackPointExtension>
				</extensions>
			</trkpt>
			<trkpt lat="12.98338035" lon="77.69185886">
				<ele>889.24</ele>
				<time>2026-07-26T13:50:45Z</time>
				<extensions>
					<ns3:TrackPointExtension>
						<ns3:speed>2.23</ns3:speed>
						<ns3:cad>80.0</ns3:cad>
						<ns3:hr>150</ns3:hr>
					</ns3:TrackPointExtension>
				</extensions>
			</trkpt>
			<trkpt lat="12.98336202" lon="77.69186252">
				<ele>889.23</ele>
				<time>2026-07-26T13:50:46Z</time>
				<extensions>
					<ns3:TrackPointExtension>
						<ns3:speed>2.22</ns3:speed>
						<ns3:cad>80.0</ns3:cad>
						<ns3:hr>150</ns3:hr>
					</ns3:TrackPointExtension>
				</extensions>
			</trkpt>
			<trkpt lat="12.98334303" lon="77.69186452">
				<ele>889.22</ele>
				<time>2026-07-26T13:50:47Z</time>
				<extensions>
					<ns3:TrackPointExtension>
						<ns3:speed>2.22</ns3:speed>
						<ns3:cad>80.0</ns3:cad>
						<ns3:hr>150</ns3:hr>
					</ns3:TrackPointExtension>
				</extensions>
			</trkpt>
			<trkpt lat="12.98332437" lon="77.69186585">
				<ele>889.22</ele>
				<time>2026-07-26T13:50:48Z</time>
				<extensions>
					<ns3:TrackPointExtension>
						<ns3:speed>2.22</ns3:speed>
						<ns3:cad>80.0</ns3:cad>
						<ns3:hr>151</ns3:hr>
					</ns3:TrackPointExtension>
				</extensions>
			</trkpt>
			<trkpt lat="12.98330571" lon="77.69186651">
				<ele>889.2</ele>
				<time>2026-07-26T13:50:49Z</time>
				<extensions>
					<ns3:TrackPointExtension>
						<ns3:speed>2.22</ns3:speed>
						<ns3:cad>80.0</ns3:cad>
						<ns3:hr>150</ns3:hr>
					</ns3:TrackPointExtension>
				</extensions>
			</trkpt>
			<trkpt lat="12.98328705" lon="77.69186684">
				<ele>889.19</ele>
				<time>2026-07-26T13:50:50Z</time>
				<extensions>
					<ns3:TrackPointExtension>
						<ns3:speed>2.21</ns3:speed>
						<ns3:cad>81.0</ns3:cad>
						<ns3:hr>149</ns3:hr>
					</ns3:TrackPointExtension>
				</extensions>
			</trkpt>
			<trkpt lat="12.98326806" lon="77.69186717">
				<ele>889.18</ele>
				<time>2026-07-26T13:50:51Z</time>
				<extensions>
					<ns3:TrackPointExtension>
						<ns3:speed>2.2</ns3:speed>
						<ns3:cad>81.0</ns3:cad>
						<ns3:hr>149</ns3:hr>
					</ns3:TrackPointExtension>
				</extensions>
			</trkpt>
			<trkpt lat="12.9832494" lon="77.69186684">
				<ele>889.16</ele>
				<time>2026-07-26T13:50:52Z</time>
				<extensions>
					<ns3:TrackPointExtension>
						<ns3:speed>2.18</ns3:speed>
						<ns3:cad>83.0</ns3:cad>
						<ns3:hr>150</ns3:hr>
					</ns3:TrackPointExtension>
				</extensions>
			</trkpt>
			<trkpt lat="12.98323074" lon="77.69186518">
				<ele>889.14</ele>
				<time>2026-07-26T13:50:53Z</time>
				<extensions>
					<ns3:TrackPointExtension>
						<ns3:speed>2.17</ns3:speed>
						<ns3:cad>83.0</ns3:cad>
						<ns3:hr>150</ns3:hr>
					</ns3:TrackPointExtension>
				</extensions>
			</trkpt>
			<trkpt lat="12.98321241" lon="77.69186617">
				<ele>889.13</ele>
				<time>2026-07-26T13:50:54Z</time>
				<extensions>
					<ns3:TrackPointExtension>
						<ns3:speed>2.16</ns3:speed>
						<ns3:cad>83.0</ns3:cad>
						<ns3:hr>151</ns3:hr>
					</ns3:TrackPointExtension>
				</extensions>
			</trkpt>
			<trkpt lat="12.98319508" lon="77.6918685">
				<ele>889.12</ele>
				<time>2026-07-26T13:50:55Z</time>
				<extensions>
					<ns3:TrackPointExtension>
						<ns3:speed>2.16</ns3:speed>
						<ns3:cad>81.0</ns3:cad>
						<ns3:hr>151</ns3:hr>
					</ns3:TrackPointExtension>
				</extensions>
			</trkpt>
			<trkpt lat="12.98318009" lon="77.69187549">
				<ele>889.1</ele>
				<time>2026-07-26T13:50:56Z</time>
				<extensions>
					<ns3:TrackPointExtension>
						<ns3:speed>2.15</ns3:speed>
						<ns3:cad>81.0</ns3:cad>
						<ns3:hr>152</ns3:hr>
					</ns3:TrackPointExtension>
				</extensions>
			</trkpt>
			<trkpt lat="12.98316876" lon="77.69188749">
				<ele>889.09</ele>
				<time>2026-07-26T13:50:57Z</time>
				<extensions>
					<ns3:TrackPointExtension>
						<ns3:speed>2.15</ns3:speed>
						<ns3:cad>81.0</ns3:cad>
						<ns3:hr>152</ns3:hr>
					</ns3:TrackPointExtension>
				</extensions>
			</trkpt>
			<trkpt lat="12.98316043" lon="77.69190348">
				<ele>889.07</ele>
				<time>2026-07-26T13:50:58Z</time>
				<extensions>
					<ns3:TrackPointExtension>
						<ns3:speed>2.13</ns3:speed>
						<ns3:cad>81.0</ns3:cad>
						<ns3:hr>150</ns3:hr>
					</ns3:TrackPointExtension>
				</extensions>
			</trkpt>
			<trkpt lat="12.98315244" lon="77.69192581">
				<ele>889.05</ele>
				<time>2026-07-26T13:50:59Z</time>
				<extensions>
					<ns3:TrackPointExtension>
						<ns3:speed>2.12</ns3:speed>
						<ns3:cad>81.0</ns3:cad>
						<ns3:hr>149</ns3:hr>
					</ns3:TrackPointExtension>
				</extensions>
			</trkpt>
			<trkpt lat="12.98314578" lon="77.69194714">
				<ele>889.03</ele>
				<time>2026-07-26T13:51:00Z</time>
				<extensions>
					<ns3:TrackPointExtension>
						<ns3:speed>2.12</ns3:speed>
						<ns3:cad>81.0</ns3:cad>
						<ns3:hr>149</ns3:hr>
					</ns3:TrackPointExtension>
				</extensions>
			</trkpt>
			<trkpt lat="12.98313945" lon="77.69196747">
				<ele>889.0</ele>
				<time>2026-07-26T13:51:01Z</time>
				<extensions>
					<ns3:TrackPointExtension>
						<ns3:speed>2.12</ns3:speed>
						<ns3:cad>81.0</ns3:cad>
						<ns3:hr>149</ns3:hr>
					</ns3:TrackPointExtension>
				</extensions>
			</trkpt>
			<trkpt lat="12.98313279" lon="77.6919868">
				<ele>888.98</ele>
				<time>2026-07-26T13:51:02Z</time>
				<extensions>
					<ns3:TrackPointExtension>
						<ns3:speed>2.12</ns3:speed>
						<ns3:cad>81.0</ns3:cad>
						<ns3:hr>149</ns3:hr>
					</ns3:TrackPointExtension>
				</extensions>
			</trkpt>
			<trkpt lat="12.98312546" lon="77.69200513">
				<ele>888.96</ele>
				<time>2026-07-26T13:51:03Z</time>
				<extensions>
					<ns3:TrackPointExtension>
						<ns3:speed>2.12</ns3:speed>
						<ns3:cad>81.0</ns3:cad>
						<ns3:hr>150</ns3:hr>
					</ns3:TrackPointExtension>
				</extensions>
			</trkpt>
			<trkpt lat="12.98311647" lon="77.69202213">
				<ele>888.95</ele>
				<time>2026-07-26T13:51:04Z</time>
				<extensions>
					<ns3:TrackPointExtension>
						<ns3:speed>2.12</ns3:speed>
						<ns3:cad>81.0</ns3:cad>
						<ns3:hr>150</ns3:hr>
					</ns3:TrackPointExtension>
				</extensions>
			</trkpt>
			<trkpt lat="12.98310581" lon="77.69203546">
				<ele>888.94</ele>
				<time>2026-07-26T13:51:05Z</time>
				<extensions>
					<ns3:TrackPointExtension>
						<ns3:speed>2.12</ns3:speed>
						<ns3:cad>81.0</ns3:cad>
						<ns3:hr>150</ns3:hr>
					</ns3:TrackPointExtension>
				</extensions>
			</trkpt>
			<trkpt lat="12.98309348" lon="77.69204646">
				<ele>888.93</ele>
				<time>2026-07-26T13:51:06Z</time>
				<extensions>
					<ns3:TrackPointExtension>
						<ns3:speed>2.11</ns3:speed>
						<ns3:cad>81.0</ns3:cad>
						<ns3:hr>150</ns3:hr>
					</ns3:TrackPointExtension>
				</extensions>
			</trkpt>
			<trkpt lat="12.98307915" lon="77.69205679">
				<ele>888.93</ele>
				<time>2026-07-26T13:51:07Z</time>
				<extensions>
					<ns3:TrackPointExtension>
						<ns3:speed>2.1</ns3:speed>
						<ns3:cad>81.0</ns3:cad>
						<ns3:hr>151</ns3:hr>
					</ns3:TrackPointExtension>
				</extensions>
			</trkpt>
			<trkpt lat="12.98306482" lon="77.69206712">
				<ele>888.92</ele>
				<time>2026-07-26T13:51:08Z</time>
				<extensions>
					<ns3:TrackPointExtension>
						<ns3:speed>2.1</ns3:speed>
						<ns3:cad>81.0</ns3:cad>
						<ns3:hr>151</ns3:hr>
					</ns3:TrackPointExtension>
				</extensions>
			</trkpt>
			<trkpt lat="12.98305016" lon="77.69207745">
				<ele>888.92</ele>
				<time>2026-07-26T13:51:09Z</time>
				<extensions>
					<ns3:TrackPointExtension>
						<ns3:speed>2.1</ns3:speed>
						<ns3:cad>81.0</ns3:cad>
						<ns3:hr>150</ns3:hr>
					</ns3:TrackPointExtension>
				</extensions>
			</trkpt>
			<trkpt lat="12.98303517" lon="77.69208678">
				<ele>888.91</ele>
				<time>2026-07-26T13:51:10Z</time>
				<extensions>
					<ns3:TrackPointExtension>
						<ns3:speed>2.08</ns3:speed>
						<ns3:cad>81.0</ns3:cad>
						<ns3:hr>150</ns3:hr>
					</ns3:TrackPointExtension>
				</extensions>
			</trkpt>
			<trkpt lat="12.98301884" lon="77.69209511">
				<ele>888.91</ele>
				<time>2026-07-26T13:51:11Z</time>
				<extensions>
					<ns3:TrackPointExtension>
						<ns3:speed>2.07</ns3:speed>
						<ns3:cad>81.0</ns3:cad>
						<ns3:hr>151</ns3:hr>
					</ns3:TrackPointExtension>
				</extensions>
			</trkpt>
			<trkpt lat="12.98300251" lon="77.69210277">
				<ele>888.9</ele>
				<time>2026-07-26T13:51:12Z</time>
				<extensions>
					<ns3:TrackPointExtension>
						<ns3:speed>2.06</ns3:speed>
						<ns3:cad>81.0</ns3:cad>
						<ns3:hr>152</ns3:hr>
					</ns3:TrackPointExtension>
				</extensions>
			</trkpt>
			<trkpt lat="12.98298618" lon="77.6921121">
				<ele>888.9</ele>
				<time>2026-07-26T13:51:13Z</time>
				<extensions>
					<ns3:TrackPointExtension>
						<ns3:speed>2.06</ns3:speed>
						<ns3:cad>81.0</ns3:cad>
						<ns3:hr>152</ns3:hr>
					</ns3:TrackPointExtension>
				</extensions>
			</trkpt>
			<trkpt lat="12.98296685" lon="77.69211743">
				<ele>888.89</ele>
				<time>2026-07-26T13:51:14Z</time>
				<extensions>
					<ns3:TrackPointExtension>
						<ns3:speed>2.05</ns3:speed>
						<ns3:cad>80.0</ns3:cad>
						<ns3:hr>152</ns3:hr>
					</ns3:TrackPointExtension>
				</extensions>
			</trkpt>
			<trkpt lat="12.98294585" lon="77.69212143">
				<ele>888.89</ele>
				<time>2026-07-26T13:51:15Z</time>
				<extensions>
					<ns3:TrackPointExtension>
						<ns3:speed>2.05</ns3:speed>
						<ns3:cad>80.0</ns3:cad>
						<ns3:hr>151</ns3:hr>
					</ns3:TrackPointExtension>
				</extensions>
			</trkpt>
			<trkpt lat="12.98292619" lon="77.69212609">
				<ele>888.89</ele>
				<time>2026-07-26T13:51:16Z</time>
				<extensions>
					<ns3:TrackPointExtension>
						<ns3:speed>2.05</ns3:speed>
						<ns3:cad>80.0</ns3:cad>
						<ns3:hr>151</ns3:hr>
					</ns3:TrackPointExtension>
				</extensions>
			</trkpt>
			<trkpt lat="12.98290753" lon="77.69213109">
				<ele>888.88</ele>
				<time>2026-07-26T13:51:17Z</time>
				<extensions>
					<ns3:TrackPointExtension>
						<ns3:speed>2.05</ns3:speed>
						<ns3:cad>80.0</ns3:cad>
						<ns3:hr>150</ns3:hr>
					</ns3:TrackPointExtension>
				</extensions>
			</trkpt>
			<trkpt lat="12.9828892" lon="77.69213708">
				<ele>888.88</ele>
				<time>2026-07-26T13:51:18Z</time>
				<extensions>
					<ns3:TrackPointExtension>
						<ns3:speed>2.05</ns3:speed>
						<ns3:cad>80.0</ns3:cad>
						<ns3:hr>149</ns3:hr>
					</ns3:TrackPointExtension>
				</extensions>
			</trkpt>
			<trkpt lat="12.98286987" lon="77.69214474">
				<ele>888.88</ele>
				<time>2026-07-26T13:51:19Z</time>
				<extensions>
					<ns3:TrackPointExtension>
						<ns3:speed>2.05</ns3:speed>
						<ns3:cad>80.0</ns3:cad>
						<ns3:hr>150</ns3:hr>
					</ns3:TrackPointExtension>
				</extensions>
			</trkpt>
			<trkpt lat="12.98285154" lon="77.69215307">
				<ele>888.87</ele>
				<time>2026-07-26T13:51:20Z</time>
				<extensions>
					<ns3:TrackPointExtension>
						<ns3:speed>2.05</ns3:speed>
						<ns3:cad>81.0</ns3:cad>
						<ns3:hr>150</ns3:hr>
					</ns3:TrackPointExtension>
				</extensions>
			</trkpt>
			<trkpt lat="12.98283488" lon="77.69216273">
				<ele>888.87</ele>
				<time>2026-07-26T13:51:21Z</time>
				<extensions>
					<ns3:TrackPointExtension>
						<ns3:speed>2.06</ns3:speed>
						<ns3:cad>81.0</ns3:cad>
						<ns3:hr>150</ns3:hr>
					</ns3:TrackPointExtension>
				</extensions>
			</trkpt>
			<trkpt lat="12.98281955" lon="77.69217339">
				<ele>888.87</ele>
				<time>2026-07-26T13:51:22Z</time>
				<extensions>
					<ns3:TrackPointExtension>
						<ns3:speed>2.06</ns3:speed>
						<ns3:cad>83.0</ns3:cad>
						<ns3:hr>150</ns3:hr>
					</ns3:TrackPointExtension>
				</extensions>
			</trkpt>
			<trkpt lat="12.98280422" lon="77.69218372">
				<ele>888.87</ele>
				<time>2026-07-26T13:51:23Z</time>
				<extensions>
					<ns3:TrackPointExtension>
						<ns3:speed>2.06</ns3:speed>
						<ns3:cad>83.0</ns3:cad>
						<ns3:hr>149</ns3:hr>
					</ns3:TrackPointExtension>
				</extensions>
			</trkpt>
			<trkpt lat="12.98278889" lon="77.69219438">
				<ele>888.87</ele>
				<time>2026-07-26T13:51:24Z</time>
				<extensions>
					<ns3:TrackPointExtension>
						<ns3:speed>2.06</ns3:speed>
						<ns3:cad>81.0</ns3:cad>
						<ns3:hr>149</ns3:hr>
					</ns3:TrackPointExtension>
				</extensions>
			</trkpt>
			<trkpt lat="12.98277389" lon="77.69220704">
				<ele>888.87</ele>
				<time>2026-07-26T13:51:25Z</time>
				<extensions>
					<ns3:TrackPointExtension>
						<ns3:speed>2.06</ns3:speed>
						<ns3:cad>80.0</ns3:cad>
						<ns3:hr>150</ns3:hr>
					</ns3:TrackPointExtension>
				</extensions>
			</trkpt>
			<trkpt lat="12.98276023" lon="77.6922197">
				<ele>888.87</ele>
				<time>2026-07-26T13:51:26Z</time>
				<extensions>
					<ns3:TrackPointExtension>
						<ns3:speed>2.06</ns3:speed>
						<ns3:cad>80.0</ns3:cad>
						<ns3:hr>149</ns3:hr>
					</ns3:TrackPointExtension>
				</extensions>
			</trkpt>
			<trkpt lat="12.98274724" lon="77.69223403">
				<ele>888.87</ele>
				<time>2026-07-26T13:51:27Z</time>
				<extensions>
					<ns3:TrackPointExtension>
						<ns3:speed>2.07</ns3:speed>
						<ns3:cad>80.0</ns3:cad>
						<ns3:hr>149</ns3:hr>
					</ns3:TrackPointExtension>
				</extensions>
			</trkpt>
			<trkpt lat="12.98273491" lon="77.69224936">
				<ele>888.88</ele>
				<time>2026-07-26T13:51:28Z</time>
				<extensions>
					<ns3:TrackPointExtension>
						<ns3:speed>2.07</ns3:speed>
						<ns3:cad>80.0</ns3:cad>
						<ns3:hr>150</ns3:hr>
					</ns3:TrackPointExtension>
				</extensions>
			</trkpt>
			<trkpt lat="12.98272325" lon="77.69226469">
				<ele>888.9</ele>
				<time>2026-07-26T13:51:29Z</time>
				<extensions>
					<ns3:TrackPointExtension>
						<ns3:speed>2.07</ns3:speed>
						<ns3:cad>80.0</ns3:cad>
						<ns3:hr>150</ns3:hr>
					</ns3:TrackPointExtension>
				</extensions>
			</trkpt>
			<trkpt lat="12.98271326" lon="77.69228102">
				<ele>888.91</ele>
				<time>2026-07-26T13:51:30Z</time>
				<extensions>
					<ns3:TrackPointExtension>
						<ns3:speed>2.07</ns3:speed>
						<ns3:cad>80.0</ns3:cad>
						<ns3:hr>151</ns3:hr>
					</ns3:TrackPointExtension>
				</extensions>
			</trkpt>
			<trkpt lat="12.9827036" lon="77.69229835">
				<ele>888.94</ele>
				<time>2026-07-26T13:51:31Z</time>
				<extensions>
					<ns3:TrackPointExtension>
						<ns3:speed>2.07</ns3:speed>
						<ns3:cad>80.0</ns3:cad>
						<ns3:hr>151</ns3:hr>
					</ns3:TrackPointExtension>
				</extensions>
			</trkpt>
			<trkpt lat="12.98269494" lon="77.69231534">
				<ele>888.95</ele>
				<time>2026-07-26T13:51:32Z</time>
				<extensions>
					<ns3:TrackPointExtension>
						<ns3:speed>2.07</ns3:speed>
						<ns3:cad>80.0</ns3:cad>
						<ns3:hr>151</ns3:hr>
					</ns3:TrackPointExtension>
				</extensions>
			</trkpt>
			<trkpt lat="12.98268561" lon="77.69233233">
				<ele>888.97</ele>
				<time>2026-07-26T13:51:33Z</time>
				<extensions>
					<ns3:TrackPointExtension>
						<ns3:speed>2.07</ns3:speed>
						<ns3:cad>81.0</ns3:cad>
						<ns3:hr>151</ns3:hr>
					</ns3:TrackPointExtension>
				</extensions>
			</trkpt>
			<trkpt lat="12.98267495" lon="77.69234899">
				<ele>888.98</ele>
				<time>2026-07-26T13:51:34Z</time>
				<extensions>
					<ns3:TrackPointExtension>
						<ns3:speed>2.07</ns3:speed>
						<ns3:cad>83.0</ns3:cad>
						<ns3:hr>151</ns3:hr>
					</ns3:TrackPointExtension>
				</extensions>
			</trkpt>
			<trkpt lat="12.98266296" lon="77.69236365">
				<ele>889.0</ele>
				<time>2026-07-26T13:51:35Z</time>
				<extensions>
					<ns3:TrackPointExtension>
						<ns3:speed>2.07</ns3:speed>
						<ns3:cad>83.0</ns3:cad>
						<ns3:hr>151</ns3:hr>
					</ns3:TrackPointExtension>
				</extensions>
			</trkpt>
			<trkpt lat="12.98265097" lon="77.69237564">
				<ele>889.01</ele>
				<time>2026-07-26T13:51:36Z</time>
				<extensions>
					<ns3:TrackPointExtension>
						<ns3:speed>2.07</ns3:speed>
						<ns3:cad>84.0</ns3:cad>
						<ns3:hr>150</ns3:hr>
					</ns3:TrackPointExtension>
				</extensions>
			</trkpt>
			<trkpt lat="12.98263731" lon="77.69238564">
				<ele>889.02</ele>
				<time>2026-07-26T13:51:37Z</time>
				<extensions>
					<ns3:TrackPointExtension>
						<ns3:speed>2.07</ns3:speed>
						<ns3:cad>84.0</ns3:cad>
						<ns3:hr>150</ns3:hr>
					</ns3:TrackPointExtension>
				</extensions>
			</trkpt>
			<trkpt lat="12.98262198" lon="77.6923923">
				<ele>889.04</ele>
				<time>2026-07-26T13:51:38Z</time>
				<extensions>
					<ns3:TrackPointExtension>
						<ns3:speed>2.07</ns3:speed>
						<ns3:cad>83.0</ns3:cad>
						<ns3:hr>150</ns3:hr>
					</ns3:TrackPointExtension>
				</extensions>
			</trkpt>
			<trkpt lat="12.98260665" lon="77.6923963">
				<ele>889.05</ele>
				<time>2026-07-26T13:51:39Z</time>
				<extensions>
					<ns3:TrackPointExtension>
						<ns3:speed>2.07</ns3:speed>
						<ns3:cad>81.0</ns3:cad>
						<ns3:hr>151</ns3:hr>
					</ns3:TrackPointExtension>
				</extensions>
			</trkpt>
			<trkpt lat="12.98259032" lon="77.69239829">
				<ele>889.07</ele>
				<time>2026-07-26T13:51:40Z</time>
				<extensions>
					<ns3:TrackPointExtension>
						<ns3:speed>2.05</ns3:speed>
						<ns3:cad>81.0</ns3:cad>
						<ns3:hr>152</ns3:hr>
					</ns3:TrackPointExtension>
				</extensions>
			</trkpt>
			<trkpt lat="12.98257499" lon="77.69239862">
				<ele>889.09</ele>
				<time>2026-07-26T13:51:41Z</time>
				<extensions>
					<ns3:TrackPointExtension>
						<ns3:speed>2.04</ns3:speed>
						<ns3:cad>80.0</ns3:cad>
						<ns3:hr>152</ns3:hr>
					</ns3:TrackPointExtension>
				</extensions>
			</trkpt>
			<trkpt lat="12.98255866" lon="77.69239796">
				<ele>889.11</ele>
				<time>2026-07-26T13:51:42Z</time>
				<extensions>
					<ns3:TrackPointExtension>
						<ns3:speed>2.03</ns3:speed>
						<ns3:cad>80.0</ns3:cad>
						<ns3:hr>152</ns3:hr>
					</ns3:TrackPointExtension>
				</extensions>
			</trkpt>
			<trkpt lat="12.98254233" lon="77.69239895">
				<ele>889.13</ele>
				<time>2026-07-26T13:51:43Z</time>
				<extensions>
					<ns3:TrackPointExtension>
						<ns3:speed>2.01</ns3:speed>
						<ns3:cad>80.0</ns3:cad>
						<ns3:hr>151</ns3:hr>
					</ns3:TrackPointExtension>
				</extensions>
			</trkpt>
			<trkpt lat="12.98252534" lon="77.69240028">
				<ele>889.15</ele>
				<time>2026-07-26T13:51:44Z</time>
				<extensions>
					<ns3:TrackPointExtension>
						<ns3:speed>2.0</ns3:speed>
						<ns3:cad>80.0</ns3:cad>
						<ns3:hr>151</ns3:hr>
					</ns3:TrackPointExtension>
				</extensions>
			</trkpt>
			<trkpt lat="12.98250868" lon="77.69240161">
				<ele>889.18</ele>
				<time>2026-07-26T13:51:45Z</time>
				<extensions>
					<ns3:TrackPointExtension>
						<ns3:speed>1.97</ns3:speed>
						<ns3:cad>80.0</ns3:cad>
						<ns3:hr>151</ns3:hr>
					</ns3:TrackPointExtension>
				</extensions>
			</trkpt>
			<trkpt lat="12.98249235" lon="77.69240394">
				<ele>889.2</ele>
				<time>2026-07-26T13:51:46Z</time>
				<extensions>
					<ns3:TrackPointExtension>
						<ns3:speed>1.95</ns3:speed>
						<ns3:cad>80.0</ns3:cad>
						<ns3:hr>152</ns3:hr>
					</ns3:TrackPointExtension>
				</extensions>
			</trkpt>
			<trkpt lat="12.98247669" lon="77.69240594">
				<ele>889.22</ele>
				<time>2026-07-26T13:51:47Z</time>
				<extensions>
					<ns3:TrackPointExtension>
						<ns3:speed>1.94</ns3:speed>
						<ns3:cad>80.0</ns3:cad>
						<ns3:hr>152</ns3:hr>
					</ns3:TrackPointExtension>
				</extensions>
			</trkpt>
			<trkpt lat="12.98246069" lon="77.6924086">
				<ele>889.24</ele>
				<time>2026-07-26T13:51:48Z</time>
				<extensions>
					<ns3:TrackPointExtension>
						<ns3:speed>1.93</ns3:speed>
						<ns3:cad>80.0</ns3:cad>
						<ns3:hr>152</ns3:hr>
					</ns3:TrackPointExtension>
				</extensions>
			</trkpt>
			<trkpt lat="12.9824437" lon="77.69241093">
				<ele>889.26</ele>
				<time>2026-07-26T13:51:49Z</time>
				<extensions>
					<ns3:TrackPointExtension>
						<ns3:speed>1.92</ns3:speed>
						<ns3:cad>80.0</ns3:cad>
						<ns3:hr>152</ns3:hr>
					</ns3:TrackPointExtension>
				</extensions>
			</trkpt>
			<trkpt lat="12.98242604" lon="77.69241159">
				<ele>889.29</ele>
				<time>2026-07-26T13:51:50Z</time>
				<extensions>
					<ns3:TrackPointExtension>
						<ns3:speed>1.91</ns3:speed>
						<ns3:cad>80.0</ns3:cad>
						<ns3:hr>152</ns3:hr>
					</ns3:TrackPointExtension>
				</extensions>
			</trkpt>
			<trkpt lat="12.98240771" lon="77.6924106">
				<ele>889.31</ele>
				<time>2026-07-26T13:51:51Z</time>
				<extensions>
					<ns3:TrackPointExtension>
						<ns3:speed>1.91</ns3:speed>
						<ns3:cad>80.0</ns3:cad>
						<ns3:hr>151</ns3:hr>
					</ns3:TrackPointExtension>
				</extensions>
			</trkpt>
			<trkpt lat="12.98238971" lon="77.6924066">
				<ele>889.36</ele>
				<time>2026-07-26T13:51:52Z</time>
				<extensions>
					<ns3:TrackPointExtension>
						<ns3:speed>1.91</ns3:speed>
						<ns3:cad>80.0</ns3:cad>
						<ns3:hr>151</ns3:hr>
					</ns3:TrackPointExtension>
				</extensions>
			</trkpt>
			<trkpt lat="12.98237172" lon="77.69240027">
				<ele>889.39</ele>
				<time>2026-07-26T13:51:53Z</time>
				<extensions>
					<ns3:TrackPointExtension>
						<ns3:speed>1.92</ns3:speed>
						<ns3:cad>80.0</ns3:cad>
						<ns3:hr>152</ns3:hr>
					</ns3:TrackPointExtension>
				</extensions>
			</trkpt>
			<trkpt lat="12.98235372" lon="77.69239194">
				<ele>889.41</ele>
				<time>2026-07-26T13:51:54Z</time>
				<extensions>
					<ns3:TrackPointExtension>
						<ns3:speed>1.94</ns3:speed>
						<ns3:cad>80.0</ns3:cad>
						<ns3:hr>153</ns3:hr>
					</ns3:TrackPointExtension>
				</extensions>
			</trkpt>
			<trkpt lat="12.98233673" lon="77.69237995">
				<ele>889.44</ele>
				<time>2026-07-26T13:51:55Z</time>
				<extensions>
					<ns3:TrackPointExtension>
						<ns3:speed>1.96</ns3:speed>
						<ns3:cad>81.0</ns3:cad>
						<ns3:hr>153</ns3:hr>
					</ns3:TrackPointExtension>
				</extensions>
			</trkpt>
			<trkpt lat="12.98232007" lon="77.69236629">
				<ele>889.45</ele>
				<time>2026-07-26T13:51:56Z</time>
				<extensions>
					<ns3:TrackPointExtension>
						<ns3:speed>1.98</ns3:speed>
						<ns3:cad>81.0</ns3:cad>
						<ns3:hr>153</ns3:hr>
					</ns3:TrackPointExtension>
				</extensions>
			</trkpt>
			<trkpt lat="12.98230407" lon="77.69235296">
				<ele>889.47</ele>
				<time>2026-07-26T13:51:57Z</time>
				<extensions>
					<ns3:TrackPointExtension>
						<ns3:speed>2.0</ns3:speed>
						<ns3:cad>83.0</ns3:cad>
						<ns3:hr>152</ns3:hr>
					</ns3:TrackPointExtension>
				</extensions>
			</trkpt>
			<trkpt lat="12.98229041" lon="77.69233863">
				<ele>889.47</ele>
				<time>2026-07-26T13:51:58Z</time>
				<extensions>
					<ns3:TrackPointExtension>
						<ns3:speed>2.02</ns3:speed>
						<ns3:cad>83.0</ns3:cad>
						<ns3:hr>151</ns3:hr>
					</ns3:TrackPointExtension>
				</extensions>
			</trkpt>
			<trkpt lat="12.98227742" lon="77.69232397">
				<ele>889.48</ele>
				<time>2026-07-26T13:51:59Z</time>
				<extensions>
					<ns3:TrackPointExtension>
						<ns3:speed>2.02</ns3:speed>
						<ns3:cad>83.0</ns3:cad>
						<ns3:hr>151</ns3:hr>
					</ns3:TrackPointExtension>
				</extensions>
			</trkpt>
			<trkpt lat="12.98226509" lon="77.69230998">
				<ele>889.48</ele>
				<time>2026-07-26T13:52:00Z</time>
				<extensions>
					<ns3:TrackPointExtension>
						<ns3:hr>151</ns3:hr>
					</ns3:TrackPointExtension>
				</extensions>
			</trkpt>
			<trkpt lat="12.9822531" lon="77.69229565">
				<ele>889.49</ele>
				<time>2026-07-26T13:52:01Z</time>
				<extensions>
					<ns3:TrackPointExtension>
						<ns3:speed>2.02</ns3:speed>
						<ns3:cad>83.0</ns3:cad>
						<ns3:hr>150</ns3:hr>
					</ns3:TrackPointExtension>
				</extensions>
			</trkpt>
			<trkpt lat="12.98224111" lon="77.69228099">
				<ele>889.48</ele>
				<time>2026-07-26T13:52:02Z</time>
				<extensions>
					<ns3:TrackPointExtension>
						<ns3:speed>2.04</ns3:speed>
						<ns3:cad>83.0</ns3:cad>
					</ns3:TrackPointExtension>
				</extensions>
			</trkpt>
			<trkpt lat="12.98222845" lon="77.69226633">
				<ele>889.48</ele>
				<time>2026-07-26T13:52:03Z</time>
				<extensions>
					<ns3:TrackPointExtension>
						<ns3:speed>2.04</ns3:speed>
						<ns3:cad>83.0</ns3:cad>
						<ns3:hr>150</ns3:hr>
					</ns3:TrackPointExtension>
				</extensions>
			</trkpt>
			<trkpt lat="12.98221579" lon="77.69225133">
				<ele>889.47</ele>
				<time>2026-07-26T13:52:04Z</time>
				<extensions>
					<ns3:TrackPointExtension>
						<ns3:speed>2.04</ns3:speed>
						<ns3:cad>81.0</ns3:cad>
						<ns3:hr>151</ns3:hr>
					</ns3:TrackPointExtension>
				</extensions>
			</trkpt>
			<trkpt lat="12.98220346" lon="77.692236">
				<ele>889.45</ele>
				<time>2026-07-26T13:52:05Z</time>
				<extensions>
					<ns3:TrackPointExtension>
						<ns3:speed>2.06</ns3:speed>
						<ns3:cad>81.0</ns3:cad>
						<ns3:hr>150</ns3:hr>
					</ns3:TrackPointExtension>
				</extensions>
			</trkpt>
			<trkpt lat="12.98219147" lon="77.69222034">
				<ele>889.43</ele>
				<time>2026-07-26T13:52:06Z</time>
				<extensions>
					<ns3:TrackPointExtension>
						<ns3:speed>2.07</ns3:speed>
						<ns3:cad>81.0</ns3:cad>
						<ns3:hr>151</ns3:hr>
					</ns3:TrackPointExtension>
				</extensions>
			</trkpt>
			<trkpt lat="12.98217948" lon="77.69220434">
				<ele>889.41</ele>
				<time>2026-07-26T13:52:07Z</time>
				<extensions>
					<ns3:TrackPointExtension>
						<ns3:speed>2.08</ns3:speed>
						<ns3:cad>81.0</ns3:cad>
						<ns3:hr>151</ns3:hr>
					</ns3:TrackPointExtension>
				</extensions>
			</trkpt>
			<trkpt lat="12.98216815" lon="77.69218901">
				<ele>889.39</ele>
				<time>2026-07-26T13:52:08Z</time>
				<extensions>
					<ns3:TrackPointExtension>
						<ns3:speed>2.09</ns3:speed>
						<ns3:cad>81.0</ns3:cad>
						<ns3:hr>151</ns3:hr>
					</ns3:TrackPointExtension>
				</extensions>
			</trkpt>
			<trkpt lat="12.98215682" lon="77.69217235">
				<ele>889.37</ele>
				<time>2026-07-26T13:52:09Z</time>
				<extensions>
					<ns3:TrackPointExtension>
						<ns3:speed>2.09</ns3:speed>
						<ns3:cad>81.0</ns3:cad>
						<ns3:hr>151</ns3:hr>
					</ns3:TrackPointExtension>
				</extensions>
			</trkpt>
			<trkpt lat="12.98214549" lon="77.69215569">
				<ele>889.34</ele>
				<time>2026-07-26T13:52:10Z</time>
				<extensions>
					<ns3:TrackPointExtension>
						<ns3:speed>2.1</ns3:speed>
						<ns3:cad>81.0</ns3:cad>
						<ns3:hr>150</ns3:hr>
					</ns3:TrackPointExtension>
				</extensions>
			</trkpt>
			<trkpt lat="12.98213316" lon="77.69213969">
				<ele>889.32</ele>
				<time>2026-07-26T13:52:11Z</time>
				<extensions>
					<ns3:TrackPointExtension>
						<ns3:speed>2.11</ns3:speed>
						<ns3:cad>83.0</ns3:cad>
						<ns3:hr>150</ns3:hr>
					</ns3:TrackPointExtension>
				</extensions>
			</trkpt>
			<trkpt lat="12.98212117" lon="77.69212436">
				<ele>889.3</ele>
				<time>2026-07-26T13:52:12Z</time>
				<extensions>
					<ns3:TrackPointExtension>
						<ns3:speed>2.12</ns3:speed>
						<ns3:cad>83.0</ns3:cad>
						<ns3:hr>150</ns3:hr>
					</ns3:TrackPointExtension>
				</extensions>
			</trkpt>
			<trkpt lat="12.98210884" lon="77.6921097">
				<ele>889.29</ele>
				<time>2026-07-26T13:52:13Z</time>
				<extensions>
					<ns3:TrackPointExtension>
						<ns3:speed>2.13</ns3:speed>
						<ns3:cad>83.0</ns3:cad>
						<ns3:hr>149</ns3:hr>
					</ns3:TrackPointExtension>
				</extensions>
			</trkpt>
			<trkpt lat="12.98209518" lon="77.69209671">
				<ele>889.29</ele>
				<time>2026-07-26T13:52:14Z</time>
				<extensions>
					<ns3:TrackPointExtension>
						<ns3:speed>2.13</ns3:speed>
						<ns3:cad>83.0</ns3:cad>
						<ns3:hr>148</ns3:hr>
					</ns3:TrackPointExtension>
				</extensions>
			</trkpt>
			<trkpt lat="12.98207985" lon="77.69208438">
				<ele>889.29</ele>
				<time>2026-07-26T13:52:15Z</time>
				<extensions>
					<ns3:TrackPointExtension>
						<ns3:speed>2.12</ns3:speed>
						<ns3:cad>83.0</ns3:cad>
						<ns3:hr>148</ns3:hr>
					</ns3:TrackPointExtension>
				</extensions>
			</trkpt>
			<trkpt lat="12.98206319" lon="77.69207238">
				<ele>889.27</ele>
				<time>2026-07-26T13:52:16Z</time>
				<extensions>
					<ns3:TrackPointExtension>
						<ns3:speed>2.12</ns3:speed>
						<ns3:cad>81.0</ns3:cad>
						<ns3:hr>148</ns3:hr>
					</ns3:TrackPointExtension>
				</extensions>
			</trkpt>
			<trkpt lat="12.98204719" lon="77.69205905">
				<ele>889.26</ele>
				<time>2026-07-26T13:52:17Z</time>
				<extensions>
					<ns3:TrackPointExtension>
						<ns3:speed>2.12</ns3:speed>
						<ns3:cad>80.0</ns3:cad>
						<ns3:hr>149</ns3:hr>
					</ns3:TrackPointExtension>
				</extensions>
			</trkpt>
			<trkpt lat="12.98203553" lon="77.69204305">
				<ele>889.25</ele>
				<time>2026-07-26T13:52:18Z</time>
				<extensions>
					<ns3:TrackPointExtension>
						<ns3:speed>2.12</ns3:speed>
						<ns3:cad>80.0</ns3:cad>
						<ns3:hr>149</ns3:hr>
					</ns3:TrackPointExtension>
				</extensions>
			</trkpt>
			<trkpt lat="12.9820282" lon="77.69202606">
				<ele>889.25</ele>
				<time>2026-07-26T13:52:19Z</time>
				<extensions>
					<ns3:TrackPointExtension>
						<ns3:speed>2.12</ns3:speed>
						<ns3:cad>80.0</ns3:cad>
						<ns3:hr>150</ns3:hr>
					</ns3:TrackPointExtension>
				</extensions>
			</trkpt>
			<trkpt lat="12.98202354" lon="77.69200807">
				<ele>889.23</ele>
				<time>2026-07-26T13:52:20Z</time>
				<extensions>
					<ns3:TrackPointExtension>
						<ns3:speed>2.12</ns3:speed>
						<ns3:cad>80.0</ns3:cad>
						<ns3:hr>150</ns3:hr>
					</ns3:TrackPointExtension>
				</extensions>
			</trkpt>
			<trkpt lat="12.98202254" lon="77.69198841">
				<ele>889.21</ele>
				<time>2026-07-26T13:52:21Z</time>
				<extensions>
					<ns3:TrackPointExtension>
						<ns3:speed>2.12</ns3:speed>
						<ns3:cad>81.0</ns3:cad>
						<ns3:hr>150</ns3:hr>
					</ns3:TrackPointExtension>
				</extensions>
			</trkpt>
			<trkpt lat="12.9820242" lon="77.69196875">
				<ele>889.18</ele>
				<time>2026-07-26T13:52:22Z</time>
				<extensions>
					<ns3:TrackPointExtension>
						<ns3:speed>2.12</ns3:speed>
						<ns3:cad>81.0</ns3:cad>
						<ns3:hr>150</ns3:hr>
					</ns3:TrackPointExtension>
				</extensions>
			</trkpt>
			<trkpt lat="12.9820272" lon="77.69194875">
				<ele>889.15</ele>
				<time>2026-07-26T13:52:23Z</time>
				<extensions>
					<ns3:TrackPointExtension>
						<ns3:speed>2.12</ns3:speed>
						<ns3:cad>83.0</ns3:cad>
						<ns3:hr>150</ns3:hr>
					</ns3:TrackPointExtension>
				</extensions>
			</trkpt>
			<trkpt lat="12.98203219" lon="77.69192709">
				<ele>889.12</ele>
				<time>2026-07-26T13:52:24Z</time>
				<extensions>
					<ns3:TrackPointExtension>
						<ns3:speed>2.12</ns3:speed>
						<ns3:cad>83.0</ns3:cad>
						<ns3:hr>149</ns3:hr>
					</ns3:TrackPointExtension>
				</extensions>
			</trkpt>
			<trkpt lat="12.98203752" lon="77.69190509">
				<ele>889.06</ele>
				<time>2026-07-26T13:52:25Z</time>
				<extensions>
					<ns3:TrackPointExtension>
						<ns3:speed>2.12</ns3:speed>
						<ns3:cad>83.0</ns3:cad>
						<ns3:hr>149</ns3:hr>
					</ns3:TrackPointExtension>
				</extensions>
			</trkpt>
			<trkpt lat="12.98204252" lon="77.69188476">
				<ele>889.0</ele>
				<time>2026-07-26T13:52:26Z</time>
				<extensions>
					<ns3:TrackPointExtension>
						<ns3:speed>2.12</ns3:speed>
						<ns3:cad>83.0</ns3:cad>
						<ns3:hr>150</ns3:hr>
					</ns3:TrackPointExtension>
				</extensions>
			</trkpt>
			<trkpt lat="12.98204751" lon="77.69186443">
				<ele>888.93</ele>
				<time>2026-07-26T13:52:27Z</time>
				<extensions>
					<ns3:TrackPointExtension>
						<ns3:speed>2.12</ns3:speed>
						<ns3:cad>81.0</ns3:cad>
						<ns3:hr>150</ns3:hr>
					</ns3:TrackPointExtension>
				</extensions>
			</trkpt>
			<trkpt lat="12.98205317" lon="77.69184443">
				<ele>888.85</ele>
				<time>2026-07-26T13:52:28Z</time>
				<extensions>
					<ns3:TrackPointExtension>
						<ns3:speed>2.12</ns3:speed>
						<ns3:cad>81.0</ns3:cad>
						<ns3:hr>150</ns3:hr>
					</ns3:TrackPointExtension>
				</extensions>
			</trkpt>
			<trkpt lat="12.98205783" lon="77.69182443">
				<ele>888.78</ele>
				<time>2026-07-26T13:52:29Z</time>
				<extensions>
					<ns3:TrackPointExtension>
						<ns3:speed>2.12</ns3:speed>
						<ns3:cad>80.0</ns3:cad>
						<ns3:hr>151</ns3:hr>
					</ns3:TrackPointExtension>
				</extensions>
			</trkpt>
			<trkpt lat="12.98206249" lon="77.6918041">
				<ele>888.68</ele>
				<time>2026-07-26T13:52:30Z</time>
				<extensions>
					<ns3:TrackPointExtension>
						<ns3:speed>2.13</ns3:speed>
						<ns3:cad>79.0</ns3:cad>
						<ns3:hr>151</ns3:hr>
					</ns3:TrackPointExtension>
				</extensions>
			</trkpt>
			<trkpt lat="12.98206815" lon="77.6917841">
				<ele>888.61</ele>
				<time>2026-07-26T13:52:31Z</time>
				<extensions>
					<ns3:TrackPointExtension>
						<ns3:speed>2.13</ns3:speed>
						<ns3:cad>78.0</ns3:cad>
						<ns3:hr>152</ns3:hr>
					</ns3:TrackPointExtension>
				</extensions>
			</trkpt>
			<trkpt lat="12.98207348" lon="77.69176411">
				<ele>888.54</ele>
				<time>2026-07-26T13:52:32Z</time>
				<extensions>
					<ns3:TrackPointExtension>
						<ns3:speed>2.13</ns3:speed>
						<ns3:cad>78.0</ns3:cad>
						<ns3:hr>151</ns3:hr>
					</ns3:TrackPointExtension>
				</extensions>
			</trkpt>
			<trkpt lat="12.98207814" lon="77.69174278">
				<ele>888.49</ele>
				<time>2026-07-26T13:52:33Z</time>
				<extensions>
					<ns3:TrackPointExtension>
						<ns3:speed>2.14</ns3:speed>
						<ns3:cad>79.0</ns3:cad>
						<ns3:hr>151</ns3:hr>
					</ns3:TrackPointExtension>
				</extensions>
			</trkpt>
			<trkpt lat="12.9820848" lon="77.69172278">
				<ele>888.45</ele>
				<time>2026-07-26T13:52:34Z</time>
				<extensions>
					<ns3:TrackPointExtension>
						<ns3:speed>2.15</ns3:speed>
						<ns3:cad>79.0</ns3:cad>
						<ns3:hr>152</ns3:hr>
					</ns3:TrackPointExtension>
				</extensions>
			</trkpt>
			<trkpt lat="12.98209213" lon="77.69170345">
				<ele>888.42</ele>
				<time>2026-07-26T13:52:35Z</time>
				<extensions>
					<ns3:TrackPointExtension>
						<ns3:speed>2.15</ns3:speed>
						<ns3:cad>80.0</ns3:cad>
						<ns3:hr>152</ns3:hr>
					</ns3:TrackPointExtension>
				</extensions>
			</trkpt>
			<trkpt lat="12.98209979" lon="77.69168379">
				<ele>888.42</ele>
				<time>2026-07-26T13:52:36Z</time>
				<extensions>
					<ns3:TrackPointExtension>
						<ns3:speed>2.16</ns3:speed>
						<ns3:cad>80.0</ns3:cad>
						<ns3:hr>153</ns3:hr>
					</ns3:TrackPointExtension>
				</extensions>
			</trkpt>
			<trkpt lat="12.98210845" lon="77.69166446">
				<ele>888.43</ele>
				<time>2026-07-26T13:52:37Z</time>
				<extensions>
					<ns3:TrackPointExtension>
						<ns3:speed>2.16</ns3:speed>
						<ns3:cad>81.0</ns3:cad>
						<ns3:hr>154</ns3:hr>
					</ns3:TrackPointExtension>
				</extensions>
			</trkpt>
			<trkpt lat="12.98211711" lon="77.6916448">
				<ele>888.45</ele>
				<time>2026-07-26T13:52:38Z</time>
				<extensions>
					<ns3:TrackPointExtension>
						<ns3:speed>2.17</ns3:speed>
						<ns3:cad>80.0</ns3:cad>
						<ns3:hr>154</ns3:hr>
					</ns3:TrackPointExtension>
				</extensions>
			</trkpt>
			<trkpt lat="12.9821261" lon="77.69162747">
				<ele>888.48</ele>
				<time>2026-07-26T13:52:39Z</time>
				<extensions>
					<ns3:TrackPointExtension>
						<ns3:speed>2.17</ns3:speed>
						<ns3:cad>80.0</ns3:cad>
						<ns3:hr>154</ns3:hr>
					</ns3:TrackPointExtension>
				</extensions>
			</trkpt>
			<trkpt lat="12.98213576" lon="77.69161214">
				<ele>888.51</ele>
				<time>2026-07-26T13:52:40Z</time>
				<extensions>
					<ns3:TrackPointExtension>
						<ns3:speed>2.18</ns3:speed>
						<ns3:cad>80.0</ns3:cad>
						<ns3:hr>153</ns3:hr>
					</ns3:TrackPointExtension>
				</extensions>
			</trkpt>
			<trkpt lat="12.98214009" lon="77.69159881">
				<ele>888.53</ele>
				<time>2026-07-26T13:52:41Z</time>
				<extensions>
					<ns3:TrackPointExtension>
						<ns3:speed>2.18</ns3:speed>
						<ns3:cad>80.0</ns3:cad>
						<ns3:hr>153</ns3:hr>
					</ns3:TrackPointExtension>
				</extensions>
			</trkpt>
			<trkpt lat="12.98214475" lon="77.69158315">
				<ele>888.57</ele>
				<time>2026-07-26T13:52:42Z</time>
				<extensions>
					<ns3:TrackPointExtension>
						<ns3:speed>2.18</ns3:speed>
						<ns3:cad>80.0</ns3:cad>
						<ns3:hr>153</ns3:hr>
					</ns3:TrackPointExtension>
				</extensions>
			</trkpt>
			<trkpt lat="12.98214342" lon="77.69156415">
				<ele>888.6</ele>
				<time>2026-07-26T13:52:43Z</time>
				<extensions>
					<ns3:TrackPointExtension>
						<ns3:speed>2.18</ns3:speed>
						<ns3:cad>80.0</ns3:cad>
						<ns3:hr>153</ns3:hr>
					</ns3:TrackPointExtension>
				</extensions>
			</trkpt>
			<trkpt lat="12.98214375" lon="77.69154349">
				<ele>888.65</ele>
				<time>2026-07-26T13:52:44Z</time>
				<extensions>
					<ns3:TrackPointExtension>
						<ns3:speed>2.18</ns3:speed>
						<ns3:cad>80.0</ns3:cad>
						<ns3:hr>153</ns3:hr>
					</ns3:TrackPointExtension>
				</extensions>
			</trkpt>
			<trkpt lat="12.98214242" lon="77.69152183">
				<ele>888.69</ele>
				<time>2026-07-26T13:52:45Z</time>
				<extensions>
					<ns3:TrackPointExtension>
						<ns3:speed>2.18</ns3:speed>
						<ns3:cad>80.0</ns3:cad>
						<ns3:hr>154</ns3:hr>
					</ns3:TrackPointExtension>
				</extensions>
			</trkpt>
			<trkpt lat="12.98213542" lon="77.69150017">
				<ele>888.74</ele>
				<time>2026-07-26T13:52:46Z</time>
				<extensions>
					<ns3:TrackPointExtension>
						<ns3:speed>2.18</ns3:speed>
						<ns3:cad>80.0</ns3:cad>
						<ns3:hr>155</ns3:hr>
					</ns3:TrackPointExtension>
				</extensions>
			</trkpt>
			<trkpt lat="12.98211976" lon="77.69147784">
				<ele>888.83</ele>
				<time>2026-07-26T13:52:47Z</time>
				<extensions>
					<ns3:TrackPointExtension>
						<ns3:speed>2.18</ns3:speed>
						<ns3:cad>80.0</ns3:cad>
						<ns3:hr>154</ns3:hr>
					</ns3:TrackPointExtension>
				</extensions>
			</trkpt>
			<trkpt lat="12.98209577" lon="77.69145718">
				<ele>888.94</ele>
				<time>2026-07-26T13:52:48Z</time>
				<extensions>
					<ns3:TrackPointExtension>
						<ns3:speed>2.17</ns3:speed>
						<ns3:cad>81.0</ns3:cad>
						<ns3:hr>155</ns3:hr>
					</ns3:TrackPointExtension>
				</extensions>
			</trkpt>
			<trkpt lat="12.98207211" lon="77.69143919">
				<ele>889.03</ele>
				<time>2026-07-26T13:52:49Z</time>
				<extensions>
					<ns3:TrackPointExtension>
						<ns3:speed>2.18</ns3:speed>
						<ns3:cad>81.0</ns3:cad>
						<ns3:hr>154</ns3:hr>
					</ns3:TrackPointExtension>
				</extensions>
			</trkpt>
			<trkpt lat="12.98204845" lon="77.69142586">
				<ele>889.09</ele>
				<time>2026-07-26T13:52:50Z</time>
				<extensions>
					<ns3:TrackPointExtension>
						<ns3:speed>2.18</ns3:speed>
						<ns3:cad>83.0</ns3:cad>
						<ns3:hr>153</ns3:hr>
					</ns3:TrackPointExtension>
				</extensions>
			</trkpt>
			<trkpt lat="12.98202712" lon="77.69141653">
				<ele>889.13</ele>
				<time>2026-07-26T13:52:51Z</time>
				<extensions>
					<ns3:TrackPointExtension>
						<ns3:speed>2.18</ns3:speed>
						<ns3:cad>83.0</ns3:cad>
						<ns3:hr>153</ns3:hr>
					</ns3:TrackPointExtension>
				</extensions>
			</trkpt>
			<trkpt lat="12.98200546" lon="77.69140954">
				<ele>889.15</ele>
				<time>2026-07-26T13:52:52Z</time>
				<extensions>
					<ns3:TrackPointExtension>
						<ns3:speed>2.18</ns3:speed>
						<ns3:cad>83.0</ns3:cad>
						<ns3:hr>153</ns3:hr>
					</ns3:TrackPointExtension>
				</extensions>
			</trkpt>
			<trkpt lat="12.9819848" lon="77.69140288">
				<ele>889.15</ele>
				<time>2026-07-26T13:52:53Z</time>
				<extensions>
					<ns3:TrackPointExtension>
						<ns3:speed>2.18</ns3:speed>
						<ns3:cad>83.0</ns3:cad>
						<ns3:hr>154</ns3:hr>
					</ns3:TrackPointExtension>
				</extensions>
			</trkpt>
			<trkpt lat="12.98196414" lon="77.69139555">
				<ele>889.14</ele>
				<time>2026-07-26T13:52:54Z</time>
				<extensions>
					<ns3:TrackPointExtension>
						<ns3:speed>2.18</ns3:speed>
						<ns3:cad>83.0</ns3:cad>
						<ns3:hr>155</ns3:hr>
					</ns3:TrackPointExtension>
				</extensions>
			</trkpt>
			<trkpt lat="12.98194448" lon="77.69138555">
				<ele>889.12</ele>
				<time>2026-07-26T13:52:55Z</time>
				<extensions>
					<ns3:TrackPointExtension>
						<ns3:speed>2.19</ns3:speed>
						<ns3:cad>81.0</ns3:cad>
						<ns3:hr>155</ns3:hr>
					</ns3:TrackPointExtension>
				</extensions>
			</trkpt>
			<trkpt lat="12.98192582" lon="77.69137322">
				<ele>889.08</ele>
				<time>2026-07-26T13:52:56Z</time>
				<extensions>
					<ns3:TrackPointExtension>
						<ns3:speed>2.19</ns3:speed>
						<ns3:cad>81.0</ns3:cad>
						<ns3:hr>155</ns3:hr>
					</ns3:TrackPointExtension>
				</extensions>
			</trkpt>
			<trkpt lat="12.98191016" lon="77.69135823">
				<ele>889.05</ele>
				<time>2026-07-26T13:52:57Z</time>
				<extensions>
					<ns3:TrackPointExtension>
						<ns3:speed>2.2</ns3:speed>
						<ns3:cad>81.0</ns3:cad>
						<ns3:hr>155</ns3:hr>
					</ns3:TrackPointExtension>
				</extensions>
			</trkpt>
			<trkpt lat="12.98189883" lon="77.69134124">
				<ele>888.99</ele>
				<time>2026-07-26T13:52:58Z</time>
				<extensions>
					<ns3:TrackPointExtension>
						<ns3:speed>2.2</ns3:speed>
						<ns3:cad>80.0</ns3:cad>
						<ns3:hr>154</ns3:hr>
					</ns3:TrackPointExtension>
				</extensions>
			</trkpt>
			<trkpt lat="12.9818905" lon="77.69132258">
				<ele>888.93</ele>
				<time>2026-07-26T13:52:59Z</time>
				<extensions>
					<ns3:TrackPointExtension>
						<ns3:speed>2.21</ns3:speed>
						<ns3:cad>80.0</ns3:cad>
						<ns3:hr>154</ns3:hr>
					</ns3:TrackPointExtension>
				</extensions>
			</trkpt>
			<trkpt lat="12.98188584" lon="77.69130259">
				<ele>888.86</ele>
				<time>2026-07-26T13:53:00Z</time>
				<extensions>
					<ns3:TrackPointExtension>
						<ns3:speed>2.21</ns3:speed>
						<ns3:cad>80.0</ns3:cad>
						<ns3:hr>154</ns3:hr>
					</ns3:TrackPointExtension>
				</extensions>
			</trkpt>
			<trkpt lat="12.98188418" lon="77.69128259">
				<ele>888.79</ele>
				<time>2026-07-26T13:53:01Z</time>
				<extensions>
					<ns3:TrackPointExtension>
						<ns3:speed>2.21</ns3:speed>
						<ns3:cad>80.0</ns3:cad>
						<ns3:hr>155</ns3:hr>
					</ns3:TrackPointExtension>
				</extensions>
			</trkpt>
			<trkpt lat="12.98188651" lon="77.69126193">
				<ele>888.71</ele>
				<time>2026-07-26T13:53:02Z</time>
				<extensions>
					<ns3:TrackPointExtension>
						<ns3:speed>2.21</ns3:speed>
						<ns3:cad>80.0</ns3:cad>
						<ns3:hr>155</ns3:hr>
					</ns3:TrackPointExtension>
				</extensions>
			</trkpt>
			<trkpt lat="12.98189117" lon="77.6912416">
				<ele>888.62</ele>
				<time>2026-07-26T13:53:03Z</time>
				<extensions>
					<ns3:TrackPointExtension>
						<ns3:speed>2.21</ns3:speed>
						<ns3:cad>80.0</ns3:cad>
						<ns3:hr>155</ns3:hr>
					</ns3:TrackPointExtension>
				</extensions>
			</trkpt>
			<trkpt lat="12.98189583" lon="77.69122127">
				<ele>888.53</ele>
				<time>2026-07-26T13:53:04Z</time>
				<extensions>
					<ns3:TrackPointExtension>
						<ns3:speed>2.22</ns3:speed>
						<ns3:cad>80.0</ns3:cad>
						<ns3:hr>156</ns3:hr>
					</ns3:TrackPointExtension>
				</extensions>
			</trkpt>
			<trkpt lat="12.98190216" lon="77.69120128">
				<ele>888.45</ele>
				<time>2026-07-26T13:53:05Z</time>
				<extensions>
					<ns3:TrackPointExtension>
						<ns3:speed>2.23</ns3:speed>
						<ns3:cad>80.0</ns3:cad>
						<ns3:hr>156</ns3:hr>
					</ns3:TrackPointExtension>
				</extensions>
			</trkpt>
			<trkpt lat="12.98190916" lon="77.69118062">
				<ele>888.38</ele>
				<time>2026-07-26T13:53:06Z</time>
				<extensions>
					<ns3:TrackPointExtension>
						<ns3:speed>2.23</ns3:speed>
						<ns3:cad>80.0</ns3:cad>
						<ns3:hr>157</ns3:hr>
					</ns3:TrackPointExtension>
				</extensions>
			</trkpt>
			<trkpt lat="12.98191749" lon="77.69115996">
				<ele>888.31</ele>
				<time>2026-07-26T13:53:07Z</time>
				<extensions>
					<ns3:TrackPointExtension>
						<ns3:speed>2.24</ns3:speed>
						<ns3:cad>81.0</ns3:cad>
						<ns3:hr>157</ns3:hr>
					</ns3:TrackPointExtension>
				</extensions>
			</trkpt>
			<trkpt lat="12.98192582" lon="77.69113963">
				<ele>888.25</ele>
				<time>2026-07-26T13:53:08Z</time>
				<extensions>
					<ns3:TrackPointExtension>
						<ns3:speed>2.25</ns3:speed>
						<ns3:cad>81.0</ns3:cad>
						<ns3:hr>157</ns3:hr>
					</ns3:TrackPointExtension>
				</extensions>
			</trkpt>
			<trkpt lat="12.98193348" lon="77.69111963">
				<ele>888.2</ele>
				<time>2026-07-26T13:53:09Z</time>
				<extensions>
					<ns3:TrackPointExtension>
						<ns3:speed>2.26</ns3:speed>
						<ns3:cad>81.0</ns3:cad>
						<ns3:hr>158</ns3:hr>
					</ns3:TrackPointExtension>
				</extensions>
			</trkpt>
			<trkpt lat="12.98194048" lon="77.69109964">
				<ele>888.15</ele>
				<time>2026-07-26T13:53:10Z</time>
				<extensions>
					<ns3:TrackPointExtension>
						<ns3:speed>2.26</ns3:speed>
						<ns3:cad>81.0</ns3:cad>
						<ns3:hr>158</ns3:hr>
					</ns3:TrackPointExtension>
				</extensions>
			</trkpt>
			<trkpt lat="12.98194847" lon="77.69107898">
				<ele>888.14</ele>
				<time>2026-07-26T13:53:11Z</time>
				<extensions>
					<ns3:TrackPointExtension>
						<ns3:speed>2.26</ns3:speed>
						<ns3:cad>83.0</ns3:cad>
						<ns3:hr>158</ns3:hr>
					</ns3:TrackPointExtension>
				</extensions>
			</trkpt>
			<trkpt lat="12.98195646" lon="77.69105832">
				<ele>888.14</ele>
				<time>2026-07-26T13:53:12Z</time>
				<extensions>
					<ns3:TrackPointExtension>
						<ns3:speed>2.26</ns3:speed>
						<ns3:cad>83.0</ns3:cad>
						<ns3:hr>158</ns3:hr>
					</ns3:TrackPointExtension>
				</extensions>
			</trkpt>
			<trkpt lat="12.98196446" lon="77.69103733">
				<ele>888.14</ele>
				<time>2026-07-26T13:53:13Z</time>
				<extensions>
					<ns3:TrackPointExtension>
						<ns3:speed>2.26</ns3:speed>
						<ns3:cad>81.0</ns3:cad>
						<ns3:hr>159</ns3:hr>
					</ns3:TrackPointExtension>
				</extensions>
			</trkpt>
			<trkpt lat="12.98197212" lon="77.69101667">
				<ele>888.19</ele>
				<time>2026-07-26T13:53:14Z</time>
				<extensions>
					<ns3:TrackPointExtension>
						<ns3:speed>2.26</ns3:speed>
						<ns3:cad>81.0</ns3:cad>
						<ns3:hr>159</ns3:hr>
					</ns3:TrackPointExtension>
				</extensions>
			</trkpt>
			<trkpt lat="12.98197912" lon="77.69099667">
				<ele>888.22</ele>
				<time>2026-07-26T13:53:15Z</time>
				<extensions>
					<ns3:TrackPointExtension>
						<ns3:speed>2.27</ns3:speed>
						<ns3:cad>80.0</ns3:cad>
						<ns3:hr>158</ns3:hr>
					</ns3:TrackPointExtension>
				</extensions>
			</trkpt>
			<trkpt lat="12.98198678" lon="77.69097634">
				<ele>888.23</ele>
				<time>2026-07-26T13:53:16Z</time>
				<extensions>
					<ns3:TrackPointExtension>
						<ns3:speed>2.27</ns3:speed>
						<ns3:cad>80.0</ns3:cad>
						<ns3:hr>157</ns3:hr>
					</ns3:TrackPointExtension>
				</extensions>
			</trkpt>
			<trkpt lat="12.98199411" lon="77.69095701">
				<ele>888.25</ele>
				<time>2026-07-26T13:53:17Z</time>
				<extensions>
					<ns3:TrackPointExtension>
						<ns3:speed>2.27</ns3:speed>
						<ns3:cad>80.0</ns3:cad>
						<ns3:hr>157</ns3:hr>
					</ns3:TrackPointExtension>
				</extensions>
			</trkpt>
			<trkpt lat="12.98200077" lon="77.69093802">
				<ele>888.27</ele>
				<time>2026-07-26T13:53:18Z</time>
				<extensions>
					<ns3:TrackPointExtension>
						<ns3:speed>2.26</ns3:speed>
						<ns3:cad>80.0</ns3:cad>
						<ns3:hr>157</ns3:hr>
					</ns3:TrackPointExtension>
				</extensions>
			</trkpt>
			<trkpt lat="12.9820071" lon="77.69091869">
				<ele>888.27</ele>
				<time>2026-07-26T13:53:19Z</time>
				<extensions>
					<ns3:TrackPointExtension>
						<ns3:speed>2.26</ns3:speed>
						<ns3:cad>80.0</ns3:cad>
						<ns3:hr>157</ns3:hr>
					</ns3:TrackPointExtension>
				</extensions>
			</trkpt>
			<trkpt lat="12.98201276" lon="77.6908987">
				<ele>888.27</ele>
				<time>2026-07-26T13:53:20Z</time>
				<extensions>
					<ns3:TrackPointExtension>
						<ns3:speed>2.26</ns3:speed>
						<ns3:cad>80.0</ns3:cad>
						<ns3:hr>157</ns3:hr>
					</ns3:TrackPointExtension>
				</extensions>
			</trkpt>
			<trkpt lat="12.98201709" lon="77.69087837">
				<ele>888.26</ele>
				<time>2026-07-26T13:53:21Z</time>
				<extensions>
					<ns3:TrackPointExtension>
						<ns3:speed>2.26</ns3:speed>
						<ns3:cad>80.0</ns3:cad>
						<ns3:hr>157</ns3:hr>
					</ns3:TrackPointExtension>
				</extensions>
			</trkpt>
			<trkpt lat="12.98202008" lon="77.69085738">
				<ele>888.26</ele>
				<time>2026-07-26T13:53:22Z</time>
				<extensions>
					<ns3:TrackPointExtension>
						<ns3:speed>2.25</ns3:speed>
						<ns3:cad>80.0</ns3:cad>
						<ns3:hr>157</ns3:hr>
					</ns3:TrackPointExtension>
				</extensions>
			</trkpt>
			<trkpt lat="12.98202407" lon="77.69083705">
				<ele>888.24</ele>
				<time>2026-07-26T13:53:23Z</time>
				<extensions>
					<ns3:TrackPointExtension>
						<ns3:speed>2.25</ns3:speed>
						<ns3:cad>80.0</ns3:cad>
						<ns3:hr>156</ns3:hr>
					</ns3:TrackPointExtension>
				</extensions>
			</trkpt>
			<trkpt lat="12.9820284" lon="77.69081739">
				<ele>888.23</ele>
				<time>2026-07-26T13:53:24Z</time>
				<extensions>
					<ns3:TrackPointExtension>
						<ns3:speed>2.25</ns3:speed>
						<ns3:cad>80.0</ns3:cad>
						<ns3:hr>157</ns3:hr>
					</ns3:TrackPointExtension>
				</extensions>
			</trkpt>
			<trkpt lat="12.98203306" lon="77.69079773">
				<ele>888.23</ele>
				<time>2026-07-26T13:53:25Z</time>
				<extensions>
					<ns3:TrackPointExtension>
						<ns3:hr>158</ns3:hr>
					</ns3:TrackPointExtension>
				</extensions>
			</trkpt>
			<trkpt lat="12.98203772" lon="77.69077773">
				<ele>888.21</ele>
				<time>2026-07-26T13:53:26Z</time>
				<extensions>
					<ns3:TrackPointExtension>
						<ns3:speed>2.24</ns3:speed>
						<ns3:cad>80.0</ns3:cad>
					</ns3:TrackPointExtension>
				</extensions>
			</trkpt>
			<trkpt lat="12.98204271" lon="77.69075774">
				<ele>888.19</ele>
				<time>2026-07-26T13:53:27Z</time>
				<extensions>
					<ns3:TrackPointExtension>
						<ns3:speed>2.23</ns3:speed>
						<ns3:cad>81.0</ns3:cad>
						<ns3:hr>158</ns3:hr>
					</ns3:TrackPointExtension>
				</extensions>
			</trkpt>
			<trkpt lat="12.98204671" lon="77.69073841">
				<ele>888.17</ele>
				<time>2026-07-26T13:53:28Z</time>
				<extensions>
					<ns3:TrackPointExtension>
						<ns3:speed>2.23</ns3:speed>
						<ns3:cad>83.0</ns3:cad>
						<ns3:hr>158</ns3:hr>
					</ns3:TrackPointExtension>
				</extensions>
			</trkpt>
			<trkpt lat="12.98205137" lon="77.69071942">
				<ele>888.15</ele>
				<time>2026-07-26T13:53:29Z</time>
				<extensions>
					<ns3:TrackPointExtension>
						<ns3:speed>2.22</ns3:speed>
						<ns3:cad>84.0</ns3:cad>
						<ns3:hr>158</ns3:hr>
					</ns3:TrackPointExtension>
				</extensions>
			</trkpt>
			<trkpt lat="12.98205603" lon="77.69070009">
				<ele>888.13</ele>
				<time>2026-07-26T13:53:30Z</time>
				<extensions>
					<ns3:TrackPointExtension>
						<ns3:speed>2.21</ns3:speed>
						<ns3:cad>84.0</ns3:cad>
						<ns3:hr>158</ns3:hr>
					</ns3:TrackPointExtension>
				</extensions>
			</trkpt>
			<trkpt lat="12.98206102" lon="77.69068043">
				<ele>888.13</ele>
				<time>2026-07-26T13:53:31Z</time>
				<extensions>
					<ns3:TrackPointExtension>
						<ns3:speed>2.2</ns3:speed>
						<ns3:cad>84.0</ns3:cad>
						<ns3:hr>158</ns3:hr>
					</ns3:TrackPointExtension>
				</extensions>
			</trkpt>
			<trkpt lat="12.98206568" lon="77.69066144">
				<ele>888.11</ele>
				<time>2026-07-26T13:53:32Z</time>
				<extensions>
					<ns3:TrackPointExtension>
						<ns3:speed>2.19</ns3:speed>
						<ns3:cad>83.0</ns3:cad>
						<ns3:hr>157</ns3:hr>
					</ns3:TrackPointExtension>
				</extensions>
			</trkpt>
			<trkpt lat="12.98207067" lon="77.69064244">
				<ele>888.12</ele>
				<time>2026-07-26T13:53:33Z</time>
				<extensions>
					<ns3:TrackPointExtension>
						<ns3:speed>2.18</ns3:speed>
						<ns3:cad>83.0</ns3:cad>
						<ns3:hr>156</ns3:hr>
					</ns3:TrackPointExtension>
				</extensions>
			</trkpt>
			<trkpt lat="12.98207633" lon="77.69062411">
				<ele>888.12</ele>
				<time>2026-07-26T13:53:34Z</time>
				<extensions>
					<ns3:TrackPointExtension>
						<ns3:speed>2.18</ns3:speed>
						<ns3:cad>81.0</ns3:cad>
						<ns3:hr>156</ns3:hr>
					</ns3:TrackPointExtension>
				</extensions>
			</trkpt>
			<trkpt lat="12.98208166" lon="77.69060478">
				<ele>888.13</ele>
				<time>2026-07-26T13:53:35Z</time>
				<extensions>
					<ns3:TrackPointExtension>
						<ns3:speed>2.17</ns3:speed>
						<ns3:cad>81.0</ns3:cad>
						<ns3:hr>157</ns3:hr>
					</ns3:TrackPointExtension>
				</extensions>
			</trkpt>
			<trkpt lat="12.98208832" lon="77.69058578">
				<ele>888.14</ele>
				<time>2026-07-26T13:53:36Z</time>
				<extensions>
					<ns3:TrackPointExtension>
						<ns3:speed>2.17</ns3:speed>
						<ns3:cad>81.0</ns3:cad>
						<ns3:hr>157</ns3:hr>
					</ns3:TrackPointExtension>
				</extensions>
			</trkpt>
			<trkpt lat="12.98209431" lon="77.69056679">
				<ele>888.16</ele>
				<time>2026-07-26T13:53:37Z</time>
				<extensions>
					<ns3:TrackPointExtension>
						<ns3:speed>2.17</ns3:speed>
						<ns3:cad>81.0</ns3:cad>
						<ns3:hr>157</ns3:hr>
					</ns3:TrackPointExtension>
				</extensions>
			</trkpt>
			<trkpt lat="12.98210031" lon="77.69054846">
				<ele>888.18</ele>
				<time>2026-07-26T13:53:38Z</time>
				<extensions>
					<ns3:TrackPointExtension>
						<ns3:speed>2.18</ns3:speed>
						<ns3:cad>81.0</ns3:cad>
						<ns3:hr>157</ns3:hr>
					</ns3:TrackPointExtension>
				</extensions>
			</trkpt>
			<trkpt lat="12.9821053" lon="77.69053013">
				<ele>888.19</ele>
				<time>2026-07-26T13:53:39Z</time>
				<extensions>
					<ns3:TrackPointExtension>
						<ns3:speed>2.18</ns3:speed>
						<ns3:cad>80.0</ns3:cad>
						<ns3:hr>157</ns3:hr>
					</ns3:TrackPointExtension>
				</extensions>
			</trkpt>
			<trkpt lat="12.98210963" lon="77.69051114">
				<ele>888.22</ele>
				<time>2026-07-26T13:53:40Z</time>
				<extensions>
					<ns3:TrackPointExtension>
						<ns3:speed>2.18</ns3:speed>
						<ns3:cad>80.0</ns3:cad>
						<ns3:hr>156</ns3:hr>
					</ns3:TrackPointExtension>
				</extensions>
			</trkpt>
			<trkpt lat="12.98211429" lon="77.69049248">
				<ele>888.25</ele>
				<time>2026-07-26T13:53:41Z</time>
				<extensions>
					<ns3:TrackPointExtension>
						<ns3:speed>2.17</ns3:speed>
						<ns3:cad>80.0</ns3:cad>
						<ns3:hr>157</ns3:hr>
					</ns3:TrackPointExtension>
				</extensions>
			</trkpt>
			<trkpt lat="12.98212262" lon="77.69047482">
				<ele>888.29</ele>
				<time>2026-07-26T13:53:42Z</time>
				<extensions>
					<ns3:TrackPointExtension>
						<ns3:speed>2.17</ns3:speed>
						<ns3:cad>80.0</ns3:cad>
						<ns3:hr>157</ns3:hr>
					</ns3:TrackPointExtension>
				</extensions>
			</trkpt>
			<trkpt lat="12.98213128" lon="77.69045682">
				<ele>888.32</ele>
				<time>2026-07-26T13:53:43Z</time>
				<extensions>
					<ns3:TrackPointExtension>
						<ns3:speed>2.17</ns3:speed>
						<ns3:cad>81.0</ns3:cad>
						<ns3:hr>157</ns3:hr>
					</ns3:TrackPointExtension>
				</extensions>
			</trkpt>
			<trkpt lat="12.98214261" lon="77.69043983">
				<ele>888.36</ele>
				<time>2026-07-26T13:53:44Z</time>
				<extensions>
					<ns3:TrackPointExtension>
						<ns3:speed>2.16</ns3:speed>
						<ns3:cad>81.0</ns3:cad>
						<ns3:hr>157</ns3:hr>
					</ns3:TrackPointExtension>
				</extensions>
			</trkpt>
			<trkpt lat="12.98215594" lon="77.69042517">
				<ele>888.41</ele>
				<time>2026-07-26T13:53:45Z</time>
				<extensions>
					<ns3:TrackPointExtension>
						<ns3:speed>2.16</ns3:speed>
						<ns3:cad>81.0</ns3:cad>
						<ns3:hr>157</ns3:hr>
					</ns3:TrackPointExtension>
				</extensions>
			</trkpt>
			<trkpt lat="12.9821706" lon="77.69041217">
				<ele>888.45</ele>
				<time>2026-07-26T13:53:46Z</time>
				<extensions>
					<ns3:TrackPointExtension>
						<ns3:speed>2.16</ns3:speed>
						<ns3:cad>81.0</ns3:cad>
						<ns3:hr>156</ns3:hr>
					</ns3:TrackPointExtension>
				</extensions>
			</trkpt>
			<trkpt lat="12.98218626" lon="77.69040051">
				<ele>888.49</ele>
				<time>2026-07-26T13:53:47Z</time>
				<extensions>
					<ns3:TrackPointExtension>
						<ns3:speed>2.16</ns3:speed>
						<ns3:cad>80.0</ns3:cad>
						<ns3:hr>156</ns3:hr>
					</ns3:TrackPointExtension>
				</extensions>
			</trkpt>
			<trkpt lat="12.98220292" lon="77.69039085">
				<ele>888.54</ele>
				<time>2026-07-26T13:53:48Z</time>
				<extensions>
					<ns3:TrackPointExtension>
						<ns3:speed>2.16</ns3:speed>
						<ns3:cad>80.0</ns3:cad>
						<ns3:hr>156</ns3:hr>
					</ns3:TrackPointExtension>
				</extensions>
			</trkpt>
			<trkpt lat="12.98222025" lon="77.69038385">
				<ele>888.57</ele>
				<time>2026-07-26T13:53:49Z</time>
				<extensions>
					<ns3:TrackPointExtension>
						<ns3:speed>2.16</ns3:speed>
						<ns3:cad>80.0</ns3:cad>
						<ns3:hr>157</ns3:hr>
					</ns3:TrackPointExtension>
				</extensions>
			</trkpt>
			<trkpt lat="12.98223791" lon="77.69037786">
				<ele>888.61</ele>
				<time>2026-07-26T13:53:50Z</time>
				<extensions>
					<ns3:TrackPointExtension>
						<ns3:speed>2.16</ns3:speed>
						<ns3:cad>80.0</ns3:cad>
						<ns3:hr>156</ns3:hr>
					</ns3:TrackPointExtension>
				</extensions>
			</trkpt>
			<trkpt lat="12.98225657" lon="77.6903752">
				<ele>888.66</ele>
				<time>2026-07-26T13:53:51Z</time>
				<extensions>
					<ns3:TrackPointExtension>
						<ns3:speed>2.16</ns3:speed>
						<ns3:cad>79.0</ns3:cad>
						<ns3:hr>156</ns3:hr>
					</ns3:TrackPointExtension>
				</extensions>
			</trkpt>
			<trkpt lat="12.98227523" lon="77.69037454">
				<ele>888.7</ele>
				<time>2026-07-26T13:53:52Z</time>
				<extensions>
					<ns3:TrackPointExtension>
						<ns3:speed>2.16</ns3:speed>
						<ns3:cad>79.0</ns3:cad>
						<ns3:hr>156</ns3:hr>
					</ns3:TrackPointExtension>
				</extensions>
			</trkpt>
			<trkpt lat="12.98229422" lon="77.6903752">
				<ele>888.75</ele>
				<time>2026-07-26T13:53:53Z</time>
				<extensions>
					<ns3:TrackPointExtension>
						<ns3:speed>2.16</ns3:speed>
						<ns3:cad>79.0</ns3:cad>
						<ns3:hr>157</ns3:hr>
					</ns3:TrackPointExtension>
				</extensions>
			</trkpt>
			<trkpt lat="12.98231355" lon="77.69037819">
				<ele>888.8</ele>
				<time>2026-07-26T13:53:54Z</time>
				<extensions>
					<ns3:TrackPointExtension>
						<ns3:speed>2.16</ns3:speed>
						<ns3:cad>79.0</ns3:cad>
						<ns3:hr>157</ns3:hr>
					</ns3:TrackPointExtension>
				</extensions>
			</trkpt>
			<trkpt lat="12.98233288" lon="77.69038285">
				<ele>888.83</ele>
				<time>2026-07-26T13:53:55Z</time>
				<extensions>
					<ns3:TrackPointExtension>
						<ns3:speed>2.15</ns3:speed>
						<ns3:cad>79.0</ns3:cad>
						<ns3:hr>157</ns3:hr>
					</ns3:TrackPointExtension>
				</extensions>
			</trkpt>
			<trkpt lat="12.98235154" lon="77.69038818">
				<ele>888.87</ele>
				<time>2026-07-26T13:53:56Z</time>
				<extensions>
					<ns3:TrackPointExtension>
						<ns3:speed>2.15</ns3:speed>
						<ns3:cad>79.0</ns3:cad>
						<ns3:hr>157</ns3:hr>
					</ns3:TrackPointExtension>
				</extensions>
			</trkpt>
			<trkpt lat="12.98236954" lon="77.69039484">
				<ele>888.9</ele>
				<time>2026-07-26T13:53:57Z</time>
				<extensions>
					<ns3:TrackPointExtension>
						<ns3:speed>2.15</ns3:speed>
						<ns3:cad>80.0</ns3:cad>
						<ns3:hr>156</ns3:hr>
					</ns3:TrackPointExtension>
				</extensions>
			</trkpt>
			<trkpt lat="12.98238687" lon="77.6904035">
				<ele>888.93</ele>
				<time>2026-07-26T13:53:58Z</time>
				<extensions>
					<ns3:TrackPointExtension>
						<ns3:speed>2.15</ns3:speed>
						<ns3:cad>80.0</ns3:cad>
						<ns3:hr>155</ns3:hr>
					</ns3:TrackPointExtension>
				</extensions>
			</trkpt>
			<trkpt lat="12.9824032" lon="77.69041383">
				<ele>888.95</ele>
				<time>2026-07-26T13:53:59Z</time>
				<extensions>
					<ns3:TrackPointExtension>
						<ns3:speed>2.15</ns3:speed>
						<ns3:cad>80.0</ns3:cad>
						<ns3:hr>156</ns3:hr>
					</ns3:TrackPointExtension>
				</extensions>
			</trkpt>
			<trkpt lat="12.98241853" lon="77.69042549">
				<ele>888.97</ele>
				<time>2026-07-26T13:54:00Z</time>
				<extensions>
					<ns3:TrackPointExtension>
						<ns3:speed>2.15</ns3:speed>
						<ns3:cad>80.0</ns3:cad>
						<ns3:hr>156</ns3:hr>
					</ns3:TrackPointExtension>
				</extensions>
			</trkpt>
			<trkpt lat="12.98243086" lon="77.69043915">
				<ele>888.98</ele>
				<time>2026-07-26T13:54:01Z</time>
				<extensions>
					<ns3:TrackPointExtension>
						<ns3:speed>2.15</ns3:speed>
						<ns3:cad>81.0</ns3:cad>
						<ns3:hr>155</ns3:hr>
					</ns3:TrackPointExtension>
				</extensions>
			</trkpt>
			<trkpt lat="12.98244052" lon="77.69045481">
				<ele>888.99</ele>
				<time>2026-07-26T13:54:02Z</time>
				<extensions>
					<ns3:TrackPointExtension>
						<ns3:speed>2.15</ns3:speed>
						<ns3:cad>81.0</ns3:cad>
						<ns3:hr>155</ns3:hr>
					</ns3:TrackPointExtension>
				</extensions>
			</trkpt>
			<trkpt lat="12.98244752" lon="77.69047147">
				<ele>889.0</ele>
				<time>2026-07-26T13:54:03Z</time>
				<extensions>
					<ns3:TrackPointExtension>
						<ns3:speed>2.15</ns3:speed>
						<ns3:cad>84.0</ns3:cad>
						<ns3:hr>154</ns3:hr>
					</ns3:TrackPointExtension>
				</extensions>
			</trkpt>
			<trkpt lat="12.98245085" lon="77.6904888">
				<ele>889.01</ele>
				<time>2026-07-26T13:54:04Z</time>
				<extensions>
					<ns3:TrackPointExtension>
						<ns3:speed>2.15</ns3:speed>
						<ns3:cad>84.0</ns3:cad>
						<ns3:hr>154</ns3:hr>
					</ns3:TrackPointExtension>
				</extensions>
			</trkpt>
			<trkpt lat="12.98245251" lon="77.69050713">
				<ele>889.01</ele>
				<time>2026-07-26T13:54:05Z</time>
				<extensions>
					<ns3:TrackPointExtension>
						<ns3:speed>2.15</ns3:speed>
						<ns3:cad>85.0</ns3:cad>
						<ns3:hr>155</ns3:hr>
					</ns3:TrackPointExtension>
				</extensions>
			</trkpt>
			<trkpt lat="12.98245118" lon="77.69052613">
				<ele>889.02</ele>
				<time>2026-07-26T13:54:06Z</time>
				<extensions>
					<ns3:TrackPointExtension>
						<ns3:speed>2.15</ns3:speed>
						<ns3:cad>85.0</ns3:cad>
						<ns3:hr>155</ns3:hr>
					</ns3:TrackPointExtension>
				</extensions>
			</trkpt>
			<trkpt lat="12.98244852" lon="77.69054546">
				<ele>889.03</ele>
				<time>2026-07-26T13:54:07Z</time>
				<extensions>
					<ns3:TrackPointExtension>
						<ns3:speed>2.15</ns3:speed>
						<ns3:cad>84.0</ns3:cad>
						<ns3:hr>155</ns3:hr>
					</ns3:TrackPointExtension>
				</extensions>
			</trkpt>
			<trkpt lat="12.98244486" lon="77.69056512">
				<ele>889.03</ele>
				<time>2026-07-26T13:54:08Z</time>
				<extensions>
					<ns3:TrackPointExtension>
						<ns3:speed>2.15</ns3:speed>
						<ns3:cad>84.0</ns3:cad>
						<ns3:hr>155</ns3:hr>
					</ns3:TrackPointExtension>
				</extensions>
			</trkpt>
			<trkpt lat="12.98244053" lon="77.69058345">
				<ele>889.03</ele>
				<time>2026-07-26T13:54:09Z</time>
				<extensions>
					<ns3:TrackPointExtension>
						<ns3:speed>2.16</ns3:speed>
						<ns3:cad>83.0</ns3:cad>
						<ns3:hr>155</ns3:hr>
					</ns3:TrackPointExtension>
				</extensions>
			</trkpt>
			<trkpt lat="12.98243687" lon="77.69060211">
				<ele>889.03</ele>
				<time>2026-07-26T13:54:10Z</time>
				<extensions>
					<ns3:TrackPointExtension>
						<ns3:speed>2.16</ns3:speed>
						<ns3:cad>83.0</ns3:cad>
						<ns3:hr>155</ns3:hr>
					</ns3:TrackPointExtension>
				</extensions>
			</trkpt>
			<trkpt lat="12.98243221" lon="77.69062044">
				<ele>889.03</ele>
				<time>2026-07-26T13:54:11Z</time>
				<extensions>
					<ns3:TrackPointExtension>
						<ns3:speed>2.17</ns3:speed>
						<ns3:cad>81.0</ns3:cad>
						<ns3:hr>156</ns3:hr>
					</ns3:TrackPointExtension>
				</extensions>
			</trkpt>
			<trkpt lat="12.98242621" lon="77.6906381">
				<ele>889.03</ele>
				<time>2026-07-26T13:54:12Z</time>
				<extensions>
					<ns3:TrackPointExtension>
						<ns3:speed>2.16</ns3:speed>
						<ns3:cad>81.0</ns3:cad>
						<ns3:hr>156</ns3:hr>
					</ns3:TrackPointExtension>
				</extensions>
			</trkpt>
			<trkpt lat="12.98242022" lon="77.69065676">
				<ele>889.03</ele>
				<time>2026-07-26T13:54:13Z</time>
				<extensions>
					<ns3:TrackPointExtension>
						<ns3:speed>2.17</ns3:speed>
						<ns3:cad>80.0</ns3:cad>
						<ns3:hr>157</ns3:hr>
					</ns3:TrackPointExtension>
				</extensions>
			</trkpt>
			<trkpt lat="12.98241422" lon="77.69067509">
				<ele>889.02</ele>
				<time>2026-07-26T13:54:14Z</time>
				<extensions>
					<ns3:TrackPointExtension>
						<ns3:speed>2.17</ns3:speed>
						<ns3:cad>80.0</ns3:cad>
						<ns3:hr>157</ns3:hr>
					</ns3:TrackPointExtension>
				</extensions>
			</trkpt>
			<trkpt lat="12.98240823" lon="77.69069275">
				<ele>889.01</ele>
				<time>2026-07-26T13:54:15Z</time>
				<extensions>
					<ns3:TrackPointExtension>
						<ns3:speed>2.17</ns3:speed>
						<ns3:cad>80.0</ns3:cad>
						<ns3:hr>157</ns3:hr>
					</ns3:TrackPointExtension>
				</extensions>
			</trkpt>
			<trkpt lat="12.98240357" lon="77.69071141">
				<ele>889.01</ele>
				<time>2026-07-26T13:54:16Z</time>
				<extensions>
					<ns3:TrackPointExtension>
						<ns3:speed>2.17</ns3:speed>
						<ns3:cad>80.0</ns3:cad>
						<ns3:hr>156</ns3:hr>
					</ns3:TrackPointExtension>
				</extensions>
			</trkpt>
			<trkpt lat="12.98239791" lon="77.6907314">
				<ele>889.0</ele>
				<time>2026-07-26T13:54:17Z</time>
				<extensions>
					<ns3:TrackPointExtension>
						<ns3:speed>2.17</ns3:speed>
						<ns3:cad>80.0</ns3:cad>
						<ns3:hr>156</ns3:hr>
					</ns3:TrackPointExtension>
				</extensions>
			</trkpt>
			<trkpt lat="12.98239192" lon="77.69074939">
				<ele>888.99</ele>
				<time>2026-07-26T13:54:18Z</time>
				<extensions>
					<ns3:TrackPointExtension>
						<ns3:speed>2.17</ns3:speed>
						<ns3:cad>80.0</ns3:cad>
						<ns3:hr>157</ns3:hr>
					</ns3:TrackPointExtension>
				</extensions>
			</trkpt>
			<trkpt lat="12.98238592" lon="77.69076739">
				<ele>888.98</ele>
				<time>2026-07-26T13:54:19Z</time>
				<extensions>
					<ns3:TrackPointExtension>
						<ns3:speed>2.17</ns3:speed>
						<ns3:cad>80.0</ns3:cad>
						<ns3:hr>157</ns3:hr>
					</ns3:TrackPointExtension>
				</extensions>
			</trkpt>
			<trkpt lat="12.98237926" lon="77.69078405">
				<ele>888.97</ele>
				<time>2026-07-26T13:54:20Z</time>
				<extensions>
					<ns3:TrackPointExtension>
						<ns3:speed>2.17</ns3:speed>
						<ns3:cad>80.0</ns3:cad>
						<ns3:hr>157</ns3:hr>
					</ns3:TrackPointExtension>
				</extensions>
			</trkpt>
			<trkpt lat="12.9823736" lon="77.69080104">
				<ele>888.96</ele>
				<time>2026-07-26T13:54:21Z</time>
				<extensions>
					<ns3:TrackPointExtension>
						<ns3:speed>2.16</ns3:speed>
						<ns3:cad>80.0</ns3:cad>
						<ns3:hr>158</ns3:hr>
					</ns3:TrackPointExtension>
				</extensions>
			</trkpt>
			<trkpt lat="12.98236727" lon="77.69082037">
				<ele>888.95</ele>
				<time>2026-07-26T13:54:22Z</time>
				<extensions>
					<ns3:TrackPointExtension>
						<ns3:speed>2.16</ns3:speed>
						<ns3:cad>80.0</ns3:cad>
						<ns3:hr>158</ns3:hr>
					</ns3:TrackPointExtension>
				</extensions>
			</trkpt>
			<trkpt lat="12.98236228" lon="77.69084003">
				<ele>888.93</ele>
				<time>2026-07-26T13:54:23Z</time>
				<extensions>
					<ns3:TrackPointExtension>
						<ns3:speed>2.14</ns3:speed>
						<ns3:cad>80.0</ns3:cad>
						<ns3:hr>158</ns3:hr>
					</ns3:TrackPointExtension>
				</extensions>
			</trkpt>
			<trkpt lat="12.98235995" lon="77.69086369">
				<ele>888.91</ele>
				<time>2026-07-26T13:54:24Z</time>
				<extensions>
					<ns3:TrackPointExtension>
						<ns3:speed>2.13</ns3:speed>
						<ns3:cad>80.0</ns3:cad>
						<ns3:hr>159</ns3:hr>
					</ns3:TrackPointExtension>
				</extensions>
			</trkpt>
			<trkpt lat="12.98236061" lon="77.69089268">
				<ele>888.89</ele>
				<time>2026-07-26T13:54:25Z</time>
				<extensions>
					<ns3:TrackPointExtension>
						<ns3:speed>2.13</ns3:speed>
						<ns3:cad>80.0</ns3:cad>
						<ns3:hr>158</ns3:hr>
					</ns3:TrackPointExtension>
				</extensions>
			</trkpt>
			<trkpt lat="12.98236694" lon="77.69091601">
				<ele>888.86</ele>
				<time>2026-07-26T13:54:26Z</time>
				<extensions>
					<ns3:TrackPointExtension>
						<ns3:speed>2.12</ns3:speed>
						<ns3:cad>80.0</ns3:cad>
						<ns3:hr>158</ns3:hr>
					</ns3:TrackPointExtension>
				</extensions>
			</trkpt>
			<trkpt lat="12.98237594" lon="77.690934">
				<ele>888.84</ele>
				<time>2026-07-26T13:54:27Z</time>
				<extensions>
					<ns3:TrackPointExtension>
						<ns3:speed>2.12</ns3:speed>
						<ns3:cad>80.0</ns3:cad>
						<ns3:hr>158</ns3:hr>
					</ns3:TrackPointExtension>
				</extensions>
			</trkpt>
			<trkpt lat="12.98238827" lon="77.69094666">
				<ele>888.8</ele>
				<time>2026-07-26T13:54:28Z</time>
				<extensions>
					<ns3:TrackPointExtension>
						<ns3:speed>2.12</ns3:speed>
						<ns3:cad>80.0</ns3:cad>
						<ns3:hr>158</ns3:hr>
					</ns3:TrackPointExtension>
				</extensions>
			</trkpt>
			<trkpt lat="12.98240293" lon="77.69095732">
				<ele>888.79</ele>
				<time>2026-07-26T13:54:29Z</time>
				<extensions>
					<ns3:TrackPointExtension>
						<ns3:speed>2.13</ns3:speed>
						<ns3:cad>80.0</ns3:cad>
						<ns3:hr>158</ns3:hr>
					</ns3:TrackPointExtension>
				</extensions>
			</trkpt>
			<trkpt lat="12.98242026" lon="77.69096532">
				<ele>888.77</ele>
				<time>2026-07-26T13:54:30Z</time>
				<extensions>
					<ns3:TrackPointExtension>
						<ns3:speed>2.13</ns3:speed>
						<ns3:cad>80.0</ns3:cad>
						<ns3:hr>158</ns3:hr>
					</ns3:TrackPointExtension>
				</extensions>
			</trkpt>
			<trkpt lat="12.98243792" lon="77.69097298">
				<ele>888.74</ele>
				<time>2026-07-26T13:54:31Z</time>
				<extensions>
					<ns3:TrackPointExtension>
						<ns3:speed>2.13</ns3:speed>
						<ns3:cad>81.0</ns3:cad>
						<ns3:hr>159</ns3:hr>
					</ns3:TrackPointExtension>
				</extensions>
			</trkpt>
			<trkpt lat="12.98245525" lon="77.69097964">
				<ele>888.72</ele>
				<time>2026-07-26T13:54:32Z</time>
				<extensions>
					<ns3:TrackPointExtension>
						<ns3:speed>2.12</ns3:speed>
						<ns3:cad>83.0</ns3:cad>
						<ns3:hr>159</ns3:hr>
					</ns3:TrackPointExtension>
				</extensions>
			</trkpt>
			<trkpt lat="12.98247424" lon="77.69098563">
				<ele>888.68</ele>
				<time>2026-07-26T13:54:33Z</time>
				<extensions>
					<ns3:TrackPointExtension>
						<ns3:speed>2.11</ns3:speed>
						<ns3:cad>84.0</ns3:cad>
						<ns3:hr>159</ns3:hr>
					</ns3:TrackPointExtension>
				</extensions>
			</trkpt>
			<trkpt lat="12.98249323" lon="77.69099162">
				<ele>888.66</ele>
				<time>2026-07-26T13:54:34Z</time>
				<extensions>
					<ns3:TrackPointExtension>
						<ns3:speed>2.1</ns3:speed>
						<ns3:cad>84.0</ns3:cad>
						<ns3:hr>159</ns3:hr>
					</ns3:TrackPointExtension>
				</extensions>
			</trkpt>
			<trkpt lat="12.98251156" lon="77.69099828">
				<ele>888.64</ele>
				<time>2026-07-26T13:54:35Z</time>
				<extensions>
					<ns3:TrackPointExtension>
						<ns3:speed>2.1</ns3:speed>
						<ns3:cad>83.0</ns3:cad>
						<ns3:hr>159</ns3:hr>
					</ns3:TrackPointExtension>
				</extensions>
			</trkpt>
			<trkpt lat="12.98253155" lon="77.69100394">
				<ele>888.61</ele>
				<time>2026-07-26T13:54:36Z</time>
				<extensions>
					<ns3:TrackPointExtension>
						<ns3:speed>2.1</ns3:speed>
						<ns3:cad>83.0</ns3:cad>
						<ns3:hr>160</ns3:hr>
					</ns3:TrackPointExtension>
				</extensions>
			</trkpt>
			<trkpt lat="12.98254955" lon="77.69101093">
				<ele>888.58</ele>
				<time>2026-07-26T13:54:37Z</time>
				<extensions>
					<ns3:TrackPointExtension>
						<ns3:speed>2.09</ns3:speed>
						<ns3:cad>81.0</ns3:cad>
						<ns3:hr>160</ns3:hr>
					</ns3:TrackPointExtension>
				</extensions>
			</trkpt>
			<trkpt lat="12.98256688" lon="77.69101826">
				<ele>888.55</ele>
				<time>2026-07-26T13:54:38Z</time>
				<extensions>
					<ns3:TrackPointExtension>
						<ns3:speed>2.09</ns3:speed>
						<ns3:cad>81.0</ns3:cad>
						<ns3:hr>159</ns3:hr>
					</ns3:TrackPointExtension>
				</extensions>
			</trkpt>
			<trkpt lat="12.98258387" lon="77.69102592">
				<ele>888.52</ele>
				<time>2026-07-26T13:54:39Z</time>
				<extensions>
					<ns3:TrackPointExtension>
						<ns3:speed>2.08</ns3:speed>
						<ns3:cad>81.0</ns3:cad>
						<ns3:hr>159</ns3:hr>
					</ns3:TrackPointExtension>
				</extensions>
			</trkpt>
			<trkpt lat="12.98260087" lon="77.69103325">
				<ele>888.5</ele>
				<time>2026-07-26T13:54:40Z</time>
				<extensions>
					<ns3:TrackPointExtension>
						<ns3:speed>2.07</ns3:speed>
						<ns3:cad>81.0</ns3:cad>
						<ns3:hr>159</ns3:hr>
					</ns3:TrackPointExtension>
				</extensions>
			</trkpt>
			<trkpt lat="12.98261853" lon="77.69103958">
				<ele>888.48</ele>
				<time>2026-07-26T13:54:41Z</time>
				<extensions>
					<ns3:TrackPointExtension>
						<ns3:speed>2.07</ns3:speed>
						<ns3:cad>81.0</ns3:cad>
						<ns3:hr>160</ns3:hr>
					</ns3:TrackPointExtension>
				</extensions>
			</trkpt>
			<trkpt lat="12.98263419" lon="77.69104824">
				<ele>888.42</ele>
				<time>2026-07-26T13:54:42Z</time>
				<extensions>
					<ns3:TrackPointExtension>
						<ns3:speed>2.07</ns3:speed>
						<ns3:cad>81.0</ns3:cad>
						<ns3:hr>160</ns3:hr>
					</ns3:TrackPointExtension>
				</extensions>
			</trkpt>
			<trkpt lat="12.98265085" lon="77.6910559">
				<ele>888.42</ele>
				<time>2026-07-26T13:54:43Z</time>
				<extensions>
					<ns3:TrackPointExtension>
						<ns3:speed>2.07</ns3:speed>
						<ns3:cad>81.0</ns3:cad>
						<ns3:hr>158</ns3:hr>
					</ns3:TrackPointExtension>
				</extensions>
			</trkpt>
			<trkpt lat="12.98266851" lon="77.69106256">
				<ele>888.38</ele>
				<time>2026-07-26T13:54:44Z</time>
				<extensions>
					<ns3:TrackPointExtension>
						<ns3:speed>2.07</ns3:speed>
						<ns3:cad>81.0</ns3:cad>
						<ns3:hr>158</ns3:hr>
					</ns3:TrackPointExtension>
				</extensions>
			</trkpt>
			<trkpt lat="12.98268684" lon="77.69106789">
				<ele>888.36</ele>
				<time>2026-07-26T13:54:45Z</time>
				<extensions>
					<ns3:TrackPointExtension>
						<ns3:speed>2.07</ns3:speed>
						<ns3:cad>81.0</ns3:cad>
						<ns3:hr>158</ns3:hr>
					</ns3:TrackPointExtension>
				</extensions>
			</trkpt>
			<trkpt lat="12.98270483" lon="77.69107322">
				<ele>888.35</ele>
				<time>2026-07-26T13:54:46Z</time>
				<extensions>
					<ns3:TrackPointExtension>
						<ns3:speed>2.07</ns3:speed>
						<ns3:cad>81.0</ns3:cad>
						<ns3:hr>158</ns3:hr>
					</ns3:TrackPointExtension>
				</extensions>
			</trkpt>
			<trkpt lat="12.98272316" lon="77.69107822">
				<ele>888.34</ele>
				<time>2026-07-26T13:54:47Z</time>
				<extensions>
					<ns3:TrackPointExtension>
						<ns3:speed>2.07</ns3:speed>
						<ns3:cad>83.0</ns3:cad>
						<ns3:hr>158</ns3:hr>
					</ns3:TrackPointExtension>
				</extensions>
			</trkpt>
			<trkpt lat="12.98274182" lon="77.69108322">
				<ele>888.34</ele>
				<time>2026-07-26T13:54:48Z</time>
				<extensions>
					<ns3:TrackPointExtension>
						<ns3:speed>2.07</ns3:speed>
						<ns3:cad>83.0</ns3:cad>
						<ns3:hr>158</ns3:hr>
					</ns3:TrackPointExtension>
				</extensions>
			</trkpt>
			<trkpt lat="12.98275948" lon="77.69108755">
				<ele>888.35</ele>
				<time>2026-07-26T13:54:49Z</time>
				<extensions>
					<ns3:TrackPointExtension>
						<ns3:speed>2.07</ns3:speed>
						<ns3:cad>83.0</ns3:cad>
						<ns3:hr>158</ns3:hr>
					</ns3:TrackPointExtension>
				</extensions>
			</trkpt>
			<trkpt lat="12.98277748" lon="77.69109221">
				<ele>888.34</ele>
				<time>2026-07-26T13:54:50Z</time>
				<extensions>
					<ns3:TrackPointExtension>
						<ns3:speed>2.07</ns3:speed>
						<ns3:cad>81.0</ns3:cad>
						<ns3:hr>158</ns3:hr>
					</ns3:TrackPointExtension>
				</extensions>
			</trkpt>
			<trkpt lat="12.98279681" lon="77.69109554">
				<ele>888.35</ele>
				<time>2026-07-26T13:54:51Z</time>
				<extensions>
					<ns3:TrackPointExtension>
						<ns3:speed>2.07</ns3:speed>
						<ns3:cad>81.0</ns3:cad>
						<ns3:hr>158</ns3:hr>
					</ns3:TrackPointExtension>
				</extensions>
			</trkpt>
			<trkpt lat="12.98281614" lon="77.6910992">
				<ele>888.36</ele>
				<time>2026-07-26T13:54:52Z</time>
				<extensions>
					<ns3:TrackPointExtension>
						<ns3:speed>2.07</ns3:speed>
						<ns3:cad>81.0</ns3:cad>
						<ns3:hr>159</ns3:hr>
					</ns3:TrackPointExtension>
				</extensions>
			</trkpt>
			<trkpt lat="12.98283547" lon="77.69110319">
				<ele>888.36</ele>
				<time>2026-07-26T13:54:53Z</time>
				<extensions>
					<ns3:TrackPointExtension>
						<ns3:speed>2.07</ns3:speed>
						<ns3:cad>80.0</ns3:cad>
						<ns3:hr>159</ns3:hr>
					</ns3:TrackPointExtension>
				</extensions>
			</trkpt>
			<trkpt lat="12.98285446" lon="77.69110752">
				<ele>888.37</ele>
				<time>2026-07-26T13:54:54Z</time>
				<extensions>
					<ns3:TrackPointExtension>
						<ns3:speed>2.07</ns3:speed>
						<ns3:cad>80.0</ns3:cad>
						<ns3:hr>160</ns3:hr>
					</ns3:TrackPointExtension>
				</extensions>
			</trkpt>
			<trkpt lat="12.98287312" lon="77.69111218">
				<ele>888.37</ele>
				<time>2026-07-26T13:54:55Z</time>
				<extensions>
					<ns3:TrackPointExtension>
					</ns3:TrackPointExtension>
				</extensions>
			</trkpt>
			<trkpt lat="12.98289245" lon="77.69111718">
				<ele>888.38</ele>
				<time>2026-07-26T13:54:56Z</time>
				<extensions>
					<ns3:TrackPointExtension>
						<ns3:speed>2.07</ns3:speed>
						<ns3:cad>79.0</ns3:cad>
						<ns3:hr>159</ns3:hr>
					</ns3:TrackPointExtension>
				</extensions>
			</trkpt>
			<trkpt lat="12.98290978" lon="77.69112251">
				<ele>888.39</ele>
				<time>2026-07-26T13:54:57Z</time>
				<extensions>
					<ns3:TrackPointExtension>
						<ns3:speed>2.08</ns3:speed>
						<ns3:cad>80.0</ns3:cad>
						<ns3:hr>159</ns3:hr>
					</ns3:TrackPointExtension>
				</extensions>
			</trkpt>
			<trkpt lat="12.98292777" lon="77.69112784">
				<ele>888.4</ele>
				<time>2026-07-26T13:54:58Z</time>
				<extensions>
					<ns3:TrackPointExtension>
						<ns3:speed>2.07</ns3:speed>
						<ns3:cad>80.0</ns3:cad>
						<ns3:hr>160</ns3:hr>
					</ns3:TrackPointExtension>
				</extensions>
			</trkpt>
			<trkpt lat="12.98294577" lon="77.69113383">
				<ele>888.4</ele>
				<time>2026-07-26T13:54:59Z</time>
				<extensions>
					<ns3:TrackPointExtension>
						<ns3:speed>2.07</ns3:speed>
						<ns3:cad>81.0</ns3:cad>
						<ns3:hr>160</ns3:hr>
					</ns3:TrackPointExtension>
				</extensions>
			</trkpt>
			<trkpt lat="12.98296377" lon="77.69114016">
				<ele>888.41</ele>
				<time>2026-07-26T13:55:00Z</time>
				<extensions>
					<ns3:TrackPointExtension>
						<ns3:speed>2.07</ns3:speed>
						<ns3:cad>81.0</ns3:cad>
						<ns3:hr>160</ns3:hr>
					</ns3:TrackPointExtension>
				</extensions>
			</trkpt>
			<trkpt lat="12.9829821" lon="77.69114516">
				<ele>888.41</ele>
				<time>2026-07-26T13:55:01Z</time>
				<extensions>
					<ns3:TrackPointExtension>
						<ns3:speed>2.07</ns3:speed>
						<ns3:cad>83.0</ns3:cad>
						<ns3:hr>160</ns3:hr>
					</ns3:TrackPointExtension>
				</extensions>
			</trkpt>
			<trkpt lat="12.98299976" lon="77.69115082">
				<ele>888.41</ele>
				<time>2026-07-26T13:55:02Z</time>
				<extensions>
					<ns3:TrackPointExtension>
						<ns3:speed>2.07</ns3:speed>
						<ns3:cad>83.0</ns3:cad>
						<ns3:hr>159</ns3:hr>
					</ns3:TrackPointExtension>
				</extensions>
			</trkpt>
			<trkpt lat="12.98301909" lon="77.69115548">
				<ele>888.42</ele>
				<time>2026-07-26T13:55:03Z</time>
				<extensions>
					<ns3:TrackPointExtension>
						<ns3:speed>2.07</ns3:speed>
						<ns3:cad>83.0</ns3:cad>
						<ns3:hr>160</ns3:hr>
					</ns3:TrackPointExtension>
				</extensions>
			</trkpt>
			<trkpt lat="12.98303742" lon="77.69116081">
				<ele>888.42</ele>
				<time>2026-07-26T13:55:04Z</time>
				<extensions>
					<ns3:TrackPointExtension>
						<ns3:speed>2.07</ns3:speed>
						<ns3:cad>81.0</ns3:cad>
						<ns3:hr>160</ns3:hr>
					</ns3:TrackPointExtension>
				</extensions>
			</trkpt>
			<trkpt lat="12.98305542" lon="77.69116681">
				<ele>888.42</ele>
				<time>2026-07-26T13:55:05Z</time>
				<extensions>
					<ns3:TrackPointExtension>
						<ns3:speed>2.07</ns3:speed>
						<ns3:cad>81.0</ns3:cad>
						<ns3:hr>160</ns3:hr>
					</ns3:TrackPointExtension>
				</extensions>
			</trkpt>
			<trkpt lat="12.98307308" lon="77.69117314">
				<ele>888.42</ele>
				<time>2026-07-26T13:55:06Z</time>
				<extensions>
					<ns3:TrackPointExtension>
						<ns3:speed>2.07</ns3:speed>
						<ns3:cad>81.0</ns3:cad>
						<ns3:hr>161</ns3:hr>
					</ns3:TrackPointExtension>
				</extensions>
			</trkpt>
			<trkpt lat="12.98309041" lon="77.6911788">
				<ele>888.43</ele>
				<time>2026-07-26T13:55:07Z</time>
				<extensions>
					<ns3:TrackPointExtension>
						<ns3:speed>2.06</ns3:speed>
						<ns3:cad>81.0</ns3:cad>
						<ns3:hr>161</ns3:hr>
					</ns3:TrackPointExtension>
				</extensions>
			</trkpt>
			<trkpt lat="12.98310807" lon="77.69118479">
				<ele>888.42</ele>
				<time>2026-07-26T13:55:08Z</time>
				<extensions>
					<ns3:TrackPointExtension>
						<ns3:speed>2.06</ns3:speed>
						<ns3:cad>81.0</ns3:cad>
						<ns3:hr>161</ns3:hr>
					</ns3:TrackPointExtension>
				</extensions>
			</trkpt>
			<trkpt lat="12.98312606" lon="77.69119145">
				<ele>888.42</ele>
				<time>2026-07-26T13:55:09Z</time>
				<extensions>
					<ns3:TrackPointExtension>
						<ns3:speed>2.06</ns3:speed>
						<ns3:cad>81.0</ns3:cad>
						<ns3:hr>161</ns3:hr>
					</ns3:TrackPointExtension>
				</extensions>
			</trkpt>
			<trkpt lat="12.98314339" lon="77.69119778">
				<ele>888.42</ele>
				<time>2026-07-26T13:55:10Z</time>
				<extensions>
					<ns3:TrackPointExtension>
						<ns3:speed>2.05</ns3:speed>
						<ns3:cad>80.0</ns3:cad>
						<ns3:hr>160</ns3:hr>
					</ns3:TrackPointExtension>
				</extensions>
			</trkpt>
			<trkpt lat="12.98316172" lon="77.69120444">
				<ele>888.42</ele>
				<time>2026-07-26T13:55:11Z</time>
				<extensions>
					<ns3:TrackPointExtension>
						<ns3:speed>2.06</ns3:speed>
						<ns3:cad>80.0</ns3:cad>
						<ns3:hr>160</ns3:hr>
					</ns3:TrackPointExtension>
				</extensions>
			</trkpt>
			<trkpt lat="12.98318105" lon="77.69121043">
				<ele>888.42</ele>
				<time>2026-07-26T13:55:12Z</time>
				<extensions>
					<ns3:TrackPointExtension>
						<ns3:speed>2.06</ns3:speed>
						<ns3:cad>80.0</ns3:cad>
						<ns3:hr>161</ns3:hr>
					</ns3:TrackPointExtension>
				</extensions>
			</trkpt>
			<trkpt lat="12.98319971" lon="77.69121642">
				<ele>888.42</ele>
				<time>2026-07-26T13:55:13Z</time>
				<extensions>
					<ns3:TrackPointExtension>
						<ns3:speed>2.06</ns3:speed>
						<ns3:cad>80.0</ns3:cad>
						<ns3:hr>161</ns3:hr>
					</ns3:TrackPointExtension>
				</extensions>
			</trkpt>
			<trkpt lat="12.98321904" lon="77.69122308">
				<ele>888.43</ele>
				<time>2026-07-26T13:55:14Z</time>
				<extensions>
					<ns3:TrackPointExtension>
						<ns3:speed>2.07</ns3:speed>
						<ns3:cad>80.0</ns3:cad>
						<ns3:hr>160</ns3:hr>
					</ns3:TrackPointExtension>
				</extensions>
			</trkpt>
			<trkpt lat="12.98323837" lon="77.69122874">
				<ele>888.43</ele>
				<time>2026-07-26T13:55:15Z</time>
				<extensions>
					<ns3:TrackPointExtension>
						<ns3:speed>2.07</ns3:speed>
						<ns3:cad>81.0</ns3:cad>
						<ns3:hr>159</ns3:hr>
					</ns3:TrackPointExtension>
				</extensions>
			</trkpt>
			<trkpt lat="12.9832577" lon="77.69123473">
				<ele>888.44</ele>
				<time>2026-07-26T13:55:16Z</time>
				<extensions>
					<ns3:TrackPointExtension>
						<ns3:speed>2.09</ns3:speed>
						<ns3:cad>81.0</ns3:cad>
						<ns3:hr>160</ns3:hr>
					</ns3:TrackPointExtension>
				</extensions>
			</trkpt>
			<trkpt lat="12.98327703" lon="77.69124072">
				<ele>888.45</ele>
				<time>2026-07-26T13:55:17Z</time>
				<extensions>
					<ns3:TrackPointExtension>
						<ns3:speed>2.1</ns3:speed>
						<ns3:cad>81.0</ns3:cad>
						<ns3:hr>159</ns3:hr>
					</ns3:TrackPointExtension>
				</extensions>
			</trkpt>
			<trkpt lat="12.98329602" lon="77.69124671">
				<ele>888.46</ele>
				<time>2026-07-26T13:55:18Z</time>
				<extensions>
					<ns3:TrackPointExtension>
						<ns3:speed>2.1</ns3:speed>
						<ns3:cad>81.0</ns3:cad>
						<ns3:hr>159</ns3:hr>
					</ns3:TrackPointExtension>
				</extensions>
			</trkpt>
			<trkpt lat="12.98331535" lon="77.69125304">
				<ele>888.47</ele>
				<time>2026-07-26T13:55:19Z</time>
				<extensions>
					<ns3:TrackPointExtension>
						<ns3:speed>2.11</ns3:speed>
						<ns3:cad>81.0</ns3:cad>
						<ns3:hr>159</ns3:hr>
					</ns3:TrackPointExtension>
				</extensions>
			</trkpt>
			<trkpt lat="12.98333501" lon="77.6912587">
				<ele>888.48</ele>
				<time>2026-07-26T13:55:20Z</time>
				<extensions>
					<ns3:TrackPointExtension>
						<ns3:speed>2.12</ns3:speed>
						<ns3:cad>81.0</ns3:cad>
						<ns3:hr>159</ns3:hr>
					</ns3:TrackPointExtension>
				</extensions>
			</trkpt>
			<trkpt lat="12.983354" lon="77.69126569">
				<ele>888.49</ele>
				<time>2026-07-26T13:55:21Z</time>
				<extensions>
					<ns3:TrackPointExtension>
						<ns3:speed>2.13</ns3:speed>
						<ns3:cad>81.0</ns3:cad>
						<ns3:hr>160</ns3:hr>
					</ns3:TrackPointExtension>
				</extensions>
			</trkpt>
			<trkpt lat="12.98337366" lon="77.69127168">
				<ele>888.51</ele>
				<time>2026-07-26T13:55:22Z</time>
				<extensions>
					<ns3:TrackPointExtension>
						<ns3:speed>2.14</ns3:speed>
						<ns3:cad>81.0</ns3:cad>
						<ns3:hr>159</ns3:hr>
					</ns3:TrackPointExtension>
				</extensions>
			</trkpt>
			<trkpt lat="12.98339199" lon="77.69127867">
				<ele>888.52</ele>
				<time>2026-07-26T13:55:23Z</time>
				<extensions>
					<ns3:TrackPointExtension>
						<ns3:speed>2.15</ns3:speed>
						<ns3:cad>81.0</ns3:cad>
						<ns3:hr>159</ns3:hr>
					</ns3:TrackPointExtension>
				</extensions>
			</trkpt>
			<trkpt lat="12.98341032" lon="77.69128467">
				<ele>888.54</ele>
				<time>2026-07-26T13:55:24Z</time>
				<extensions>
					<ns3:TrackPointExtension>
						<ns3:speed>2.15</ns3:speed>
						<ns3:cad>83.0</ns3:cad>
						<ns3:hr>160</ns3:hr>
					</ns3:TrackPointExtension>
				</extensions>
			</trkpt>
			<trkpt lat="12.98342931" lon="77.69129133">
				<ele>888.56</ele>
				<time>2026-07-26T13:55:25Z</time>
				<extensions>
					<ns3:TrackPointExtension>
						<ns3:speed>2.15</ns3:speed>
						<ns3:cad>83.0</ns3:cad>
						<ns3:hr>159</ns3:hr>
					</ns3:TrackPointExtension>
				</extensions>
			</trkpt>
			<trkpt lat="12.98344797" lon="77.69129699">
				<ele>888.57</ele>
				<time>2026-07-26T13:55:26Z</time>
				<extensions>
					<ns3:TrackPointExtension>
						<ns3:speed>2.15</ns3:speed>
						<ns3:cad>83.0</ns3:cad>
						<ns3:hr>159</ns3:hr>
					</ns3:TrackPointExtension>
				</extensions>
			</trkpt>
			<trkpt lat="12.9834673" lon="77.69130332">
				<ele>888.76</ele>
				<time>2026-07-26T13:55:27Z</time>
				<extensions>
					<ns3:TrackPointExtension>
						<ns3:speed>2.16</ns3:speed>
						<ns3:cad>83.0</ns3:cad>
						<ns3:hr>159</ns3:hr>
					</ns3:TrackPointExtension>
				</extensions>
			</trkpt>
			<trkpt lat="12.98348596" lon="77.69130931">
				<ele>888.79</ele>
				<time>2026-07-26T13:55:28Z</time>
				<extensions>
					<ns3:TrackPointExtension>
						<ns3:speed>2.16</ns3:speed>
						<ns3:cad>81.0</ns3:cad>
						<ns3:hr>159</ns3:hr>
					</ns3:TrackPointExtension>
				</extensions>
			</trkpt>
			<trkpt lat="12.98350529" lon="77.69131597">
				<ele>888.83</ele>
				<time>2026-07-26T13:55:29Z</time>
				<extensions>
					<ns3:TrackPointExtension>
						<ns3:speed>2.17</ns3:speed>
						<ns3:cad>81.0</ns3:cad>
						<ns3:hr>159</ns3:hr>
					</ns3:TrackPointExtension>
				</extensions>
			</trkpt>
			<trkpt lat="12.98352495" lon="77.69132196">
				<ele>888.88</ele>
				<time>2026-07-26T13:55:30Z</time>
				<extensions>
					<ns3:TrackPointExtension>
						<ns3:speed>2.17</ns3:speed>
						<ns3:cad>81.0</ns3:cad>
						<ns3:hr>159</ns3:hr>
					</ns3:TrackPointExtension>
				</extensions>
			</trkpt>
			<trkpt lat="12.98354428" lon="77.69132862">
				<ele>888.93</ele>
				<time>2026-07-26T13:55:31Z</time>
				<extensions>
					<ns3:TrackPointExtension>
						<ns3:speed>2.17</ns3:speed>
						<ns3:cad>81.0</ns3:cad>
						<ns3:hr>159</ns3:hr>
					</ns3:TrackPointExtension>
				</extensions>
			</trkpt>
			<trkpt lat="12.98356361" lon="77.69133495">
				<ele>888.97</ele>
				<time>2026-07-26T13:55:32Z</time>
				<extensions>
					<ns3:TrackPointExtension>
						<ns3:speed>2.17</ns3:speed>
						<ns3:cad>81.0</ns3:cad>
						<ns3:hr>159</ns3:hr>
					</ns3:TrackPointExtension>
				</extensions>
			</trkpt>
			<trkpt lat="12.9835826" lon="77.69134261">
				<ele>889.01</ele>
				<time>2026-07-26T13:55:33Z</time>
				<extensions>
					<ns3:TrackPointExtension>
						<ns3:speed>2.17</ns3:speed>
						<ns3:cad>81.0</ns3:cad>
						<ns3:hr>159</ns3:hr>
					</ns3:TrackPointExtension>
				</extensions>
			</trkpt>
			<trkpt lat="12.9836006" lon="77.69135094">
				<ele>889.05</ele>
				<time>2026-07-26T13:55:34Z</time>
				<extensions>
					<ns3:TrackPointExtension>
						<ns3:speed>2.18</ns3:speed>
						<ns3:cad>80.0</ns3:cad>
						<ns3:hr>159</ns3:hr>
					</ns3:TrackPointExtension>
				</extensions>
			</trkpt>
			<trkpt lat="12.98361493" lon="77.69136227">
				<ele>889.08</ele>
				<time>2026-07-26T13:55:35Z</time>
				<extensions>
					<ns3:TrackPointExtension>
						<ns3:speed>2.17</ns3:speed>
						<ns3:cad>80.0</ns3:cad>
						<ns3:hr>160</ns3:hr>
					</ns3:TrackPointExtension>
				</extensions>
			</trkpt>
			<trkpt lat="12.98362326" lon="77.6913776">
				<ele>889.13</ele>
				<time>2026-07-26T13:55:36Z</time>
				<extensions>
					<ns3:TrackPointExtension>
						<ns3:speed>2.17</ns3:speed>
						<ns3:cad>79.0</ns3:cad>
						<ns3:hr>159</ns3:hr>
					</ns3:TrackPointExtension>
				</extensions>
			</trkpt>
			<trkpt lat="12.98362625" lon="77.69139426">
				<ele>889.18</ele>
				<time>2026-07-26T13:55:37Z</time>
				<extensions>
					<ns3:TrackPointExtension>
						<ns3:speed>2.17</ns3:speed>
						<ns3:cad>79.0</ns3:cad>
						<ns3:hr>159</ns3:hr>
					</ns3:TrackPointExtension>
				</extensions>
			</trkpt>
			<trkpt lat="12.98362492" lon="77.69141192">
				<ele>889.23</ele>
				<time>2026-07-26T13:55:38Z</time>
				<extensions>
					<ns3:TrackPointExtension>
						<ns3:speed>2.16</ns3:speed>
						<ns3:cad>79.0</ns3:cad>
						<ns3:hr>158</ns3:hr>
					</ns3:TrackPointExtension>
				</extensions>
			</trkpt>
			<trkpt lat="12.98362059" lon="77.69143025">
				<ele>889.3</ele>
				<time>2026-07-26T13:55:39Z</time>
				<extensions>
					<ns3:TrackPointExtension>
						<ns3:speed>2.15</ns3:speed>
						<ns3:cad>79.0</ns3:cad>
						<ns3:hr>158</ns3:hr>
					</ns3:TrackPointExtension>
				</extensions>
			</trkpt>
			<trkpt lat="12.98361526" lon="77.69144891">
				<ele>889.35</ele>
				<time>2026-07-26T13:55:40Z</time>
				<extensions>
					<ns3:TrackPointExtension>
						<ns3:speed>2.16</ns3:speed>
						<ns3:cad>79.0</ns3:cad>
						<ns3:hr>158</ns3:hr>
					</ns3:TrackPointExtension>
				</extensions>
			</trkpt>
			<trkpt lat="12.9836096" lon="77.69146824">
				<ele>889.42</ele>
				<time>2026-07-26T13:55:41Z</time>
				<extensions>
					<ns3:TrackPointExtension>
						<ns3:speed>2.16</ns3:speed>
						<ns3:cad>80.0</ns3:cad>
						<ns3:hr>157</ns3:hr>
					</ns3:TrackPointExtension>
				</extensions>
			</trkpt>
			<trkpt lat="12.9836036" lon="77.6914879">
				<ele>889.49</ele>
				<time>2026-07-26T13:55:42Z</time>
				<extensions>
					<ns3:TrackPointExtension>
						<ns3:speed>2.17</ns3:speed>
						<ns3:cad>80.0</ns3:cad>
						<ns3:hr>158</ns3:hr>
					</ns3:TrackPointExtension>
				</extensions>
			</trkpt>
			<trkpt lat="12.98359794" lon="77.69150756">
				<ele>889.56</ele>
				<time>2026-07-26T13:55:43Z</time>
				<extensions>
					<ns3:TrackPointExtension>
						<ns3:speed>2.18</ns3:speed>
						<ns3:cad>80.0</ns3:cad>
						<ns3:hr>158</ns3:hr>
					</ns3:TrackPointExtension>
				</extensions>
			</trkpt>
			<trkpt lat="12.98359094" lon="77.69152756">
				<ele>889.6</ele>
				<time>2026-07-26T13:55:44Z</time>
				<extensions>
					<ns3:TrackPointExtension>
						<ns3:speed>2.18</ns3:speed>
						<ns3:cad>81.0</ns3:cad>
						<ns3:hr>158</ns3:hr>
					</ns3:TrackPointExtension>
				</extensions>
			</trkpt>
			<trkpt lat="12.98358361" lon="77.69154722">
				<ele>889.65</ele>
				<time>2026-07-26T13:55:45Z</time>
				<extensions>
					<ns3:TrackPointExtension>
						<ns3:speed>2.19</ns3:speed>
						<ns3:cad>81.0</ns3:cad>
						<ns3:hr>159</ns3:hr>
					</ns3:TrackPointExtension>
				</extensions>
			</trkpt>
			<trkpt lat="12.98357595" lon="77.69156655">
				<ele>889.69</ele>
				<time>2026-07-26T13:55:46Z</time>
				<extensions>
					<ns3:TrackPointExtension>
						<ns3:speed>2.2</ns3:speed>
						<ns3:cad>81.0</ns3:cad>
						<ns3:hr>159</ns3:hr>
					</ns3:TrackPointExtension>
				</extensions>
			</trkpt>
			<trkpt lat="12.98356862" lon="77.69158688">
				<ele>889.71</ele>
				<time>2026-07-26T13:55:47Z</time>
				<extensions>
					<ns3:TrackPointExtension>
						<ns3:speed>2.2</ns3:speed>
						<ns3:cad>81.0</ns3:cad>
						<ns3:hr>159</ns3:hr>
					</ns3:TrackPointExtension>
				</extensions>
			</trkpt>
			<trkpt lat="12.98356229" lon="77.69160721">
				<ele>889.73</ele>
				<time>2026-07-26T13:55:48Z</time>
				<extensions>
					<ns3:TrackPointExtension>
						<ns3:speed>2.21</ns3:speed>
						<ns3:cad>81.0</ns3:cad>
						<ns3:hr>160</ns3:hr>
					</ns3:TrackPointExtension>
				</extensions>
			</trkpt>
			<trkpt lat="12.9835563" lon="77.6916272">
				<ele>889.71</ele>
				<time>2026-07-26T13:55:49Z</time>
				<extensions>
					<ns3:TrackPointExtension>
						<ns3:speed>2.22</ns3:speed>
						<ns3:cad>81.0</ns3:cad>
						<ns3:hr>160</ns3:hr>
					</ns3:TrackPointExtension>
				</extensions>
			</trkpt>
			<trkpt lat="12.98354964" lon="77.69164653">
				<ele>889.69</ele>
				<time>2026-07-26T13:55:50Z</time>
				<extensions>
					<ns3:TrackPointExtension>
						<ns3:speed>2.23</ns3:speed>
						<ns3:cad>81.0</ns3:cad>
						<ns3:hr>159</ns3:hr>
					</ns3:TrackPointExtension>
				</extensions>
			</trkpt>
			<trkpt lat="12.98354264" lon="77.69166619">
				<ele>889.66</ele>
				<time>2026-07-26T13:55:51Z</time>
				<extensions>
					<ns3:TrackPointExtension>
						<ns3:speed>2.23</ns3:speed>
						<ns3:cad>81.0</ns3:cad>
						<ns3:hr>160</ns3:hr>
					</ns3:TrackPointExtension>
				</extensions>
			</trkpt>
			<trkpt lat="12.98353665" lon="77.69168585">
				<ele>889.61</ele>
				<time>2026-07-26T13:55:52Z</time>
				<extensions>
					<ns3:TrackPointExtension>
						<ns3:speed>2.24</ns3:speed>
						<ns3:cad>81.0</ns3:cad>
						<ns3:hr>160</ns3:hr>
					</ns3:TrackPointExtension>
				</extensions>
			</trkpt>
			<trkpt lat="12.98352965" lon="77.69170584">
				<ele>889.56</ele>
				<time>2026-07-26T13:55:53Z</time>
				<extensions>
					<ns3:TrackPointExtension>
						<ns3:speed>2.24</ns3:speed>
						<ns3:cad>81.0</ns3:cad>
						<ns3:hr>160</ns3:hr>
					</ns3:TrackPointExtension>
				</extensions>
			</trkpt>
			<trkpt lat="12.98352432" lon="77.69172717">
				<ele>889.51</ele>
				<time>2026-07-26T13:55:54Z</time>
				<extensions>
					<ns3:TrackPointExtension>
						<ns3:speed>2.24</ns3:speed>
						<ns3:cad>81.0</ns3:cad>
						<ns3:hr>160</ns3:hr>
					</ns3:TrackPointExtension>
				</extensions>
			</trkpt>
			<trkpt lat="12.98351899" lon="77.69174717">
				<ele>889.47</ele>
				<time>2026-07-26T13:55:55Z</time>
				<extensions>
					<ns3:TrackPointExtension>
						<ns3:speed>2.25</ns3:speed>
						<ns3:cad>81.0</ns3:cad>
						<ns3:hr>160</ns3:hr>
					</ns3:TrackPointExtension>
				</extensions>
			</trkpt>
			<trkpt lat="12.98351266" lon="77.6917665">
				<ele>889.43</ele>
				<time>2026-07-26T13:55:56Z</time>
				<extensions>
					<ns3:TrackPointExtension>
						<ns3:speed>2.25</ns3:speed>
						<ns3:cad>81.0</ns3:cad>
						<ns3:hr>160</ns3:hr>
					</ns3:TrackPointExtension>
				</extensions>
			</trkpt>
			<trkpt lat="12.98350333" lon="77.69178483">
				<ele>889.39</ele>
				<time>2026-07-26T13:55:57Z</time>
				<extensions>
					<ns3:TrackPointExtension>
						<ns3:speed>2.25</ns3:speed>
						<ns3:cad>80.0</ns3:cad>
						<ns3:hr>160</ns3:hr>
					</ns3:TrackPointExtension>
				</extensions>
			</trkpt>
			<trkpt lat="12.98349233" lon="77.69180116">
				<ele>889.37</ele>
				<time>2026-07-26T13:55:58Z</time>
				<extensions>
					<ns3:TrackPointExtension>
						<ns3:speed>2.25</ns3:speed>
						<ns3:cad>80.0</ns3:cad>
						<ns3:hr>160</ns3:hr>
					</ns3:TrackPointExtension>
				</extensions>
			</trkpt>
			<trkpt lat="12.98347933" lon="77.69181549">
				<ele>889.33</ele>
				<time>2026-07-26T13:55:59Z</time>
				<extensions>
					<ns3:TrackPointExtension>
						<ns3:speed>2.24</ns3:speed>
						<ns3:cad>80.0</ns3:cad>
						<ns3:hr>161</ns3:hr>
					</ns3:TrackPointExtension>
				</extensions>
			</trkpt>
			<trkpt lat="12.98346467" lon="77.69182815">
				<ele>889.32</ele>
				<time>2026-07-26T13:56:00Z</time>
				<extensions>
					<ns3:TrackPointExtension>
						<ns3:speed>2.24</ns3:speed>
						<ns3:cad>80.0</ns3:cad>
						<ns3:hr>160</ns3:hr>
					</ns3:TrackPointExtension>
				</extensions>
			</trkpt>
			<trkpt lat="12.98344901" lon="77.69183981">
				<ele>889.3</ele>
				<time>2026-07-26T13:56:01Z</time>
				<extensions>
					<ns3:TrackPointExtension>
						<ns3:speed>2.24</ns3:speed>
						<ns3:cad>80.0</ns3:cad>
						<ns3:hr>160</ns3:hr>
					</ns3:TrackPointExtension>
				</extensions>
			</trkpt>
			<trkpt lat="12.98343268" lon="77.69184947">
				<ele>889.3</ele>
				<time>2026-07-26T13:56:02Z</time>
				<extensions>
					<ns3:TrackPointExtension>
						<ns3:speed>2.24</ns3:speed>
						<ns3:cad>80.0</ns3:cad>
						<ns3:hr>160</ns3:hr>
					</ns3:TrackPointExtension>
				</extensions>
			</trkpt>
			<trkpt lat="12.98341535" lon="77.69185646">
				<ele>889.28</ele>
				<time>2026-07-26T13:56:03Z</time>
				<extensions>
					<ns3:TrackPointExtension>
						<ns3:speed>2.24</ns3:speed>
						<ns3:cad>80.0</ns3:cad>
						<ns3:hr>160</ns3:hr>
					</ns3:TrackPointExtension>
				</extensions>
			</trkpt>
			<trkpt lat="12.98339702" lon="77.69186079">
				<ele>889.27</ele>
				<time>2026-07-26T13:56:04Z</time>
				<extensions>
					<ns3:TrackPointExtension>
						<ns3:speed>2.24</ns3:speed>
						<ns3:cad>81.0</ns3:cad>
						<ns3:hr>160</ns3:hr>
					</ns3:TrackPointExtension>
				</extensions>
			</trkpt>
			<trkpt lat="12.98337736" lon="77.69186278">
				<ele>889.27</ele>
				<time>2026-07-26T13:56:05Z</time>
				<extensions>
					<ns3:TrackPointExtension>
						<ns3:speed>2.24</ns3:speed>
						<ns3:cad>81.0</ns3:cad>
						<ns3:hr>161</ns3:hr>
					</ns3:TrackPointExtension>
				</extensions>
			</trkpt>
			<trkpt lat="12.9833577" lon="77.69186311">
				<ele>889.26</ele>
				<time>2026-07-26T13:56:06Z</time>
				<extensions>
					<ns3:TrackPointExtension>
						<ns3:speed>2.23</ns3:speed>
						<ns3:cad>83.0</ns3:cad>
						<ns3:hr>161</ns3:hr>
					</ns3:TrackPointExtension>
				</extensions>
			</trkpt>
			<trkpt lat="12.98333837" lon="77.69186411">
				<ele>889.25</ele>
				<time>2026-07-26T13:56:07Z</time>
				<extensions>
					<ns3:TrackPointExtension>
						<ns3:speed>2.22</ns3:speed>
						<ns3:cad>83.0</ns3:cad>
						<ns3:hr>161</ns3:hr>
					</ns3:TrackPointExtension>
				</extensions>
			</trkpt>
			<trkpt lat="12.98331871" lon="77.69186544">
				<ele>889.24</ele>
				<time>2026-07-26T13:56:08Z</time>
				<extensions>
					<ns3:TrackPointExtension>
						<ns3:speed>2.21</ns3:speed>
						<ns3:cad>83.0</ns3:cad>
						<ns3:hr>161</ns3:hr>
					</ns3:TrackPointExtension>
				</extensions>
			</trkpt>
			<trkpt lat="12.98329838" lon="77.69186478">
				<ele>889.22</ele>
				<time>2026-07-26T13:56:09Z</time>
				<extensions>
					<ns3:TrackPointExtension>
						<ns3:speed>2.2</ns3:speed>
						<ns3:cad>83.0</ns3:cad>
						<ns3:hr>160</ns3:hr>
					</ns3:TrackPointExtension>
				</extensions>
			</trkpt>
			<trkpt lat="12.98327839" lon="77.69186312">
				<ele>889.21</ele>
				<time>2026-07-26T13:56:10Z</time>
				<extensions>
					<ns3:TrackPointExtension>
						<ns3:speed>2.2</ns3:speed>
						<ns3:cad>81.0</ns3:cad>
						<ns3:hr>159</ns3:hr>
					</ns3:TrackPointExtension>
				</extensions>
			</trkpt>
			<trkpt lat="12.98325806" lon="77.69186113">
				<ele>889.19</ele>
				<time>2026-07-26T13:56:11Z</time>
				<extensions>
					<ns3:TrackPointExtension>
						<ns3:speed>2.19</ns3:speed>
						<ns3:cad>81.0</ns3:cad>
						<ns3:hr>159</ns3:hr>
					</ns3:TrackPointExtension>
				</extensions>
			</trkpt>
			<trkpt lat="12.98323806" lon="77.69186014">
				<ele>889.18</ele>
				<time>2026-07-26T13:56:12Z</time>
				<extensions>
					<ns3:TrackPointExtension>
						<ns3:speed>2.19</ns3:speed>
						<ns3:cad>81.0</ns3:cad>
						<ns3:hr>159</ns3:hr>
					</ns3:TrackPointExtension>
				</extensions>
			</trkpt>
			<trkpt lat="12.9832194" lon="77.69186247">
				<ele>889.16</ele>
				<time>2026-07-26T13:56:13Z</time>
				<extensions>
					<ns3:TrackPointExtension>
						<ns3:speed>2.18</ns3:speed>
						<ns3:cad>81.0</ns3:cad>
						<ns3:hr>159</ns3:hr>
					</ns3:TrackPointExtension>
				</extensions>
			</trkpt>
			<trkpt lat="12.9832014" lon="77.6918678">
				<ele>889.13</ele>
				<time>2026-07-26T13:56:14Z</time>
				<extensions>
					<ns3:TrackPointExtension>
						<ns3:speed>2.17</ns3:speed>
						<ns3:cad>81.0</ns3:cad>
						<ns3:hr>158</ns3:hr>
					</ns3:TrackPointExtension>
				</extensions>
			</trkpt>
			<trkpt lat="12.98318607" lon="77.6918768">
				<ele>889.11</ele>
				<time>2026-07-26T13:56:15Z</time>
				<extensions>
					<ns3:TrackPointExtension>
						<ns3:speed>2.16</ns3:speed>
						<ns3:cad>80.0</ns3:cad>
						<ns3:hr>159</ns3:hr>
					</ns3:TrackPointExtension>
				</extensions>
			</trkpt>
			<trkpt lat="12.98317341" lon="77.69189013">
				<ele>889.1</ele>
				<time>2026-07-26T13:56:16Z</time>
				<extensions>
					<ns3:TrackPointExtension>
						<ns3:speed>2.15</ns3:speed>
						<ns3:cad>80.0</ns3:cad>
						<ns3:hr>159</ns3:hr>
					</ns3:TrackPointExtension>
				</extensions>
			</trkpt>
			<trkpt lat="12.98316308" lon="77.69190579">
				<ele>889.08</ele>
				<time>2026-07-26T13:56:17Z</time>
				<extensions>
					<ns3:TrackPointExtension>
						<ns3:speed>2.15</ns3:speed>
						<ns3:cad>80.0</ns3:cad>
						<ns3:hr>159</ns3:hr>
					</ns3:TrackPointExtension>
				</extensions>
			</trkpt>
			<trkpt lat="12.98315442" lon="77.69192312">
				<ele>889.05</ele>
				<time>2026-07-26T13:56:18Z</time>
				<extensions>
					<ns3:TrackPointExtension>
						<ns3:speed>2.14</ns3:speed>
						<ns3:cad>80.0</ns3:cad>
						<ns3:hr>159</ns3:hr>
					</ns3:TrackPointExtension>
				</extensions>
			</trkpt>
			<trkpt lat="12.98314642" lon="77.69194178">
				<ele>889.03</ele>
				<time>2026-07-26T13:56:19Z</time>
				<extensions>
					<ns3:TrackPointExtension>
						<ns3:speed>2.15</ns3:speed>
						<ns3:cad>79.0</ns3:cad>
						<ns3:hr>159</ns3:hr>
					</ns3:TrackPointExtension>
				</extensions>
			</trkpt>
			<trkpt lat="12.98313909" lon="77.69196078">
				<ele>889.01</ele>
				<time>2026-07-26T13:56:20Z</time>
				<extensions>
					<ns3:TrackPointExtension>
						<ns3:speed>2.15</ns3:speed>
						<ns3:cad>80.0</ns3:cad>
						<ns3:hr>159</ns3:hr>
					</ns3:TrackPointExtension>
				</extensions>
			</trkpt>
			<trkpt lat="12.98313043" lon="77.69197944">
				<ele>888.99</ele>
				<time>2026-07-26T13:56:21Z</time>
				<extensions>
					<ns3:TrackPointExtension>
						<ns3:speed>2.15</ns3:speed>
						<ns3:cad>80.0</ns3:cad>
						<ns3:hr>159</ns3:hr>
					</ns3:TrackPointExtension>
				</extensions>
			</trkpt>
			<trkpt lat="12.9831221" lon="77.6919971">
				<ele>888.97</ele>
				<time>2026-07-26T13:56:22Z</time>
				<extensions>
					<ns3:TrackPointExtension>
						<ns3:speed>2.15</ns3:speed>
						<ns3:cad>81.0</ns3:cad>
						<ns3:hr>159</ns3:hr>
					</ns3:TrackPointExtension>
				</extensions>
			</trkpt>
			<trkpt lat="12.98311177" lon="77.6920131">
				<ele>888.96</ele>
				<time>2026-07-26T13:56:23Z</time>
				<extensions>
					<ns3:TrackPointExtension>
						<ns3:speed>2.15</ns3:speed>
						<ns3:cad>81.0</ns3:cad>
						<ns3:hr>158</ns3:hr>
					</ns3:TrackPointExtension>
				</extensions>
			</trkpt>
			<trkpt lat="12.98309944" lon="77.69202876">
				<ele>888.95</ele>
				<time>2026-07-26T13:56:24Z</time>
				<extensions>
					<ns3:TrackPointExtension>
						<ns3:speed>2.15</ns3:speed>
						<ns3:cad>83.0</ns3:cad>
						<ns3:hr>158</ns3:hr>
					</ns3:TrackPointExtension>
				</extensions>
			</trkpt>
			<trkpt lat="12.98308544" lon="77.69204209">
				<ele>888.95</ele>
				<time>2026-07-26T13:56:25Z</time>
				<extensions>
					<ns3:TrackPointExtension>
						<ns3:speed>2.15</ns3:speed>
						<ns3:cad>81.0</ns3:cad>
						<ns3:hr>159</ns3:hr>
					</ns3:TrackPointExtension>
				</extensions>
			</trkpt>
			<trkpt lat="12.98307045" lon="77.69205475">
				<ele>888.94</ele>
				<time>2026-07-26T13:56:26Z</time>
				<extensions>
					<ns3:TrackPointExtension>
						<ns3:speed>2.14</ns3:speed>
						<ns3:cad>81.0</ns3:cad>
						<ns3:hr>158</ns3:hr>
					</ns3:TrackPointExtension>
				</extensions>
			</trkpt>
			<trkpt lat="12.98305479" lon="77.69206641">
				<ele>888.94</ele>
				<time>2026-07-26T13:56:27Z</time>
				<extensions>
					<ns3:TrackPointExtension>
					</ns3:TrackPointExtension>
				</extensions>
			</trkpt>
			<trkpt lat="12.98303879" lon="77.69207674">
				<ele>888.94</ele>
				<time>2026-07-26T13:56:28Z</time>
				<extensions>
					<ns3:TrackPointExtension>
						<ns3:speed>2.13</ns3:speed>
						<ns3:cad>80.0</ns3:cad>
						<ns3:hr>158</ns3:hr>
					</ns3:TrackPointExtension>
				</extensions>
			</trkpt>
			<trkpt lat="12.98302113" lon="77.6920834">
				<ele>888.93</ele>
				<time>2026-07-26T13:56:29Z</time>
				<extensions>
					<ns3:TrackPointExtension>
						<ns3:speed>2.13</ns3:speed>
						<ns3:cad>80.0</ns3:cad>
						<ns3:hr>158</ns3:hr>
					</ns3:TrackPointExtension>
				</extensions>
			</trkpt>
			<trkpt lat="12.98300313" lon="77.69208873">
				<ele>888.93</ele>
				<time>2026-07-26T13:56:30Z</time>
				<extensions>
					<ns3:TrackPointExtension>
						<ns3:speed>2.12</ns3:speed>
						<ns3:cad>81.0</ns3:cad>
						<ns3:hr>158</ns3:hr>
					</ns3:TrackPointExtension>
				</extensions>
			</trkpt>
			<trkpt lat="12.98298514" lon="77.69209472">
				<ele>888.93</ele>
				<time>2026-07-26T13:56:31Z</time>
				<extensions>
					<ns3:TrackPointExtension>
						<ns3:speed>2.12</ns3:speed>
						<ns3:cad>81.0</ns3:cad>
						<ns3:hr>159</ns3:hr>
					</ns3:TrackPointExtension>
				</extensions>
			</trkpt>
			<trkpt lat="12.98296681" lon="77.69210105">
				<ele>888.92</ele>
				<time>2026-07-26T13:56:32Z</time>
				<extensions>
					<ns3:TrackPointExtension>
						<ns3:speed>2.12</ns3:speed>
						<ns3:cad>83.0</ns3:cad>
						<ns3:hr>158</ns3:hr>
					</ns3:TrackPointExtension>
				</extensions>
			</trkpt>
			<trkpt lat="12.98294815" lon="77.69210604">
				<ele>888.92</ele>
				<time>2026-07-26T13:56:33Z</time>
				<extensions>
					<ns3:TrackPointExtension>
						<ns3:speed>2.12</ns3:speed>
						<ns3:cad>84.0</ns3:cad>
						<ns3:hr>158</ns3:hr>
					</ns3:TrackPointExtension>
				</extensions>
			</trkpt>
			<trkpt lat="12.98292916" lon="77.69211304">
				<ele>888.92</ele>
				<time>2026-07-26T13:56:34Z</time>
				<extensions>
					<ns3:TrackPointExtension>
						<ns3:speed>2.11</ns3:speed>
						<ns3:cad>84.0</ns3:cad>
						<ns3:hr>159</ns3:hr>
					</ns3:TrackPointExtension>
				</extensions>
			</trkpt>
			<trkpt lat="12.98291217" lon="77.69212137">
				<ele>888.92</ele>
				<time>2026-07-26T13:56:35Z</time>
				<extensions>
					<ns3:TrackPointExtension>
						<ns3:speed>2.11</ns3:speed>
						<ns3:cad>84.0</ns3:cad>
						<ns3:hr>159</ns3:hr>
					</ns3:TrackPointExtension>
				</extensions>
			</trkpt>
			<trkpt lat="12.98289451" lon="77.69212903">
				<ele>888.92</ele>
				<time>2026-07-26T13:56:36Z</time>
				<extensions>
					<ns3:TrackPointExtension>
						<ns3:speed>2.1</ns3:speed>
						<ns3:cad>83.0</ns3:cad>
						<ns3:hr>159</ns3:hr>
					</ns3:TrackPointExtension>
				</extensions>
			</trkpt>
			<trkpt lat="12.98287718" lon="77.69213802">
				<ele>888.92</ele>
				<time>2026-07-26T13:56:37Z</time>
				<extensions>
					<ns3:TrackPointExtension>
						<ns3:speed>2.1</ns3:speed>
						<ns3:cad>81.0</ns3:cad>
						<ns3:hr>160</ns3:hr>
					</ns3:TrackPointExtension>
				</extensions>
			</trkpt>
			<trkpt lat="12.98286085" lon="77.69214835">
				<ele>888.92</ele>
				<time>2026-07-26T13:56:38Z</time>
				<extensions>
					<ns3:TrackPointExtension>
						<ns3:speed>2.1</ns3:speed>
						<ns3:cad>81.0</ns3:cad>
						<ns3:hr>159</ns3:hr>
					</ns3:TrackPointExtension>
				</extensions>
			</trkpt>
			<trkpt lat="12.98284485" lon="77.69215935">
				<ele>888.91</ele>
				<time>2026-07-26T13:56:39Z</time>
				<extensions>
					<ns3:TrackPointExtension>
						<ns3:speed>2.09</ns3:speed>
						<ns3:cad>80.0</ns3:cad>
						<ns3:hr>159</ns3:hr>
					</ns3:TrackPointExtension>
				</extensions>
			</trkpt>
			<trkpt lat="12.98282886" lon="77.69216968">
				<ele>888.91</ele>
				<time>2026-07-26T13:56:40Z</time>
				<extensions>
					<ns3:TrackPointExtension>
						<ns3:speed>2.09</ns3:speed>
						<ns3:cad>80.0</ns3:cad>
						<ns3:hr>160</ns3:hr>
					</ns3:TrackPointExtension>
				</extensions>
			</trkpt>
			<trkpt lat="12.9828132" lon="77.69218068">
				<ele>888.91</ele>
				<time>2026-07-26T13:56:41Z</time>
				<extensions>
					<ns3:TrackPointExtension>
						<ns3:speed>2.08</ns3:speed>
						<ns3:cad>80.0</ns3:cad>
						<ns3:hr>160</ns3:hr>
					</ns3:TrackPointExtension>
				</extensions>
			</trkpt>
			<trkpt lat="12.98279787" lon="77.69219334">
				<ele>888.91</ele>
				<time>2026-07-26T13:56:42Z</time>
				<extensions>
					<ns3:TrackPointExtension>
						<ns3:speed>2.08</ns3:speed>
						<ns3:cad>79.0</ns3:cad>
						<ns3:hr>161</ns3:hr>
					</ns3:TrackPointExtension>
				</extensions>
			</trkpt>
			<trkpt lat="12.98278387" lon="77.692206">
				<ele>888.91</ele>
				<time>2026-07-26T13:56:43Z</time>
				<extensions>
					<ns3:TrackPointExtension>
						<ns3:speed>2.08</ns3:speed>
						<ns3:cad>79.0</ns3:cad>
						<ns3:hr>161</ns3:hr>
					</ns3:TrackPointExtension>
				</extensions>
			</trkpt>
			<trkpt lat="12.98277087" lon="77.69221966">
				<ele>888.91</ele>
				<time>2026-07-26T13:56:44Z</time>
				<extensions>
					<ns3:TrackPointExtension>
						<ns3:speed>2.08</ns3:speed>
						<ns3:cad>79.0</ns3:cad>
						<ns3:hr>161</ns3:hr>
					</ns3:TrackPointExtension>
				</extensions>
			</trkpt>
			<trkpt lat="12.98275821" lon="77.69223399">
				<ele>888.91</ele>
				<time>2026-07-26T13:56:45Z</time>
				<extensions>
					<ns3:TrackPointExtension>
						<ns3:speed>2.08</ns3:speed>
						<ns3:cad>80.0</ns3:cad>
						<ns3:hr>161</ns3:hr>
					</ns3:TrackPointExtension>
				</extensions>
			</trkpt>
			<trkpt lat="12.98274688" lon="77.69224932">
				<ele>888.92</ele>
				<time>2026-07-26T13:56:46Z</time>
				<extensions>
					<ns3:TrackPointExtension>
						<ns3:speed>2.07</ns3:speed>
						<ns3:cad>80.0</ns3:cad>
						<ns3:hr>161</ns3:hr>
					</ns3:TrackPointExtension>
				</extensions>
			</trkpt>
			<trkpt lat="12.98273655" lon="77.69226565">
				<ele>888.93</ele>
				<time>2026-07-26T13:56:47Z</time>
				<extensions>
					<ns3:TrackPointExtension>
						<ns3:speed>2.07</ns3:speed>
						<ns3:cad>80.0</ns3:cad>
						<ns3:hr>161</ns3:hr>
					</ns3:TrackPointExtension>
				</extensions>
			</trkpt>
			<trkpt lat="12.98272789" lon="77.69228364">
				<ele>888.94</ele>
				<time>2026-07-26T13:56:48Z</time>
				<extensions>
					<ns3:TrackPointExtension>
						<ns3:speed>2.07</ns3:speed>
						<ns3:cad>80.0</ns3:cad>
						<ns3:hr>161</ns3:hr>
					</ns3:TrackPointExtension>
				</extensions>
			</trkpt>
			<trkpt lat="12.98272056" lon="77.69230163">
				<ele>888.96</ele>
				<time>2026-07-26T13:56:49Z</time>
				<extensions>
					<ns3:TrackPointExtension>
						<ns3:speed>2.07</ns3:speed>
						<ns3:cad>81.0</ns3:cad>
						<ns3:hr>161</ns3:hr>
					</ns3:TrackPointExtension>
				</extensions>
			</trkpt>
			<trkpt lat="12.9827129" lon="77.69231962">
				<ele>888.97</ele>
				<time>2026-07-26T13:56:50Z</time>
				<extensions>
					<ns3:TrackPointExtension>
						<ns3:speed>2.07</ns3:speed>
						<ns3:cad>81.0</ns3:cad>
						<ns3:hr>160</ns3:hr>
					</ns3:TrackPointExtension>
				</extensions>
			</trkpt>
			<trkpt lat="12.9827049" lon="77.69233728">
				<ele>888.98</ele>
				<time>2026-07-26T13:56:51Z</time>
				<extensions>
					<ns3:TrackPointExtension>
						<ns3:speed>2.07</ns3:speed>
						<ns3:cad>81.0</ns3:cad>
						<ns3:hr>160</ns3:hr>
					</ns3:TrackPointExtension>
				</extensions>
			</trkpt>
			<trkpt lat="12.98269557" lon="77.69235394">
				<ele>889.0</ele>
				<time>2026-07-26T13:56:52Z</time>
				<extensions>
					<ns3:TrackPointExtension>
						<ns3:speed>2.07</ns3:speed>
						<ns3:cad>83.0</ns3:cad>
						<ns3:hr>160</ns3:hr>
					</ns3:TrackPointExtension>
				</extensions>
			</trkpt>
			<trkpt lat="12.98268458" lon="77.69236893">
				<ele>889.01</ele>
				<time>2026-07-26T13:56:53Z</time>
				<extensions>
					<ns3:TrackPointExtension>
						<ns3:speed>2.07</ns3:speed>
						<ns3:cad>83.0</ns3:cad>
						<ns3:hr>159</ns3:hr>
					</ns3:TrackPointExtension>
				</extensions>
			</trkpt>
			<trkpt lat="12.98267192" lon="77.69238092">
				<ele>889.03</ele>
				<time>2026-07-26T13:56:54Z</time>
				<extensions>
					<ns3:TrackPointExtension>
						<ns3:speed>2.07</ns3:speed>
						<ns3:cad>83.0</ns3:cad>
						<ns3:hr>159</ns3:hr>
					</ns3:TrackPointExtension>
				</extensions>
			</trkpt>
			<trkpt lat="12.98265792" lon="77.69238792">
				<ele>889.04</ele>
				<time>2026-07-26T13:56:55Z</time>
				<extensions>
					<ns3:TrackPointExtension>
						<ns3:speed>2.07</ns3:speed>
						<ns3:cad>81.0</ns3:cad>
						<ns3:hr>159</ns3:hr>
					</ns3:TrackPointExtension>
				</extensions>
			</trkpt>
			<trkpt lat="12.98264326" lon="77.69239291">
				<ele>889.05</ele>
				<time>2026-07-26T13:56:56Z</time>
				<extensions>
					<ns3:TrackPointExtension>
						<ns3:speed>2.06</ns3:speed>
						<ns3:cad>81.0</ns3:cad>
						<ns3:hr>160</ns3:hr>
					</ns3:TrackPointExtension>
				</extensions>
			</trkpt>
			<trkpt lat="12.98262793" lon="77.69239657">
				<ele>889.06</ele>
				<time>2026-07-26T13:56:57Z</time>
				<extensions>
					<ns3:TrackPointExtension>
						<ns3:speed>2.04</ns3:speed>
						<ns3:cad>80.0</ns3:cad>
						<ns3:hr>160</ns3:hr>
					</ns3:TrackPointExtension>
				</extensions>
			</trkpt>
			<trkpt lat="12.98261127" lon="77.69239823">
				<ele>889.08</ele>
				<time>2026-07-26T13:56:58Z</time>
				<extensions>
					<ns3:TrackPointExtension>
						<ns3:speed>2.04</ns3:speed>
						<ns3:cad>80.0</ns3:cad>
						<ns3:hr>159</ns3:hr>
					</ns3:TrackPointExtension>
				</extensions>
			</trkpt>
			<trkpt lat="12.98259394" lon="77.69239889">
				<ele>889.1</ele>
				<time>2026-07-26T13:56:59Z</time>
				<extensions>
					<ns3:TrackPointExtension>
						<ns3:speed>2.03</ns3:speed>
						<ns3:cad>79.0</ns3:cad>
						<ns3:hr>159</ns3:hr>
					</ns3:TrackPointExtension>
				</extensions>
			</trkpt>
			<trkpt lat="12.98257628" lon="77.69239889">
				<ele>889.11</ele>
				<time>2026-07-26T13:57:00Z</time>
				<extensions>
					<ns3:TrackPointExtension>
						<ns3:speed>2.02</ns3:speed>
						<ns3:cad>80.0</ns3:cad>
						<ns3:hr>158</ns3:hr>
					</ns3:TrackPointExtension>
				</extensions>
			</trkpt>
			<trkpt lat="12.98255895" lon="77.69239889">
				<ele>889.13</ele>
				<time>2026-07-26T13:57:01Z</time>
				<extensions>
					<ns3:TrackPointExtension>
						<ns3:speed>2.02</ns3:speed>
						<ns3:cad>80.0</ns3:cad>
						<ns3:hr>159</ns3:hr>
					</ns3:TrackPointExtension>
				</extensions>
			</trkpt>
			<trkpt lat="12.98254129" lon="77.69239955">
				<ele>889.15</ele>
				<time>2026-07-26T13:57:02Z</time>
				<extensions>
					<ns3:TrackPointExtension>
						<ns3:speed>2.02</ns3:speed>
						<ns3:cad>80.0</ns3:cad>
						<ns3:hr>158</ns3:hr>
					</ns3:TrackPointExtension>
				</extensions>
			</trkpt>
			<trkpt lat="12.98252396" lon="77.69240054">
				<ele>889.17</ele>
				<time>2026-07-26T13:57:03Z</time>
				<extensions>
					<ns3:TrackPointExtension>
						<ns3:speed>2.02</ns3:speed>
						<ns3:cad>81.0</ns3:cad>
						<ns3:hr>159</ns3:hr>
					</ns3:TrackPointExtension>
				</extensions>
			</trkpt>
			<trkpt lat="12.9825063" lon="77.69240153">
				<ele>889.19</ele>
				<time>2026-07-26T13:57:04Z</time>
				<extensions>
					<ns3:TrackPointExtension>
						<ns3:speed>2.0</ns3:speed>
						<ns3:cad>81.0</ns3:cad>
						<ns3:hr>159</ns3:hr>
					</ns3:TrackPointExtension>
				</extensions>
			</trkpt>
			<trkpt lat="12.9824883" lon="77.69240386">
				<ele>889.22</ele>
				<time>2026-07-26T13:57:05Z</time>
				<extensions>
					<ns3:TrackPointExtension>
						<ns3:speed>2.0</ns3:speed>
						<ns3:cad>83.0</ns3:cad>
						<ns3:hr>159</ns3:hr>
					</ns3:TrackPointExtension>
				</extensions>
			</trkpt>
			<trkpt lat="12.98247031" lon="77.69240652">
				<ele>889.24</ele>
				<time>2026-07-26T13:57:06Z</time>
				<extensions>
					<ns3:TrackPointExtension>
						<ns3:speed>1.99</ns3:speed>
						<ns3:cad>81.0</ns3:cad>
						<ns3:hr>159</ns3:hr>
					</ns3:TrackPointExtension>
				</extensions>
			</trkpt>
			<trkpt lat="12.98245132" lon="77.69240785">
				<ele>889.26</ele>
				<time>2026-07-26T13:57:07Z</time>
				<extensions>
					<ns3:TrackPointExtension>
						<ns3:speed>1.98</ns3:speed>
						<ns3:cad>81.0</ns3:cad>
						<ns3:hr>159</ns3:hr>
					</ns3:TrackPointExtension>
				</extensions>
			</trkpt>
			<trkpt lat="12.98243199" lon="77.69240884">
				<ele>889.28</ele>
				<time>2026-07-26T13:57:08Z</time>
				<extensions>
					<ns3:TrackPointExtension>
						<ns3:speed>1.98</ns3:speed>
						<ns3:cad>81.0</ns3:cad>
						<ns3:hr>158</ns3:hr>
					</ns3:TrackPointExtension>
				</extensions>
			</trkpt>
			<trkpt lat="12.982413" lon="77.69240818">
				<ele>889.31</ele>
				<time>2026-07-26T13:57:09Z</time>
				<extensions>
					<ns3:TrackPointExtension>
						<ns3:speed>1.98</ns3:speed>
						<ns3:cad>80.0</ns3:cad>
						<ns3:hr>158</ns3:hr>
					</ns3:TrackPointExtension>
				</extensions>
			</trkpt>
			<trkpt lat="12.98239434" lon="77.69240619">
				<ele>889.34</ele>
				<time>2026-07-26T13:57:10Z</time>
				<extensions>
					<ns3:TrackPointExtension>
						<ns3:speed>1.98</ns3:speed>
						<ns3:cad>80.0</ns3:cad>
						<ns3:hr>158</ns3:hr>
					</ns3:TrackPointExtension>
				</extensions>
			</trkpt>
			<trkpt lat="12.98237668" lon="77.69240186">
				<ele>889.36</ele>
				<time>2026-07-26T13:57:11Z</time>
				<extensions>
					<ns3:TrackPointExtension>
						<ns3:speed>1.98</ns3:speed>
						<ns3:cad>80.0</ns3:cad>
						<ns3:hr>158</ns3:hr>
					</ns3:TrackPointExtension>
				</extensions>
			</trkpt>
			<trkpt lat="12.98235935" lon="77.69239653">
				<ele>889.38</ele>
				<time>2026-07-26T13:57:12Z</time>
				<extensions>
					<ns3:TrackPointExtension>
						<ns3:speed>1.99</ns3:speed>
						<ns3:cad>80.0</ns3:cad>
						<ns3:hr>159</ns3:hr>
					</ns3:TrackPointExtension>
				</extensions>
			</trkpt>
			<trkpt lat="12.98234335" lon="77.69238687">
				<ele>889.41</ele>
				<time>2026-07-26T13:57:13Z</time>
				<extensions>
					<ns3:TrackPointExtension>
						<ns3:speed>1.99</ns3:speed>
						<ns3:cad>80.0</ns3:cad>
						<ns3:hr>159</ns3:hr>
					</ns3:TrackPointExtension>
				</extensions>
			</trkpt>
			<trkpt lat="12.98232869" lon="77.69237488">
				<ele>889.43</ele>
				<time>2026-07-26T13:57:14Z</time>
				<extensions>
					<ns3:TrackPointExtension>
						<ns3:speed>2.0</ns3:speed>
						<ns3:cad>80.0</ns3:cad>
						<ns3:hr>160</ns3:hr>
					</ns3:TrackPointExtension>
				</extensions>
			</trkpt>
			<trkpt lat="12.98231503" lon="77.69235955">
				<ele>889.45</ele>
				<time>2026-07-26T13:57:15Z</time>
				<extensions>
					<ns3:TrackPointExtension>
						<ns3:speed>2.0</ns3:speed>
						<ns3:cad>80.0</ns3:cad>
						<ns3:hr>160</ns3:hr>
					</ns3:TrackPointExtension>
				</extensions>
			</trkpt>
			<trkpt lat="12.98230237" lon="77.69234455">
				<ele>889.47</ele>
				<time>2026-07-26T13:57:16Z</time>
				<extensions>
					<ns3:TrackPointExtension>
						<ns3:speed>2.02</ns3:speed>
						<ns3:cad>81.0</ns3:cad>
						<ns3:hr>159</ns3:hr>
					</ns3:TrackPointExtension>
				</extensions>
			</trkpt>
			<trkpt lat="12.98229004" lon="77.69232822">
				<ele>889.48</ele>
				<time>2026-07-26T13:57:17Z</time>
				<extensions>
					<ns3:TrackPointExtension>
						<ns3:speed>2.03</ns3:speed>
						<ns3:cad>83.0</ns3:cad>
						<ns3:hr>159</ns3:hr>
					</ns3:TrackPointExtension>
				</extensions>
			</trkpt>
			<trkpt lat="12.98227738" lon="77.69231156">
				<ele>889.49</ele>
				<time>2026-07-26T13:57:18Z</time>
				<extensions>
					<ns3:TrackPointExtension>
						<ns3:speed>2.04</ns3:speed>
						<ns3:cad>83.0</ns3:cad>
						<ns3:hr>159</ns3:hr>
					</ns3:TrackPointExtension>
				</extensions>
			</trkpt>
			<trkpt lat="12.98226472" lon="77.69229457">
				<ele>889.49</ele>
				<time>2026-07-26T13:57:19Z</time>
				<extensions>
					<ns3:TrackPointExtension>
						<ns3:speed>2.06</ns3:speed>
						<ns3:cad>84.0</ns3:cad>
						<ns3:hr>159</ns3:hr>
					</ns3:TrackPointExtension>
				</extensions>
			</trkpt>
			<trkpt lat="12.98225273" lon="77.69227758">
				<ele>889.49</ele>
				<time>2026-07-26T13:57:20Z</time>
				<extensions>
					<ns3:TrackPointExtension>
						<ns3:speed>2.07</ns3:speed>
						<ns3:cad>83.0</ns3:cad>
						<ns3:hr>160</ns3:hr>
					</ns3:TrackPointExtension>
				</extensions>
			</trkpt>
			<trkpt lat="12.98224173" lon="77.69226059">
				<ele>889.48</ele>
				<time>2026-07-26T13:57:21Z</time>
				<extensions>
					<ns3:TrackPointExtension>
						<ns3:speed>2.08</ns3:speed>
						<ns3:cad>83.0</ns3:cad>
						<ns3:hr>160</ns3:hr>
					</ns3:TrackPointExtension>
				</extensions>
			</trkpt>
			<trkpt lat="12.98222974" lon="77.69224326">
				<ele>889.47</ele>
				<time>2026-07-26T13:57:22Z</time>
				<extensions>
					<ns3:TrackPointExtension>
						<ns3:speed>2.1</ns3:speed>
						<ns3:cad>83.0</ns3:cad>
						<ns3:hr>160</ns3:hr>
					</ns3:TrackPointExtension>
				</extensions>
			</trkpt>
			<trkpt lat="12.98221708" lon="77.69222593">
				<ele>889.45</ele>
				<time>2026-07-26T13:57:23Z</time>
				<extensions>
					<ns3:TrackPointExtension>
						<ns3:speed>2.1</ns3:speed>
						<ns3:cad>81.0</ns3:cad>
						<ns3:hr>160</ns3:hr>
					</ns3:TrackPointExtension>
				</extensions>
			</trkpt>
			<trkpt lat="12.98220408" lon="77.69220993">
				<ele>889.44</ele>
				<time>2026-07-26T13:57:24Z</time>
				<extensions>
					<ns3:TrackPointExtension>
						<ns3:speed>2.12</ns3:speed>
						<ns3:cad>81.0</ns3:cad>
						<ns3:hr>160</ns3:hr>
					</ns3:TrackPointExtension>
				</extensions>
			</trkpt>
			<trkpt lat="12.98219109" lon="77.6921946">
				<ele>889.42</ele>
				<time>2026-07-26T13:57:25Z</time>
				<extensions>
					<ns3:TrackPointExtension>
						<ns3:speed>2.13</ns3:speed>
						<ns3:cad>81.0</ns3:cad>
						<ns3:hr>161</ns3:hr>
					</ns3:TrackPointExtension>
				</extensions>
			</trkpt>
			<trkpt lat="12.98217809" lon="77.69217894">
				<ele>889.4</ele>
				<time>2026-07-26T13:57:26Z</time>
				<extensions>
					<ns3:TrackPointExtension>
						<ns3:speed>2.14</ns3:speed>
						<ns3:cad>83.0</ns3:cad>
						<ns3:hr>161</ns3:hr>
					</ns3:TrackPointExtension>
				</extensions>
			</trkpt>
			<trkpt lat="12.98216543" lon="77.69216261">
				<ele>889.38</ele>
				<time>2026-07-26T13:57:27Z</time>
				<extensions>
					<ns3:TrackPointExtension>
						<ns3:speed>2.15</ns3:speed>
						<ns3:cad>83.0</ns3:cad>
						<ns3:hr>161</ns3:hr>
					</ns3:TrackPointExtension>
				</extensions>
			</trkpt>
			<trkpt lat="12.9821531" lon="77.69214628">
				<ele>889.35</ele>
				<time>2026-07-26T13:57:28Z</time>
				<extensions>
					<ns3:TrackPointExtension>
						<ns3:speed>2.15</ns3:speed>
						<ns3:cad>84.0</ns3:cad>
						<ns3:hr>161</ns3:hr>
					</ns3:TrackPointExtension>
				</extensions>
			</trkpt>
			<trkpt lat="12.98214111" lon="77.69212995">
				<ele>889.34</ele>
				<time>2026-07-26T13:57:29Z</time>
				<extensions>
					<ns3:TrackPointExtension>
						<ns3:speed>2.16</ns3:speed>
						<ns3:cad>83.0</ns3:cad>
						<ns3:hr>161</ns3:hr>
					</ns3:TrackPointExtension>
				</extensions>
			</trkpt>
			<trkpt lat="12.98212945" lon="77.69211329">
				<ele>889.33</ele>
				<time>2026-07-26T13:57:30Z</time>
				<extensions>
					<ns3:TrackPointExtension>
						<ns3:speed>2.16</ns3:speed>
						<ns3:cad>83.0</ns3:cad>
						<ns3:hr>161</ns3:hr>
					</ns3:TrackPointExtension>
				</extensions>
			</trkpt>
			<trkpt lat="12.98211579" lon="77.69209863">
				<ele>889.33</ele>
				<time>2026-07-26T13:57:31Z</time>
				<extensions>
					<ns3:TrackPointExtension>
						<ns3:speed>2.16</ns3:speed>
						<ns3:cad>81.0</ns3:cad>
						<ns3:hr>162</ns3:hr>
					</ns3:TrackPointExtension>
				</extensions>
			</trkpt>
			<trkpt lat="12.98210013" lon="77.6920853">
				<ele>889.33</ele>
				<time>2026-07-26T13:57:32Z</time>
				<extensions>
					<ns3:TrackPointExtension>
						<ns3:speed>2.17</ns3:speed>
						<ns3:cad>81.0</ns3:cad>
						<ns3:hr>162</ns3:hr>
					</ns3:TrackPointExtension>
				</extensions>
			</trkpt>
			<trkpt lat="12.98208347" lon="77.69207397">
				<ele>889.32</ele>
				<time>2026-07-26T13:57:33Z</time>
				<extensions>
					<ns3:TrackPointExtension>
						<ns3:speed>2.17</ns3:speed>
						<ns3:cad>81.0</ns3:cad>
						<ns3:hr>161</ns3:hr>
					</ns3:TrackPointExtension>
				</extensions>
			</trkpt>
			<trkpt lat="12.98206514" lon="77.69206331">
				<ele>889.32</ele>
				<time>2026-07-26T13:57:34Z</time>
				<extensions>
					<ns3:TrackPointExtension>
						<ns3:speed>2.18</ns3:speed>
						<ns3:cad>81.0</ns3:cad>
						<ns3:hr>161</ns3:hr>
					</ns3:TrackPointExtension>
				</extensions>
			</trkpt>
			<trkpt lat="12.98204981" lon="77.69204965">
				<ele>889.32</ele>
				<time>2026-07-26T13:57:35Z</time>
				<extensions>
					<ns3:TrackPointExtension>
						<ns3:speed>2.18</ns3:speed>
						<ns3:cad>83.0</ns3:cad>
						<ns3:hr>160</ns3:hr>
					</ns3:TrackPointExtension>
				</extensions>
			</trkpt>
			<trkpt lat="12.98203715" lon="77.69203266">
				<ele>889.31</ele>
				<time>2026-07-26T13:57:36Z</time>
				<extensions>
					<ns3:TrackPointExtension>
						<ns3:speed>2.19</ns3:speed>
						<ns3:cad>84.0</ns3:cad>
						<ns3:hr>160</ns3:hr>
					</ns3:TrackPointExtension>
				</extensions>
			</trkpt>
			<trkpt lat="12.98202615" lon="77.69201433">
				<ele>889.3</ele>
				<time>2026-07-26T13:57:37Z</time>
				<extensions>
					<ns3:TrackPointExtension>
						<ns3:speed>2.2</ns3:speed>
						<ns3:cad>84.0</ns3:cad>
						<ns3:hr>161</ns3:hr>
					</ns3:TrackPointExtension>
				</extensions>
			</trkpt>
			<trkpt lat="12.98201982" lon="77.691995">
				<ele>889.28</ele>
				<time>2026-07-26T13:57:38Z</time>
				<extensions>
					<ns3:TrackPointExtension>
						<ns3:speed>2.21</ns3:speed>
						<ns3:cad>84.0</ns3:cad>
						<ns3:hr>160</ns3:hr>
					</ns3:TrackPointExtension>
				</extensions>
			</trkpt>
			<trkpt lat="12.98201716" lon="77.691975">
				<ele>889.26</ele>
				<time>2026-07-26T13:57:39Z</time>
				<extensions>
					<ns3:TrackPointExtension>
						<ns3:speed>2.21</ns3:speed>
						<ns3:cad>84.0</ns3:cad>
						<ns3:hr>160</ns3:hr>
					</ns3:TrackPointExtension>
				</extensions>
			</trkpt>
			<trkpt lat="12.98201683" lon="77.69195467">
				<ele>889.23</ele>
				<time>2026-07-26T13:57:40Z</time>
				<extensions>
					<ns3:TrackPointExtension>
						<ns3:speed>2.21</ns3:speed>
						<ns3:cad>84.0</ns3:cad>
						<ns3:hr>161</ns3:hr>
					</ns3:TrackPointExtension>
				</extensions>
			</trkpt>
			<trkpt lat="12.98201816" lon="77.69193501">
				<ele>889.21</ele>
				<time>2026-07-26T13:57:41Z</time>
				<extensions>
					<ns3:TrackPointExtension>
						<ns3:speed>2.21</ns3:speed>
						<ns3:cad>84.0</ns3:cad>
						<ns3:hr>161</ns3:hr>
					</ns3:TrackPointExtension>
				</extensions>
			</trkpt>
			<trkpt lat="12.98202016" lon="77.69191468">
				<ele>889.16</ele>
				<time>2026-07-26T13:57:42Z</time>
				<extensions>
					<ns3:TrackPointExtension>
						<ns3:speed>2.21</ns3:speed>
						<ns3:cad>84.0</ns3:cad>
						<ns3:hr>161</ns3:hr>
					</ns3:TrackPointExtension>
				</extensions>
			</trkpt>
			<trkpt lat="12.98202216" lon="77.69189435">
				<ele>889.1</ele>
				<time>2026-07-26T13:57:43Z</time>
				<extensions>
					<ns3:TrackPointExtension>
						<ns3:speed>2.2</ns3:speed>
						<ns3:cad>84.0</ns3:cad>
						<ns3:hr>161</ns3:hr>
					</ns3:TrackPointExtension>
				</extensions>
			</trkpt>
			<trkpt lat="12.98202315" lon="77.69187402">
				<ele>888.97</ele>
				<time>2026-07-26T13:57:44Z</time>
				<extensions>
					<ns3:TrackPointExtension>
						<ns3:speed>2.2</ns3:speed>
						<ns3:cad>84.0</ns3:cad>
						<ns3:hr>161</ns3:hr>
					</ns3:TrackPointExtension>
				</extensions>
			</trkpt>
			<trkpt lat="12.98202648" lon="77.69185336">
				<ele>888.89</ele>
				<time>2026-07-26T13:57:45Z</time>
				<extensions>
					<ns3:TrackPointExtension>
						<ns3:speed>2.2</ns3:speed>
						<ns3:cad>84.0</ns3:cad>
						<ns3:hr>161</ns3:hr>
					</ns3:TrackPointExtension>
				</extensions>
			</trkpt>
			<trkpt lat="12.98203047" lon="77.69183203">
				<ele>888.81</ele>
				<time>2026-07-26T13:57:46Z</time>
				<extensions>
					<ns3:TrackPointExtension>
						<ns3:speed>2.2</ns3:speed>
						<ns3:cad>83.0</ns3:cad>
						<ns3:hr>161</ns3:hr>
					</ns3:TrackPointExtension>
				</extensions>
			</trkpt>
			<trkpt lat="12.98203347" lon="77.69181203">
				<ele>888.74</ele>
				<time>2026-07-26T13:57:47Z</time>
				<extensions>
					<ns3:TrackPointExtension>
						<ns3:speed>2.19</ns3:speed>
						<ns3:cad>83.0</ns3:cad>
						<ns3:hr>162</ns3:hr>
					</ns3:TrackPointExtension>
				</extensions>
			</trkpt>
			<trkpt lat="12.98203746" lon="77.69179137">
				<ele>888.67</ele>
				<time>2026-07-26T13:57:48Z</time>
				<extensions>
					<ns3:TrackPointExtension>
						<ns3:speed>2.19</ns3:speed>
						<ns3:cad>81.0</ns3:cad>
						<ns3:hr>162</ns3:hr>
					</ns3:TrackPointExtension>
				</extensions>
			</trkpt>
			<trkpt lat="12.98204246" lon="77.69177037">
				<ele>888.61</ele>
				<time>2026-07-26T13:57:49Z</time>
				<extensions>
					<ns3:TrackPointExtension>
						<ns3:speed>2.18</ns3:speed>
						<ns3:cad>80.0</ns3:cad>
						<ns3:hr>162</ns3:hr>
					</ns3:TrackPointExtension>
				</extensions>
			</trkpt>
			<trkpt lat="12.98204879" lon="77.69174971">
				<ele>888.57</ele>
				<time>2026-07-26T13:57:50Z</time>
				<extensions>
					<ns3:TrackPointExtension>
						<ns3:speed>2.18</ns3:speed>
						<ns3:cad>80.0</ns3:cad>
						<ns3:hr>163</ns3:hr>
					</ns3:TrackPointExtension>
				</extensions>
			</trkpt>
			<trkpt lat="12.98205445" lon="77.69172972">
				<ele>888.52</ele>
				<time>2026-07-26T13:57:51Z</time>
				<extensions>
					<ns3:TrackPointExtension>
						<ns3:speed>2.18</ns3:speed>
						<ns3:cad>79.0</ns3:cad>
						<ns3:hr>163</ns3:hr>
					</ns3:TrackPointExtension>
				</extensions>
			</trkpt>
			<trkpt lat="12.98206011" lon="77.69171072">
				<ele>888.5</ele>
				<time>2026-07-26T13:57:52Z</time>
				<extensions>
					<ns3:TrackPointExtension>
						<ns3:speed>2.18</ns3:speed>
						<ns3:cad>80.0</ns3:cad>
						<ns3:hr>163</ns3:hr>
					</ns3:TrackPointExtension>
				</extensions>
			</trkpt>
			<trkpt lat="12.9820661" lon="77.69169139">
				<ele>888.49</ele>
				<time>2026-07-26T13:57:53Z</time>
				<extensions>
					<ns3:TrackPointExtension>
						<ns3:speed>2.18</ns3:speed>
						<ns3:cad>81.0</ns3:cad>
						<ns3:hr>163</ns3:hr>
					</ns3:TrackPointExtension>
				</extensions>
			</trkpt>
			<trkpt lat="12.98207609" lon="77.69167206">
				<ele>888.49</ele>
				<time>2026-07-26T13:57:54Z</time>
				<extensions>
					<ns3:TrackPointExtension>
					</ns3:TrackPointExtension>
				</extensions>
			</trkpt>
			<trkpt lat="12.98208575" lon="77.69165473">
				<ele>888.5</ele>
				<time>2026-07-26T13:57:55Z</time>
				<extensions>
					<ns3:TrackPointExtension>
						<ns3:speed>2.18</ns3:speed>
						<ns3:cad>81.0</ns3:cad>
						<ns3:hr>163</ns3:hr>
					</ns3:TrackPointExtension>
				</extensions>
			</trkpt>
			<trkpt lat="12.98209608" lon="77.69163707">
				<ele>888.52</ele>
				<time>2026-07-26T13:57:56Z</time>
				<extensions>
					<ns3:TrackPointExtension>
						<ns3:speed>2.18</ns3:speed>
						<ns3:cad>81.0</ns3:cad>
						<ns3:hr>163</ns3:hr>
					</ns3:TrackPointExtension>
				</extensions>
			</trkpt>
			<trkpt lat="12.98210407" lon="77.69162041">
				<ele>888.54</ele>
				<time>2026-07-26T13:57:57Z</time>
				<extensions>
					<ns3:TrackPointExtension>
						<ns3:speed>2.18</ns3:speed>
						<ns3:cad>81.0</ns3:cad>
						<ns3:hr>162</ns3:hr>
					</ns3:TrackPointExtension>
				</extensions>
			</trkpt>
			<trkpt lat="12.98211107" lon="77.69160242">
				<ele>888.57</ele>
				<time>2026-07-26T13:57:58Z</time>
				<extensions>
					<ns3:TrackPointExtension>
						<ns3:speed>2.17</ns3:speed>
						<ns3:cad>81.0</ns3:cad>
						<ns3:hr>162</ns3:hr>
					</ns3:TrackPointExtension>
				</extensions>
			</trkpt>
			<trkpt lat="12.9821154" lon="77.69158443">
				<ele>888.59</ele>
				<time>2026-07-26T13:57:59Z</time>
				<extensions>
					<ns3:TrackPointExtension>
						<ns3:speed>2.17</ns3:speed>
						<ns3:cad>80.0</ns3:cad>
						<ns3:hr>162</ns3:hr>
					</ns3:TrackPointExtension>
				</extensions>
			</trkpt>
			<trkpt lat="12.9821184" lon="77.69156943">
				<ele>888.62</ele>
				<time>2026-07-26T13:58:00Z</time>
				<extensions>
					<ns3:TrackPointExtension>
						<ns3:speed>2.17</ns3:speed>
						<ns3:cad>80.0</ns3:cad>
						<ns3:hr>162</ns3:hr>
					</ns3:TrackPointExtension>
				</extensions>
			</trkpt>
			<trkpt lat="12.98212173" lon="77.69154944">
				<ele>888.64</ele>
				<time>2026-07-26T13:58:01Z</time>
				<extensions>
					<ns3:TrackPointExtension>
						<ns3:speed>2.17</ns3:speed>
						<ns3:cad>80.0</ns3:cad>
						<ns3:hr>162</ns3:hr>
					</ns3:TrackPointExtension>
				</extensions>
			</trkpt>
			<trkpt lat="12.9821194" lon="77.69152778">
				<ele>888.69</ele>
				<time>2026-07-26T13:58:02Z</time>
				<extensions>
					<ns3:TrackPointExtension>
						<ns3:speed>2.17</ns3:speed>
						<ns3:cad>80.0</ns3:cad>
						<ns3:hr>163</ns3:hr>
					</ns3:TrackPointExtension>
				</extensions>
			</trkpt>
			<trkpt lat="12.98211374" lon="77.69150645">
				<ele>888.75</ele>
				<time>2026-07-26T13:58:03Z</time>
				<extensions>
					<ns3:TrackPointExtension>
						<ns3:speed>2.17</ns3:speed>
						<ns3:cad>80.0</ns3:cad>
						<ns3:hr>163</ns3:hr>
					</ns3:TrackPointExtension>
				</extensions>
			</trkpt>
			<trkpt lat="12.98210341" lon="77.69148545">
				<ele>888.83</ele>
				<time>2026-07-26T13:58:04Z</time>
				<extensions>
					<ns3:TrackPointExtension>
						<ns3:speed>2.16</ns3:speed>
						<ns3:cad>80.0</ns3:cad>
						<ns3:hr>164</ns3:hr>
					</ns3:TrackPointExtension>
				</extensions>
			</trkpt>
			<trkpt lat="12.98208542" lon="77.69146412">
				<ele>888.92</ele>
				<time>2026-07-26T13:58:05Z</time>
				<extensions>
					<ns3:TrackPointExtension>
						<ns3:speed>2.15</ns3:speed>
						<ns3:cad>80.0</ns3:cad>
						<ns3:hr>165</ns3:hr>
					</ns3:TrackPointExtension>
				</extensions>
			</trkpt>
			<trkpt lat="12.98206309" lon="77.69144479">
				<ele>889.0</ele>
				<time>2026-07-26T13:58:06Z</time>
				<extensions>
					<ns3:TrackPointExtension>
						<ns3:speed>2.15</ns3:speed>
						<ns3:cad>80.0</ns3:cad>
						<ns3:hr>163</ns3:hr>
					</ns3:TrackPointExtension>
				</extensions>
			</trkpt>
			<trkpt lat="12.98203976" lon="77.69142913">
				<ele>889.06</ele>
				<time>2026-07-26T13:58:07Z</time>
				<extensions>
					<ns3:TrackPointExtension>
						<ns3:speed>2.15</ns3:speed>
						<ns3:cad>81.0</ns3:cad>
						<ns3:hr>164</ns3:hr>
					</ns3:TrackPointExtension>
				</extensions>
			</trkpt>
			<trkpt lat="12.9820171" lon="77.6914178">
				<ele>889.1</ele>
				<time>2026-07-26T13:58:08Z</time>
				<extensions>
					<ns3:TrackPointExtension>
						<ns3:speed>2.15</ns3:speed>
						<ns3:cad>83.0</ns3:cad>
						<ns3:hr>164</ns3:hr>
					</ns3:TrackPointExtension>
				</extensions>
			</trkpt>
			<trkpt lat="12.98199544" lon="77.69140881">
				<ele>889.1</ele>
				<time>2026-07-26T13:58:09Z</time>
				<extensions>
					<ns3:TrackPointExtension>
						<ns3:speed>2.15</ns3:speed>
						<ns3:cad>83.0</ns3:cad>
						<ns3:hr>164</ns3:hr>
					</ns3:TrackPointExtension>
				</extensions>
			</trkpt>
			<trkpt lat="12.98197478" lon="77.69140015">
				<ele>889.1</ele>
				<time>2026-07-26T13:58:10Z</time>
				<extensions>
					<ns3:TrackPointExtension>
						<ns3:speed>2.16</ns3:speed>
						<ns3:cad>83.0</ns3:cad>
						<ns3:hr>164</ns3:hr>
					</ns3:TrackPointExtension>
				</extensions>
			</trkpt>
			<trkpt lat="12.98195545" lon="77.69139049">
				<ele>889.07</ele>
				<time>2026-07-26T13:58:11Z</time>
				<extensions>
					<ns3:TrackPointExtension>
						<ns3:speed>2.16</ns3:speed>
						<ns3:cad>83.0</ns3:cad>
						<ns3:hr>164</ns3:hr>
					</ns3:TrackPointExtension>
				</extensions>
			</trkpt>
			<trkpt lat="12.98193445" lon="77.6913805">
				<ele>889.04</ele>
				<time>2026-07-26T13:58:12Z</time>
				<extensions>
					<ns3:TrackPointExtension>
						<ns3:speed>2.17</ns3:speed>
						<ns3:cad>81.0</ns3:cad>
						<ns3:hr>164</ns3:hr>
					</ns3:TrackPointExtension>
				</extensions>
			</trkpt>
			<trkpt lat="12.98191579" lon="77.69136784">
				<ele>889.0</ele>
				<time>2026-07-26T13:58:13Z</time>
				<extensions>
					<ns3:TrackPointExtension>
						<ns3:speed>2.17</ns3:speed>
						<ns3:cad>80.0</ns3:cad>
						<ns3:hr>163</ns3:hr>
					</ns3:TrackPointExtension>
				</extensions>
			</trkpt>
			<trkpt lat="12.98190146" lon="77.69135318">
				<ele>888.95</ele>
				<time>2026-07-26T13:58:14Z</time>
				<extensions>
					<ns3:TrackPointExtension>
						<ns3:speed>2.18</ns3:speed>
						<ns3:cad>80.0</ns3:cad>
						<ns3:hr>164</ns3:hr>
					</ns3:TrackPointExtension>
				</extensions>
			</trkpt>
			<trkpt lat="12.9818908" lon="77.69133685">
				<ele>888.91</ele>
				<time>2026-07-26T13:58:15Z</time>
				<extensions>
					<ns3:TrackPointExtension>
						<ns3:speed>2.19</ns3:speed>
						<ns3:cad>79.0</ns3:cad>
						<ns3:hr>164</ns3:hr>
					</ns3:TrackPointExtension>
				</extensions>
			</trkpt>
			<trkpt lat="12.9818838" lon="77.69131886">
				<ele>888.86</ele>
				<time>2026-07-26T13:58:16Z</time>
				<extensions>
					<ns3:TrackPointExtension>
						<ns3:speed>2.2</ns3:speed>
						<ns3:cad>79.0</ns3:cad>
						<ns3:hr>163</ns3:hr>
					</ns3:TrackPointExtension>
				</extensions>
			</trkpt>
			<trkpt lat="12.98188147" lon="77.69129953">
				<ele>888.79</ele>
				<time>2026-07-26T13:58:17Z</time>
				<extensions>
					<ns3:TrackPointExtension>
						<ns3:speed>2.21</ns3:speed>
						<ns3:cad>79.0</ns3:cad>
						<ns3:hr>163</ns3:hr>
					</ns3:TrackPointExtension>
				</extensions>
			</trkpt>
			<trkpt lat="12.9818828" lon="77.69127987">
				<ele>888.71</ele>
				<time>2026-07-26T13:58:18Z</time>
				<extensions>
					<ns3:TrackPointExtension>
						<ns3:speed>2.22</ns3:speed>
						<ns3:cad>80.0</ns3:cad>
						<ns3:hr>162</ns3:hr>
					</ns3:TrackPointExtension>
				</extensions>
			</trkpt>
			<trkpt lat="12.98188646" lon="77.69125954">
				<ele>888.62</ele>
				<time>2026-07-26T13:58:19Z</time>
				<extensions>
					<ns3:TrackPointExtension>
						<ns3:speed>2.23</ns3:speed>
						<ns3:cad>80.0</ns3:cad>
						<ns3:hr>161</ns3:hr>
					</ns3:TrackPointExtension>
				</extensions>
			</trkpt>
			<trkpt lat="12.98189112" lon="77.69123921">
				<ele>888.53</ele>
				<time>2026-07-26T13:58:20Z</time>
				<extensions>
					<ns3:TrackPointExtension>
						<ns3:speed>2.23</ns3:speed>
						<ns3:cad>81.0</ns3:cad>
						<ns3:hr>162</ns3:hr>
					</ns3:TrackPointExtension>
				</extensions>
			</trkpt>
			<trkpt lat="12.98189645" lon="77.69121922">
				<ele>888.47</ele>
				<time>2026-07-26T13:58:21Z</time>
				<extensions>
					<ns3:TrackPointExtension>
						<ns3:speed>2.24</ns3:speed>
						<ns3:cad>81.0</ns3:cad>
						<ns3:hr>161</ns3:hr>
					</ns3:TrackPointExtension>
				</extensions>
			</trkpt>
			<trkpt lat="12.98190245" lon="77.69119889">
				<ele>888.37</ele>
				<time>2026-07-26T13:58:22Z</time>
				<extensions>
					<ns3:TrackPointExtension>
						<ns3:speed>2.25</ns3:speed>
						<ns3:cad>81.0</ns3:cad>
						<ns3:hr>162</ns3:hr>
					</ns3:TrackPointExtension>
				</extensions>
			</trkpt>
			<trkpt lat="12.98190878" lon="77.69117823">
				<ele>888.31</ele>
				<time>2026-07-26T13:58:23Z</time>
				<extensions>
					<ns3:TrackPointExtension>
						<ns3:speed>2.25</ns3:speed>
						<ns3:cad>81.0</ns3:cad>
						<ns3:hr>163</ns3:hr>
					</ns3:TrackPointExtension>
				</extensions>
			</trkpt>
			<trkpt lat="12.98191611" lon="77.6911579">
				<ele>888.25</ele>
				<time>2026-07-26T13:58:24Z</time>
				<extensions>
					<ns3:TrackPointExtension>
						<ns3:speed>2.26</ns3:speed>
						<ns3:cad>81.0</ns3:cad>
						<ns3:hr>163</ns3:hr>
					</ns3:TrackPointExtension>
				</extensions>
			</trkpt>
			<trkpt lat="12.98192344" lon="77.69113757">
				<ele>888.2</ele>
				<time>2026-07-26T13:58:25Z</time>
				<extensions>
					<ns3:TrackPointExtension>
						<ns3:speed>2.26</ns3:speed>
						<ns3:cad>81.0</ns3:cad>
						<ns3:hr>163</ns3:hr>
					</ns3:TrackPointExtension>
				</extensions>
			</trkpt>
			<trkpt lat="12.9819301" lon="77.69111758">
				<ele>888.15</ele>
				<time>2026-07-26T13:58:26Z</time>
				<extensions>
					<ns3:TrackPointExtension>
						<ns3:speed>2.26</ns3:speed>
						<ns3:cad>81.0</ns3:cad>
						<ns3:hr>163</ns3:hr>
					</ns3:TrackPointExtension>
				</extensions>
			</trkpt>
			<trkpt lat="12.98193809" lon="77.69109825">
				<ele>888.12</ele>
				<time>2026-07-26T13:58:27Z</time>
				<extensions>
					<ns3:TrackPointExtension>
						<ns3:speed>2.26</ns3:speed>
						<ns3:cad>81.0</ns3:cad>
						<ns3:hr>163</ns3:hr>
					</ns3:TrackPointExtension>
				</extensions>
			</trkpt>
			<trkpt lat="12.98194675" lon="77.69107859">
				<ele>888.1</ele>
				<time>2026-07-26T13:58:28Z</time>
				<extensions>
					<ns3:TrackPointExtension>
						<ns3:speed>2.26</ns3:speed>
						<ns3:cad>80.0</ns3:cad>
						<ns3:hr>163</ns3:hr>
					</ns3:TrackPointExtension>
				</extensions>
			</trkpt>
			<trkpt lat="12.98195608" lon="77.69105893">
				<ele>888.1</ele>
				<time>2026-07-26T13:58:29Z</time>
				<extensions>
					<ns3:TrackPointExtension>
						<ns3:speed>2.26</ns3:speed>
						<ns3:cad>80.0</ns3:cad>
						<ns3:hr>163</ns3:hr>
					</ns3:TrackPointExtension>
				</extensions>
			</trkpt>
			<trkpt lat="12.98196474" lon="77.6910396">
				<ele>888.1</ele>
				<time>2026-07-26T13:58:30Z</time>
				<extensions>
					<ns3:TrackPointExtension>
						<ns3:speed>2.26</ns3:speed>
						<ns3:cad>79.0</ns3:cad>
						<ns3:hr>162</ns3:hr>
					</ns3:TrackPointExtension>
				</extensions>
			</trkpt>
			<trkpt lat="12.9819734" lon="77.69101994">
				<ele>888.12</ele>
				<time>2026-07-26T13:58:31Z</time>
				<extensions>
					<ns3:TrackPointExtension>
						<ns3:speed>2.26</ns3:speed>
						<ns3:cad>80.0</ns3:cad>
						<ns3:hr>163</ns3:hr>
					</ns3:TrackPointExtension>
				</extensions>
			</trkpt>
			<trkpt lat="12.98198206" lon="77.69100095">
				<ele>888.14</ele>
				<time>2026-07-26T13:58:32Z</time>
				<extensions>
					<ns3:TrackPointExtension>
						<ns3:speed>2.26</ns3:speed>
						<ns3:cad>80.0</ns3:cad>
						<ns3:hr>162</ns3:hr>
					</ns3:TrackPointExtension>
				</extensions>
			</trkpt>
			<trkpt lat="12.98199039" lon="77.69098229">
				<ele>888.17</ele>
				<time>2026-07-26T13:58:33Z</time>
				<extensions>
					<ns3:TrackPointExtension>
						<ns3:speed>2.25</ns3:speed>
						<ns3:cad>80.0</ns3:cad>
						<ns3:hr>162</ns3:hr>
					</ns3:TrackPointExtension>
				</extensions>
			</trkpt>
			<trkpt lat="12.98199872" lon="77.69096363">
				<ele>888.19</ele>
				<time>2026-07-26T13:58:34Z</time>
				<extensions>
					<ns3:TrackPointExtension>
						<ns3:speed>2.25</ns3:speed>
						<ns3:cad>81.0</ns3:cad>
						<ns3:hr>162</ns3:hr>
					</ns3:TrackPointExtension>
				</extensions>
			</trkpt>
			<trkpt lat="12.98200572" lon="77.6909443">
				<ele>888.2</ele>
				<time>2026-07-26T13:58:35Z</time>
				<extensions>
					<ns3:TrackPointExtension>
						<ns3:speed>2.25</ns3:speed>
						<ns3:cad>81.0</ns3:cad>
						<ns3:hr>163</ns3:hr>
					</ns3:TrackPointExtension>
				</extensions>
			</trkpt>
			<trkpt lat="12.98201272" lon="77.69092497">
				<ele>888.23</ele>
				<time>2026-07-26T13:58:36Z</time>
				<extensions>
					<ns3:TrackPointExtension>
						<ns3:speed>2.24</ns3:speed>
						<ns3:cad>81.0</ns3:cad>
						<ns3:hr>163</ns3:hr>
					</ns3:TrackPointExtension>
				</extensions>
			</trkpt>
			<trkpt lat="12.98201805" lon="77.69090531">
				<ele>888.24</ele>
				<time>2026-07-26T13:58:37Z</time>
				<extensions>
					<ns3:TrackPointExtension>
						<ns3:speed>2.24</ns3:speed>
						<ns3:cad>81.0</ns3:cad>
						<ns3:hr>163</ns3:hr>
					</ns3:TrackPointExtension>
				</extensions>
			</trkpt>
			<trkpt lat="12.98202138" lon="77.69088398">
				<ele>888.24</ele>
				<time>2026-07-26T13:58:38Z</time>
				<extensions>
					<ns3:TrackPointExtension>
						<ns3:speed>2.24</ns3:speed>
						<ns3:cad>80.0</ns3:cad>
						<ns3:hr>163</ns3:hr>
					</ns3:TrackPointExtension>
				</extensions>
			</trkpt>
			<trkpt lat="12.98202471" lon="77.69086332">
				<ele>888.24</ele>
				<time>2026-07-26T13:58:39Z</time>
				<extensions>
					<ns3:TrackPointExtension>
						<ns3:speed>2.25</ns3:speed>
						<ns3:cad>80.0</ns3:cad>
						<ns3:hr>163</ns3:hr>
					</ns3:TrackPointExtension>
				</extensions>
			</trkpt>
			<trkpt lat="12.98202871" lon="77.69084299">
				<ele>888.23</ele>
				<time>2026-07-26T13:58:40Z</time>
				<extensions>
					<ns3:TrackPointExtension>
						<ns3:speed>2.25</ns3:speed>
						<ns3:cad>80.0</ns3:cad>
						<ns3:hr>163</ns3:hr>
					</ns3:TrackPointExtension>
				</extensions>
			</trkpt>
			<trkpt lat="12.98203337" lon="77.69082299">
				<ele>888.23</ele>
				<time>2026-07-26T13:58:41Z</time>
				<extensions>
					<ns3:TrackPointExtension>
						<ns3:speed>2.25</ns3:speed>
						<ns3:cad>80.0</ns3:cad>
						<ns3:hr>162</ns3:hr>
					</ns3:TrackPointExtension>
				</extensions>
			</trkpt>
			<trkpt lat="12.9820387" lon="77.69080266">
				<ele>888.21</ele>
				<time>2026-07-26T13:58:42Z</time>
				<extensions>
					<ns3:TrackPointExtension>
						<ns3:speed>2.25</ns3:speed>
						<ns3:cad>80.0</ns3:cad>
						<ns3:hr>162</ns3:hr>
					</ns3:TrackPointExtension>
				</extensions>
			</trkpt>
			<trkpt lat="12.98204436" lon="77.69078266">
				<ele>888.19</ele>
				<time>2026-07-26T13:58:43Z</time>
				<extensions>
					<ns3:TrackPointExtension>
						<ns3:speed>2.25</ns3:speed>
						<ns3:cad>81.0</ns3:cad>
						<ns3:hr>162</ns3:hr>
					</ns3:TrackPointExtension>
				</extensions>
			</trkpt>
			<trkpt lat="12.98205036" lon="77.69076233">
				<ele>888.17</ele>
				<time>2026-07-26T13:58:44Z</time>
				<extensions>
					<ns3:TrackPointExtension>
						<ns3:speed>2.26</ns3:speed>
						<ns3:cad>81.0</ns3:cad>
						<ns3:hr>162</ns3:hr>
					</ns3:TrackPointExtension>
				</extensions>
			</trkpt>
			<trkpt lat="12.98205569" lon="77.69074233">
				<ele>888.15</ele>
				<time>2026-07-26T13:58:45Z</time>
				<extensions>
					<ns3:TrackPointExtension>
						<ns3:speed>2.26</ns3:speed>
						<ns3:cad>81.0</ns3:cad>
						<ns3:hr>162</ns3:hr>
					</ns3:TrackPointExtension>
				</extensions>
			</trkpt>
			<trkpt lat="12.98206068" lon="77.690721">
				<ele>888.13</ele>
				<time>2026-07-26T13:58:46Z</time>
				<extensions>
					<ns3:TrackPointExtension>
						<ns3:speed>2.26</ns3:speed>
						<ns3:cad>81.0</ns3:cad>
						<ns3:hr>162</ns3:hr>
					</ns3:TrackPointExtension>
				</extensions>
			</trkpt>
			<trkpt lat="12.98206567" lon="77.69069967">
				<ele>888.11</ele>
				<time>2026-07-26T13:58:47Z</time>
				<extensions>
					<ns3:TrackPointExtension>
						<ns3:speed>2.26</ns3:speed>
						<ns3:cad>83.0</ns3:cad>
						<ns3:hr>163</ns3:hr>
					</ns3:TrackPointExtension>
				</extensions>
			</trkpt>
			<trkpt lat="12.98207066" lon="77.69067867">
				<ele>888.1</ele>
				<time>2026-07-26T13:58:48Z</time>
				<extensions>
					<ns3:TrackPointExtension>
						<ns3:speed>2.26</ns3:speed>
						<ns3:cad>83.0</ns3:cad>
						<ns3:hr>163</ns3:hr>
					</ns3:TrackPointExtension>
				</extensions>
			</trkpt>
			<trkpt lat="12.98207565" lon="77.69065834">
				<ele>888.09</ele>
				<time>2026-07-26T13:58:49Z</time>
				<extensions>
					<ns3:TrackPointExtension>
						<ns3:speed>2.27</ns3:speed>
						<ns3:cad>83.0</ns3:cad>
						<ns3:hr>162</ns3:hr>
					</ns3:TrackPointExtension>
				</extensions>
			</trkpt>
			<trkpt lat="12.98207931" lon="77.69063801">
				<ele>888.09</ele>
				<time>2026-07-26T13:58:50Z</time>
				<extensions>
					<ns3:TrackPointExtension>
						<ns3:speed>2.27</ns3:speed>
						<ns3:cad>83.0</ns3:cad>
						<ns3:hr>161</ns3:hr>
					</ns3:TrackPointExtension>
				</extensions>
			</trkpt>
			<trkpt lat="12.98208264" lon="77.69061701">
				<ele>888.1</ele>
				<time>2026-07-26T13:58:51Z</time>
				<extensions>
					<ns3:TrackPointExtension>
						<ns3:speed>2.27</ns3:speed>
						<ns3:cad>83.0</ns3:cad>
						<ns3:hr>161</ns3:hr>
					</ns3:TrackPointExtension>
				</extensions>
			</trkpt>
			<trkpt lat="12.98208763" lon="77.69059635">
				<ele>888.1</ele>
				<time>2026-07-26T13:58:52Z</time>
				<extensions>
					<ns3:TrackPointExtension>
						<ns3:speed>2.26</ns3:speed>
						<ns3:cad>83.0</ns3:cad>
						<ns3:hr>161</ns3:hr>
					</ns3:TrackPointExtension>
				</extensions>
			</trkpt>
			<trkpt lat="12.98209163" lon="77.69057602">
				<ele>888.12</ele>
				<time>2026-07-26T13:58:53Z</time>
				<extensions>
					<ns3:TrackPointExtension>
						<ns3:speed>2.26</ns3:speed>
						<ns3:cad>83.0</ns3:cad>
						<ns3:hr>162</ns3:hr>
					</ns3:TrackPointExtension>
				</extensions>
			</trkpt>
			<trkpt lat="12.98209629" lon="77.69055602">
				<ele>888.13</ele>
				<time>2026-07-26T13:58:54Z</time>
				<extensions>
					<ns3:TrackPointExtension>
						<ns3:speed>2.26</ns3:speed>
						<ns3:cad>81.0</ns3:cad>
						<ns3:hr>163</ns3:hr>
					</ns3:TrackPointExtension>
				</extensions>
			</trkpt>
			<trkpt lat="12.98210095" lon="77.69053603">
				<ele>888.16</ele>
				<time>2026-07-26T13:58:55Z</time>
				<extensions>
					<ns3:TrackPointExtension>
						<ns3:speed>2.25</ns3:speed>
						<ns3:cad>80.0</ns3:cad>
						<ns3:hr>162</ns3:hr>
					</ns3:TrackPointExtension>
				</extensions>
			</trkpt>
			<trkpt lat="12.98210694" lon="77.6905167">
				<ele>888.19</ele>
				<time>2026-07-26T13:58:56Z</time>
				<extensions>
					<ns3:TrackPointExtension>
						<ns3:speed>2.25</ns3:speed>
						<ns3:cad>80.0</ns3:cad>
						<ns3:hr>163</ns3:hr>
					</ns3:TrackPointExtension>
				</extensions>
			</trkpt>
			<trkpt lat="12.98211294" lon="77.69049771">
				<ele>888.22</ele>
				<time>2026-07-26T13:58:57Z</time>
				<extensions>
					<ns3:TrackPointExtension>
						<ns3:speed>2.25</ns3:speed>
						<ns3:cad>80.0</ns3:cad>
						<ns3:hr>164</ns3:hr>
					</ns3:TrackPointExtension>
				</extensions>
			</trkpt>
			<trkpt lat="12.98212093" lon="77.69047871">
				<ele>888.26</ele>
				<time>2026-07-26T13:58:58Z</time>
				<extensions>
					<ns3:TrackPointExtension>
						<ns3:speed>2.24</ns3:speed>
						<ns3:cad>80.0</ns3:cad>
						<ns3:hr>164</ns3:hr>
					</ns3:TrackPointExtension>
				</extensions>
			</trkpt>
			<trkpt lat="12.98213026" lon="77.69046072">
				<ele>888.3</ele>
				<time>2026-07-26T13:58:59Z</time>
				<extensions>
					<ns3:TrackPointExtension>
						<ns3:speed>2.24</ns3:speed>
						<ns3:cad>80.0</ns3:cad>
						<ns3:hr>164</ns3:hr>
					</ns3:TrackPointExtension>
				</extensions>
			</trkpt>
			<trkpt lat="12.98214625" lon="77.69044539">
				<ele>888.34</ele>
				<time>2026-07-26T13:59:00Z</time>
				<extensions>
					<ns3:TrackPointExtension>
						<ns3:speed>2.24</ns3:speed>
						<ns3:cad>80.0</ns3:cad>
						<ns3:hr>164</ns3:hr>
					</ns3:TrackPointExtension>
				</extensions>
			</trkpt>
			<trkpt lat="12.98216291" lon="77.6904324">
				<ele>888.38</ele>
				<time>2026-07-26T13:59:01Z</time>
				<extensions>
					<ns3:TrackPointExtension>
						<ns3:speed>2.24</ns3:speed>
						<ns3:cad>80.0</ns3:cad>
						<ns3:hr>165</ns3:hr>
					</ns3:TrackPointExtension>
				</extensions>
			</trkpt>
			<trkpt lat="12.98218024" lon="77.69042041">
				<ele>888.44</ele>
				<time>2026-07-26T13:59:02Z</time>
				<extensions>
					<ns3:TrackPointExtension>
						<ns3:speed>2.24</ns3:speed>
						<ns3:cad>80.0</ns3:cad>
						<ns3:hr>166</ns3:hr>
					</ns3:TrackPointExtension>
				</extensions>
			</trkpt>
			<trkpt lat="12.98219857" lon="77.69041008">
				<ele>888.48</ele>
				<time>2026-07-26T13:59:03Z</time>
				<extensions>
					<ns3:TrackPointExtension>
						<ns3:speed>2.24</ns3:speed>
						<ns3:cad>80.0</ns3:cad>
						<ns3:hr>166</ns3:hr>
					</ns3:TrackPointExtension>
				</extensions>
			</trkpt>
			<trkpt lat="12.98221723" lon="77.69040142">
				<ele>888.53</ele>
				<time>2026-07-26T13:59:04Z</time>
				<extensions>
					<ns3:TrackPointExtension>
						<ns3:speed>2.24</ns3:speed>
						<ns3:cad>81.0</ns3:cad>
						<ns3:hr>166</ns3:hr>
					</ns3:TrackPointExtension>
				</extensions>
			</trkpt>
			<trkpt lat="12.98223622" lon="77.69039476">
				<ele>888.58</ele>
				<time>2026-07-26T13:59:05Z</time>
				<extensions>
					<ns3:TrackPointExtension>
						<ns3:speed>2.24</ns3:speed>
						<ns3:cad>81.0</ns3:cad>
						<ns3:hr>167</ns3:hr>
					</ns3:TrackPointExtension>
				</extensions>
			</trkpt>
			<trkpt lat="12.98225555" lon="77.6903911">
				<ele>888.62</ele>
				<time>2026-07-26T13:59:06Z</time>
				<extensions>
					<ns3:TrackPointExtension>
						<ns3:speed>2.24</ns3:speed>
						<ns3:cad>81.0</ns3:cad>
						<ns3:hr>166</ns3:hr>
					</ns3:TrackPointExtension>
				</extensions>
			</trkpt>
			<trkpt lat="12.98227521" lon="77.69038977">
				<ele>888.72</ele>
				<time>2026-07-26T13:59:07Z</time>
				<extensions>
					<ns3:TrackPointExtension>
						<ns3:speed>2.24</ns3:speed>
						<ns3:cad>81.0</ns3:cad>
						<ns3:hr>166</ns3:hr>
					</ns3:TrackPointExtension>
				</extensions>
			</trkpt>
			<trkpt lat="12.9822942" lon="77.6903901">
				<ele>888.76</ele>
				<time>2026-07-26T13:59:08Z</time>
				<extensions>
					<ns3:TrackPointExtension>
						<ns3:speed>2.24</ns3:speed>
						<ns3:cad>81.0</ns3:cad>
						<ns3:hr>166</ns3:hr>
					</ns3:TrackPointExtension>
				</extensions>
			</trkpt>
			<trkpt lat="12.98231286" lon="77.69039309">
				<ele>888.8</ele>
				<time>2026-07-26T13:59:09Z</time>
				<extensions>
					<ns3:TrackPointExtension>
						<ns3:speed>2.23</ns3:speed>
						<ns3:cad>81.0</ns3:cad>
						<ns3:hr>166</ns3:hr>
					</ns3:TrackPointExtension>
				</extensions>
			</trkpt>
			<trkpt lat="12.98233152" lon="77.69039742">
				<ele>888.84</ele>
				<time>2026-07-26T13:59:10Z</time>
				<extensions>
					<ns3:TrackPointExtension>
						<ns3:speed>2.23</ns3:speed>
						<ns3:cad>80.0</ns3:cad>
						<ns3:hr>165</ns3:hr>
					</ns3:TrackPointExtension>
				</extensions>
			</trkpt>
			<trkpt lat="12.98235018" lon="77.69040408">
				<ele>888.87</ele>
				<time>2026-07-26T13:59:11Z</time>
				<extensions>
					<ns3:TrackPointExtension>
						<ns3:speed>2.23</ns3:speed>
						<ns3:cad>80.0</ns3:cad>
						<ns3:hr>165</ns3:hr>
					</ns3:TrackPointExtension>
				</extensions>
			</trkpt>
			<trkpt lat="12.98236851" lon="77.69041207">
				<ele>888.9</ele>
				<time>2026-07-26T13:59:12Z</time>
				<extensions>
					<ns3:TrackPointExtension>
						<ns3:speed>2.23</ns3:speed>
						<ns3:cad>80.0</ns3:cad>
						<ns3:hr>165</ns3:hr>
					</ns3:TrackPointExtension>
				</extensions>
			</trkpt>
			<trkpt lat="12.98238617" lon="77.6904214">
				<ele>888.93</ele>
				<time>2026-07-26T13:59:13Z</time>
				<extensions>
					<ns3:TrackPointExtension>
						<ns3:speed>2.23</ns3:speed>
						<ns3:cad>80.0</ns3:cad>
						<ns3:hr>165</ns3:hr>
					</ns3:TrackPointExtension>
				</extensions>
			</trkpt>
			<trkpt lat="12.98240217" lon="77.69043306">
				<ele>888.95</ele>
				<time>2026-07-26T13:59:14Z</time>
				<extensions>
					<ns3:TrackPointExtension>
						<ns3:speed>2.23</ns3:speed>
						<ns3:cad>81.0</ns3:cad>
						<ns3:hr>167</ns3:hr>
					</ns3:TrackPointExtension>
				</extensions>
			</trkpt>
			<trkpt lat="12.98241583" lon="77.69044739">
				<ele>888.96</ele>
				<time>2026-07-26T13:59:15Z</time>
				<extensions>
					<ns3:TrackPointExtension>
						<ns3:speed>2.24</ns3:speed>
						<ns3:cad>81.0</ns3:cad>
						<ns3:hr>167</ns3:hr>
					</ns3:TrackPointExtension>
				</extensions>
			</trkpt>
			<trkpt lat="12.98242716" lon="77.69046272">
				<ele>888.96</ele>
				<time>2026-07-26T13:59:16Z</time>
				<extensions>
					<ns3:TrackPointExtension>
						<ns3:hr>167</ns3:hr>
					</ns3:TrackPointExtension>
				</extensions>
			</trkpt>
			<trkpt lat="12.98243549" lon="77.69048005">
				<ele>888.98</ele>
				<time>2026-07-26T13:59:17Z</time>
				<extensions>
					<ns3:TrackPointExtension>
						<ns3:speed>2.24</ns3:speed>
						<ns3:cad>81.0</ns3:cad>
					</ns3:TrackPointExtension>
				</extensions>
			</trkpt>
			<trkpt lat="12.98243982" lon="77.69049904">
				<ele>888.99</ele>
				<time>2026-07-26T13:59:18Z</time>
				<extensions>
					<ns3:TrackPointExtension>
						<ns3:speed>2.24</ns3:speed>
						<ns3:cad>81.0</ns3:cad>
						<ns3:hr>167</ns3:hr>
					</ns3:TrackPointExtension>
				</extensions>
			</trkpt>
			<trkpt lat="12.98244048" lon="77.6905177">
				<ele>888.99</ele>
				<time>2026-07-26T13:59:19Z</time>
				<extensions>
					<ns3:TrackPointExtension>
						<ns3:speed>2.25</ns3:speed>
						<ns3:cad>83.0</ns3:cad>
						<ns3:hr>167</ns3:hr>
					</ns3:TrackPointExtension>
				</extensions>
			</trkpt>
			<trkpt lat="12.98243815" lon="77.69053603">
				<ele>889.0</ele>
				<time>2026-07-26T13:59:20Z</time>
				<extensions>
					<ns3:TrackPointExtension>
						<ns3:speed>2.25</ns3:speed>
						<ns3:cad>83.0</ns3:cad>
						<ns3:hr>167</ns3:hr>
					</ns3:TrackPointExtension>
				</extensions>
			</trkpt>
			<trkpt lat="12.98243416" lon="77.69055536">
				<ele>889.01</ele>
				<time>2026-07-26T13:59:21Z</time>
				<extensions>
					<ns3:TrackPointExtension>
						<ns3:speed>2.25</ns3:speed>
						<ns3:cad>83.0</ns3:cad>
						<ns3:hr>167</ns3:hr>
					</ns3:TrackPointExtension>
				</extensions>
			</trkpt>
			<trkpt lat="12.98242816" lon="77.69057535">
				<ele>889.01</ele>
				<time>2026-07-26T13:59:22Z</time>
				<extensions>
					<ns3:TrackPointExtension>
						<ns3:speed>2.25</ns3:speed>
						<ns3:cad>83.0</ns3:cad>
						<ns3:hr>167</ns3:hr>
					</ns3:TrackPointExtension>
				</extensions>
			</trkpt>
			<trkpt lat="12.98242217" lon="77.69059568">
				<ele>889.01</ele>
				<time>2026-07-26T13:59:23Z</time>
				<extensions>
					<ns3:TrackPointExtension>
						<ns3:speed>2.26</ns3:speed>
						<ns3:cad>84.0</ns3:cad>
						<ns3:hr>168</ns3:hr>
					</ns3:TrackPointExtension>
				</extensions>
			</trkpt>
			<trkpt lat="12.98241584" lon="77.69061634">
				<ele>889.01</ele>
				<time>2026-07-26T13:59:24Z</time>
				<extensions>
					<ns3:TrackPointExtension>
						<ns3:speed>2.26</ns3:speed>
						<ns3:cad>84.0</ns3:cad>
						<ns3:hr>169</ns3:hr>
					</ns3:TrackPointExtension>
				</extensions>
			</trkpt>
			<trkpt lat="12.98240918" lon="77.69063667">
				<ele>889.01</ele>
				<time>2026-07-26T13:59:25Z</time>
				<extensions>
					<ns3:TrackPointExtension>
						<ns3:speed>2.27</ns3:speed>
						<ns3:cad>85.0</ns3:cad>
						<ns3:hr>169</ns3:hr>
					</ns3:TrackPointExtension>
				</extensions>
			</trkpt>
			<trkpt lat="12.98240352" lon="77.69065767">
				<ele>889.01</ele>
				<time>2026-07-26T13:59:26Z</time>
				<extensions>
					<ns3:TrackPointExtension>
						<ns3:speed>2.28</ns3:speed>
						<ns3:cad>85.0</ns3:cad>
						<ns3:hr>169</ns3:hr>
					</ns3:TrackPointExtension>
				</extensions>
			</trkpt>
			<trkpt lat="12.98239719" lon="77.69067733">
				<ele>889.0</ele>
				<time>2026-07-26T13:59:27Z</time>
				<extensions>
					<ns3:TrackPointExtension>
						<ns3:speed>2.28</ns3:speed>
						<ns3:cad>85.0</ns3:cad>
						<ns3:hr>168</ns3:hr>
					</ns3:TrackPointExtension>
				</extensions>
			</trkpt>
			<trkpt lat="12.98239086" lon="77.69069666">
				<ele>888.99</ele>
				<time>2026-07-26T13:59:28Z</time>
				<extensions>
					<ns3:TrackPointExtension>
						<ns3:speed>2.29</ns3:speed>
						<ns3:cad>84.0</ns3:cad>
						<ns3:hr>169</ns3:hr>
					</ns3:TrackPointExtension>
				</extensions>
			</trkpt>
			<trkpt lat="12.9823852" lon="77.69071565">
				<ele>888.98</ele>
				<time>2026-07-26T13:59:29Z</time>
				<extensions>
					<ns3:TrackPointExtension>
						<ns3:speed>2.29</ns3:speed>
						<ns3:cad>84.0</ns3:cad>
						<ns3:hr>168</ns3:hr>
					</ns3:TrackPointExtension>
				</extensions>
			</trkpt>
			<trkpt lat="12.98237487" lon="77.69074631">
				<ele>888.96</ele>
				<time>2026-07-26T13:59:30Z</time>
				<extensions>
					<ns3:TrackPointExtension>
						<ns3:speed>2.28</ns3:speed>
						<ns3:cad>84.0</ns3:cad>
						<ns3:hr>168</ns3:hr>
					</ns3:TrackPointExtension>
				</extensions>
			</trkpt>
			<trkpt lat="12.98236688" lon="77.6907713">
				<ele>888.95</ele>
				<time>2026-07-26T13:59:31Z</time>
				<extensions>
					<ns3:TrackPointExtension>
						<ns3:speed>2.28</ns3:speed>
						<ns3:cad>84.0</ns3:cad>
						<ns3:hr>168</ns3:hr>
					</ns3:TrackPointExtension>
				</extensions>
			</trkpt>
			<trkpt lat="12.98235922" lon="77.69079663">
				<ele>888.94</ele>
				<time>2026-07-26T13:59:32Z</time>
				<extensions>
					<ns3:TrackPointExtension>
						<ns3:speed>2.26</ns3:speed>
						<ns3:cad>84.0</ns3:cad>
						<ns3:hr>169</ns3:hr>
					</ns3:TrackPointExtension>
				</extensions>
			</trkpt>
			<trkpt lat="12.98235356" lon="77.69081229">
				<ele>888.93</ele>
				<time>2026-07-26T13:59:33Z</time>
				<extensions>
					<ns3:TrackPointExtension>
						<ns3:speed>2.27</ns3:speed>
						<ns3:cad>84.0</ns3:cad>
						<ns3:hr>170</ns3:hr>
					</ns3:TrackPointExtension>
				</extensions>
			</trkpt>
			<trkpt lat="12.98234723" lon="77.69082828">
				<ele>888.92</ele>
				<time>2026-07-26T13:59:34Z</time>
				<extensions>
					<ns3:TrackPointExtension>
						<ns3:speed>2.27</ns3:speed>
						<ns3:cad>84.0</ns3:cad>
						<ns3:hr>169</ns3:hr>
					</ns3:TrackPointExtension>
				</extensions>
			</trkpt>
			<trkpt lat="12.98233957" lon="77.69085461">
				<ele>888.9</ele>
				<time>2026-07-26T13:59:35Z</time>
				<extensions>
					<ns3:TrackPointExtension>
						<ns3:speed>2.27</ns3:speed>
						<ns3:cad>83.0</ns3:cad>
						<ns3:hr>168</ns3:hr>
					</ns3:TrackPointExtension>
				</extensions>
			</trkpt>
			<trkpt lat="12.98233491" lon="77.69087827">
				<ele>888.9</ele>
				<time>2026-07-26T13:59:36Z</time>
				<extensions>
					<ns3:TrackPointExtension>
						<ns3:speed>2.27</ns3:speed>
						<ns3:cad>83.0</ns3:cad>
						<ns3:hr>168</ns3:hr>
					</ns3:TrackPointExtension>
				</extensions>
			</trkpt>
			<trkpt lat="12.9823359" lon="77.69089993">
				<ele>888.89</ele>
				<time>2026-07-26T13:59:37Z</time>
				<extensions>
					<ns3:TrackPointExtension>
						<ns3:speed>2.27</ns3:speed>
						<ns3:cad>81.0</ns3:cad>
						<ns3:hr>168</ns3:hr>
					</ns3:TrackPointExtension>
				</extensions>
			</trkpt>
			<trkpt lat="12.98234423" lon="77.69091826">
				<ele>888.87</ele>
				<time>2026-07-26T13:59:38Z</time>
				<extensions>
					<ns3:TrackPointExtension>
						<ns3:speed>2.27</ns3:speed>
						<ns3:cad>81.0</ns3:cad>
						<ns3:hr>167</ns3:hr>
					</ns3:TrackPointExtension>
				</extensions>
			</trkpt>
			<trkpt lat="12.98235689" lon="77.69093259">
				<ele>888.84</ele>
				<time>2026-07-26T13:59:39Z</time>
				<extensions>
					<ns3:TrackPointExtension>
						<ns3:speed>2.27</ns3:speed>
						<ns3:cad>81.0</ns3:cad>
						<ns3:hr>167</ns3:hr>
					</ns3:TrackPointExtension>
				</extensions>
			</trkpt>
			<trkpt lat="12.98237222" lon="77.69094359">
				<ele>888.83</ele>
				<time>2026-07-26T13:59:40Z</time>
				<extensions>
					<ns3:TrackPointExtension>
						<ns3:speed>2.27</ns3:speed>
						<ns3:cad>81.0</ns3:cad>
						<ns3:hr>168</ns3:hr>
					</ns3:TrackPointExtension>
				</extensions>
			</trkpt>
			<trkpt lat="12.98238921" lon="77.69095459">
				<ele>888.81</ele>
				<time>2026-07-26T13:59:41Z</time>
				<extensions>
					<ns3:TrackPointExtension>
						<ns3:speed>2.26</ns3:speed>
						<ns3:cad>80.0</ns3:cad>
						<ns3:hr>168</ns3:hr>
					</ns3:TrackPointExtension>
				</extensions>
			</trkpt>
			<trkpt lat="12.98241187" lon="77.69096559">
				<ele>888.78</ele>
				<time>2026-07-26T13:59:42Z</time>
				<extensions>
					<ns3:TrackPointExtension>
						<ns3:speed>2.26</ns3:speed>
						<ns3:cad>80.0</ns3:cad>
						<ns3:hr>168</ns3:hr>
					</ns3:TrackPointExtension>
				</extensions>
			</trkpt>
			<trkpt lat="12.98243053" lon="77.69097492">
				<ele>888.76</ele>
				<time>2026-07-26T13:59:43Z</time>
				<extensions>
					<ns3:TrackPointExtension>
						<ns3:speed>2.24</ns3:speed>
						<ns3:cad>80.0</ns3:cad>
						<ns3:hr>168</ns3:hr>
					</ns3:TrackPointExtension>
				</extensions>
			</trkpt>
			<trkpt lat="12.98245019" lon="77.69098325">
				<ele>888.73</ele>
				<time>2026-07-26T13:59:44Z</time>
				<extensions>
					<ns3:TrackPointExtension>
						<ns3:speed>2.22</ns3:speed>
						<ns3:cad>81.0</ns3:cad>
						<ns3:hr>169</ns3:hr>
					</ns3:TrackPointExtension>
				</extensions>
			</trkpt>
			<trkpt lat="12.98246985" lon="77.69099091">
				<ele>888.71</ele>
				<time>2026-07-26T13:59:45Z</time>
				<extensions>
					<ns3:TrackPointExtension>
						<ns3:speed>2.22</ns3:speed>
						<ns3:cad>81.0</ns3:cad>
						<ns3:hr>168</ns3:hr>
					</ns3:TrackPointExtension>
				</extensions>
			</trkpt>
			<trkpt lat="12.98249051" lon="77.69099824">
				<ele>888.69</ele>
				<time>2026-07-26T13:59:46Z</time>
				<extensions>
					<ns3:TrackPointExtension>
						<ns3:speed>2.21</ns3:speed>
						<ns3:cad>81.0</ns3:cad>
						<ns3:hr>168</ns3:hr>
					</ns3:TrackPointExtension>
				</extensions>
			</trkpt>
			<trkpt lat="12.98251084" lon="77.69100423">
				<ele>888.67</ele>
				<time>2026-07-26T13:59:47Z</time>
				<extensions>
					<ns3:TrackPointExtension>
						<ns3:speed>2.21</ns3:speed>
						<ns3:cad>83.0</ns3:cad>
						<ns3:hr>168</ns3:hr>
					</ns3:TrackPointExtension>
				</extensions>
			</trkpt>
			<trkpt lat="12.9825315" lon="77.69101089">
				<ele>888.63</ele>
				<time>2026-07-26T13:59:48Z</time>
				<extensions>
					<ns3:TrackPointExtension>
						<ns3:speed>2.21</ns3:speed>
						<ns3:cad>83.0</ns3:cad>
						<ns3:hr>168</ns3:hr>
					</ns3:TrackPointExtension>
				</extensions>
			</trkpt>
			<trkpt lat="12.98255149" lon="77.69101655">
				<ele>888.61</ele>
				<time>2026-07-26T13:59:49Z</time>
				<extensions>
					<ns3:TrackPointExtension>
						<ns3:speed>2.21</ns3:speed>
						<ns3:cad>83.0</ns3:cad>
						<ns3:hr>167</ns3:hr>
					</ns3:TrackPointExtension>
				</extensions>
			</trkpt>
			<trkpt lat="12.98257149" lon="77.69102288">
				<ele>888.58</ele>
				<time>2026-07-26T13:59:50Z</time>
				<extensions>
					<ns3:TrackPointExtension>
						<ns3:speed>2.2</ns3:speed>
						<ns3:cad>83.0</ns3:cad>
						<ns3:hr>166</ns3:hr>
					</ns3:TrackPointExtension>
				</extensions>
			</trkpt>
			<trkpt lat="12.98259082" lon="77.69102954">
				<ele>888.55</ele>
				<time>2026-07-26T13:59:51Z</time>
				<extensions>
					<ns3:TrackPointExtension>
						<ns3:speed>2.19</ns3:speed>
						<ns3:cad>83.0</ns3:cad>
						<ns3:hr>165</ns3:hr>
					</ns3:TrackPointExtension>
				</extensions>
			</trkpt>
			<trkpt lat="12.98261015" lon="77.69103454">
				<ele>888.52</ele>
				<time>2026-07-26T13:59:52Z</time>
				<extensions>
					<ns3:TrackPointExtension>
						<ns3:speed>2.19</ns3:speed>
						<ns3:cad>83.0</ns3:cad>
						<ns3:hr>164</ns3:hr>
					</ns3:TrackPointExtension>
				</extensions>
			</trkpt>
			<trkpt lat="12.98263081" lon="77.69103954">
				<ele>888.49</ele>
				<time>2026-07-26T13:59:53Z</time>
				<extensions>
					<ns3:TrackPointExtension>
						<ns3:speed>2.18</ns3:speed>
						<ns3:cad>81.0</ns3:cad>
						<ns3:hr>163</ns3:hr>
					</ns3:TrackPointExtension>
				</extensions>
			</trkpt>
			<trkpt lat="12.98265081" lon="77.69104553">
				<ele>888.47</ele>
				<time>2026-07-26T13:59:54Z</time>
				<extensions>
					<ns3:TrackPointExtension>
						<ns3:speed>2.18</ns3:speed>
						<ns3:cad>81.0</ns3:cad>
						<ns3:hr>164</ns3:hr>
					</ns3:TrackPointExtension>
				</extensions>
			</trkpt>
			<trkpt lat="12.98267047" lon="77.69105152">
				<ele>888.45</ele>
				<time>2026-07-26T13:59:55Z</time>
				<extensions>
					<ns3:TrackPointExtension>
						<ns3:speed>2.18</ns3:speed>
						<ns3:cad>81.0</ns3:cad>
						<ns3:hr>164</ns3:hr>
					</ns3:TrackPointExtension>
				</extensions>
			</trkpt>
			<trkpt lat="12.98269013" lon="77.69105718">
				<ele>888.43</ele>
				<time>2026-07-26T13:59:56Z</time>
				<extensions>
					<ns3:TrackPointExtension>
						<ns3:speed>2.18</ns3:speed>
						<ns3:cad>81.0</ns3:cad>
						<ns3:hr>163</ns3:hr>
					</ns3:TrackPointExtension>
				</extensions>
			</trkpt>
			<trkpt lat="12.98270912" lon="77.69106317">
				<ele>888.42</ele>
				<time>2026-07-26T13:59:57Z</time>
				<extensions>
					<ns3:TrackPointExtension>
						<ns3:speed>2.18</ns3:speed>
						<ns3:cad>81.0</ns3:cad>
						<ns3:hr>164</ns3:hr>
					</ns3:TrackPointExtension>
				</extensions>
			</trkpt>
			<trkpt lat="12.98272878" lon="77.6910695">
				<ele>888.41</ele>
				<time>2026-07-26T13:59:58Z</time>
				<extensions>
					<ns3:TrackPointExtension>
						<ns3:speed>2.18</ns3:speed>
						<ns3:cad>81.0</ns3:cad>
						<ns3:hr>164</ns3:hr>
					</ns3:TrackPointExtension>
				</extensions>
			</trkpt>
			<trkpt lat="12.98274711" lon="77.69107583">
				<ele>888.4</ele>
				<time>2026-07-26T13:59:59Z</time>
				<extensions>
					<ns3:TrackPointExtension>
						<ns3:speed>2.18</ns3:speed>
						<ns3:cad>80.0</ns3:cad>
						<ns3:hr>164</ns3:hr>
					</ns3:TrackPointExtension>
				</extensions>
			</trkpt>
			<trkpt lat="12.9827661" lon="77.69108183">
				<ele>888.4</ele>
				<time>2026-07-26T14:00:00Z</time>
				<extensions>
					<ns3:TrackPointExtension>
						<ns3:speed>2.19</ns3:speed>
						<ns3:cad>80.0</ns3:cad>
						<ns3:hr>164</ns3:hr>
					</ns3:TrackPointExtension>
				</extensions>
			</trkpt>
			<trkpt lat="12.98278476" lon="77.69108716">
				<ele>888.4</ele>
				<time>2026-07-26T14:00:01Z</time>
				<extensions>
					<ns3:TrackPointExtension>
						<ns3:speed>2.19</ns3:speed>
						<ns3:cad>80.0</ns3:cad>
						<ns3:hr>164</ns3:hr>
					</ns3:TrackPointExtension>
				</extensions>
			</trkpt>
			<trkpt lat="12.98280409" lon="77.69109182">
				<ele>888.41</ele>
				<time>2026-07-26T14:00:02Z</time>
				<extensions>
					<ns3:TrackPointExtension>
						<ns3:speed>2.18</ns3:speed>
						<ns3:cad>80.0</ns3:cad>
						<ns3:hr>164</ns3:hr>
					</ns3:TrackPointExtension>
				</extensions>
			</trkpt>
			<trkpt lat="12.98282275" lon="77.69109515">
				<ele>888.41</ele>
				<time>2026-07-26T14:00:03Z</time>
				<extensions>
					<ns3:TrackPointExtension>
						<ns3:speed>2.18</ns3:speed>
						<ns3:cad>80.0</ns3:cad>
						<ns3:hr>165</ns3:hr>
					</ns3:TrackPointExtension>
				</extensions>
			</trkpt>
			<trkpt lat="12.98284275" lon="77.69109881">
				<ele>888.42</ele>
				<time>2026-07-26T14:00:04Z</time>
				<extensions>
					<ns3:TrackPointExtension>
						<ns3:speed>2.18</ns3:speed>
						<ns3:cad>80.0</ns3:cad>
						<ns3:hr>164</ns3:hr>
					</ns3:TrackPointExtension>
				</extensions>
			</trkpt>
			<trkpt lat="12.98286208" lon="77.69110147">
				<ele>888.43</ele>
				<time>2026-07-26T14:00:05Z</time>
				<extensions>
					<ns3:TrackPointExtension>
						<ns3:speed>2.17</ns3:speed>
						<ns3:cad>79.0</ns3:cad>
						<ns3:hr>164</ns3:hr>
					</ns3:TrackPointExtension>
				</extensions>
			</trkpt>
			<trkpt lat="12.98288107" lon="77.69110447">
				<ele>888.44</ele>
				<time>2026-07-26T14:00:06Z</time>
				<extensions>
					<ns3:TrackPointExtension>
						<ns3:speed>2.16</ns3:speed>
						<ns3:cad>79.0</ns3:cad>
						<ns3:hr>164</ns3:hr>
					</ns3:TrackPointExtension>
				</extensions>
			</trkpt>
			<trkpt lat="12.98289973" lon="77.69110746">
				<ele>888.45</ele>
				<time>2026-07-26T14:00:07Z</time>
				<extensions>
					<ns3:TrackPointExtension>
						<ns3:speed>2.16</ns3:speed>
						<ns3:cad>79.0</ns3:cad>
						<ns3:hr>164</ns3:hr>
					</ns3:TrackPointExtension>
				</extensions>
			</trkpt>
			<trkpt lat="12.98291772" lon="77.69111079">
				<ele>888.46</ele>
				<time>2026-07-26T14:00:08Z</time>
				<extensions>
					<ns3:TrackPointExtension>
						<ns3:speed>2.15</ns3:speed>
						<ns3:cad>79.0</ns3:cad>
						<ns3:hr>164</ns3:hr>
					</ns3:TrackPointExtension>
				</extensions>
			</trkpt>
			<trkpt lat="12.98293505" lon="77.69111478">
				<ele>888.47</ele>
				<time>2026-07-26T14:00:09Z</time>
				<extensions>
					<ns3:TrackPointExtension>
						<ns3:speed>2.13</ns3:speed>
						<ns3:cad>80.0</ns3:cad>
						<ns3:hr>164</ns3:hr>
					</ns3:TrackPointExtension>
				</extensions>
			</trkpt>
			<trkpt lat="12.98295271" lon="77.69111844">
				<ele>888.47</ele>
				<time>2026-07-26T14:00:10Z</time>
				<extensions>
					<ns3:TrackPointExtension>
						<ns3:speed>2.12</ns3:speed>
						<ns3:cad>80.0</ns3:cad>
						<ns3:hr>164</ns3:hr>
					</ns3:TrackPointExtension>
				</extensions>
			</trkpt>
			<trkpt lat="12.98297004" lon="77.69112277">
				<ele>888.48</ele>
				<time>2026-07-26T14:00:11Z</time>
				<extensions>
					<ns3:TrackPointExtension>
						<ns3:speed>2.09</ns3:speed>
						<ns3:cad>81.0</ns3:cad>
						<ns3:hr>164</ns3:hr>
					</ns3:TrackPointExtension>
				</extensions>
			</trkpt>
			<trkpt lat="12.98298737" lon="77.69112643">
				<ele>888.49</ele>
				<time>2026-07-26T14:00:12Z</time>
				<extensions>
					<ns3:TrackPointExtension>
						<ns3:speed>2.07</ns3:speed>
						<ns3:cad>81.0</ns3:cad>
						<ns3:hr>164</ns3:hr>
					</ns3:TrackPointExtension>
				</extensions>
			</trkpt>
			<trkpt lat="12.98300403" lon="77.69113009">
				<ele>888.49</ele>
				<time>2026-07-26T14:00:13Z</time>
				<extensions>
					<ns3:TrackPointExtension>
						<ns3:speed>2.06</ns3:speed>
						<ns3:cad>81.0</ns3:cad>
						<ns3:hr>164</ns3:hr>
					</ns3:TrackPointExtension>
				</extensions>
			</trkpt>
			<trkpt lat="12.98302036" lon="77.69113442">
				<ele>888.49</ele>
				<time>2026-07-26T14:00:14Z</time>
				<extensions>
					<ns3:TrackPointExtension>
						<ns3:speed>2.04</ns3:speed>
						<ns3:cad>80.0</ns3:cad>
						<ns3:hr>164</ns3:hr>
					</ns3:TrackPointExtension>
				</extensions>
			</trkpt>
			<trkpt lat="12.98303735" lon="77.69113808">
				<ele>888.49</ele>
				<time>2026-07-26T14:00:15Z</time>
				<extensions>
					<ns3:TrackPointExtension>
						<ns3:speed>2.02</ns3:speed>
						<ns3:cad>80.0</ns3:cad>
						<ns3:hr>164</ns3:hr>
					</ns3:TrackPointExtension>
				</extensions>
			</trkpt>
			<trkpt lat="12.98305434" lon="77.69114107">
				<ele>888.49</ele>
				<time>2026-07-26T14:00:16Z</time>
				<extensions>
					<ns3:TrackPointExtension>
						<ns3:speed>2.01</ns3:speed>
						<ns3:cad>80.0</ns3:cad>
						<ns3:hr>164</ns3:hr>
					</ns3:TrackPointExtension>
				</extensions>
			</trkpt>
			<trkpt lat="12.98307167" lon="77.69114407">
				<ele>888.5</ele>
				<time>2026-07-26T14:00:17Z</time>
				<extensions>
					<ns3:TrackPointExtension>
						<ns3:speed>2.0</ns3:speed>
						<ns3:cad>80.0</ns3:cad>
						<ns3:hr>165</ns3:hr>
					</ns3:TrackPointExtension>
				</extensions>
			</trkpt>
			<trkpt lat="12.98308866" lon="77.69114806">
				<ele>888.49</ele>
				<time>2026-07-26T14:00:18Z</time>
				<extensions>
					<ns3:TrackPointExtension>
						<ns3:speed>1.99</ns3:speed>
						<ns3:cad>80.0</ns3:cad>
						<ns3:hr>166</ns3:hr>
					</ns3:TrackPointExtension>
				</extensions>
			</trkpt>
			<trkpt lat="12.98310565" lon="77.69115239">
				<ele>888.49</ele>
				<time>2026-07-26T14:00:19Z</time>
				<extensions>
					<ns3:TrackPointExtension>
						<ns3:speed>1.98</ns3:speed>
						<ns3:cad>80.0</ns3:cad>
						<ns3:hr>166</ns3:hr>
					</ns3:TrackPointExtension>
				</extensions>
			</trkpt>
			<trkpt lat="12.98312265" lon="77.69115705">
				<ele>888.49</ele>
				<time>2026-07-26T14:00:20Z</time>
				<extensions>
					<ns3:TrackPointExtension>
						<ns3:speed>1.97</ns3:speed>
						<ns3:cad>80.0</ns3:cad>
						<ns3:hr>166</ns3:hr>
					</ns3:TrackPointExtension>
				</extensions>
			</trkpt>
			<trkpt lat="12.98313931" lon="77.69116171">
				<ele>888.49</ele>
				<time>2026-07-26T14:00:21Z</time>
				<extensions>
					<ns3:TrackPointExtension>
						<ns3:speed>1.96</ns3:speed>
						<ns3:cad>80.0</ns3:cad>
						<ns3:hr>166</ns3:hr>
					</ns3:TrackPointExtension>
				</extensions>
			</trkpt>
			<trkpt lat="12.98315597" lon="77.69116637">
				<ele>888.49</ele>
				<time>2026-07-26T14:00:22Z</time>
				<extensions>
					<ns3:TrackPointExtension>
						<ns3:speed>1.96</ns3:speed>
						<ns3:cad>81.0</ns3:cad>
						<ns3:hr>166</ns3:hr>
					</ns3:TrackPointExtension>
				</extensions>
			</trkpt>
			<trkpt lat="12.98317263" lon="77.69117136">
				<ele>888.48</ele>
				<time>2026-07-26T14:00:23Z</time>
				<extensions>
					<ns3:TrackPointExtension>
						<ns3:speed>1.95</ns3:speed>
						<ns3:cad>81.0</ns3:cad>
						<ns3:hr>166</ns3:hr>
					</ns3:TrackPointExtension>
				</extensions>
			</trkpt>
			<trkpt lat="12.98318929" lon="77.69117636">
				<ele>888.48</ele>
				<time>2026-07-26T14:00:24Z</time>
				<extensions>
					<ns3:TrackPointExtension>
						<ns3:speed>1.95</ns3:speed>
						<ns3:cad>81.0</ns3:cad>
						<ns3:hr>165</ns3:hr>
					</ns3:TrackPointExtension>
				</extensions>
			</trkpt>
			<trkpt lat="12.98320662" lon="77.69118136">
				<ele>888.48</ele>
				<time>2026-07-26T14:00:25Z</time>
				<extensions>
					<ns3:TrackPointExtension>
						<ns3:speed>1.95</ns3:speed>
						<ns3:cad>81.0</ns3:cad>
						<ns3:hr>165</ns3:hr>
					</ns3:TrackPointExtension>
				</extensions>
			</trkpt>
			<trkpt lat="12.98322361" lon="77.69118569">
				<ele>888.48</ele>
				<time>2026-07-26T14:00:26Z</time>
				<extensions>
					<ns3:TrackPointExtension>
						<ns3:speed>1.94</ns3:speed>
						<ns3:cad>80.0</ns3:cad>
						<ns3:hr>165</ns3:hr>
					</ns3:TrackPointExtension>
				</extensions>
			</trkpt>
			<trkpt lat="12.9832406" lon="77.69119002">
				<ele>888.48</ele>
				<time>2026-07-26T14:00:27Z</time>
				<extensions>
					<ns3:TrackPointExtension>
						<ns3:speed>1.95</ns3:speed>
						<ns3:cad>80.0</ns3:cad>
						<ns3:hr>165</ns3:hr>
					</ns3:TrackPointExtension>
				</extensions>
			</trkpt>
			<trkpt lat="12.98325826" lon="77.69119502">
				<ele>888.48</ele>
				<time>2026-07-26T14:00:28Z</time>
				<extensions>
					<ns3:TrackPointExtension>
						<ns3:speed>1.96</ns3:speed>
						<ns3:cad>80.0</ns3:cad>
						<ns3:hr>164</ns3:hr>
					</ns3:TrackPointExtension>
				</extensions>
			</trkpt>
			<trkpt lat="12.98327592" lon="77.69119968">
				<ele>888.48</ele>
				<time>2026-07-26T14:00:29Z</time>
				<extensions>
					<ns3:TrackPointExtension>
						<ns3:speed>1.97</ns3:speed>
						<ns3:cad>81.0</ns3:cad>
						<ns3:hr>163</ns3:hr>
					</ns3:TrackPointExtension>
				</extensions>
			</trkpt>
			<trkpt lat="12.98329392" lon="77.69120468">
				<ele>888.48</ele>
				<time>2026-07-26T14:00:30Z</time>
				<extensions>
					<ns3:TrackPointExtension>
						<ns3:speed>1.98</ns3:speed>
						<ns3:cad>81.0</ns3:cad>
						<ns3:hr>162</ns3:hr>
					</ns3:TrackPointExtension>
				</extensions>
			</trkpt>
			<trkpt lat="12.98331192" lon="77.69120968">
				<ele>888.49</ele>
				<time>2026-07-26T14:00:31Z</time>
				<extensions>
					<ns3:TrackPointExtension>
						<ns3:speed>1.99</ns3:speed>
						<ns3:cad>83.0</ns3:cad>
						<ns3:hr>162</ns3:hr>
					</ns3:TrackPointExtension>
				</extensions>
			</trkpt>
			<trkpt lat="12.98333091" lon="77.69121401">
				<ele>888.49</ele>
				<time>2026-07-26T14:00:32Z</time>
				<extensions>
					<ns3:TrackPointExtension>
						<ns3:speed>2.0</ns3:speed>
						<ns3:cad>83.0</ns3:cad>
						<ns3:hr>161</ns3:hr>
					</ns3:TrackPointExtension>
				</extensions>
			</trkpt>
			<trkpt lat="12.98334957" lon="77.69122">
				<ele>888.5</ele>
				<time>2026-07-26T14:00:33Z</time>
				<extensions>
					<ns3:TrackPointExtension>
						<ns3:speed>2.0</ns3:speed>
						<ns3:cad>84.0</ns3:cad>
						<ns3:hr>161</ns3:hr>
					</ns3:TrackPointExtension>
				</extensions>
			</trkpt>
			<trkpt lat="12.98336757" lon="77.69122599">
				<ele>888.5</ele>
				<time>2026-07-26T14:00:34Z</time>
				<extensions>
					<ns3:TrackPointExtension>
						<ns3:speed>2.01</ns3:speed>
						<ns3:cad>84.0</ns3:cad>
						<ns3:hr>161</ns3:hr>
					</ns3:TrackPointExtension>
				</extensions>
			</trkpt>
			<trkpt lat="12.98338556" lon="77.69123165">
				<ele>888.51</ele>
				<time>2026-07-26T14:00:35Z</time>
				<extensions>
					<ns3:TrackPointExtension>
						<ns3:speed>2.02</ns3:speed>
						<ns3:cad>83.0</ns3:cad>
						<ns3:hr>162</ns3:hr>
					</ns3:TrackPointExtension>
				</extensions>
			</trkpt>
			<trkpt lat="12.98340455" lon="77.69123631">
				<ele>888.53</ele>
				<time>2026-07-26T14:00:36Z</time>
				<extensions>
					<ns3:TrackPointExtension>
						<ns3:speed>2.02</ns3:speed>
						<ns3:cad>83.0</ns3:cad>
						<ns3:hr>163</ns3:hr>
					</ns3:TrackPointExtension>
				</extensions>
			</trkpt>
			<trkpt lat="12.98342354" lon="77.69124131">
				<ele>888.54</ele>
				<time>2026-07-26T14:00:37Z</time>
				<extensions>
					<ns3:TrackPointExtension>
						<ns3:speed>2.03</ns3:speed>
						<ns3:cad>83.0</ns3:cad>
						<ns3:hr>163</ns3:hr>
					</ns3:TrackPointExtension>
				</extensions>
			</trkpt>
			<trkpt lat="12.98344253" lon="77.69124631">
				<ele>888.55</ele>
				<time>2026-07-26T14:00:38Z</time>
				<extensions>
					<ns3:TrackPointExtension>
						<ns3:speed>2.04</ns3:speed>
						<ns3:cad>81.0</ns3:cad>
						<ns3:hr>164</ns3:hr>
					</ns3:TrackPointExtension>
				</extensions>
			</trkpt>
			<trkpt lat="12.98346119" lon="77.69125131">
				<ele>888.56</ele>
				<time>2026-07-26T14:00:39Z</time>
				<extensions>
					<ns3:TrackPointExtension>
						<ns3:speed>2.04</ns3:speed>
						<ns3:cad>81.0</ns3:cad>
						<ns3:hr>164</ns3:hr>
					</ns3:TrackPointExtension>
				</extensions>
			</trkpt>
			<trkpt lat="12.98347985" lon="77.69125631">
				<ele>888.75</ele>
				<time>2026-07-26T14:00:40Z</time>
				<extensions>
					<ns3:TrackPointExtension>
						<ns3:speed>2.04</ns3:speed>
						<ns3:cad>80.0</ns3:cad>
						<ns3:hr>164</ns3:hr>
					</ns3:TrackPointExtension>
				</extensions>
			</trkpt>
			<trkpt lat="12.98349818" lon="77.6912613">
				<ele>888.75</ele>
				<time>2026-07-26T14:00:41Z</time>
				<extensions>
					<ns3:TrackPointExtension>
						<ns3:hr>165</ns3:hr>
					</ns3:TrackPointExtension>
				</extensions>
			</trkpt>
			<trkpt lat="12.98351684" lon="77.6912663">
				<ele>888.77</ele>
				<time>2026-07-26T14:00:42Z</time>
				<extensions>
					<ns3:TrackPointExtension>
						<ns3:speed>2.04</ns3:speed>
						<ns3:cad>80.0</ns3:cad>
						<ns3:hr>165</ns3:hr>
					</ns3:TrackPointExtension>
				</extensions>
			</trkpt>
			<trkpt lat="12.98353517" lon="77.69127163">
				<ele>888.8</ele>
				<time>2026-07-26T14:00:43Z</time>
				<extensions>
					<ns3:TrackPointExtension>
						<ns3:speed>2.04</ns3:speed>
						<ns3:cad>80.0</ns3:cad>
					</ns3:TrackPointExtension>
				</extensions>
			</trkpt>
			<trkpt lat="12.98355317" lon="77.69127796">
				<ele>888.84</ele>
				<time>2026-07-26T14:00:44Z</time>
				<extensions>
					<ns3:TrackPointExtension>
						<ns3:speed>2.05</ns3:speed>
						<ns3:cad>80.0</ns3:cad>
						<ns3:hr>165</ns3:hr>
					</ns3:TrackPointExtension>
				</extensions>
			</trkpt>
			<trkpt lat="12.98357183" lon="77.69128429">
				<ele>888.87</ele>
				<time>2026-07-26T14:00:45Z</time>
				<extensions>
					<ns3:TrackPointExtension>
						<ns3:speed>2.05</ns3:speed>
						<ns3:cad>79.0</ns3:cad>
						<ns3:hr>166</ns3:hr>
					</ns3:TrackPointExtension>
				</extensions>
			</trkpt>
			<trkpt lat="12.98358949" lon="77.69129062">
				<ele>888.9</ele>
				<time>2026-07-26T14:00:46Z</time>
				<extensions>
					<ns3:TrackPointExtension>
						<ns3:speed>2.06</ns3:speed>
						<ns3:cad>79.0</ns3:cad>
						<ns3:hr>167</ns3:hr>
					</ns3:TrackPointExtension>
				</extensions>
			</trkpt>
			<trkpt lat="12.98360615" lon="77.69129995">
				<ele>888.93</ele>
				<time>2026-07-26T14:00:47Z</time>
				<extensions>
					<ns3:TrackPointExtension>
						<ns3:speed>2.06</ns3:speed>
						<ns3:cad>79.0</ns3:cad>
						<ns3:hr>168</ns3:hr>
					</ns3:TrackPointExtension>
				</extensions>
			</trkpt>
			<trkpt lat="12.98361981" lon="77.69131361">
				<ele>888.97</ele>
				<time>2026-07-26T14:00:48Z</time>
				<extensions>
					<ns3:TrackPointExtension>
						<ns3:speed>2.06</ns3:speed>
						<ns3:cad>80.0</ns3:cad>
						<ns3:hr>169</ns3:hr>
					</ns3:TrackPointExtension>
				</extensions>
			</trkpt>
			<trkpt lat="12.98362814" lon="77.69133227">
				<ele>889.02</ele>
				<time>2026-07-26T14:00:49Z</time>
				<extensions>
					<ns3:TrackPointExtension>
						<ns3:speed>2.06</ns3:speed>
						<ns3:cad>80.0</ns3:cad>
						<ns3:hr>168</ns3:hr>
					</ns3:TrackPointExtension>
				</extensions>
			</trkpt>
			<trkpt lat="12.9836298" lon="77.69135327">
				<ele>889.05</ele>
				<time>2026-07-26T14:00:50Z</time>
				<extensions>
					<ns3:TrackPointExtension>
						<ns3:speed>2.07</ns3:speed>
						<ns3:cad>80.0</ns3:cad>
						<ns3:hr>166</ns3:hr>
					</ns3:TrackPointExtension>
				</extensions>
			</trkpt>
			<trkpt lat="12.98362647" lon="77.6913746">
				<ele>889.11</ele>
				<time>2026-07-26T14:00:51Z</time>
				<extensions>
					<ns3:TrackPointExtension>
						<ns3:speed>2.08</ns3:speed>
						<ns3:cad>81.0</ns3:cad>
						<ns3:hr>165</ns3:hr>
					</ns3:TrackPointExtension>
				</extensions>
			</trkpt>
			<trkpt lat="12.98362081" lon="77.69139559">
				<ele>889.18</ele>
				<time>2026-07-26T14:00:52Z</time>
				<extensions>
					<ns3:TrackPointExtension>
						<ns3:speed>2.1</ns3:speed>
						<ns3:cad>81.0</ns3:cad>
						<ns3:hr>166</ns3:hr>
					</ns3:TrackPointExtension>
				</extensions>
			</trkpt>
			<trkpt lat="12.98361481" lon="77.69141692">
				<ele>889.25</ele>
				<time>2026-07-26T14:00:53Z</time>
				<extensions>
					<ns3:TrackPointExtension>
						<ns3:speed>2.1</ns3:speed>
						<ns3:cad>83.0</ns3:cad>
						<ns3:hr>166</ns3:hr>
					</ns3:TrackPointExtension>
				</extensions>
			</trkpt>
			<trkpt lat="12.98361015" lon="77.69143825">
				<ele>889.33</ele>
				<time>2026-07-26T14:00:54Z</time>
				<extensions>
					<ns3:TrackPointExtension>
						<ns3:speed>2.12</ns3:speed>
						<ns3:cad>83.0</ns3:cad>
						<ns3:hr>166</ns3:hr>
					</ns3:TrackPointExtension>
				</extensions>
			</trkpt>
			<trkpt lat="12.98360582" lon="77.69145925">
				<ele>889.41</ele>
				<time>2026-07-26T14:00:55Z</time>
				<extensions>
					<ns3:TrackPointExtension>
						<ns3:speed>2.13</ns3:speed>
						<ns3:cad>83.0</ns3:cad>
						<ns3:hr>165</ns3:hr>
					</ns3:TrackPointExtension>
				</extensions>
			</trkpt>
			<trkpt lat="12.98359983" lon="77.69147958">
				<ele>889.49</ele>
				<time>2026-07-26T14:00:56Z</time>
				<extensions>
					<ns3:TrackPointExtension>
						<ns3:speed>2.14</ns3:speed>
						<ns3:cad>83.0</ns3:cad>
						<ns3:hr>164</ns3:hr>
					</ns3:TrackPointExtension>
				</extensions>
			</trkpt>
			<trkpt lat="12.9835935" lon="77.69149924">
				<ele>889.57</ele>
				<time>2026-07-26T14:00:57Z</time>
				<extensions>
					<ns3:TrackPointExtension>
						<ns3:speed>2.15</ns3:speed>
						<ns3:cad>81.0</ns3:cad>
						<ns3:hr>163</ns3:hr>
					</ns3:TrackPointExtension>
				</extensions>
			</trkpt>
			<trkpt lat="12.98358717" lon="77.69151957">
				<ele>889.63</ele>
				<time>2026-07-26T14:00:58Z</time>
				<extensions>
					<ns3:TrackPointExtension>
						<ns3:speed>2.15</ns3:speed>
						<ns3:cad>80.0</ns3:cad>
						<ns3:hr>164</ns3:hr>
					</ns3:TrackPointExtension>
				</extensions>
			</trkpt>
			<trkpt lat="12.98358084" lon="77.69153923">
				<ele>889.68</ele>
				<time>2026-07-26T14:00:59Z</time>
				<extensions>
					<ns3:TrackPointExtension>
						<ns3:speed>2.16</ns3:speed>
						<ns3:cad>80.0</ns3:cad>
						<ns3:hr>164</ns3:hr>
					</ns3:TrackPointExtension>
				</extensions>
			</trkpt>
			<trkpt lat="12.98357418" lon="77.69155822">
				<ele>889.74</ele>
				<time>2026-07-26T14:01:00Z</time>
				<extensions>
					<ns3:TrackPointExtension>
						<ns3:speed>2.17</ns3:speed>
						<ns3:cad>80.0</ns3:cad>
						<ns3:hr>163</ns3:hr>
					</ns3:TrackPointExtension>
				</extensions>
			</trkpt>
			<trkpt lat="12.98356752" lon="77.69157855">
				<ele>889.76</ele>
				<time>2026-07-26T14:01:01Z</time>
				<extensions>
					<ns3:TrackPointExtension>
						<ns3:speed>2.18</ns3:speed>
						<ns3:cad>80.0</ns3:cad>
						<ns3:hr>162</ns3:hr>
					</ns3:TrackPointExtension>
				</extensions>
			</trkpt>
			<trkpt lat="12.98356019" lon="77.69159854">
				<ele>889.78</ele>
				<time>2026-07-26T14:01:02Z</time>
				<extensions>
					<ns3:TrackPointExtension>
						<ns3:speed>2.19</ns3:speed>
						<ns3:cad>81.0</ns3:cad>
						<ns3:hr>163</ns3:hr>
					</ns3:TrackPointExtension>
				</extensions>
			</trkpt>
			<trkpt lat="12.98355119" lon="77.69161787">
				<ele>889.78</ele>
				<time>2026-07-26T14:01:03Z</time>
				<extensions>
					<ns3:TrackPointExtension>
						<ns3:speed>2.19</ns3:speed>
						<ns3:cad>81.0</ns3:cad>
						<ns3:hr>164</ns3:hr>
					</ns3:TrackPointExtension>
				</extensions>
			</trkpt>
			<trkpt lat="12.98354186" lon="77.69163686">
				<ele>889.77</ele>
				<time>2026-07-26T14:01:04Z</time>
				<extensions>
					<ns3:TrackPointExtension>
						<ns3:speed>2.2</ns3:speed>
						<ns3:cad>81.0</ns3:cad>
						<ns3:hr>166</ns3:hr>
					</ns3:TrackPointExtension>
				</extensions>
			</trkpt>
			<trkpt lat="12.9835332" lon="77.69165619">
				<ele>889.75</ele>
				<time>2026-07-26T14:01:05Z</time>
				<extensions>
					<ns3:TrackPointExtension>
						<ns3:speed>2.21</ns3:speed>
						<ns3:cad>81.0</ns3:cad>
						<ns3:hr>166</ns3:hr>
					</ns3:TrackPointExtension>
				</extensions>
			</trkpt>
			<trkpt lat="12.98352521" lon="77.69167585">
				<ele>889.71</ele>
				<time>2026-07-26T14:01:06Z</time>
				<extensions>
					<ns3:TrackPointExtension>
						<ns3:speed>2.23</ns3:speed>
						<ns3:cad>83.0</ns3:cad>
						<ns3:hr>164</ns3:hr>
					</ns3:TrackPointExtension>
				</extensions>
			</trkpt>
			<trkpt lat="12.98351688" lon="77.69169484">
				<ele>889.67</ele>
				<time>2026-07-26T14:01:07Z</time>
				<extensions>
					<ns3:TrackPointExtension>
						<ns3:speed>2.24</ns3:speed>
						<ns3:cad>83.0</ns3:cad>
						<ns3:hr>164</ns3:hr>
					</ns3:TrackPointExtension>
				</extensions>
			</trkpt>
			<trkpt lat="12.98351022" lon="77.69171484">
				<ele>889.61</ele>
				<time>2026-07-26T14:01:08Z</time>
				<extensions>
					<ns3:TrackPointExtension>
						<ns3:speed>2.24</ns3:speed>
						<ns3:cad>84.0</ns3:cad>
						<ns3:hr>163</ns3:hr>
					</ns3:TrackPointExtension>
				</extensions>
			</trkpt>
			<trkpt lat="12.98350389" lon="77.69173517">
				<ele>889.57</ele>
				<time>2026-07-26T14:01:09Z</time>
				<extensions>
					<ns3:TrackPointExtension>
						<ns3:speed>2.25</ns3:speed>
						<ns3:cad>84.0</ns3:cad>
						<ns3:hr>161</ns3:hr>
					</ns3:TrackPointExtension>
				</extensions>
			</trkpt>
			<trkpt lat="12.98349723" lon="77.69175516">
				<ele>889.53</ele>
				<time>2026-07-26T14:01:10Z</time>
				<extensions>
					<ns3:TrackPointExtension>
						<ns3:speed>2.25</ns3:speed>
						<ns3:cad>83.0</ns3:cad>
						<ns3:hr>161</ns3:hr>
					</ns3:TrackPointExtension>
				</extensions>
			</trkpt>
			<trkpt lat="12.98348957" lon="77.69177315">
				<ele>889.49</ele>
				<time>2026-07-26T14:01:11Z</time>
				<extensions>
					<ns3:TrackPointExtension>
						<ns3:speed>2.25</ns3:speed>
						<ns3:cad>81.0</ns3:cad>
						<ns3:hr>161</ns3:hr>
					</ns3:TrackPointExtension>
				</extensions>
			</trkpt>
			<trkpt lat="12.98348024" lon="77.69179014">
				<ele>889.45</ele>
				<time>2026-07-26T14:01:12Z</time>
				<extensions>
					<ns3:TrackPointExtension>
						<ns3:speed>2.24</ns3:speed>
						<ns3:cad>80.0</ns3:cad>
						<ns3:hr>160</ns3:hr>
					</ns3:TrackPointExtension>
				</extensions>
			</trkpt>
			<trkpt lat="12.98346858" lon="77.6918048">
				<ele>889.43</ele>
				<time>2026-07-26T14:01:13Z</time>
				<extensions>
					<ns3:TrackPointExtension>
						<ns3:speed>2.24</ns3:speed>
						<ns3:cad>80.0</ns3:cad>
						<ns3:hr>160</ns3:hr>
					</ns3:TrackPointExtension>
				</extensions>
			</trkpt>
			<trkpt lat="12.98345559" lon="77.69181846">
				<ele>889.4</ele>
				<time>2026-07-26T14:01:14Z</time>
				<extensions>
					<ns3:TrackPointExtension>
						<ns3:speed>2.24</ns3:speed>
						<ns3:cad>79.0</ns3:cad>
						<ns3:hr>160</ns3:hr>
					</ns3:TrackPointExtension>
				</extensions>
			</trkpt>
			<trkpt lat="12.98344126" lon="77.69183046">
				<ele>889.39</ele>
				<time>2026-07-26T14:01:15Z</time>
				<extensions>
					<ns3:TrackPointExtension>
						<ns3:speed>2.24</ns3:speed>
						<ns3:cad>79.0</ns3:cad>
						<ns3:hr>160</ns3:hr>
					</ns3:TrackPointExtension>
				</extensions>
			</trkpt>
			<trkpt lat="12.98342427" lon="77.69184045">
				<ele>889.38</ele>
				<time>2026-07-26T14:01:16Z</time>
				<extensions>
					<ns3:TrackPointExtension>
						<ns3:speed>2.24</ns3:speed>
						<ns3:cad>79.0</ns3:cad>
						<ns3:hr>159</ns3:hr>
					</ns3:TrackPointExtension>
				</extensions>
			</trkpt>
			<trkpt lat="12.98340761" lon="77.69184745">
				<ele>889.36</ele>
				<time>2026-07-26T14:01:17Z</time>
				<extensions>
					<ns3:TrackPointExtension>
						<ns3:speed>2.23</ns3:speed>
						<ns3:cad>79.0</ns3:cad>
						<ns3:hr>159</ns3:hr>
					</ns3:TrackPointExtension>
				</extensions>
			</trkpt>
			<trkpt lat="12.98338961" lon="77.69185244">
				<ele>889.34</ele>
				<time>2026-07-26T14:01:18Z</time>
				<extensions>
					<ns3:TrackPointExtension>
						<ns3:speed>2.23</ns3:speed>
						<ns3:cad>79.0</ns3:cad>
						<ns3:hr>159</ns3:hr>
					</ns3:TrackPointExtension>
				</extensions>
			</trkpt>
			<trkpt lat="12.98337161" lon="77.6918561">
				<ele>889.34</ele>
				<time>2026-07-26T14:01:19Z</time>
				<extensions>
					<ns3:TrackPointExtension>
						<ns3:speed>2.22</ns3:speed>
						<ns3:cad>79.0</ns3:cad>
						<ns3:hr>159</ns3:hr>
					</ns3:TrackPointExtension>
				</extensions>
			</trkpt>
			<trkpt lat="12.98335262" lon="77.69185843">
				<ele>889.32</ele>
				<time>2026-07-26T14:01:20Z</time>
				<extensions>
					<ns3:TrackPointExtension>
						<ns3:speed>2.21</ns3:speed>
						<ns3:cad>80.0</ns3:cad>
						<ns3:hr>160</ns3:hr>
					</ns3:TrackPointExtension>
				</extensions>
			</trkpt>
			<trkpt lat="12.98333329" lon="77.69185976">
				<ele>889.31</ele>
				<time>2026-07-26T14:01:21Z</time>
				<extensions>
					<ns3:TrackPointExtension>
						<ns3:speed>2.21</ns3:speed>
						<ns3:cad>80.0</ns3:cad>
						<ns3:hr>160</ns3:hr>
					</ns3:TrackPointExtension>
				</extensions>
			</trkpt>
			<trkpt lat="12.98331363" lon="77.69186142">
				<ele>889.29</ele>
				<time>2026-07-26T14:01:22Z</time>
				<extensions>
					<ns3:TrackPointExtension>
						<ns3:speed>2.2</ns3:speed>
						<ns3:cad>81.0</ns3:cad>
						<ns3:hr>159</ns3:hr>
					</ns3:TrackPointExtension>
				</extensions>
			</trkpt>
			<trkpt lat="12.98329464" lon="77.69186142">
				<ele>889.28</ele>
				<time>2026-07-26T14:01:23Z</time>
				<extensions>
					<ns3:TrackPointExtension>
						<ns3:speed>2.2</ns3:speed>
						<ns3:cad>81.0</ns3:cad>
						<ns3:hr>159</ns3:hr>
					</ns3:TrackPointExtension>
				</extensions>
			</trkpt>
			<trkpt lat="12.98327531" lon="77.69186175">
				<ele>889.26</ele>
				<time>2026-07-26T14:01:24Z</time>
				<extensions>
					<ns3:TrackPointExtension>
						<ns3:speed>2.2</ns3:speed>
						<ns3:cad>81.0</ns3:cad>
						<ns3:hr>159</ns3:hr>
					</ns3:TrackPointExtension>
				</extensions>
			</trkpt>
			<trkpt lat="12.98325631" lon="77.69186109">
				<ele>889.24</ele>
				<time>2026-07-26T14:01:25Z</time>
				<extensions>
					<ns3:TrackPointExtension>
						<ns3:speed>2.19</ns3:speed>
						<ns3:cad>81.0</ns3:cad>
						<ns3:hr>160</ns3:hr>
					</ns3:TrackPointExtension>
				</extensions>
			</trkpt>
			<trkpt lat="12.98323698" lon="77.69186043">
				<ele>889.23</ele>
				<time>2026-07-26T14:01:26Z</time>
				<extensions>
					<ns3:TrackPointExtension>
						<ns3:speed>2.18</ns3:speed>
						<ns3:cad>81.0</ns3:cad>
						<ns3:hr>160</ns3:hr>
					</ns3:TrackPointExtension>
				</extensions>
			</trkpt>
			<trkpt lat="12.98321865" lon="77.69186309">
				<ele>889.21</ele>
				<time>2026-07-26T14:01:27Z</time>
				<extensions>
					<ns3:TrackPointExtension>
						<ns3:speed>2.17</ns3:speed>
						<ns3:cad>80.0</ns3:cad>
						<ns3:hr>160</ns3:hr>
					</ns3:TrackPointExtension>
				</extensions>
			</trkpt>
			<trkpt lat="12.98320166" lon="77.69186875">
				<ele>889.2</ele>
				<time>2026-07-26T14:01:28Z</time>
				<extensions>
					<ns3:TrackPointExtension>
						<ns3:speed>2.16</ns3:speed>
						<ns3:cad>80.0</ns3:cad>
						<ns3:hr>161</ns3:hr>
					</ns3:TrackPointExtension>
				</extensions>
			</trkpt>
			<trkpt lat="12.983186" lon="77.69187641">
				<ele>889.18</ele>
				<time>2026-07-26T14:01:29Z</time>
				<extensions>
					<ns3:TrackPointExtension>
						<ns3:speed>2.15</ns3:speed>
						<ns3:cad>80.0</ns3:cad>
						<ns3:hr>161</ns3:hr>
					</ns3:TrackPointExtension>
				</extensions>
			</trkpt>
			<trkpt lat="12.98317334" lon="77.69188874">
				<ele>889.17</ele>
				<time>2026-07-26T14:01:30Z</time>
				<extensions>
					<ns3:TrackPointExtension>
						<ns3:speed>2.14</ns3:speed>
						<ns3:cad>79.0</ns3:cad>
						<ns3:hr>161</ns3:hr>
					</ns3:TrackPointExtension>
				</extensions>
			</trkpt>
			<trkpt lat="12.98316334" lon="77.69190374">
				<ele>889.15</ele>
				<time>2026-07-26T14:01:31Z</time>
				<extensions>
					<ns3:TrackPointExtension>
						<ns3:speed>2.13</ns3:speed>
						<ns3:cad>80.0</ns3:cad>
						<ns3:hr>162</ns3:hr>
					</ns3:TrackPointExtension>
				</extensions>
			</trkpt>
			<trkpt lat="12.98315435" lon="77.69192107">
				<ele>889.14</ele>
				<time>2026-07-26T14:01:32Z</time>
				<extensions>
					<ns3:TrackPointExtension>
						<ns3:speed>2.12</ns3:speed>
						<ns3:cad>80.0</ns3:cad>
						<ns3:hr>162</ns3:hr>
					</ns3:TrackPointExtension>
				</extensions>
			</trkpt>
			<trkpt lat="12.98314702" lon="77.6919394">
				<ele>889.12</ele>
				<time>2026-07-26T14:01:33Z</time>
				<extensions>
					<ns3:TrackPointExtension>
						<ns3:speed>2.13</ns3:speed>
						<ns3:cad>81.0</ns3:cad>
						<ns3:hr>162</ns3:hr>
					</ns3:TrackPointExtension>
				</extensions>
			</trkpt>
			<trkpt lat="12.98314136" lon="77.69195739">
				<ele>889.1</ele>
				<time>2026-07-26T14:01:34Z</time>
				<extensions>
					<ns3:TrackPointExtension>
						<ns3:speed>2.13</ns3:speed>
						<ns3:cad>83.0</ns3:cad>
						<ns3:hr>162</ns3:hr>
					</ns3:TrackPointExtension>
				</extensions>
			</trkpt>
			<trkpt lat="12.9831367" lon="77.69197605">
				<ele>889.07</ele>
				<time>2026-07-26T14:01:35Z</time>
				<extensions>
					<ns3:TrackPointExtension>
						<ns3:speed>2.13</ns3:speed>
						<ns3:cad>84.0</ns3:cad>
						<ns3:hr>161</ns3:hr>
					</ns3:TrackPointExtension>
				</extensions>
			</trkpt>
			<trkpt lat="12.98313104" lon="77.69199405">
				<ele>889.06</ele>
				<time>2026-07-26T14:01:36Z</time>
				<extensions>
					<ns3:TrackPointExtension>
						<ns3:speed>2.13</ns3:speed>
						<ns3:cad>84.0</ns3:cad>
						<ns3:hr>160</ns3:hr>
					</ns3:TrackPointExtension>
				</extensions>
			</trkpt>
			<trkpt lat="12.98312371" lon="77.69201138">
				<ele>889.05</ele>
				<time>2026-07-26T14:01:37Z</time>
				<extensions>
					<ns3:TrackPointExtension>
						<ns3:speed>2.12</ns3:speed>
						<ns3:cad>83.0</ns3:cad>
						<ns3:hr>160</ns3:hr>
					</ns3:TrackPointExtension>
				</extensions>
			</trkpt>
			<trkpt lat="12.98311405" lon="77.69202738">
				<ele>889.03</ele>
				<time>2026-07-26T14:01:38Z</time>
				<extensions>
					<ns3:TrackPointExtension>
						<ns3:speed>2.11</ns3:speed>
						<ns3:cad>83.0</ns3:cad>
						<ns3:hr>161</ns3:hr>
					</ns3:TrackPointExtension>
				</extensions>
			</trkpt>
			<trkpt lat="12.98310239" lon="77.69204004">
				<ele>889.03</ele>
				<time>2026-07-26T14:01:39Z</time>
				<extensions>
					<ns3:TrackPointExtension>
						<ns3:speed>2.11</ns3:speed>
						<ns3:cad>81.0</ns3:cad>
						<ns3:hr>160</ns3:hr>
					</ns3:TrackPointExtension>
				</extensions>
			</trkpt>
			<trkpt lat="12.98308839" lon="77.6920507">
				<ele>889.02</ele>
				<time>2026-07-26T14:01:40Z</time>
				<extensions>
					<ns3:TrackPointExtension>
						<ns3:speed>2.1</ns3:speed>
						<ns3:cad>81.0</ns3:cad>
						<ns3:hr>160</ns3:hr>
					</ns3:TrackPointExtension>
				</extensions>
			</trkpt>
			<trkpt lat="12.98307339" lon="77.69206103">
				<ele>889.02</ele>
				<time>2026-07-26T14:01:41Z</time>
				<extensions>
					<ns3:TrackPointExtension>
						<ns3:speed>2.1</ns3:speed>
						<ns3:cad>81.0</ns3:cad>
						<ns3:hr>160</ns3:hr>
					</ns3:TrackPointExtension>
				</extensions>
			</trkpt>
			<trkpt lat="12.98305873" lon="77.69207036">
				<ele>889.02</ele>
				<time>2026-07-26T14:01:42Z</time>
				<extensions>
					<ns3:TrackPointExtension>
						<ns3:speed>2.09</ns3:speed>
						<ns3:cad>80.0</ns3:cad>
						<ns3:hr>160</ns3:hr>
					</ns3:TrackPointExtension>
				</extensions>
			</trkpt>
			<trkpt lat="12.98304307" lon="77.69208102">
				<ele>889.02</ele>
				<time>2026-07-26T14:01:43Z</time>
				<extensions>
					<ns3:TrackPointExtension>
						<ns3:speed>2.07</ns3:speed>
						<ns3:cad>80.0</ns3:cad>
						<ns3:hr>159</ns3:hr>
					</ns3:TrackPointExtension>
				</extensions>
			</trkpt>
			<trkpt lat="12.98302674" lon="77.69208935">
				<ele>889.01</ele>
				<time>2026-07-26T14:01:44Z</time>
				<extensions>
					<ns3:TrackPointExtension>
						<ns3:speed>2.07</ns3:speed>
						<ns3:cad>80.0</ns3:cad>
						<ns3:hr>159</ns3:hr>
					</ns3:TrackPointExtension>
				</extensions>
			</trkpt>
			<trkpt lat="12.98300874" lon="77.69209634">
				<ele>889.01</ele>
				<time>2026-07-26T14:01:45Z</time>
				<extensions>
					<ns3:TrackPointExtension>
						<ns3:speed>2.06</ns3:speed>
						<ns3:cad>80.0</ns3:cad>
						<ns3:hr>160</ns3:hr>
					</ns3:TrackPointExtension>
				</extensions>
			</trkpt>
			<trkpt lat="12.98299108" lon="77.692104">
				<ele>889.01</ele>
				<time>2026-07-26T14:01:46Z</time>
				<extensions>
					<ns3:TrackPointExtension>
						<ns3:speed>2.06</ns3:speed>
						<ns3:cad>80.0</ns3:cad>
						<ns3:hr>161</ns3:hr>
					</ns3:TrackPointExtension>
				</extensions>
			</trkpt>
			<trkpt lat="12.98297309" lon="77.69211099">
				<ele>889.01</ele>
				<time>2026-07-26T14:01:47Z</time>
				<extensions>
					<ns3:TrackPointExtension>
						<ns3:speed>2.06</ns3:speed>
						<ns3:cad>80.0</ns3:cad>
						<ns3:hr>161</ns3:hr>
					</ns3:TrackPointExtension>
				</extensions>
			</trkpt>
			<trkpt lat="12.98295443" lon="77.69211865">
				<ele>889.01</ele>
				<time>2026-07-26T14:01:48Z</time>
				<extensions>
					<ns3:TrackPointExtension>
						<ns3:speed>2.06</ns3:speed>
						<ns3:cad>80.0</ns3:cad>
						<ns3:hr>160</ns3:hr>
					</ns3:TrackPointExtension>
				</extensions>
			</trkpt>
			<trkpt lat="12.98293577" lon="77.69212698">
				<ele>889.01</ele>
				<time>2026-07-26T14:01:49Z</time>
				<extensions>
					<ns3:TrackPointExtension>
						<ns3:speed>2.06</ns3:speed>
						<ns3:cad>80.0</ns3:cad>
						<ns3:hr>161</ns3:hr>
					</ns3:TrackPointExtension>
				</extensions>
			</trkpt>
			<trkpt lat="12.98291744" lon="77.69213631">
				<ele>889.0</ele>
				<time>2026-07-26T14:01:50Z</time>
				<extensions>
					<ns3:TrackPointExtension>
						<ns3:speed>2.07</ns3:speed>
						<ns3:cad>80.0</ns3:cad>
						<ns3:hr>161</ns3:hr>
					</ns3:TrackPointExtension>
				</extensions>
			</trkpt>
			<trkpt lat="12.98289944" lon="77.69214564">
				<ele>889.0</ele>
				<time>2026-07-26T14:01:51Z</time>
				<extensions>
					<ns3:TrackPointExtension>
						<ns3:speed>2.07</ns3:speed>
						<ns3:cad>80.0</ns3:cad>
						<ns3:hr>161</ns3:hr>
					</ns3:TrackPointExtension>
				</extensions>
			</trkpt>
			<trkpt lat="12.98288211" lon="77.69215563">
				<ele>889.0</ele>
				<time>2026-07-26T14:01:52Z</time>
				<extensions>
					<ns3:TrackPointExtension>
						<ns3:speed>2.06</ns3:speed>
						<ns3:cad>80.0</ns3:cad>
						<ns3:hr>161</ns3:hr>
					</ns3:TrackPointExtension>
				</extensions>
			</trkpt>
			<trkpt lat="12.98286512" lon="77.69216596">
				<ele>888.99</ele>
				<time>2026-07-26T14:01:53Z</time>
				<extensions>
					<ns3:TrackPointExtension>
						<ns3:speed>2.06</ns3:speed>
						<ns3:cad>80.0</ns3:cad>
						<ns3:hr>161</ns3:hr>
					</ns3:TrackPointExtension>
				</extensions>
			</trkpt>
			<trkpt lat="12.98284813" lon="77.69217629">
				<ele>888.99</ele>
				<time>2026-07-26T14:01:54Z</time>
				<extensions>
					<ns3:TrackPointExtension>
						<ns3:speed>2.06</ns3:speed>
						<ns3:cad>80.0</ns3:cad>
						<ns3:hr>160</ns3:hr>
					</ns3:TrackPointExtension>
				</extensions>
			</trkpt>
			<trkpt lat="12.98283213" lon="77.69218828">
				<ele>888.98</ele>
				<time>2026-07-26T14:01:55Z</time>
				<extensions>
					<ns3:TrackPointExtension>
						<ns3:speed>2.07</ns3:speed>
						<ns3:cad>80.0</ns3:cad>
						<ns3:hr>160</ns3:hr>
					</ns3:TrackPointExtension>
				</extensions>
			</trkpt>
			<trkpt lat="12.98281647" lon="77.69220094">
				<ele>888.98</ele>
				<time>2026-07-26T14:01:56Z</time>
				<extensions>
					<ns3:TrackPointExtension>
						<ns3:speed>2.07</ns3:speed>
						<ns3:cad>80.0</ns3:cad>
						<ns3:hr>161</ns3:hr>
					</ns3:TrackPointExtension>
				</extensions>
			</trkpt>
			<trkpt lat="12.98280214" lon="77.6922146">
				<ele>888.97</ele>
				<time>2026-07-26T14:01:57Z</time>
				<extensions>
					<ns3:TrackPointExtension>
						<ns3:speed>2.07</ns3:speed>
						<ns3:cad>80.0</ns3:cad>
						<ns3:hr>161</ns3:hr>
					</ns3:TrackPointExtension>
				</extensions>
			</trkpt>
			<trkpt lat="12.98278848" lon="77.69222926">
				<ele>888.97</ele>
				<time>2026-07-26T14:01:58Z</time>
				<extensions>
					<ns3:TrackPointExtension>
						<ns3:speed>2.07</ns3:speed>
						<ns3:cad>80.0</ns3:cad>
						<ns3:hr>161</ns3:hr>
					</ns3:TrackPointExtension>
				</extensions>
			</trkpt>
			<trkpt lat="12.98277482" lon="77.69224426">
				<ele>888.97</ele>
				<time>2026-07-26T14:01:59Z</time>
				<extensions>
					<ns3:TrackPointExtension>
						<ns3:speed>2.07</ns3:speed>
						<ns3:cad>80.0</ns3:cad>
						<ns3:hr>161</ns3:hr>
					</ns3:TrackPointExtension>
				</extensions>
			</trkpt>
			<trkpt lat="12.98276283" lon="77.69225992">
				<ele>888.97</ele>
				<time>2026-07-26T14:02:00Z</time>
				<extensions>
					<ns3:TrackPointExtension>
						<ns3:speed>2.07</ns3:speed>
						<ns3:cad>80.0</ns3:cad>
						<ns3:hr>162</ns3:hr>
					</ns3:TrackPointExtension>
				</extensions>
			</trkpt>
			<trkpt lat="12.9827515" lon="77.69227658">
				<ele>888.98</ele>
				<time>2026-07-26T14:02:01Z</time>
				<extensions>
					<ns3:TrackPointExtension>
						<ns3:speed>2.07</ns3:speed>
						<ns3:cad>80.0</ns3:cad>
						<ns3:hr>161</ns3:hr>
					</ns3:TrackPointExtension>
				</extensions>
			</trkpt>
			<trkpt lat="12.98274217" lon="77.69229324">
				<ele>888.99</ele>
				<time>2026-07-26T14:02:02Z</time>
				<extensions>
					<ns3:TrackPointExtension>
						<ns3:speed>2.07</ns3:speed>
						<ns3:cad>80.0</ns3:cad>
						<ns3:hr>161</ns3:hr>
					</ns3:TrackPointExtension>
				</extensions>
			</trkpt>
			<trkpt lat="12.98273351" lon="77.69231057">
				<ele>889.0</ele>
				<time>2026-07-26T14:02:03Z</time>
				<extensions>
					<ns3:TrackPointExtension>
						<ns3:speed>2.07</ns3:speed>
						<ns3:cad>80.0</ns3:cad>
						<ns3:hr>161</ns3:hr>
					</ns3:TrackPointExtension>
				</extensions>
			</trkpt>
			<trkpt lat="12.98272618" lon="77.69232823">
				<ele>889.02</ele>
				<time>2026-07-26T14:02:04Z</time>
				<extensions>
					<ns3:TrackPointExtension>
						<ns3:speed>2.07</ns3:speed>
						<ns3:cad>80.0</ns3:cad>
						<ns3:hr>162</ns3:hr>
					</ns3:TrackPointExtension>
				</extensions>
			</trkpt>
			<trkpt lat="12.98271885" lon="77.69234556">
				<ele>889.03</ele>
				<time>2026-07-26T14:02:05Z</time>
				<extensions>
					<ns3:TrackPointExtension>
						<ns3:speed>2.07</ns3:speed>
						<ns3:cad>81.0</ns3:cad>
						<ns3:hr>162</ns3:hr>
					</ns3:TrackPointExtension>
				</extensions>
			</trkpt>
			<trkpt lat="12.98270919" lon="77.69236089">
				<ele>889.03</ele>
				<time>2026-07-26T14:02:06Z</time>
				<extensions>
					<ns3:TrackPointExtension>
						<ns3:speed>2.07</ns3:speed>
						<ns3:cad>81.0</ns3:cad>
						<ns3:hr>162</ns3:hr>
					</ns3:TrackPointExtension>
				</extensions>
			</trkpt>
			<trkpt lat="12.98269753" lon="77.69237455">
				<ele>889.06</ele>
				<time>2026-07-26T14:02:07Z</time>
				<extensions>
					<ns3:TrackPointExtension>
						<ns3:speed>2.07</ns3:speed>
						<ns3:cad>81.0</ns3:cad>
						<ns3:hr>162</ns3:hr>
					</ns3:TrackPointExtension>
				</extensions>
			</trkpt>
			<trkpt lat="12.9826822" lon="77.69238455">
				<ele>889.07</ele>
				<time>2026-07-26T14:02:08Z</time>
				<extensions>
					<ns3:TrackPointExtension>
						<ns3:speed>2.06</ns3:speed>
						<ns3:cad>81.0</ns3:cad>
						<ns3:hr>162</ns3:hr>
					</ns3:TrackPointExtension>
				</extensions>
			</trkpt>
			<trkpt lat="12.98266654" lon="77.69239154">
				<ele>889.08</ele>
				<time>2026-07-26T14:02:09Z</time>
				<extensions>
					<ns3:TrackPointExtension>
						<ns3:speed>2.06</ns3:speed>
						<ns3:cad>81.0</ns3:cad>
						<ns3:hr>163</ns3:hr>
					</ns3:TrackPointExtension>
				</extensions>
			</trkpt>
			<trkpt lat="12.98264988" lon="77.69239554">
				<ele>889.1</ele>
				<time>2026-07-26T14:02:10Z</time>
				<extensions>
					<ns3:TrackPointExtension>
						<ns3:speed>2.06</ns3:speed>
						<ns3:cad>81.0</ns3:cad>
						<ns3:hr>163</ns3:hr>
					</ns3:TrackPointExtension>
				</extensions>
			</trkpt>
			<trkpt lat="12.98263322" lon="77.6923972">
				<ele>889.12</ele>
				<time>2026-07-26T14:02:11Z</time>
				<extensions>
					<ns3:TrackPointExtension>
						<ns3:speed>2.04</ns3:speed>
						<ns3:cad>81.0</ns3:cad>
						<ns3:hr>163</ns3:hr>
					</ns3:TrackPointExtension>
				</extensions>
			</trkpt>
			<trkpt lat="12.98261522" lon="77.69239687">
				<ele>889.12</ele>
				<time>2026-07-26T14:02:12Z</time>
				<extensions>
					<ns3:TrackPointExtension>
						<ns3:hr>164</ns3:hr>
					</ns3:TrackPointExtension>
				</extensions>
			</trkpt>
			<trkpt lat="12.98259689" lon="77.69239687">
				<ele>889.16</ele>
				<time>2026-07-26T14:02:13Z</time>
				<extensions>
					<ns3:TrackPointExtension>
						<ns3:speed>2.04</ns3:speed>
						<ns3:cad>81.0</ns3:cad>
						<ns3:hr>164</ns3:hr>
					</ns3:TrackPointExtension>
				</extensions>
			</trkpt>
			<trkpt lat="12.98257856" lon="77.69239654">
				<ele>889.16</ele>
				<time>2026-07-26T14:02:14Z</time>
				<extensions>
					<ns3:TrackPointExtension>
						<ns3:hr>163</ns3:hr>
					</ns3:TrackPointExtension>
				</extensions>
			</trkpt>
			<trkpt lat="12.98256056" lon="77.6923972">
				<ele>889.18</ele>
				<time>2026-07-26T14:02:15Z</time>
				<extensions>
					<ns3:TrackPointExtension>
						<ns3:speed>2.02</ns3:speed>
						<ns3:cad>81.0</ns3:cad>
					</ns3:TrackPointExtension>
				</extensions>
			</trkpt>
			<trkpt lat="12.98254223" lon="77.69239853">
				<ele>889.19</ele>
				<time>2026-07-26T14:02:16Z</time>
				<extensions>
					<ns3:TrackPointExtension>
						<ns3:speed>2.02</ns3:speed>
						<ns3:cad>81.0</ns3:cad>
						<ns3:hr>163</ns3:hr>
					</ns3:TrackPointExtension>
				</extensions>
			</trkpt>
			<trkpt lat="12.98252457" lon="77.69239986">
				<ele>889.22</ele>
				<time>2026-07-26T14:02:17Z</time>
				<extensions>
					<ns3:TrackPointExtension>
						<ns3:speed>2.02</ns3:speed>
						<ns3:cad>81.0</ns3:cad>
						<ns3:hr>164</ns3:hr>
					</ns3:TrackPointExtension>
				</extensions>
			</trkpt>
			<trkpt lat="12.98250724" lon="77.69240185">
				<ele>889.24</ele>
				<time>2026-07-26T14:02:18Z</time>
				<extensions>
					<ns3:TrackPointExtension>
						<ns3:speed>2.01</ns3:speed>
						<ns3:cad>80.0</ns3:cad>
						<ns3:hr>164</ns3:hr>
					</ns3:TrackPointExtension>
				</extensions>
			</trkpt>
			<trkpt lat="12.98248958" lon="77.69240385">
				<ele>889.26</ele>
				<time>2026-07-26T14:02:19Z</time>
				<extensions>
					<ns3:TrackPointExtension>
						<ns3:speed>2.0</ns3:speed>
						<ns3:cad>80.0</ns3:cad>
						<ns3:hr>163</ns3:hr>
					</ns3:TrackPointExtension>
				</extensions>
			</trkpt>
			<trkpt lat="12.98247159" lon="77.69240484">
				<ele>889.29</ele>
				<time>2026-07-26T14:02:20Z</time>
				<extensions>
					<ns3:TrackPointExtension>
						<ns3:speed>1.99</ns3:speed>
						<ns3:cad>80.0</ns3:cad>
						<ns3:hr>164</ns3:hr>
					</ns3:TrackPointExtension>
				</extensions>
			</trkpt>
			<trkpt lat="12.98245426" lon="77.69240484">
				<ele>889.32</ele>
				<time>2026-07-26T14:02:21Z</time>
				<extensions>
					<ns3:TrackPointExtension>
						<ns3:speed>1.98</ns3:speed>
						<ns3:cad>80.0</ns3:cad>
						<ns3:hr>163</ns3:hr>
					</ns3:TrackPointExtension>
				</extensions>
			</trkpt>
			<trkpt lat="12.98243627" lon="77.69240418">
				<ele>889.34</ele>
				<time>2026-07-26T14:02:22Z</time>
				<extensions>
					<ns3:TrackPointExtension>
						<ns3:speed>1.97</ns3:speed>
						<ns3:cad>80.0</ns3:cad>
						<ns3:hr>162</ns3:hr>
					</ns3:TrackPointExtension>
				</extensions>
			</trkpt>
			<trkpt lat="12.98241694" lon="77.69240352">
				<ele>889.37</ele>
				<time>2026-07-26T14:02:23Z</time>
				<extensions>
					<ns3:TrackPointExtension>
						<ns3:speed>1.96</ns3:speed>
						<ns3:cad>80.0</ns3:cad>
						<ns3:hr>163</ns3:hr>
					</ns3:TrackPointExtension>
				</extensions>
			</trkpt>
			<trkpt lat="12.98239795" lon="77.69240086">
				<ele>889.4</ele>
				<time>2026-07-26T14:02:24Z</time>
				<extensions>
					<ns3:TrackPointExtension>
						<ns3:speed>1.95</ns3:speed>
						<ns3:cad>81.0</ns3:cad>
						<ns3:hr>164</ns3:hr>
					</ns3:TrackPointExtension>
				</extensions>
			</trkpt>
			<trkpt lat="12.98237995" lon="77.6923952">
				<ele>889.42</ele>
				<time>2026-07-26T14:02:25Z</time>
				<extensions>
					<ns3:TrackPointExtension>
						<ns3:speed>1.94</ns3:speed>
						<ns3:cad>81.0</ns3:cad>
						<ns3:hr>164</ns3:hr>
					</ns3:TrackPointExtension>
				</extensions>
			</trkpt>
			<trkpt lat="12.98236262" lon="77.69238754">
				<ele>889.45</ele>
				<time>2026-07-26T14:02:26Z</time>
				<extensions>
					<ns3:TrackPointExtension>
						<ns3:speed>1.94</ns3:speed>
						<ns3:cad>81.0</ns3:cad>
						<ns3:hr>164</ns3:hr>
					</ns3:TrackPointExtension>
				</extensions>
			</trkpt>
			<trkpt lat="12.98234629" lon="77.69237788">
				<ele>889.48</ele>
				<time>2026-07-26T14:02:27Z</time>
				<extensions>
					<ns3:TrackPointExtension>
						<ns3:speed>1.94</ns3:speed>
						<ns3:cad>81.0</ns3:cad>
						<ns3:hr>164</ns3:hr>
					</ns3:TrackPointExtension>
				</extensions>
			</trkpt>
			<trkpt lat="12.98232963" lon="77.69236522">
				<ele>889.5</ele>
				<time>2026-07-26T14:02:28Z</time>
				<extensions>
					<ns3:TrackPointExtension>
						<ns3:speed>1.95</ns3:speed>
						<ns3:cad>81.0</ns3:cad>
						<ns3:hr>164</ns3:hr>
					</ns3:TrackPointExtension>
				</extensions>
			</trkpt>
			<trkpt lat="12.9823163" lon="77.69235122">
				<ele>889.52</ele>
				<time>2026-07-26T14:02:29Z</time>
				<extensions>
					<ns3:TrackPointExtension>
						<ns3:speed>1.95</ns3:speed>
						<ns3:cad>81.0</ns3:cad>
						<ns3:hr>164</ns3:hr>
					</ns3:TrackPointExtension>
				</extensions>
			</trkpt>
			<trkpt lat="12.98230431" lon="77.69233656">
				<ele>889.54</ele>
				<time>2026-07-26T14:02:30Z</time>
				<extensions>
					<ns3:TrackPointExtension>
						<ns3:speed>1.96</ns3:speed>
						<ns3:cad>81.0</ns3:cad>
						<ns3:hr>164</ns3:hr>
					</ns3:TrackPointExtension>
				</extensions>
			</trkpt>
			<trkpt lat="12.98229365" lon="77.69232123">
				<ele>889.55</ele>
				<time>2026-07-26T14:02:31Z</time>
				<extensions>
					<ns3:TrackPointExtension>
						<ns3:speed>1.97</ns3:speed>
						<ns3:cad>80.0</ns3:cad>
						<ns3:hr>164</ns3:hr>
					</ns3:TrackPointExtension>
				</extensions>
			</trkpt>
			<trkpt lat="12.98228332" lon="77.69230523">
				<ele>889.56</ele>
				<time>2026-07-26T14:02:32Z</time>
				<extensions>
					<ns3:TrackPointExtension>
						<ns3:speed>1.97</ns3:speed>
						<ns3:cad>80.0</ns3:cad>
						<ns3:hr>164</ns3:hr>
					</ns3:TrackPointExtension>
				</extensions>
			</trkpt>
			<trkpt lat="12.98227199" lon="77.6922899">
				<ele>889.57</ele>
				<time>2026-07-26T14:02:33Z</time>
				<extensions>
					<ns3:TrackPointExtension>
						<ns3:speed>1.97</ns3:speed>
						<ns3:cad>80.0</ns3:cad>
						<ns3:hr>165</ns3:hr>
					</ns3:TrackPointExtension>
				</extensions>
			</trkpt>
			<trkpt lat="12.98226099" lon="77.69227457">
				<ele>889.57</ele>
				<time>2026-07-26T14:02:34Z</time>
				<extensions>
					<ns3:TrackPointExtension>
						<ns3:speed>1.98</ns3:speed>
						<ns3:cad>80.0</ns3:cad>
						<ns3:hr>164</ns3:hr>
					</ns3:TrackPointExtension>
				</extensions>
			</trkpt>
			<trkpt lat="12.98224933" lon="77.69225857">
				<ele>889.57</ele>
				<time>2026-07-26T14:02:35Z</time>
				<extensions>
					<ns3:TrackPointExtension>
						<ns3:speed>1.98</ns3:speed>
						<ns3:cad>81.0</ns3:cad>
						<ns3:hr>163</ns3:hr>
					</ns3:TrackPointExtension>
				</extensions>
			</trkpt>
			<trkpt lat="12.98223667" lon="77.69224224">
				<ele>889.55</ele>
				<time>2026-07-26T14:02:36Z</time>
				<extensions>
					<ns3:TrackPointExtension>
						<ns3:speed>1.98</ns3:speed>
						<ns3:cad>81.0</ns3:cad>
						<ns3:hr>163</ns3:hr>
					</ns3:TrackPointExtension>
				</extensions>
			</trkpt>
			<trkpt lat="12.98222334" lon="77.69222558">
				<ele>889.53</ele>
				<time>2026-07-26T14:02:37Z</time>
				<extensions>
					<ns3:TrackPointExtension>
						<ns3:speed>1.99</ns3:speed>
						<ns3:cad>83.0</ns3:cad>
						<ns3:hr>162</ns3:hr>
					</ns3:TrackPointExtension>
				</extensions>
			</trkpt>
			<trkpt lat="12.98221101" lon="77.69220925">
				<ele>889.52</ele>
				<time>2026-07-26T14:02:38Z</time>
				<extensions>
					<ns3:TrackPointExtension>
						<ns3:speed>2.0</ns3:speed>
						<ns3:cad>83.0</ns3:cad>
						<ns3:hr>162</ns3:hr>
					</ns3:TrackPointExtension>
				</extensions>
			</trkpt>
			<trkpt lat="12.98220002" lon="77.69219359">
				<ele>889.51</ele>
				<time>2026-07-26T14:02:39Z</time>
				<extensions>
					<ns3:TrackPointExtension>
						<ns3:speed>2.0</ns3:speed>
						<ns3:cad>84.0</ns3:cad>
						<ns3:hr>162</ns3:hr>
					</ns3:TrackPointExtension>
				</extensions>
			</trkpt>
			<trkpt lat="12.98218936" lon="77.69217759">
				<ele>889.5</ele>
				<time>2026-07-26T14:02:40Z</time>
				<extensions>
					<ns3:TrackPointExtension>
						<ns3:speed>2.01</ns3:speed>
						<ns3:cad>83.0</ns3:cad>
						<ns3:hr>162</ns3:hr>
					</ns3:TrackPointExtension>
				</extensions>
			</trkpt>
			<trkpt lat="12.98217937" lon="77.69216193">
				<ele>889.49</ele>
				<time>2026-07-26T14:02:41Z</time>
				<extensions>
					<ns3:TrackPointExtension>
						<ns3:speed>2.02</ns3:speed>
						<ns3:cad>83.0</ns3:cad>
						<ns3:hr>162</ns3:hr>
					</ns3:TrackPointExtension>
				</extensions>
			</trkpt>
			<trkpt lat="12.98217037" lon="77.6921456">
				<ele>889.47</ele>
				<time>2026-07-26T14:02:42Z</time>
				<extensions>
					<ns3:TrackPointExtension>
						<ns3:speed>2.02</ns3:speed>
						<ns3:cad>83.0</ns3:cad>
						<ns3:hr>162</ns3:hr>
					</ns3:TrackPointExtension>
				</extensions>
			</trkpt>
			<trkpt lat="12.98215938" lon="77.69212994">
				<ele>889.46</ele>
				<time>2026-07-26T14:02:43Z</time>
				<extensions>
					<ns3:TrackPointExtension>
						<ns3:speed>2.02</ns3:speed>
						<ns3:cad>83.0</ns3:cad>
						<ns3:hr>163</ns3:hr>
					</ns3:TrackPointExtension>
				</extensions>
			</trkpt>
			<trkpt lat="12.98214672" lon="77.69211528">
				<ele>889.45</ele>
				<time>2026-07-26T14:02:44Z</time>
				<extensions>
					<ns3:TrackPointExtension>
						<ns3:speed>2.02</ns3:speed>
						<ns3:cad>81.0</ns3:cad>
						<ns3:hr>162</ns3:hr>
					</ns3:TrackPointExtension>
				</extensions>
			</trkpt>
			<trkpt lat="12.98213406" lon="77.69210195">
				<ele>889.44</ele>
				<time>2026-07-26T14:02:45Z</time>
				<extensions>
					<ns3:TrackPointExtension>
						<ns3:speed>2.02</ns3:speed>
						<ns3:cad>80.0</ns3:cad>
						<ns3:hr>162</ns3:hr>
					</ns3:TrackPointExtension>
				</extensions>
			</trkpt>
			<trkpt lat="12.98211907" lon="77.69208829">
				<ele>889.44</ele>
				<time>2026-07-26T14:02:46Z</time>
				<extensions>
					<ns3:TrackPointExtension>
						<ns3:speed>2.02</ns3:speed>
						<ns3:cad>80.0</ns3:cad>
						<ns3:hr>162</ns3:hr>
					</ns3:TrackPointExtension>
				</extensions>
			</trkpt>
			<trkpt lat="12.98210207" lon="77.69207563">
				<ele>889.43</ele>
				<time>2026-07-26T14:02:47Z</time>
				<extensions>
					<ns3:TrackPointExtension>
						<ns3:speed>2.02</ns3:speed>
						<ns3:cad>79.0</ns3:cad>
						<ns3:hr>162</ns3:hr>
					</ns3:TrackPointExtension>
				</extensions>
			</trkpt>
			<trkpt lat="12.98208374" lon="77.69206397">
				<ele>889.42</ele>
				<time>2026-07-26T14:02:48Z</time>
				<extensions>
					<ns3:TrackPointExtension>
						<ns3:speed>2.03</ns3:speed>
						<ns3:cad>79.0</ns3:cad>
						<ns3:hr>162</ns3:hr>
					</ns3:TrackPointExtension>
				</extensions>
			</trkpt>
			<trkpt lat="12.98206608" lon="77.69205331">
				<ele>889.41</ele>
				<time>2026-07-26T14:02:49Z</time>
				<extensions>
					<ns3:TrackPointExtension>
						<ns3:speed>2.04</ns3:speed>
						<ns3:cad>79.0</ns3:cad>
						<ns3:hr>162</ns3:hr>
					</ns3:TrackPointExtension>
				</extensions>
			</trkpt>
			<trkpt lat="12.98205008" lon="77.69204132">
				<ele>889.41</ele>
				<time>2026-07-26T14:02:50Z</time>
				<extensions>
					<ns3:TrackPointExtension>
						<ns3:speed>2.04</ns3:speed>
						<ns3:cad>79.0</ns3:cad>
						<ns3:hr>161</ns3:hr>
					</ns3:TrackPointExtension>
				</extensions>
			</trkpt>
			<trkpt lat="12.98203742" lon="77.69202699">
				<ele>889.39</ele>
				<time>2026-07-26T14:02:51Z</time>
				<extensions>
					<ns3:TrackPointExtension>
						<ns3:speed>2.04</ns3:speed>
						<ns3:cad>79.0</ns3:cad>
						<ns3:hr>161</ns3:hr>
					</ns3:TrackPointExtension>
				</extensions>
			</trkpt>
			<trkpt lat="12.98202709" lon="77.69201166">
				<ele>889.37</ele>
				<time>2026-07-26T14:02:52Z</time>
				<extensions>
					<ns3:TrackPointExtension>
						<ns3:speed>2.04</ns3:speed>
						<ns3:cad>79.0</ns3:cad>
						<ns3:hr>161</ns3:hr>
					</ns3:TrackPointExtension>
				</extensions>
			</trkpt>
			<trkpt lat="12.98202076" lon="77.691995">
				<ele>889.35</ele>
				<time>2026-07-26T14:02:53Z</time>
				<extensions>
					<ns3:TrackPointExtension>
						<ns3:speed>2.04</ns3:speed>
						<ns3:cad>79.0</ns3:cad>
						<ns3:hr>162</ns3:hr>
					</ns3:TrackPointExtension>
				</extensions>
			</trkpt>
			<trkpt lat="12.98201676" lon="77.69197634">
				<ele>889.33</ele>
				<time>2026-07-26T14:02:54Z</time>
				<extensions>
					<ns3:TrackPointExtension>
						<ns3:speed>2.04</ns3:speed>
						<ns3:cad>79.0</ns3:cad>
						<ns3:hr>162</ns3:hr>
					</ns3:TrackPointExtension>
				</extensions>
			</trkpt>
			<trkpt lat="12.98201543" lon="77.69195801">
				<ele>889.31</ele>
				<time>2026-07-26T14:02:55Z</time>
				<extensions>
					<ns3:TrackPointExtension>
						<ns3:speed>2.04</ns3:speed>
						<ns3:cad>80.0</ns3:cad>
						<ns3:hr>162</ns3:hr>
					</ns3:TrackPointExtension>
				</extensions>
			</trkpt>
			<trkpt lat="12.98201576" lon="77.69193868">
				<ele>889.27</ele>
				<time>2026-07-26T14:02:56Z</time>
				<extensions>
					<ns3:TrackPointExtension>
						<ns3:speed>2.04</ns3:speed>
						<ns3:cad>80.0</ns3:cad>
						<ns3:hr>162</ns3:hr>
					</ns3:TrackPointExtension>
				</extensions>
			</trkpt>
			<trkpt lat="12.98201809" lon="77.69191935">
				<ele>889.23</ele>
				<time>2026-07-26T14:02:57Z</time>
				<extensions>
					<ns3:TrackPointExtension>
						<ns3:speed>2.04</ns3:speed>
						<ns3:cad>81.0</ns3:cad>
						<ns3:hr>162</ns3:hr>
					</ns3:TrackPointExtension>
				</extensions>
			</trkpt>
			<trkpt lat="12.98202075" lon="77.69190102">
				<ele>889.17</ele>
				<time>2026-07-26T14:02:58Z</time>
				<extensions>
					<ns3:TrackPointExtension>
						<ns3:speed>2.04</ns3:speed>
						<ns3:cad>81.0</ns3:cad>
						<ns3:hr>161</ns3:hr>
					</ns3:TrackPointExtension>
				</extensions>
			</trkpt>
			<trkpt lat="12.98202275" lon="77.69188203">
				<ele>889.12</ele>
				<time>2026-07-26T14:02:59Z</time>
				<extensions>
					<ns3:TrackPointExtension>
						<ns3:speed>2.04</ns3:speed>
						<ns3:cad>81.0</ns3:cad>
						<ns3:hr>161</ns3:hr>
					</ns3:TrackPointExtension>
				</extensions>
			</trkpt>
			<trkpt lat="12.98202641" lon="77.6918627">
				<ele>889.06</ele>
				<time>2026-07-26T14:03:00Z</time>
				<extensions>
					<ns3:TrackPointExtension>
						<ns3:speed>2.04</ns3:speed>
						<ns3:cad>81.0</ns3:cad>
						<ns3:hr>161</ns3:hr>
					</ns3:TrackPointExtension>
				</extensions>
			</trkpt>
			<trkpt lat="12.98203174" lon="77.69184237">
				<ele>888.98</ele>
				<time>2026-07-26T14:03:01Z</time>
				<extensions>
					<ns3:TrackPointExtension>
						<ns3:speed>2.04</ns3:speed>
						<ns3:cad>81.0</ns3:cad>
						<ns3:hr>162</ns3:hr>
					</ns3:TrackPointExtension>
				</extensions>
			</trkpt>
			<trkpt lat="12.98203774" lon="77.69182271">
				<ele>888.9</ele>
				<time>2026-07-26T14:03:02Z</time>
				<extensions>
					<ns3:TrackPointExtension>
						<ns3:speed>2.04</ns3:speed>
						<ns3:cad>81.0</ns3:cad>
						<ns3:hr>162</ns3:hr>
					</ns3:TrackPointExtension>
				</extensions>
			</trkpt>
			<trkpt lat="12.9820434" lon="77.69180238">
				<ele>888.82</ele>
				<time>2026-07-26T14:03:03Z</time>
				<extensions>
					<ns3:TrackPointExtension>
						<ns3:speed>2.04</ns3:speed>
						<ns3:cad>81.0</ns3:cad>
						<ns3:hr>162</ns3:hr>
					</ns3:TrackPointExtension>
				</extensions>
			</trkpt>
			<trkpt lat="12.98204839" lon="77.69178305">
				<ele>888.77</ele>
				<time>2026-07-26T14:03:04Z</time>
				<extensions>
					<ns3:TrackPointExtension>
						<ns3:speed>2.04</ns3:speed>
						<ns3:cad>81.0</ns3:cad>
						<ns3:hr>162</ns3:hr>
					</ns3:TrackPointExtension>
				</extensions>
			</trkpt>
			<trkpt lat="12.98205372" lon="77.69176306">
				<ele>888.7</ele>
				<time>2026-07-26T14:03:05Z</time>
				<extensions>
					<ns3:TrackPointExtension>
						<ns3:speed>2.04</ns3:speed>
						<ns3:cad>81.0</ns3:cad>
						<ns3:hr>163</ns3:hr>
					</ns3:TrackPointExtension>
				</extensions>
			</trkpt>
			<trkpt lat="12.98205805" lon="77.69174406">
				<ele>888.63</ele>
				<time>2026-07-26T14:03:06Z</time>
				<extensions>
					<ns3:TrackPointExtension>
						<ns3:speed>2.04</ns3:speed>
						<ns3:cad>81.0</ns3:cad>
						<ns3:hr>163</ns3:hr>
					</ns3:TrackPointExtension>
				</extensions>
			</trkpt>
			<trkpt lat="12.98206271" lon="77.69172507">
				<ele>888.6</ele>
				<time>2026-07-26T14:03:07Z</time>
				<extensions>
					<ns3:TrackPointExtension>
						<ns3:speed>2.04</ns3:speed>
						<ns3:cad>81.0</ns3:cad>
						<ns3:hr>163</ns3:hr>
					</ns3:TrackPointExtension>
				</extensions>
			</trkpt>
			<trkpt lat="12.98206937" lon="77.69170507">
				<ele>888.56</ele>
				<time>2026-07-26T14:03:08Z</time>
				<extensions>
					<ns3:TrackPointExtension>
						<ns3:speed>2.04</ns3:speed>
						<ns3:cad>81.0</ns3:cad>
						<ns3:hr>162</ns3:hr>
					</ns3:TrackPointExtension>
				</extensions>
			</trkpt>
			<trkpt lat="12.98207703" lon="77.69168574">
				<ele>888.53</ele>
				<time>2026-07-26T14:03:09Z</time>
				<extensions>
					<ns3:TrackPointExtension>
						<ns3:speed>2.04</ns3:speed>
						<ns3:cad>80.0</ns3:cad>
						<ns3:hr>162</ns3:hr>
					</ns3:TrackPointExtension>
				</extensions>
			</trkpt>
			<trkpt lat="12.98208536" lon="77.69166841">
				<ele>888.53</ele>
				<time>2026-07-26T14:03:10Z</time>
				<extensions>
					<ns3:TrackPointExtension>
						<ns3:speed>2.02</ns3:speed>
						<ns3:cad>80.0</ns3:cad>
						<ns3:hr>162</ns3:hr>
					</ns3:TrackPointExtension>
				</extensions>
			</trkpt>
			<trkpt lat="12.98209402" lon="77.69164975">
				<ele>888.55</ele>
				<time>2026-07-26T14:03:11Z</time>
				<extensions>
					<ns3:TrackPointExtension>
						<ns3:speed>2.01</ns3:speed>
						<ns3:cad>80.0</ns3:cad>
						<ns3:hr>163</ns3:hr>
					</ns3:TrackPointExtension>
				</extensions>
			</trkpt>
			<trkpt lat="12.98210102" lon="77.69163242">
				<ele>888.56</ele>
				<time>2026-07-26T14:03:12Z</time>
				<extensions>
					<ns3:TrackPointExtension>
						<ns3:speed>2.0</ns3:speed>
						<ns3:cad>80.0</ns3:cad>
						<ns3:hr>162</ns3:hr>
					</ns3:TrackPointExtension>
				</extensions>
			</trkpt>
			<trkpt lat="12.98210635" lon="77.69161776">
				<ele>888.59</ele>
				<time>2026-07-26T14:03:13Z</time>
				<extensions>
					<ns3:TrackPointExtension>
						<ns3:speed>1.98</ns3:speed>
						<ns3:cad>81.0</ns3:cad>
						<ns3:hr>162</ns3:hr>
					</ns3:TrackPointExtension>
				</extensions>
			</trkpt>
			<trkpt lat="12.98211168" lon="77.69160243">
				<ele>888.62</ele>
				<time>2026-07-26T14:03:14Z</time>
				<extensions>
					<ns3:TrackPointExtension>
						<ns3:speed>1.97</ns3:speed>
						<ns3:cad>81.0</ns3:cad>
						<ns3:hr>162</ns3:hr>
					</ns3:TrackPointExtension>
				</extensions>
			</trkpt>
			<trkpt lat="12.98211634" lon="77.69158643">
				<ele>888.64</ele>
				<time>2026-07-26T14:03:15Z</time>
				<extensions>
					<ns3:TrackPointExtension>
						<ns3:speed>1.97</ns3:speed>
						<ns3:cad>83.0</ns3:cad>
						<ns3:hr>162</ns3:hr>
					</ns3:TrackPointExtension>
				</extensions>
			</trkpt>
			<trkpt lat="12.982121" lon="77.69156977">
				<ele>888.67</ele>
				<time>2026-07-26T14:03:16Z</time>
				<extensions>
					<ns3:TrackPointExtension>
						<ns3:speed>1.97</ns3:speed>
						<ns3:cad>83.0</ns3:cad>
						<ns3:hr>162</ns3:hr>
					</ns3:TrackPointExtension>
				</extensions>
			</trkpt>
			<trkpt lat="12.98212266" lon="77.69155211">
				<ele>888.7</ele>
				<time>2026-07-26T14:03:17Z</time>
				<extensions>
					<ns3:TrackPointExtension>
						<ns3:speed>1.98</ns3:speed>
						<ns3:cad>83.0</ns3:cad>
						<ns3:hr>162</ns3:hr>
					</ns3:TrackPointExtension>
				</extensions>
			</trkpt>
			<trkpt lat="12.98212332" lon="77.69153145">
				<ele>888.74</ele>
				<time>2026-07-26T14:03:18Z</time>
				<extensions>
					<ns3:TrackPointExtension>
						<ns3:speed>1.98</ns3:speed>
						<ns3:cad>81.0</ns3:cad>
						<ns3:hr>163</ns3:hr>
					</ns3:TrackPointExtension>
				</extensions>
			</trkpt>
			<trkpt lat="12.98212266" lon="77.69151012">
				<ele>888.78</ele>
				<time>2026-07-26T14:03:19Z</time>
				<extensions>
					<ns3:TrackPointExtension>
						<ns3:speed>1.99</ns3:speed>
						<ns3:cad>80.0</ns3:cad>
						<ns3:hr>164</ns3:hr>
					</ns3:TrackPointExtension>
				</extensions>
			</trkpt>
			<trkpt lat="12.98211566" lon="77.69148946">
				<ele>888.85</ele>
				<time>2026-07-26T14:03:20Z</time>
				<extensions>
					<ns3:TrackPointExtension>
						<ns3:speed>1.99</ns3:speed>
						<ns3:cad>79.0</ns3:cad>
						<ns3:hr>163</ns3:hr>
					</ns3:TrackPointExtension>
				</extensions>
			</trkpt>
			<trkpt lat="12.982096" lon="77.69146647">
				<ele>888.95</ele>
				<time>2026-07-26T14:03:21Z</time>
				<extensions>
					<ns3:TrackPointExtension>
						<ns3:speed>1.99</ns3:speed>
						<ns3:cad>79.0</ns3:cad>
						<ns3:hr>163</ns3:hr>
					</ns3:TrackPointExtension>
				</extensions>
			</trkpt>
			<trkpt lat="12.98207867" lon="77.69144714">
				<ele>889.01</ele>
				<time>2026-07-26T14:03:22Z</time>
				<extensions>
					<ns3:TrackPointExtension>
						<ns3:speed>1.99</ns3:speed>
						<ns3:cad>79.0</ns3:cad>
						<ns3:hr>163</ns3:hr>
					</ns3:TrackPointExtension>
				</extensions>
			</trkpt>
			<trkpt lat="12.98205968" lon="77.69143181">
				<ele>889.07</ele>
				<time>2026-07-26T14:03:23Z</time>
				<extensions>
					<ns3:TrackPointExtension>
						<ns3:speed>2.0</ns3:speed>
						<ns3:cad>79.0</ns3:cad>
						<ns3:hr>163</ns3:hr>
					</ns3:TrackPointExtension>
				</extensions>
			</trkpt>
			<trkpt lat="12.98204102" lon="77.69142115">
				<ele>889.1</ele>
				<time>2026-07-26T14:03:24Z</time>
				<extensions>
					<ns3:TrackPointExtension>
						<ns3:speed>2.0</ns3:speed>
						<ns3:cad>79.0</ns3:cad>
						<ns3:hr>164</ns3:hr>
					</ns3:TrackPointExtension>
				</extensions>
			</trkpt>
			<trkpt lat="12.98202402" lon="77.69141349">
				<ele>889.13</ele>
				<time>2026-07-26T14:03:25Z</time>
				<extensions>
					<ns3:TrackPointExtension>
						<ns3:speed>2.01</ns3:speed>
						<ns3:cad>80.0</ns3:cad>
						<ns3:hr>163</ns3:hr>
					</ns3:TrackPointExtension>
				</extensions>
			</trkpt>
			<trkpt lat="12.98200636" lon="77.69140683">
				<ele>889.12</ele>
				<time>2026-07-26T14:03:26Z</time>
				<extensions>
					<ns3:TrackPointExtension>
						<ns3:speed>2.02</ns3:speed>
						<ns3:cad>80.0</ns3:cad>
						<ns3:hr>162</ns3:hr>
					</ns3:TrackPointExtension>
				</extensions>
			</trkpt>
			<trkpt lat="12.9819877" lon="77.69140017">
				<ele>889.13</ele>
				<time>2026-07-26T14:03:27Z</time>
				<extensions>
					<ns3:TrackPointExtension>
						<ns3:speed>2.02</ns3:speed>
						<ns3:cad>80.0</ns3:cad>
						<ns3:hr>162</ns3:hr>
					</ns3:TrackPointExtension>
				</extensions>
			</trkpt>
			<trkpt lat="12.98197004" lon="77.69139284">
				<ele>889.07</ele>
				<time>2026-07-26T14:03:28Z</time>
				<extensions>
					<ns3:TrackPointExtension>
						<ns3:speed>2.04</ns3:speed>
						<ns3:cad>81.0</ns3:cad>
						<ns3:hr>161</ns3:hr>
					</ns3:TrackPointExtension>
				</extensions>
			</trkpt>
			<trkpt lat="12.98195371" lon="77.69138318">
				<ele>889.07</ele>
				<time>2026-07-26T14:03:29Z</time>
				<extensions>
					<ns3:TrackPointExtension>
						<ns3:speed>2.04</ns3:speed>
						<ns3:cad>81.0</ns3:cad>
						<ns3:hr>161</ns3:hr>
					</ns3:TrackPointExtension>
				</extensions>
			</trkpt>
			<trkpt lat="12.98193838" lon="77.69137185">
				<ele>889.04</ele>
				<time>2026-07-26T14:03:30Z</time>
				<extensions>
					<ns3:TrackPointExtension>
						<ns3:speed>2.05</ns3:speed>
						<ns3:cad>81.0</ns3:cad>
						<ns3:hr>161</ns3:hr>
					</ns3:TrackPointExtension>
				</extensions>
			</trkpt>
			<trkpt lat="12.98192505" lon="77.69135986">
				<ele>888.96</ele>
				<time>2026-07-26T14:03:31Z</time>
				<extensions>
					<ns3:TrackPointExtension>
						<ns3:speed>2.06</ns3:speed>
						<ns3:cad>83.0</ns3:cad>
						<ns3:hr>161</ns3:hr>
					</ns3:TrackPointExtension>
				</extensions>
			</trkpt>
			<trkpt lat="12.98191239" lon="77.69134586">
				<ele>888.95</ele>
				<time>2026-07-26T14:03:32Z</time>
				<extensions>
					<ns3:TrackPointExtension>
						<ns3:speed>2.07</ns3:speed>
						<ns3:cad>83.0</ns3:cad>
						<ns3:hr>162</ns3:hr>
					</ns3:TrackPointExtension>
				</extensions>
			</trkpt>
			<trkpt lat="12.98190073" lon="77.6913302">
				<ele>888.84</ele>
				<time>2026-07-26T14:03:33Z</time>
				<extensions>
					<ns3:TrackPointExtension>
						<ns3:speed>2.07</ns3:speed>
						<ns3:cad>81.0</ns3:cad>
						<ns3:hr>162</ns3:hr>
					</ns3:TrackPointExtension>
				</extensions>
			</trkpt>
			<trkpt lat="12.9818924" lon="77.69131287">
				<ele>888.8</ele>
				<time>2026-07-26T14:03:34Z</time>
				<extensions>
					<ns3:TrackPointExtension>
						<ns3:speed>2.08</ns3:speed>
						<ns3:cad>81.0</ns3:cad>
						<ns3:hr>162</ns3:hr>
					</ns3:TrackPointExtension>
				</extensions>
			</trkpt>
			<trkpt lat="12.98188674" lon="77.69129588">
				<ele>888.73</ele>
				<time>2026-07-26T14:03:35Z</time>
				<extensions>
					<ns3:TrackPointExtension>
						<ns3:speed>2.08</ns3:speed>
						<ns3:cad>81.0</ns3:cad>
						<ns3:hr>163</ns3:hr>
					</ns3:TrackPointExtension>
				</extensions>
			</trkpt>
			<trkpt lat="12.98188341" lon="77.69127755">
				<ele>888.66</ele>
				<time>2026-07-26T14:03:36Z</time>
				<extensions>
					<ns3:TrackPointExtension>
						<ns3:speed>2.09</ns3:speed>
						<ns3:cad>81.0</ns3:cad>
						<ns3:hr>163</ns3:hr>
					</ns3:TrackPointExtension>
				</extensions>
			</trkpt>
			<trkpt lat="12.98188275" lon="77.69125989">
				<ele>888.6</ele>
				<time>2026-07-26T14:03:37Z</time>
				<extensions>
					<ns3:TrackPointExtension>
						<ns3:speed>2.1</ns3:speed>
						<ns3:cad>81.0</ns3:cad>
						<ns3:hr>164</ns3:hr>
					</ns3:TrackPointExtension>
				</extensions>
			</trkpt>
			<trkpt lat="12.98188474" lon="77.69124223">
				<ele>888.54</ele>
				<time>2026-07-26T14:03:38Z</time>
				<extensions>
					<ns3:TrackPointExtension>
						<ns3:speed>2.1</ns3:speed>
						<ns3:cad>81.0</ns3:cad>
						<ns3:hr>164</ns3:hr>
					</ns3:TrackPointExtension>
				</extensions>
			</trkpt>
			<trkpt lat="12.98188874" lon="77.69122357">
				<ele>888.47</ele>
				<time>2026-07-26T14:03:39Z</time>
				<extensions>
					<ns3:TrackPointExtension>
						<ns3:speed>2.1</ns3:speed>
						<ns3:cad>81.0</ns3:cad>
						<ns3:hr>164</ns3:hr>
					</ns3:TrackPointExtension>
				</extensions>
			</trkpt>
			<trkpt lat="12.98189407" lon="77.69120491">
				<ele>888.4</ele>
				<time>2026-07-26T14:03:40Z</time>
				<extensions>
					<ns3:TrackPointExtension>
						<ns3:speed>2.1</ns3:speed>
						<ns3:cad>83.0</ns3:cad>
						<ns3:hr>164</ns3:hr>
					</ns3:TrackPointExtension>
				</extensions>
			</trkpt>
			<trkpt lat="12.98189973" lon="77.69118558">
				<ele>888.35</ele>
				<time>2026-07-26T14:03:41Z</time>
				<extensions>
					<ns3:TrackPointExtension>
						<ns3:speed>2.11</ns3:speed>
						<ns3:cad>83.0</ns3:cad>
						<ns3:hr>163</ns3:hr>
					</ns3:TrackPointExtension>
				</extensions>
			</trkpt>
			<trkpt lat="12.98190572" lon="77.69116625">
				<ele>888.3</ele>
				<time>2026-07-26T14:03:42Z</time>
				<extensions>
					<ns3:TrackPointExtension>
						<ns3:speed>2.12</ns3:speed>
						<ns3:cad>83.0</ns3:cad>
						<ns3:hr>163</ns3:hr>
					</ns3:TrackPointExtension>
				</extensions>
			</trkpt>
			<trkpt lat="12.98191138" lon="77.69114725">
				<ele>888.3</ele>
				<time>2026-07-26T14:03:43Z</time>
				<extensions>
					<ns3:TrackPointExtension>
					</ns3:TrackPointExtension>
				</extensions>
			</trkpt>
			<trkpt lat="12.98191804" lon="77.69112759">
				<ele>888.26</ele>
				<time>2026-07-26T14:03:44Z</time>
				<extensions>
					<ns3:TrackPointExtension>
						<ns3:speed>2.12</ns3:speed>
						<ns3:cad>83.0</ns3:cad>
						<ns3:hr>162</ns3:hr>
					</ns3:TrackPointExtension>
				</extensions>
			</trkpt>
			<trkpt lat="12.98192337" lon="77.69110893">
				<ele>888.21</ele>
				<time>2026-07-26T14:03:45Z</time>
				<extensions>
					<ns3:TrackPointExtension>
						<ns3:speed>2.12</ns3:speed>
						<ns3:cad>84.0</ns3:cad>
						<ns3:hr>162</ns3:hr>
					</ns3:TrackPointExtension>
				</extensions>
			</trkpt>
			<trkpt lat="12.98192937" lon="77.6910896">
				<ele>888.19</ele>
				<time>2026-07-26T14:03:46Z</time>
				<extensions>
					<ns3:TrackPointExtension>
						<ns3:speed>2.13</ns3:speed>
						<ns3:cad>84.0</ns3:cad>
						<ns3:hr>162</ns3:hr>
					</ns3:TrackPointExtension>
				</extensions>
			</trkpt>
			<trkpt lat="12.98193503" lon="77.69106994">
				<ele>888.18</ele>
				<time>2026-07-26T14:03:47Z</time>
				<extensions>
					<ns3:TrackPointExtension>
						<ns3:speed>2.14</ns3:speed>
						<ns3:cad>84.0</ns3:cad>
						<ns3:hr>162</ns3:hr>
					</ns3:TrackPointExtension>
				</extensions>
			</trkpt>
			<trkpt lat="12.98194103" lon="77.69104995">
				<ele>888.17</ele>
				<time>2026-07-26T14:03:48Z</time>
				<extensions>
					<ns3:TrackPointExtension>
						<ns3:speed>2.15</ns3:speed>
						<ns3:cad>84.0</ns3:cad>
						<ns3:hr>163</ns3:hr>
					</ns3:TrackPointExtension>
				</extensions>
			</trkpt>
			<trkpt lat="12.98194702" lon="77.69103029">
				<ele>888.18</ele>
				<time>2026-07-26T14:03:49Z</time>
				<extensions>
					<ns3:TrackPointExtension>
						<ns3:speed>2.16</ns3:speed>
						<ns3:cad>84.0</ns3:cad>
						<ns3:hr>162</ns3:hr>
					</ns3:TrackPointExtension>
				</extensions>
			</trkpt>
			<trkpt lat="12.98195335" lon="77.69101096">
				<ele>888.19</ele>
				<time>2026-07-26T14:03:50Z</time>
				<extensions>
					<ns3:TrackPointExtension>
						<ns3:speed>2.16</ns3:speed>
						<ns3:cad>84.0</ns3:cad>
						<ns3:hr>162</ns3:hr>
					</ns3:TrackPointExtension>
				</extensions>
			</trkpt>
			<trkpt lat="12.98196068" lon="77.6909913">
				<ele>888.2</ele>
				<time>2026-07-26T14:03:51Z</time>
				<extensions>
					<ns3:TrackPointExtension>
						<ns3:speed>2.17</ns3:speed>
						<ns3:cad>84.0</ns3:cad>
						<ns3:hr>163</ns3:hr>
					</ns3:TrackPointExtension>
				</extensions>
			</trkpt>
			<trkpt lat="12.98196834" lon="77.69097231">
				<ele>888.22</ele>
				<time>2026-07-26T14:03:52Z</time>
				<extensions>
					<ns3:TrackPointExtension>
						<ns3:speed>2.17</ns3:speed>
						<ns3:cad>84.0</ns3:cad>
						<ns3:hr>162</ns3:hr>
					</ns3:TrackPointExtension>
				</extensions>
			</trkpt>
			<trkpt lat="12.98197567" lon="77.69095298">
				<ele>888.24</ele>
				<time>2026-07-26T14:03:53Z</time>
				<extensions>
					<ns3:TrackPointExtension>
						<ns3:speed>2.18</ns3:speed>
						<ns3:cad>83.0</ns3:cad>
						<ns3:hr>162</ns3:hr>
					</ns3:TrackPointExtension>
				</extensions>
			</trkpt>
			<trkpt lat="12.98198233" lon="77.69093465">
				<ele>888.25</ele>
				<time>2026-07-26T14:03:54Z</time>
				<extensions>
					<ns3:TrackPointExtension>
						<ns3:speed>2.18</ns3:speed>
						<ns3:cad>83.0</ns3:cad>
						<ns3:hr>161</ns3:hr>
					</ns3:TrackPointExtension>
				</extensions>
			</trkpt>
			<trkpt lat="12.98198866" lon="77.69091566">
				<ele>888.25</ele>
				<time>2026-07-26T14:03:55Z</time>
				<extensions>
					<ns3:TrackPointExtension>
						<ns3:speed>2.18</ns3:speed>
						<ns3:cad>81.0</ns3:cad>
						<ns3:hr>161</ns3:hr>
					</ns3:TrackPointExtension>
				</extensions>
			</trkpt>
			<trkpt lat="12.98199399" lon="77.69089633">
				<ele>888.26</ele>
				<time>2026-07-26T14:03:56Z</time>
				<extensions>
					<ns3:TrackPointExtension>
						<ns3:speed>2.18</ns3:speed>
						<ns3:cad>80.0</ns3:cad>
						<ns3:hr>161</ns3:hr>
					</ns3:TrackPointExtension>
				</extensions>
			</trkpt>
			<trkpt lat="12.98199765" lon="77.69087633">
				<ele>888.26</ele>
				<time>2026-07-26T14:03:57Z</time>
				<extensions>
					<ns3:TrackPointExtension>
						<ns3:speed>2.19</ns3:speed>
						<ns3:cad>80.0</ns3:cad>
						<ns3:hr>160</ns3:hr>
					</ns3:TrackPointExtension>
				</extensions>
			</trkpt>
			<trkpt lat="12.98199898" lon="77.690856">
				<ele>888.25</ele>
				<time>2026-07-26T14:03:58Z</time>
				<extensions>
					<ns3:TrackPointExtension>
						<ns3:speed>2.19</ns3:speed>
						<ns3:cad>79.0</ns3:cad>
						<ns3:hr>160</ns3:hr>
					</ns3:TrackPointExtension>
				</extensions>
			</trkpt>
			<trkpt lat="12.98199931" lon="77.69083534">
				<ele>888.23</ele>
				<time>2026-07-26T14:03:59Z</time>
				<extensions>
					<ns3:TrackPointExtension>
						<ns3:speed>2.19</ns3:speed>
						<ns3:cad>79.0</ns3:cad>
						<ns3:hr>161</ns3:hr>
					</ns3:TrackPointExtension>
				</extensions>
			</trkpt>
			<trkpt lat="12.98200164" lon="77.69081534">
				<ele>888.22</ele>
				<time>2026-07-26T14:04:00Z</time>
				<extensions>
					<ns3:TrackPointExtension>
						<ns3:speed>2.19</ns3:speed>
						<ns3:cad>79.0</ns3:cad>
						<ns3:hr>161</ns3:hr>
					</ns3:TrackPointExtension>
				</extensions>
			</trkpt>
			<trkpt lat="12.9820053" lon="77.69079601">
				<ele>888.2</ele>
				<time>2026-07-26T14:04:01Z</time>
				<extensions>
					<ns3:TrackPointExtension>
						<ns3:speed>2.19</ns3:speed>
						<ns3:cad>79.0</ns3:cad>
						<ns3:hr>161</ns3:hr>
					</ns3:TrackPointExtension>
				</extensions>
			</trkpt>
			<trkpt lat="12.98200996" lon="77.69077635">
				<ele>888.18</ele>
				<time>2026-07-26T14:04:02Z</time>
				<extensions>
					<ns3:TrackPointExtension>
						<ns3:speed>2.18</ns3:speed>
						<ns3:cad>79.0</ns3:cad>
						<ns3:hr>162</ns3:hr>
					</ns3:TrackPointExtension>
				</extensions>
			</trkpt>
			<trkpt lat="12.98201529" lon="77.69075736">
				<ele>888.17</ele>
				<time>2026-07-26T14:04:03Z</time>
				<extensions>
					<ns3:TrackPointExtension>
						<ns3:speed>2.18</ns3:speed>
						<ns3:cad>79.0</ns3:cad>
						<ns3:hr>162</ns3:hr>
					</ns3:TrackPointExtension>
				</extensions>
			</trkpt>
			<trkpt lat="12.98201895" lon="77.69073803">
				<ele>888.15</ele>
				<time>2026-07-26T14:04:04Z</time>
				<extensions>
					<ns3:TrackPointExtension>
						<ns3:speed>2.18</ns3:speed>
						<ns3:cad>79.0</ns3:cad>
						<ns3:hr>162</ns3:hr>
					</ns3:TrackPointExtension>
				</extensions>
			</trkpt>
			<trkpt lat="12.98202461" lon="77.6907197">
				<ele>888.13</ele>
				<time>2026-07-26T14:04:05Z</time>
				<extensions>
					<ns3:TrackPointExtension>
						<ns3:speed>2.18</ns3:speed>
						<ns3:cad>79.0</ns3:cad>
						<ns3:hr>162</ns3:hr>
					</ns3:TrackPointExtension>
				</extensions>
			</trkpt>
			<trkpt lat="12.98203127" lon="77.69070137">
				<ele>888.13</ele>
				<time>2026-07-26T14:04:06Z</time>
				<extensions>
					<ns3:TrackPointExtension>
						<ns3:speed>2.18</ns3:speed>
						<ns3:cad>80.0</ns3:cad>
						<ns3:hr>162</ns3:hr>
					</ns3:TrackPointExtension>
				</extensions>
			</trkpt>
			<trkpt lat="12.9820366" lon="77.69068304">
				<ele>888.11</ele>
				<time>2026-07-26T14:04:07Z</time>
				<extensions>
					<ns3:TrackPointExtension>
						<ns3:speed>2.18</ns3:speed>
						<ns3:cad>80.0</ns3:cad>
						<ns3:hr>162</ns3:hr>
					</ns3:TrackPointExtension>
				</extensions>
			</trkpt>
			<trkpt lat="12.98204126" lon="77.69066404">
				<ele>888.1</ele>
				<time>2026-07-26T14:04:08Z</time>
				<extensions>
					<ns3:TrackPointExtension>
						<ns3:speed>2.17</ns3:speed>
						<ns3:cad>80.0</ns3:cad>
						<ns3:hr>162</ns3:hr>
					</ns3:TrackPointExtension>
				</extensions>
			</trkpt>
			<trkpt lat="12.98204659" lon="77.69064538">
				<ele>888.1</ele>
				<time>2026-07-26T14:04:09Z</time>
				<extensions>
					<ns3:TrackPointExtension>
						<ns3:speed>2.17</ns3:speed>
						<ns3:cad>80.0</ns3:cad>
						<ns3:hr>162</ns3:hr>
					</ns3:TrackPointExtension>
				</extensions>
			</trkpt>
			<trkpt lat="12.98205258" lon="77.69062672">
				<ele>888.11</ele>
				<time>2026-07-26T14:04:10Z</time>
				<extensions>
					<ns3:TrackPointExtension>
						<ns3:speed>2.16</ns3:speed>
						<ns3:cad>80.0</ns3:cad>
						<ns3:hr>163</ns3:hr>
					</ns3:TrackPointExtension>
				</extensions>
			</trkpt>
			<trkpt lat="12.98205924" lon="77.69060906">
				<ele>888.12</ele>
				<time>2026-07-26T14:04:11Z</time>
				<extensions>
					<ns3:TrackPointExtension>
						<ns3:speed>2.16</ns3:speed>
						<ns3:cad>81.0</ns3:cad>
						<ns3:hr>163</ns3:hr>
					</ns3:TrackPointExtension>
				</extensions>
			</trkpt>
			<trkpt lat="12.98206624" lon="77.6905904">
				<ele>888.13</ele>
				<time>2026-07-26T14:04:12Z</time>
				<extensions>
					<ns3:TrackPointExtension>
						<ns3:speed>2.15</ns3:speed>
						<ns3:cad>81.0</ns3:cad>
						<ns3:hr>163</ns3:hr>
					</ns3:TrackPointExtension>
				</extensions>
			</trkpt>
			<trkpt lat="12.98207357" lon="77.69057174">
				<ele>888.15</ele>
				<time>2026-07-26T14:04:13Z</time>
				<extensions>
					<ns3:TrackPointExtension>
						<ns3:speed>2.15</ns3:speed>
						<ns3:cad>81.0</ns3:cad>
						<ns3:hr>163</ns3:hr>
					</ns3:TrackPointExtension>
				</extensions>
			</trkpt>
			<trkpt lat="12.98208057" lon="77.69055408">
				<ele>888.17</ele>
				<time>2026-07-26T14:04:14Z</time>
				<extensions>
					<ns3:TrackPointExtension>
						<ns3:speed>2.14</ns3:speed>
						<ns3:cad>81.0</ns3:cad>
						<ns3:hr>163</ns3:hr>
					</ns3:TrackPointExtension>
				</extensions>
			</trkpt>
			<trkpt lat="12.98208757" lon="77.69053575">
				<ele>888.19</ele>
				<time>2026-07-26T14:04:15Z</time>
				<extensions>
					<ns3:TrackPointExtension>
						<ns3:speed>2.14</ns3:speed>
						<ns3:cad>81.0</ns3:cad>
						<ns3:hr>163</ns3:hr>
					</ns3:TrackPointExtension>
				</extensions>
			</trkpt>
			<trkpt lat="12.9820939" lon="77.69051709">
				<ele>888.21</ele>
				<time>2026-07-26T14:04:16Z</time>
				<extensions>
					<ns3:TrackPointExtension>
						<ns3:speed>2.14</ns3:speed>
						<ns3:cad>81.0</ns3:cad>
						<ns3:hr>163</ns3:hr>
					</ns3:TrackPointExtension>
				</extensions>
			</trkpt>
			<trkpt lat="12.98209956" lon="77.69049843">
				<ele>888.24</ele>
				<time>2026-07-26T14:04:17Z</time>
				<extensions>
					<ns3:TrackPointExtension>
						<ns3:speed>2.14</ns3:speed>
						<ns3:cad>80.0</ns3:cad>
						<ns3:hr>162</ns3:hr>
					</ns3:TrackPointExtension>
				</extensions>
			</trkpt>
			<trkpt lat="12.98210489" lon="77.6904791">
				<ele>888.27</ele>
				<time>2026-07-26T14:04:18Z</time>
				<extensions>
					<ns3:TrackPointExtension>
						<ns3:speed>2.14</ns3:speed>
						<ns3:cad>80.0</ns3:cad>
						<ns3:hr>162</ns3:hr>
					</ns3:TrackPointExtension>
				</extensions>
			</trkpt>
			<trkpt lat="12.98211222" lon="77.69046111">
				<ele>888.31</ele>
				<time>2026-07-26T14:04:19Z</time>
				<extensions>
					<ns3:TrackPointExtension>
						<ns3:speed>2.14</ns3:speed>
						<ns3:cad>80.0</ns3:cad>
						<ns3:hr>162</ns3:hr>
					</ns3:TrackPointExtension>
				</extensions>
			</trkpt>
			<trkpt lat="12.98212488" lon="77.69044545">
				<ele>888.35</ele>
				<time>2026-07-26T14:04:20Z</time>
				<extensions>
					<ns3:TrackPointExtension>
						<ns3:speed>2.14</ns3:speed>
						<ns3:cad>80.0</ns3:cad>
						<ns3:hr>162</ns3:hr>
					</ns3:TrackPointExtension>
				</extensions>
			</trkpt>
			<trkpt lat="12.98214421" lon="77.69043346">
				<ele>888.38</ele>
				<time>2026-07-26T14:04:21Z</time>
				<extensions>
					<ns3:TrackPointExtension>
						<ns3:speed>2.15</ns3:speed>
						<ns3:cad>81.0</ns3:cad>
						<ns3:hr>161</ns3:hr>
					</ns3:TrackPointExtension>
				</extensions>
			</trkpt>
			<trkpt lat="12.98216287" lon="77.6904228">
				<ele>888.42</ele>
				<time>2026-07-26T14:04:22Z</time>
				<extensions>
					<ns3:TrackPointExtension>
						<ns3:speed>2.15</ns3:speed>
						<ns3:cad>81.0</ns3:cad>
						<ns3:hr>161</ns3:hr>
					</ns3:TrackPointExtension>
				</extensions>
			</trkpt>
			<trkpt lat="12.98218153" lon="77.69041347">
				<ele>888.46</ele>
				<time>2026-07-26T14:04:23Z</time>
				<extensions>
					<ns3:TrackPointExtension>
						<ns3:speed>2.16</ns3:speed>
						<ns3:cad>81.0</ns3:cad>
						<ns3:hr>161</ns3:hr>
					</ns3:TrackPointExtension>
				</extensions>
			</trkpt>
			<trkpt lat="12.98220019" lon="77.69040481">
				<ele>888.52</ele>
				<time>2026-07-26T14:04:24Z</time>
				<extensions>
					<ns3:TrackPointExtension>
						<ns3:speed>2.16</ns3:speed>
						<ns3:cad>81.0</ns3:cad>
						<ns3:hr>162</ns3:hr>
					</ns3:TrackPointExtension>
				</extensions>
			</trkpt>
			<trkpt lat="12.98221918" lon="77.69039848">
				<ele>888.56</ele>
				<time>2026-07-26T14:04:25Z</time>
				<extensions>
					<ns3:TrackPointExtension>
						<ns3:speed>2.16</ns3:speed>
						<ns3:cad>81.0</ns3:cad>
						<ns3:hr>162</ns3:hr>
					</ns3:TrackPointExtension>
				</extensions>
			</trkpt>
			<trkpt lat="12.98223817" lon="77.69039515">
				<ele>888.6</ele>
				<time>2026-07-26T14:04:26Z</time>
				<extensions>
					<ns3:TrackPointExtension>
						<ns3:speed>2.16</ns3:speed>
						<ns3:cad>81.0</ns3:cad>
						<ns3:hr>162</ns3:hr>
					</ns3:TrackPointExtension>
				</extensions>
			</trkpt>
			<trkpt lat="12.9822575" lon="77.69039482">
				<ele>888.65</ele>
				<time>2026-07-26T14:04:27Z</time>
				<extensions>
					<ns3:TrackPointExtension>
						<ns3:speed>2.16</ns3:speed>
						<ns3:cad>81.0</ns3:cad>
						<ns3:hr>161</ns3:hr>
					</ns3:TrackPointExtension>
				</extensions>
			</trkpt>
			<trkpt lat="12.98227683" lon="77.69039582">
				<ele>888.69</ele>
				<time>2026-07-26T14:04:28Z</time>
				<extensions>
					<ns3:TrackPointExtension>
						<ns3:speed>2.16</ns3:speed>
						<ns3:cad>81.0</ns3:cad>
						<ns3:hr>160</ns3:hr>
					</ns3:TrackPointExtension>
				</extensions>
			</trkpt>
			<trkpt lat="12.98229616" lon="77.69039781">
				<ele>888.74</ele>
				<time>2026-07-26T14:04:29Z</time>
				<extensions>
					<ns3:TrackPointExtension>
						<ns3:speed>2.15</ns3:speed>
						<ns3:cad>80.0</ns3:cad>
						<ns3:hr>160</ns3:hr>
					</ns3:TrackPointExtension>
				</extensions>
			</trkpt>
			<trkpt lat="12.98231549" lon="77.69040147">
				<ele>888.79</ele>
				<time>2026-07-26T14:04:30Z</time>
				<extensions>
					<ns3:TrackPointExtension>
						<ns3:speed>2.15</ns3:speed>
						<ns3:cad>80.0</ns3:cad>
						<ns3:hr>161</ns3:hr>
					</ns3:TrackPointExtension>
				</extensions>
			</trkpt>
			<trkpt lat="12.98233515" lon="77.69040647">
				<ele>888.83</ele>
				<time>2026-07-26T14:04:31Z</time>
				<extensions>
					<ns3:TrackPointExtension>
						<ns3:speed>2.15</ns3:speed>
						<ns3:cad>80.0</ns3:cad>
						<ns3:hr>162</ns3:hr>
					</ns3:TrackPointExtension>
				</extensions>
			</trkpt>
			<trkpt lat="12.98235414" lon="77.69041246">
				<ele>888.88</ele>
				<time>2026-07-26T14:04:32Z</time>
				<extensions>
					<ns3:TrackPointExtension>
						<ns3:speed>2.15</ns3:speed>
						<ns3:cad>80.0</ns3:cad>
						<ns3:hr>163</ns3:hr>
					</ns3:TrackPointExtension>
				</extensions>
			</trkpt>
			<trkpt lat="12.98237247" lon="77.69042112">
				<ele>888.91</ele>
				<time>2026-07-26T14:04:33Z</time>
				<extensions>
					<ns3:TrackPointExtension>
						<ns3:speed>2.15</ns3:speed>
						<ns3:cad>80.0</ns3:cad>
						<ns3:hr>162</ns3:hr>
					</ns3:TrackPointExtension>
				</extensions>
			</trkpt>
			<trkpt lat="12.98238847" lon="77.69043212">
				<ele>888.93</ele>
				<time>2026-07-26T14:04:34Z</time>
				<extensions>
					<ns3:TrackPointExtension>
						<ns3:speed>2.15</ns3:speed>
						<ns3:cad>81.0</ns3:cad>
						<ns3:hr>162</ns3:hr>
					</ns3:TrackPointExtension>
				</extensions>
			</trkpt>
			<trkpt lat="12.9824028" lon="77.69044545">
				<ele>888.96</ele>
				<time>2026-07-26T14:04:35Z</time>
				<extensions>
					<ns3:TrackPointExtension>
						<ns3:speed>2.15</ns3:speed>
						<ns3:cad>81.0</ns3:cad>
						<ns3:hr>162</ns3:hr>
					</ns3:TrackPointExtension>
				</extensions>
			</trkpt>
			<trkpt lat="12.98241546" lon="77.69045945">
				<ele>888.98</ele>
				<time>2026-07-26T14:04:36Z</time>
				<extensions>
					<ns3:TrackPointExtension>
						<ns3:speed>2.15</ns3:speed>
						<ns3:cad>81.0</ns3:cad>
						<ns3:hr>162</ns3:hr>
					</ns3:TrackPointExtension>
				</extensions>
			</trkpt>
			<trkpt lat="12.98242512" lon="77.69047445">
				<ele>888.99</ele>
				<time>2026-07-26T14:04:37Z</time>
				<extensions>
					<ns3:TrackPointExtension>
						<ns3:speed>2.14</ns3:speed>
						<ns3:cad>83.0</ns3:cad>
						<ns3:hr>163</ns3:hr>
					</ns3:TrackPointExtension>
				</extensions>
			</trkpt>
			<trkpt lat="12.98243212" lon="77.69049111">
				<ele>889.01</ele>
				<time>2026-07-26T14:04:38Z</time>
				<extensions>
					<ns3:TrackPointExtension>
						<ns3:speed>2.13</ns3:speed>
						<ns3:cad>81.0</ns3:cad>
						<ns3:hr>162</ns3:hr>
					</ns3:TrackPointExtension>
				</extensions>
			</trkpt>
			<trkpt lat="12.98243711" lon="77.69050744">
				<ele>889.02</ele>
				<time>2026-07-26T14:04:39Z</time>
				<extensions>
					<ns3:TrackPointExtension>
						<ns3:speed>2.12</ns3:speed>
						<ns3:cad>81.0</ns3:cad>
						<ns3:hr>162</ns3:hr>
					</ns3:TrackPointExtension>
				</extensions>
			</trkpt>
			<trkpt lat="12.98243944" lon="77.69052477">
				<ele>889.02</ele>
				<time>2026-07-26T14:04:40Z</time>
				<extensions>
					<ns3:TrackPointExtension>
						<ns3:speed>2.1</ns3:speed>
						<ns3:cad>80.0</ns3:cad>
						<ns3:hr>162</ns3:hr>
					</ns3:TrackPointExtension>
				</extensions>
			</trkpt>
			<trkpt lat="12.98243878" lon="77.69054176">
				<ele>889.03</ele>
				<time>2026-07-26T14:04:41Z</time>
				<extensions>
					<ns3:TrackPointExtension>
						<ns3:speed>2.08</ns3:speed>
						<ns3:cad>80.0</ns3:cad>
						<ns3:hr>162</ns3:hr>
					</ns3:TrackPointExtension>
				</extensions>
			</trkpt>
			<trkpt lat="12.98243579" lon="77.69055909">
				<ele>889.03</ele>
				<time>2026-07-26T14:04:42Z</time>
				<extensions>
					<ns3:TrackPointExtension>
						<ns3:speed>2.07</ns3:speed>
						<ns3:cad>80.0</ns3:cad>
						<ns3:hr>162</ns3:hr>
					</ns3:TrackPointExtension>
				</extensions>
			</trkpt>
			<trkpt lat="12.9824308" lon="77.69057775">
				<ele>889.04</ele>
				<time>2026-07-26T14:04:43Z</time>
				<extensions>
					<ns3:TrackPointExtension>
						<ns3:speed>2.07</ns3:speed>
						<ns3:cad>80.0</ns3:cad>
						<ns3:hr>162</ns3:hr>
					</ns3:TrackPointExtension>
				</extensions>
			</trkpt>
			<trkpt lat="12.9824248" lon="77.69059608">
				<ele>889.03</ele>
				<time>2026-07-26T14:04:44Z</time>
				<extensions>
					<ns3:TrackPointExtension>
						<ns3:speed>2.07</ns3:speed>
						<ns3:cad>80.0</ns3:cad>
						<ns3:hr>162</ns3:hr>
					</ns3:TrackPointExtension>
				</extensions>
			</trkpt>
			<trkpt lat="12.98241881" lon="77.69061374">
				<ele>889.03</ele>
				<time>2026-07-26T14:04:45Z</time>
				<extensions>
					<ns3:TrackPointExtension>
						<ns3:speed>2.07</ns3:speed>
						<ns3:cad>81.0</ns3:cad>
						<ns3:hr>162</ns3:hr>
					</ns3:TrackPointExtension>
				</extensions>
			</trkpt>
			<trkpt lat="12.98241115" lon="77.6906324">
				<ele>889.03</ele>
				<time>2026-07-26T14:04:46Z</time>
				<extensions>
					<ns3:TrackPointExtension>
						<ns3:speed>2.07</ns3:speed>
						<ns3:cad>81.0</ns3:cad>
						<ns3:hr>162</ns3:hr>
					</ns3:TrackPointExtension>
				</extensions>
			</trkpt>
			<trkpt lat="12.98240382" lon="77.69065139">
				<ele>889.02</ele>
				<time>2026-07-26T14:04:47Z</time>
				<extensions>
					<ns3:TrackPointExtension>
						<ns3:speed>2.07</ns3:speed>
						<ns3:cad>81.0</ns3:cad>
						<ns3:hr>162</ns3:hr>
					</ns3:TrackPointExtension>
				</extensions>
			</trkpt>
			<trkpt lat="12.98239749" lon="77.69066972">
				<ele>889.01</ele>
				<time>2026-07-26T14:04:48Z</time>
				<extensions>
					<ns3:TrackPointExtension>
						<ns3:speed>2.07</ns3:speed>
						<ns3:cad>81.0</ns3:cad>
						<ns3:hr>161</ns3:hr>
					</ns3:TrackPointExtension>
				</extensions>
			</trkpt>
			<trkpt lat="12.98239116" lon="77.69068805">
				<ele>889.0</ele>
				<time>2026-07-26T14:04:49Z</time>
				<extensions>
					<ns3:TrackPointExtension>
						<ns3:speed>2.07</ns3:speed>
						<ns3:cad>81.0</ns3:cad>
						<ns3:hr>162</ns3:hr>
					</ns3:TrackPointExtension>
				</extensions>
			</trkpt>
			<trkpt lat="12.9823845" lon="77.69070538">
				<ele>889.0</ele>
				<time>2026-07-26T14:04:50Z</time>
				<extensions>
					<ns3:TrackPointExtension>
						<ns3:speed>2.07</ns3:speed>
						<ns3:cad>81.0</ns3:cad>
						<ns3:hr>162</ns3:hr>
					</ns3:TrackPointExtension>
				</extensions>
			</trkpt>
			<trkpt lat="12.98237784" lon="77.69072337">
				<ele>888.99</ele>
				<time>2026-07-26T14:04:51Z</time>
				<extensions>
					<ns3:TrackPointExtension>
						<ns3:speed>2.07</ns3:speed>
						<ns3:cad>81.0</ns3:cad>
						<ns3:hr>162</ns3:hr>
					</ns3:TrackPointExtension>
				</extensions>
			</trkpt>
			<trkpt lat="12.98237118" lon="77.69074236">
				<ele>888.99</ele>
				<time>2026-07-26T14:04:52Z</time>
				<extensions>
					<ns3:TrackPointExtension>
						<ns3:speed>2.07</ns3:speed>
						<ns3:cad>81.0</ns3:cad>
						<ns3:hr>162</ns3:hr>
					</ns3:TrackPointExtension>
				</extensions>
			</trkpt>
			<trkpt lat="12.98236452" lon="77.69076069">
				<ele>888.99</ele>
				<time>2026-07-26T14:04:53Z</time>
				<extensions>
					<ns3:TrackPointExtension>
						<ns3:speed>2.06</ns3:speed>
						<ns3:cad>81.0</ns3:cad>
						<ns3:hr>162</ns3:hr>
					</ns3:TrackPointExtension>
				</extensions>
			</trkpt>
			<trkpt lat="12.98235719" lon="77.69077869">
				<ele>888.98</ele>
				<time>2026-07-26T14:04:54Z</time>
				<extensions>
					<ns3:TrackPointExtension>
						<ns3:speed>2.04</ns3:speed>
						<ns3:cad>81.0</ns3:cad>
						<ns3:hr>161</ns3:hr>
					</ns3:TrackPointExtension>
				</extensions>
			</trkpt>
			<trkpt lat="12.98235019" lon="77.69079668">
				<ele>888.97</ele>
				<time>2026-07-26T14:04:55Z</time>
				<extensions>
					<ns3:TrackPointExtension>
						<ns3:speed>2.03</ns3:speed>
						<ns3:cad>81.0</ns3:cad>
						<ns3:hr>162</ns3:hr>
					</ns3:TrackPointExtension>
				</extensions>
			</trkpt>
			<trkpt lat="12.98234486" lon="77.69081434">
				<ele>888.96</ele>
				<time>2026-07-26T14:04:56Z</time>
				<extensions>
					<ns3:TrackPointExtension>
						<ns3:speed>2.02</ns3:speed>
						<ns3:cad>81.0</ns3:cad>
						<ns3:hr>161</ns3:hr>
					</ns3:TrackPointExtension>
				</extensions>
			</trkpt>
			<trkpt lat="12.98234153" lon="77.69084">
				<ele>888.95</ele>
				<time>2026-07-26T14:04:57Z</time>
				<extensions>
					<ns3:TrackPointExtension>
						<ns3:speed>2.02</ns3:speed>
						<ns3:cad>83.0</ns3:cad>
						<ns3:hr>160</ns3:hr>
					</ns3:TrackPointExtension>
				</extensions>
			</trkpt>
			<trkpt lat="12.98233953" lon="77.69086599">
				<ele>888.94</ele>
				<time>2026-07-26T14:04:58Z</time>
				<extensions>
					<ns3:TrackPointExtension>
						<ns3:speed>2.02</ns3:speed>
						<ns3:cad>83.0</ns3:cad>
						<ns3:hr>161</ns3:hr>
					</ns3:TrackPointExtension>
				</extensions>
			</trkpt>
			<trkpt lat="12.98234019" lon="77.69089165">
				<ele>888.91</ele>
				<time>2026-07-26T14:04:59Z</time>
				<extensions>
					<ns3:TrackPointExtension>
						<ns3:speed>2.02</ns3:speed>
						<ns3:cad>83.0</ns3:cad>
						<ns3:hr>161</ns3:hr>
					</ns3:TrackPointExtension>
				</extensions>
			</trkpt>
			<trkpt lat="12.98234518" lon="77.69091531">
				<ele>888.87</ele>
				<time>2026-07-26T14:05:00Z</time>
				<extensions>
					<ns3:TrackPointExtension>
						<ns3:speed>2.03</ns3:speed>
						<ns3:cad>81.0</ns3:cad>
						<ns3:hr>160</ns3:hr>
					</ns3:TrackPointExtension>
				</extensions>
			</trkpt>
			<trkpt lat="12.98235484" lon="77.69093464">
				<ele>888.85</ele>
				<time>2026-07-26T14:05:01Z</time>
				<extensions>
					<ns3:TrackPointExtension>
						<ns3:speed>2.04</ns3:speed>
						<ns3:cad>81.0</ns3:cad>
						<ns3:hr>160</ns3:hr>
					</ns3:TrackPointExtension>
				</extensions>
			</trkpt>
			<trkpt lat="12.98236717" lon="77.69094964">
				<ele>888.83</ele>
				<time>2026-07-26T14:05:02Z</time>
				<extensions>
					<ns3:TrackPointExtension>
						<ns3:speed>2.04</ns3:speed>
						<ns3:cad>81.0</ns3:cad>
						<ns3:hr>160</ns3:hr>
					</ns3:TrackPointExtension>
				</extensions>
			</trkpt>
			<trkpt lat="12.9823875" lon="77.69096397">
				<ele>888.8</ele>
				<time>2026-07-26T14:05:03Z</time>
				<extensions>
					<ns3:TrackPointExtension>
						<ns3:speed>2.05</ns3:speed>
						<ns3:cad>81.0</ns3:cad>
						<ns3:hr>161</ns3:hr>
					</ns3:TrackPointExtension>
				</extensions>
			</trkpt>
			<trkpt lat="12.98240916" lon="77.69097596">
				<ele>888.77</ele>
				<time>2026-07-26T14:05:04Z</time>
				<extensions>
					<ns3:TrackPointExtension>
						<ns3:speed>2.06</ns3:speed>
						<ns3:cad>81.0</ns3:cad>
						<ns3:hr>160</ns3:hr>
					</ns3:TrackPointExtension>
				</extensions>
			</trkpt>
			<trkpt lat="12.98242916" lon="77.69098562">
				<ele>888.76</ele>
				<time>2026-07-26T14:05:05Z</time>
				<extensions>
					<ns3:TrackPointExtension>
						<ns3:speed>2.07</ns3:speed>
						<ns3:cad>81.0</ns3:cad>
						<ns3:hr>160</ns3:hr>
					</ns3:TrackPointExtension>
				</extensions>
			</trkpt>
			<trkpt lat="12.98244849" lon="77.69099295">
				<ele>888.73</ele>
				<time>2026-07-26T14:05:06Z</time>
				<extensions>
					<ns3:TrackPointExtension>
						<ns3:speed>2.07</ns3:speed>
						<ns3:cad>81.0</ns3:cad>
						<ns3:hr>159</ns3:hr>
					</ns3:TrackPointExtension>
				</extensions>
			</trkpt>
			<trkpt lat="12.98246849" lon="77.69099928">
				<ele>888.73</ele>
				<time>2026-07-26T14:05:07Z</time>
				<extensions>
					<ns3:TrackPointExtension>
						<ns3:hr>159</ns3:hr>
					</ns3:TrackPointExtension>
				</extensions>
			</trkpt>
			<trkpt lat="12.98248748" lon="77.69100494">
				<ele>888.71</ele>
				<time>2026-07-26T14:05:08Z</time>
				<extensions>
					<ns3:TrackPointExtension>
						<ns3:speed>2.08</ns3:speed>
						<ns3:cad>81.0</ns3:cad>
					</ns3:TrackPointExtension>
				</extensions>
			</trkpt>
			<trkpt lat="12.98250614" lon="77.69101027">
				<ele>888.7</ele>
				<time>2026-07-26T14:05:09Z</time>
				<extensions>
					<ns3:TrackPointExtension>
						<ns3:speed>2.09</ns3:speed>
						<ns3:cad>81.0</ns3:cad>
						<ns3:hr>159</ns3:hr>
					</ns3:TrackPointExtension>
				</extensions>
			</trkpt>
			<trkpt lat="12.9825248" lon="77.6910156">
				<ele>888.67</ele>
				<time>2026-07-26T14:05:10Z</time>
				<extensions>
					<ns3:TrackPointExtension>
						<ns3:speed>2.1</ns3:speed>
						<ns3:cad>80.0</ns3:cad>
						<ns3:hr>158</ns3:hr>
					</ns3:TrackPointExtension>
				</extensions>
			</trkpt>
			<trkpt lat="12.98254413" lon="77.69102159">
				<ele>888.64</ele>
				<time>2026-07-26T14:05:11Z</time>
				<extensions>
					<ns3:TrackPointExtension>
						<ns3:speed>2.1</ns3:speed>
						<ns3:cad>80.0</ns3:cad>
						<ns3:hr>158</ns3:hr>
					</ns3:TrackPointExtension>
				</extensions>
			</trkpt>
			<trkpt lat="12.98256213" lon="77.69102792">
				<ele>888.61</ele>
				<time>2026-07-26T14:05:12Z</time>
				<extensions>
					<ns3:TrackPointExtension>
						<ns3:speed>2.1</ns3:speed>
						<ns3:cad>80.0</ns3:cad>
						<ns3:hr>158</ns3:hr>
					</ns3:TrackPointExtension>
				</extensions>
			</trkpt>
			<trkpt lat="12.98258112" lon="77.69103225">
				<ele>888.58</ele>
				<time>2026-07-26T14:05:13Z</time>
				<extensions>
					<ns3:TrackPointExtension>
						<ns3:speed>2.11</ns3:speed>
						<ns3:cad>80.0</ns3:cad>
						<ns3:hr>158</ns3:hr>
					</ns3:TrackPointExtension>
				</extensions>
			</trkpt>
			<trkpt lat="12.98259845" lon="77.69103591">
				<ele>888.57</ele>
				<time>2026-07-26T14:05:14Z</time>
				<extensions>
					<ns3:TrackPointExtension>
						<ns3:speed>2.11</ns3:speed>
						<ns3:cad>80.0</ns3:cad>
						<ns3:hr>157</ns3:hr>
					</ns3:TrackPointExtension>
				</extensions>
			</trkpt>
			<trkpt lat="12.98261611" lon="77.69104057">
				<ele>888.55</ele>
				<time>2026-07-26T14:05:15Z</time>
				<extensions>
					<ns3:TrackPointExtension>
						<ns3:speed>2.12</ns3:speed>
						<ns3:cad>80.0</ns3:cad>
						<ns3:hr>157</ns3:hr>
					</ns3:TrackPointExtension>
				</extensions>
			</trkpt>
			<trkpt lat="12.98263411" lon="77.69104523">
				<ele>888.52</ele>
				<time>2026-07-26T14:05:16Z</time>
				<extensions>
					<ns3:TrackPointExtension>
						<ns3:speed>2.12</ns3:speed>
						<ns3:cad>80.0</ns3:cad>
						<ns3:hr>157</ns3:hr>
					</ns3:TrackPointExtension>
				</extensions>
			</trkpt>
			<trkpt lat="12.98265244" lon="77.69105056">
				<ele>888.5</ele>
				<time>2026-07-26T14:05:17Z</time>
				<extensions>
					<ns3:TrackPointExtension>
						<ns3:speed>2.12</ns3:speed>
						<ns3:cad>80.0</ns3:cad>
						<ns3:hr>156</ns3:hr>
					</ns3:TrackPointExtension>
				</extensions>
			</trkpt>
			<trkpt lat="12.98266977" lon="77.69105722">
				<ele>888.49</ele>
				<time>2026-07-26T14:05:18Z</time>
				<extensions>
					<ns3:TrackPointExtension>
						<ns3:speed>2.13</ns3:speed>
						<ns3:cad>80.0</ns3:cad>
						<ns3:hr>156</ns3:hr>
					</ns3:TrackPointExtension>
				</extensions>
			</trkpt>
			<trkpt lat="12.9826871" lon="77.69106388">
				<ele>888.47</ele>
				<time>2026-07-26T14:05:19Z</time>
				<extensions>
					<ns3:TrackPointExtension>
						<ns3:speed>2.13</ns3:speed>
						<ns3:cad>81.0</ns3:cad>
						<ns3:hr>157</ns3:hr>
					</ns3:TrackPointExtension>
				</extensions>
			</trkpt>
			<trkpt lat="12.98270476" lon="77.69106921">
				<ele>888.45</ele>
				<time>2026-07-26T14:05:20Z</time>
				<extensions>
					<ns3:TrackPointExtension>
						<ns3:speed>2.13</ns3:speed>
						<ns3:cad>81.0</ns3:cad>
						<ns3:hr>157</ns3:hr>
					</ns3:TrackPointExtension>
				</extensions>
			</trkpt>
			<trkpt lat="12.98272242" lon="77.69107354">
				<ele>888.44</ele>
				<time>2026-07-26T14:05:21Z</time>
				<extensions>
					<ns3:TrackPointExtension>
						<ns3:speed>2.14</ns3:speed>
						<ns3:cad>81.0</ns3:cad>
						<ns3:hr>157</ns3:hr>
					</ns3:TrackPointExtension>
				</extensions>
			</trkpt>
			<trkpt lat="12.98274208" lon="77.69107887">
				<ele>888.44</ele>
				<time>2026-07-26T14:05:22Z</time>
				<extensions>
					<ns3:TrackPointExtension>
						<ns3:speed>2.14</ns3:speed>
						<ns3:cad>83.0</ns3:cad>
						<ns3:hr>158</ns3:hr>
					</ns3:TrackPointExtension>
				</extensions>
			</trkpt>
			<trkpt lat="12.98276174" lon="77.6910842">
				<ele>888.43</ele>
				<time>2026-07-26T14:05:23Z</time>
				<extensions>
					<ns3:TrackPointExtension>
						<ns3:speed>2.15</ns3:speed>
						<ns3:cad>83.0</ns3:cad>
						<ns3:hr>158</ns3:hr>
					</ns3:TrackPointExtension>
				</extensions>
			</trkpt>
			<trkpt lat="12.98278073" lon="77.69108986">
				<ele>888.44</ele>
				<time>2026-07-26T14:05:24Z</time>
				<extensions>
					<ns3:TrackPointExtension>
						<ns3:speed>2.15</ns3:speed>
						<ns3:cad>83.0</ns3:cad>
						<ns3:hr>158</ns3:hr>
					</ns3:TrackPointExtension>
				</extensions>
			</trkpt>
			<trkpt lat="12.98279972" lon="77.69109619">
				<ele>888.44</ele>
				<time>2026-07-26T14:05:25Z</time>
				<extensions>
					<ns3:TrackPointExtension>
						<ns3:speed>2.15</ns3:speed>
						<ns3:cad>83.0</ns3:cad>
						<ns3:hr>159</ns3:hr>
					</ns3:TrackPointExtension>
				</extensions>
			</trkpt>
			<trkpt lat="12.98281905" lon="77.69110252">
				<ele>888.45</ele>
				<time>2026-07-26T14:05:26Z</time>
				<extensions>
					<ns3:TrackPointExtension>
						<ns3:speed>2.15</ns3:speed>
						<ns3:cad>84.0</ns3:cad>
						<ns3:hr>159</ns3:hr>
					</ns3:TrackPointExtension>
				</extensions>
			</trkpt>
			<trkpt lat="12.98283771" lon="77.69110885">
				<ele>888.46</ele>
				<time>2026-07-26T14:05:27Z</time>
				<extensions>
					<ns3:TrackPointExtension>
						<ns3:speed>2.15</ns3:speed>
						<ns3:cad>83.0</ns3:cad>
						<ns3:hr>159</ns3:hr>
					</ns3:TrackPointExtension>
				</extensions>
			</trkpt>
			<trkpt lat="12.98285704" lon="77.69111484">
				<ele>888.46</ele>
				<time>2026-07-26T14:05:28Z</time>
				<extensions>
					<ns3:TrackPointExtension>
						<ns3:speed>2.15</ns3:speed>
						<ns3:cad>83.0</ns3:cad>
						<ns3:hr>159</ns3:hr>
					</ns3:TrackPointExtension>
				</extensions>
			</trkpt>
			<trkpt lat="12.98287603" lon="77.6911205">
				<ele>888.47</ele>
				<time>2026-07-26T14:05:29Z</time>
				<extensions>
					<ns3:TrackPointExtension>
						<ns3:speed>2.14</ns3:speed>
						<ns3:cad>83.0</ns3:cad>
						<ns3:hr>159</ns3:hr>
					</ns3:TrackPointExtension>
				</extensions>
			</trkpt>
			<trkpt lat="12.98289536" lon="77.69112583">
				<ele>888.48</ele>
				<time>2026-07-26T14:05:30Z</time>
				<extensions>
					<ns3:TrackPointExtension>
						<ns3:speed>2.14</ns3:speed>
						<ns3:cad>81.0</ns3:cad>
						<ns3:hr>160</ns3:hr>
					</ns3:TrackPointExtension>
				</extensions>
			</trkpt>
			<trkpt lat="12.98291502" lon="77.69113083">
				<ele>888.5</ele>
				<time>2026-07-26T14:05:31Z</time>
				<extensions>
					<ns3:TrackPointExtension>
						<ns3:speed>2.14</ns3:speed>
						<ns3:cad>81.0</ns3:cad>
						<ns3:hr>161</ns3:hr>
					</ns3:TrackPointExtension>
				</extensions>
			</trkpt>
			<trkpt lat="12.98293435" lon="77.69113583">
				<ele>888.51</ele>
				<time>2026-07-26T14:05:32Z</time>
				<extensions>
					<ns3:TrackPointExtension>
						<ns3:speed>2.14</ns3:speed>
						<ns3:cad>81.0</ns3:cad>
						<ns3:hr>161</ns3:hr>
					</ns3:TrackPointExtension>
				</extensions>
			</trkpt>
			<trkpt lat="12.98295301" lon="77.69114049">
				<ele>888.51</ele>
				<time>2026-07-26T14:05:33Z</time>
				<extensions>
					<ns3:TrackPointExtension>
						<ns3:speed>2.15</ns3:speed>
						<ns3:cad>81.0</ns3:cad>
						<ns3:hr>161</ns3:hr>
					</ns3:TrackPointExtension>
				</extensions>
			</trkpt>
			<trkpt lat="12.98297234" lon="77.69114515">
				<ele>888.52</ele>
				<time>2026-07-26T14:05:34Z</time>
				<extensions>
					<ns3:TrackPointExtension>
						<ns3:speed>2.14</ns3:speed>
						<ns3:cad>81.0</ns3:cad>
						<ns3:hr>162</ns3:hr>
					</ns3:TrackPointExtension>
				</extensions>
			</trkpt>
			<trkpt lat="12.98299167" lon="77.69114981">
				<ele>888.52</ele>
				<time>2026-07-26T14:05:35Z</time>
				<extensions>
					<ns3:TrackPointExtension>
						<ns3:speed>2.14</ns3:speed>
						<ns3:cad>81.0</ns3:cad>
						<ns3:hr>162</ns3:hr>
					</ns3:TrackPointExtension>
				</extensions>
			</trkpt>
			<trkpt lat="12.983011" lon="77.69115447">
				<ele>888.53</ele>
				<time>2026-07-26T14:05:36Z</time>
				<extensions>
					<ns3:TrackPointExtension>
						<ns3:speed>2.14</ns3:speed>
						<ns3:cad>81.0</ns3:cad>
						<ns3:hr>162</ns3:hr>
					</ns3:TrackPointExtension>
				</extensions>
			</trkpt>
			<trkpt lat="12.98303099" lon="77.69115947">
				<ele>888.53</ele>
				<time>2026-07-26T14:05:37Z</time>
				<extensions>
					<ns3:TrackPointExtension>
						<ns3:speed>2.14</ns3:speed>
						<ns3:cad>83.0</ns3:cad>
						<ns3:hr>162</ns3:hr>
					</ns3:TrackPointExtension>
				</extensions>
			</trkpt>
			<trkpt lat="12.98305099" lon="77.6911628">
				<ele>888.52</ele>
				<time>2026-07-26T14:05:38Z</time>
				<extensions>
					<ns3:TrackPointExtension>
						<ns3:speed>2.14</ns3:speed>
						<ns3:cad>81.0</ns3:cad>
						<ns3:hr>163</ns3:hr>
					</ns3:TrackPointExtension>
				</extensions>
			</trkpt>
			<trkpt lat="12.98307098" lon="77.6911678">
				<ele>888.52</ele>
				<time>2026-07-26T14:05:39Z</time>
				<extensions>
					<ns3:TrackPointExtension>
						<ns3:speed>2.14</ns3:speed>
						<ns3:cad>81.0</ns3:cad>
						<ns3:hr>163</ns3:hr>
					</ns3:TrackPointExtension>
				</extensions>
			</trkpt>
			<trkpt lat="12.98309231" lon="77.6911728">
				<ele>888.51</ele>
				<time>2026-07-26T14:05:40Z</time>
				<extensions>
					<ns3:TrackPointExtension>
						<ns3:speed>2.14</ns3:speed>
						<ns3:cad>81.0</ns3:cad>
						<ns3:hr>163</ns3:hr>
					</ns3:TrackPointExtension>
				</extensions>
			</trkpt>
			<trkpt lat="12.98311264" lon="77.69117846">
				<ele>888.51</ele>
				<time>2026-07-26T14:05:41Z</time>
				<extensions>
					<ns3:TrackPointExtension>
						<ns3:speed>2.14</ns3:speed>
						<ns3:cad>80.0</ns3:cad>
						<ns3:hr>163</ns3:hr>
					</ns3:TrackPointExtension>
				</extensions>
			</trkpt>
			<trkpt lat="12.98313264" lon="77.69118379">
				<ele>888.5</ele>
				<time>2026-07-26T14:05:42Z</time>
				<extensions>
					<ns3:TrackPointExtension>
						<ns3:speed>2.14</ns3:speed>
						<ns3:cad>80.0</ns3:cad>
						<ns3:hr>162</ns3:hr>
					</ns3:TrackPointExtension>
				</extensions>
			</trkpt>
			<trkpt lat="12.9831533" lon="77.69118978">
				<ele>888.5</ele>
				<time>2026-07-26T14:05:43Z</time>
				<extensions>
					<ns3:TrackPointExtension>
						<ns3:speed>2.15</ns3:speed>
						<ns3:cad>79.0</ns3:cad>
						<ns3:hr>162</ns3:hr>
					</ns3:TrackPointExtension>
				</extensions>
			</trkpt>
			<trkpt lat="12.98317363" lon="77.69119544">
				<ele>888.49</ele>
				<time>2026-07-26T14:05:44Z</time>
				<extensions>
					<ns3:TrackPointExtension>
						<ns3:speed>2.15</ns3:speed>
						<ns3:cad>79.0</ns3:cad>
						<ns3:hr>162</ns3:hr>
					</ns3:TrackPointExtension>
				</extensions>
			</trkpt>
			<trkpt lat="12.98319396" lon="77.6912011">
				<ele>888.48</ele>
				<time>2026-07-26T14:05:45Z</time>
				<extensions>
					<ns3:TrackPointExtension>
						<ns3:speed>2.15</ns3:speed>
						<ns3:cad>79.0</ns3:cad>
						<ns3:hr>162</ns3:hr>
					</ns3:TrackPointExtension>
				</extensions>
			</trkpt>
			<trkpt lat="12.98321496" lon="77.69120743">
				<ele>888.47</ele>
				<time>2026-07-26T14:05:46Z</time>
				<extensions>
					<ns3:TrackPointExtension>
						<ns3:speed>2.15</ns3:speed>
						<ns3:cad>79.0</ns3:cad>
						<ns3:hr>162</ns3:hr>
					</ns3:TrackPointExtension>
				</extensions>
			</trkpt>
			<trkpt lat="12.98323596" lon="77.69121243">
				<ele>888.47</ele>
				<time>2026-07-26T14:05:47Z</time>
				<extensions>
					<ns3:TrackPointExtension>
						<ns3:speed>2.15</ns3:speed>
						<ns3:cad>78.0</ns3:cad>
						<ns3:hr>161</ns3:hr>
					</ns3:TrackPointExtension>
				</extensions>
			</trkpt>
			<trkpt lat="12.98325729" lon="77.69121776">
				<ele>888.46</ele>
				<time>2026-07-26T14:05:48Z</time>
				<extensions>
					<ns3:TrackPointExtension>
						<ns3:speed>2.16</ns3:speed>
						<ns3:cad>79.0</ns3:cad>
						<ns3:hr>161</ns3:hr>
					</ns3:TrackPointExtension>
				</extensions>
			</trkpt>
			<trkpt lat="12.98327829" lon="77.69122276">
				<ele>888.46</ele>
				<time>2026-07-26T14:05:49Z</time>
				<extensions>
					<ns3:TrackPointExtension>
						<ns3:speed>2.17</ns3:speed>
						<ns3:cad>79.0</ns3:cad>
						<ns3:hr>161</ns3:hr>
					</ns3:TrackPointExtension>
				</extensions>
			</trkpt>
			<trkpt lat="12.98329862" lon="77.69122842">
				<ele>888.46</ele>
				<time>2026-07-26T14:05:50Z</time>
				<extensions>
					<ns3:TrackPointExtension>
						<ns3:speed>2.18</ns3:speed>
						<ns3:cad>80.0</ns3:cad>
						<ns3:hr>161</ns3:hr>
					</ns3:TrackPointExtension>
				</extensions>
			</trkpt>
			<trkpt lat="12.98331895" lon="77.69123441">
				<ele>888.46</ele>
				<time>2026-07-26T14:05:51Z</time>
				<extensions>
					<ns3:TrackPointExtension>
						<ns3:speed>2.18</ns3:speed>
						<ns3:cad>80.0</ns3:cad>
						<ns3:hr>161</ns3:hr>
					</ns3:TrackPointExtension>
				</extensions>
			</trkpt>
			<trkpt lat="12.98333928" lon="77.69124007">
				<ele>888.46</ele>
				<time>2026-07-26T14:05:52Z</time>
				<extensions>
					<ns3:TrackPointExtension>
						<ns3:speed>2.19</ns3:speed>
						<ns3:cad>80.0</ns3:cad>
						<ns3:hr>161</ns3:hr>
					</ns3:TrackPointExtension>
				</extensions>
			</trkpt>
			<trkpt lat="12.98335928" lon="77.6912454">
				<ele>888.47</ele>
				<time>2026-07-26T14:05:53Z</time>
				<extensions>
					<ns3:TrackPointExtension>
						<ns3:speed>2.19</ns3:speed>
						<ns3:cad>80.0</ns3:cad>
						<ns3:hr>161</ns3:hr>
					</ns3:TrackPointExtension>
				</extensions>
			</trkpt>
			<trkpt lat="12.98337794" lon="77.69125339">
				<ele>888.47</ele>
				<time>2026-07-26T14:05:54Z</time>
				<extensions>
					<ns3:TrackPointExtension>
						<ns3:speed>2.2</ns3:speed>
						<ns3:cad>80.0</ns3:cad>
						<ns3:hr>161</ns3:hr>
					</ns3:TrackPointExtension>
				</extensions>
			</trkpt>
			<trkpt lat="12.98339727" lon="77.69126072">
				<ele>888.49</ele>
				<time>2026-07-26T14:05:55Z</time>
				<extensions>
					<ns3:TrackPointExtension>
						<ns3:speed>2.2</ns3:speed>
						<ns3:cad>80.0</ns3:cad>
						<ns3:hr>161</ns3:hr>
					</ns3:TrackPointExtension>
				</extensions>
			</trkpt>
			<trkpt lat="12.98341593" lon="77.69126972">
				<ele>888.51</ele>
				<time>2026-07-26T14:05:56Z</time>
				<extensions>
					<ns3:TrackPointExtension>
						<ns3:speed>2.2</ns3:speed>
						<ns3:cad>80.0</ns3:cad>
						<ns3:hr>161</ns3:hr>
					</ns3:TrackPointExtension>
				</extensions>
			</trkpt>
			<trkpt lat="12.98343459" lon="77.69127938">
				<ele>888.53</ele>
				<time>2026-07-26T14:05:57Z</time>
				<extensions>
					<ns3:TrackPointExtension>
						<ns3:speed>2.21</ns3:speed>
						<ns3:cad>81.0</ns3:cad>
						<ns3:hr>161</ns3:hr>
					</ns3:TrackPointExtension>
				</extensions>
			</trkpt>
			<trkpt lat="12.98345392" lon="77.69128704">
				<ele>888.55</ele>
				<time>2026-07-26T14:05:58Z</time>
				<extensions>
					<ns3:TrackPointExtension>
						<ns3:speed>2.21</ns3:speed>
						<ns3:cad>81.0</ns3:cad>
						<ns3:hr>160</ns3:hr>
					</ns3:TrackPointExtension>
				</extensions>
			</trkpt>
			<trkpt lat="12.98347358" lon="77.6912937">
				<ele>888.75</ele>
				<time>2026-07-26T14:05:59Z</time>
				<extensions>
					<ns3:TrackPointExtension>
						<ns3:speed>2.22</ns3:speed>
						<ns3:cad>83.0</ns3:cad>
						<ns3:hr>161</ns3:hr>
					</ns3:TrackPointExtension>
				</extensions>
			</trkpt>
			<trkpt lat="12.98349324" lon="77.69130003">
				<ele>888.79</ele>
				<time>2026-07-26T14:06:00Z</time>
				<extensions>
					<ns3:TrackPointExtension>
						<ns3:speed>2.22</ns3:speed>
						<ns3:cad>83.0</ns3:cad>
						<ns3:hr>162</ns3:hr>
					</ns3:TrackPointExtension>
				</extensions>
			</trkpt>
			<trkpt lat="12.9835129" lon="77.69130602">
				<ele>888.84</ele>
				<time>2026-07-26T14:06:01Z</time>
				<extensions>
					<ns3:TrackPointExtension>
						<ns3:speed>2.22</ns3:speed>
						<ns3:cad>84.0</ns3:cad>
						<ns3:hr>162</ns3:hr>
					</ns3:TrackPointExtension>
				</extensions>
			</trkpt>
			<trkpt lat="12.9835329" lon="77.69131302">
				<ele>888.9</ele>
				<time>2026-07-26T14:06:02Z</time>
				<extensions>
					<ns3:TrackPointExtension>
						<ns3:speed>2.22</ns3:speed>
						<ns3:cad>84.0</ns3:cad>
						<ns3:hr>162</ns3:hr>
					</ns3:TrackPointExtension>
				</extensions>
			</trkpt>
			<trkpt lat="12.98355289" lon="77.69131901">
				<ele>888.95</ele>
				<time>2026-07-26T14:06:03Z</time>
				<extensions>
					<ns3:TrackPointExtension>
						<ns3:speed>2.21</ns3:speed>
						<ns3:cad>83.0</ns3:cad>
						<ns3:hr>162</ns3:hr>
					</ns3:TrackPointExtension>
				</extensions>
			</trkpt>
			<trkpt lat="12.98357155" lon="77.69132634">
				<ele>888.99</ele>
				<time>2026-07-26T14:06:04Z</time>
				<extensions>
					<ns3:TrackPointExtension>
						<ns3:speed>2.21</ns3:speed>
						<ns3:cad>81.0</ns3:cad>
						<ns3:hr>163</ns3:hr>
					</ns3:TrackPointExtension>
				</extensions>
			</trkpt>
			<trkpt lat="12.98358854" lon="77.691333">
				<ele>889.04</ele>
				<time>2026-07-26T14:06:05Z</time>
				<extensions>
					<ns3:TrackPointExtension>
						<ns3:speed>2.19</ns3:speed>
						<ns3:cad>81.0</ns3:cad>
						<ns3:hr>163</ns3:hr>
					</ns3:TrackPointExtension>
				</extensions>
			</trkpt>
			<trkpt lat="12.98360353" lon="77.691344">
				<ele>889.08</ele>
				<time>2026-07-26T14:06:06Z</time>
				<extensions>
					<ns3:TrackPointExtension>
						<ns3:speed>2.18</ns3:speed>
						<ns3:cad>80.0</ns3:cad>
						<ns3:hr>163</ns3:hr>
					</ns3:TrackPointExtension>
				</extensions>
			</trkpt>
			<trkpt lat="12.98361319" lon="77.69135699">
				<ele>889.12</ele>
				<time>2026-07-26T14:06:07Z</time>
				<extensions>
					<ns3:TrackPointExtension>
						<ns3:speed>2.17</ns3:speed>
						<ns3:cad>80.0</ns3:cad>
						<ns3:hr>163</ns3:hr>
					</ns3:TrackPointExtension>
				</extensions>
			</trkpt>
			<trkpt lat="12.98361818" lon="77.69137299">
				<ele>889.18</ele>
				<time>2026-07-26T14:06:08Z</time>
				<extensions>
					<ns3:TrackPointExtension>
						<ns3:speed>2.17</ns3:speed>
						<ns3:cad>79.0</ns3:cad>
						<ns3:hr>162</ns3:hr>
					</ns3:TrackPointExtension>
				</extensions>
			</trkpt>
			<trkpt lat="12.98362018" lon="77.69138998">
				<ele>889.23</ele>
				<time>2026-07-26T14:06:09Z</time>
				<extensions>
					<ns3:TrackPointExtension>
						<ns3:speed>2.16</ns3:speed>
						<ns3:cad>79.0</ns3:cad>
						<ns3:hr>162</ns3:hr>
					</ns3:TrackPointExtension>
				</extensions>
			</trkpt>
			<trkpt lat="12.98361985" lon="77.69140731">
				<ele>889.28</ele>
				<time>2026-07-26T14:06:10Z</time>
				<extensions>
					<ns3:TrackPointExtension>
						<ns3:speed>2.16</ns3:speed>
						<ns3:cad>79.0</ns3:cad>
						<ns3:hr>162</ns3:hr>
					</ns3:TrackPointExtension>
				</extensions>
			</trkpt>
			<trkpt lat="12.98361686" lon="77.69142497">
				<ele>889.33</ele>
				<time>2026-07-26T14:06:11Z</time>
				<extensions>
					<ns3:TrackPointExtension>
						<ns3:speed>2.16</ns3:speed>
						<ns3:cad>79.0</ns3:cad>
						<ns3:hr>162</ns3:hr>
					</ns3:TrackPointExtension>
				</extensions>
			</trkpt>
			<trkpt lat="12.98361253" lon="77.69144296">
				<ele>889.4</ele>
				<time>2026-07-26T14:06:12Z</time>
				<extensions>
					<ns3:TrackPointExtension>
						<ns3:speed>2.16</ns3:speed>
						<ns3:cad>80.0</ns3:cad>
						<ns3:hr>161</ns3:hr>
					</ns3:TrackPointExtension>
				</extensions>
			</trkpt>
			<trkpt lat="12.98360653" lon="77.69146129">
				<ele>889.48</ele>
				<time>2026-07-26T14:06:13Z</time>
				<extensions>
					<ns3:TrackPointExtension>
						<ns3:speed>2.16</ns3:speed>
						<ns3:cad>80.0</ns3:cad>
						<ns3:hr>162</ns3:hr>
					</ns3:TrackPointExtension>
				</extensions>
			</trkpt>
			<trkpt lat="12.98360054" lon="77.69148028">
				<ele>889.55</ele>
				<time>2026-07-26T14:06:14Z</time>
				<extensions>
					<ns3:TrackPointExtension>
						<ns3:speed>2.17</ns3:speed>
						<ns3:cad>80.0</ns3:cad>
						<ns3:hr>162</ns3:hr>
					</ns3:TrackPointExtension>
				</extensions>
			</trkpt>
			<trkpt lat="12.98359188" lon="77.69149894">
				<ele>889.62</ele>
				<time>2026-07-26T14:06:15Z</time>
				<extensions>
					<ns3:TrackPointExtension>
						<ns3:speed>2.18</ns3:speed>
						<ns3:cad>80.0</ns3:cad>
						<ns3:hr>162</ns3:hr>
					</ns3:TrackPointExtension>
				</extensions>
			</trkpt>
			<trkpt lat="12.98358288" lon="77.69151727">
				<ele>889.68</ele>
				<time>2026-07-26T14:06:16Z</time>
				<extensions>
					<ns3:TrackPointExtension>
						<ns3:speed>2.18</ns3:speed>
						<ns3:cad>80.0</ns3:cad>
						<ns3:hr>163</ns3:hr>
					</ns3:TrackPointExtension>
				</extensions>
			</trkpt>
			<trkpt lat="12.98357522" lon="77.69153626">
				<ele>889.72</ele>
				<time>2026-07-26T14:06:17Z</time>
				<extensions>
					<ns3:TrackPointExtension>
						<ns3:speed>2.19</ns3:speed>
						<ns3:cad>81.0</ns3:cad>
						<ns3:hr>163</ns3:hr>
					</ns3:TrackPointExtension>
				</extensions>
			</trkpt>
			<trkpt lat="12.98356756" lon="77.69155592">
				<ele>889.77</ele>
				<time>2026-07-26T14:06:18Z</time>
				<extensions>
					<ns3:TrackPointExtension>
						<ns3:speed>2.2</ns3:speed>
						<ns3:cad>84.0</ns3:cad>
						<ns3:hr>162</ns3:hr>
					</ns3:TrackPointExtension>
				</extensions>
			</trkpt>
			<trkpt lat="12.98356023" lon="77.69157491">
				<ele>889.79</ele>
				<time>2026-07-26T14:06:19Z</time>
				<extensions>
					<ns3:TrackPointExtension>
						<ns3:speed>2.21</ns3:speed>
						<ns3:cad>85.0</ns3:cad>
						<ns3:hr>161</ns3:hr>
					</ns3:TrackPointExtension>
				</extensions>
			</trkpt>
			<trkpt lat="12.98355123" lon="77.69159357">
				<ele>889.81</ele>
				<time>2026-07-26T14:06:20Z</time>
				<extensions>
					<ns3:TrackPointExtension>
						<ns3:speed>2.22</ns3:speed>
						<ns3:cad>86.0</ns3:cad>
						<ns3:hr>161</ns3:hr>
					</ns3:TrackPointExtension>
				</extensions>
			</trkpt>
			<trkpt lat="12.98354457" lon="77.69161323">
				<ele>889.81</ele>
				<time>2026-07-26T14:06:21Z</time>
				<extensions>
					<ns3:TrackPointExtension>
						<ns3:speed>2.23</ns3:speed>
						<ns3:cad>85.0</ns3:cad>
						<ns3:hr>162</ns3:hr>
					</ns3:TrackPointExtension>
				</extensions>
			</trkpt>
			<trkpt lat="12.98353658" lon="77.69163256">
				<ele>889.8</ele>
				<time>2026-07-26T14:06:22Z</time>
				<extensions>
					<ns3:TrackPointExtension>
						<ns3:speed>2.23</ns3:speed>
						<ns3:cad>85.0</ns3:cad>
						<ns3:hr>161</ns3:hr>
					</ns3:TrackPointExtension>
				</extensions>
			</trkpt>
			<trkpt lat="12.98352892" lon="77.69165222">
				<ele>889.75</ele>
				<time>2026-07-26T14:06:23Z</time>
				<extensions>
					<ns3:TrackPointExtension>
						<ns3:speed>2.24</ns3:speed>
						<ns3:cad>84.0</ns3:cad>
						<ns3:hr>161</ns3:hr>
					</ns3:TrackPointExtension>
				</extensions>
			</trkpt>
			<trkpt lat="12.98352359" lon="77.69167322">
				<ele>889.71</ele>
				<time>2026-07-26T14:06:24Z</time>
				<extensions>
					<ns3:TrackPointExtension>
						<ns3:speed>2.25</ns3:speed>
						<ns3:cad>84.0</ns3:cad>
						<ns3:hr>161</ns3:hr>
					</ns3:TrackPointExtension>
				</extensions>
			</trkpt>
			<trkpt lat="12.9835186" lon="77.69169388">
				<ele>889.66</ele>
				<time>2026-07-26T14:06:25Z</time>
				<extensions>
					<ns3:TrackPointExtension>
						<ns3:speed>2.25</ns3:speed>
						<ns3:cad>84.0</ns3:cad>
						<ns3:hr>162</ns3:hr>
					</ns3:TrackPointExtension>
				</extensions>
			</trkpt>
			<trkpt lat="12.98351361" lon="77.69171488">
				<ele>889.61</ele>
				<time>2026-07-26T14:06:26Z</time>
				<extensions>
					<ns3:TrackPointExtension>
						<ns3:speed>2.25</ns3:speed>
						<ns3:cad>84.0</ns3:cad>
						<ns3:hr>162</ns3:hr>
					</ns3:TrackPointExtension>
				</extensions>
			</trkpt>
			<trkpt lat="12.98351028" lon="77.69173754">
				<ele>889.57</ele>
				<time>2026-07-26T14:06:27Z</time>
				<extensions>
					<ns3:TrackPointExtension>
						<ns3:speed>2.25</ns3:speed>
						<ns3:cad>84.0</ns3:cad>
						<ns3:hr>162</ns3:hr>
					</ns3:TrackPointExtension>
				</extensions>
			</trkpt>
			<trkpt lat="12.98350662" lon="77.6917592">
				<ele>889.53</ele>
				<time>2026-07-26T14:06:28Z</time>
				<extensions>
					<ns3:TrackPointExtension>
						<ns3:speed>2.25</ns3:speed>
						<ns3:cad>83.0</ns3:cad>
						<ns3:hr>162</ns3:hr>
					</ns3:TrackPointExtension>
				</extensions>
			</trkpt>
			<trkpt lat="12.98350029" lon="77.69177886">
				<ele>889.49</ele>
				<time>2026-07-26T14:06:29Z</time>
				<extensions>
					<ns3:TrackPointExtension>
						<ns3:speed>2.24</ns3:speed>
						<ns3:cad>81.0</ns3:cad>
						<ns3:hr>162</ns3:hr>
					</ns3:TrackPointExtension>
				</extensions>
			</trkpt>
			<trkpt lat="12.98348996" lon="77.69179585">
				<ele>889.47</ele>
				<time>2026-07-26T14:06:30Z</time>
				<extensions>
					<ns3:TrackPointExtension>
						<ns3:speed>2.24</ns3:speed>
						<ns3:cad>78.0</ns3:cad>
						<ns3:hr>162</ns3:hr>
					</ns3:TrackPointExtension>
				</extensions>
			</trkpt>
			<trkpt lat="12.98347696" lon="77.69181018">
				<ele>889.44</ele>
				<time>2026-07-26T14:06:31Z</time>
				<extensions>
					<ns3:TrackPointExtension>
						<ns3:speed>2.23</ns3:speed>
						<ns3:cad>78.0</ns3:cad>
						<ns3:hr>162</ns3:hr>
					</ns3:TrackPointExtension>
				</extensions>
			</trkpt>
			<trkpt lat="12.98346263" lon="77.69182251">
				<ele>889.44</ele>
				<time>2026-07-26T14:06:32Z</time>
				<extensions>
					<ns3:TrackPointExtension>
						<ns3:hr>162</ns3:hr>
					</ns3:TrackPointExtension>
				</extensions>
			</trkpt>
			<trkpt lat="12.9834473" lon="77.69183417">
				<ele>889.42</ele>
				<time>2026-07-26T14:06:33Z</time>
				<extensions>
					<ns3:TrackPointExtension>
						<ns3:speed>2.22</ns3:speed>
						<ns3:cad>78.0</ns3:cad>
					</ns3:TrackPointExtension>
				</extensions>
			</trkpt>
			<trkpt lat="12.98343064" lon="77.6918435">
				<ele>889.4</ele>
				<time>2026-07-26T14:06:34Z</time>
				<extensions>
					<ns3:TrackPointExtension>
						<ns3:speed>2.21</ns3:speed>
						<ns3:cad>78.0</ns3:cad>
						<ns3:hr>162</ns3:hr>
					</ns3:TrackPointExtension>
				</extensions>
			</trkpt>
			<trkpt lat="12.98341298" lon="77.69185016">
				<ele>889.38</ele>
				<time>2026-07-26T14:06:35Z</time>
				<extensions>
					<ns3:TrackPointExtension>
						<ns3:speed>2.2</ns3:speed>
						<ns3:cad>78.0</ns3:cad>
						<ns3:hr>162</ns3:hr>
					</ns3:TrackPointExtension>
				</extensions>
			</trkpt>
			<trkpt lat="12.98339365" lon="77.69185316">
				<ele>889.37</ele>
				<time>2026-07-26T14:06:36Z</time>
				<extensions>
					<ns3:TrackPointExtension>
						<ns3:speed>2.19</ns3:speed>
						<ns3:cad>78.0</ns3:cad>
						<ns3:hr>162</ns3:hr>
					</ns3:TrackPointExtension>
				</extensions>
			</trkpt>
			<trkpt lat="12.98337532" lon="77.69185515">
				<ele>889.35</ele>
				<time>2026-07-26T14:06:37Z</time>
				<extensions>
					<ns3:TrackPointExtension>
						<ns3:speed>2.18</ns3:speed>
						<ns3:cad>79.0</ns3:cad>
						<ns3:hr>162</ns3:hr>
					</ns3:TrackPointExtension>
				</extensions>
			</trkpt>
			<trkpt lat="12.98335633" lon="77.69185681">
				<ele>889.34</ele>
				<time>2026-07-26T14:06:38Z</time>
				<extensions>
					<ns3:TrackPointExtension>
						<ns3:speed>2.18</ns3:speed>
						<ns3:cad>79.0</ns3:cad>
						<ns3:hr>163</ns3:hr>
					</ns3:TrackPointExtension>
				</extensions>
			</trkpt>
			<trkpt lat="12.98333633" lon="77.69185814">
				<ele>889.32</ele>
				<time>2026-07-26T14:06:39Z</time>
				<extensions>
					<ns3:TrackPointExtension>
						<ns3:speed>2.17</ns3:speed>
						<ns3:cad>79.0</ns3:cad>
						<ns3:hr>162</ns3:hr>
					</ns3:TrackPointExtension>
				</extensions>
			</trkpt>
			<trkpt lat="12.98331634" lon="77.69185947">
				<ele>889.31</ele>
				<time>2026-07-26T14:06:40Z</time>
				<extensions>
					<ns3:TrackPointExtension>
						<ns3:speed>2.16</ns3:speed>
						<ns3:cad>78.0</ns3:cad>
						<ns3:hr>162</ns3:hr>
					</ns3:TrackPointExtension>
				</extensions>
			</trkpt>
			<trkpt lat="12.98329634" lon="77.69186046">
				<ele>889.29</ele>
				<time>2026-07-26T14:06:41Z</time>
				<extensions>
					<ns3:TrackPointExtension>
						<ns3:speed>2.16</ns3:speed>
						<ns3:cad>78.0</ns3:cad>
						<ns3:hr>162</ns3:hr>
					</ns3:TrackPointExtension>
				</extensions>
			</trkpt>
			<trkpt lat="12.98327701" lon="77.69186079">
				<ele>889.28</ele>
				<time>2026-07-26T14:06:42Z</time>
				<extensions>
					<ns3:TrackPointExtension>
						<ns3:speed>2.16</ns3:speed>
						<ns3:cad>77.0</ns3:cad>
						<ns3:hr>162</ns3:hr>
					</ns3:TrackPointExtension>
				</extensions>
			</trkpt>
			<trkpt lat="12.98325701" lon="77.69186112">
				<ele>889.26</ele>
				<time>2026-07-26T14:06:43Z</time>
				<extensions>
					<ns3:TrackPointExtension>
						<ns3:speed>2.16</ns3:speed>
						<ns3:cad>77.0</ns3:cad>
						<ns3:hr>162</ns3:hr>
					</ns3:TrackPointExtension>
				</extensions>
			</trkpt>
			<trkpt lat="12.98323735" lon="77.69186211">
				<ele>889.24</ele>
				<time>2026-07-26T14:06:44Z</time>
				<extensions>
					<ns3:TrackPointExtension>
						<ns3:speed>2.15</ns3:speed>
						<ns3:cad>78.0</ns3:cad>
						<ns3:hr>161</ns3:hr>
					</ns3:TrackPointExtension>
				</extensions>
			</trkpt>
			<trkpt lat="12.98321902" lon="77.69186511">
				<ele>889.23</ele>
				<time>2026-07-26T14:06:45Z</time>
				<extensions>
					<ns3:TrackPointExtension>
						<ns3:speed>2.15</ns3:speed>
						<ns3:cad>78.0</ns3:cad>
						<ns3:hr>161</ns3:hr>
					</ns3:TrackPointExtension>
				</extensions>
			</trkpt>
			<trkpt lat="12.98320169" lon="77.6918711">
				<ele>889.21</ele>
				<time>2026-07-26T14:06:46Z</time>
				<extensions>
					<ns3:TrackPointExtension>
						<ns3:speed>2.15</ns3:speed>
						<ns3:cad>79.0</ns3:cad>
						<ns3:hr>161</ns3:hr>
					</ns3:TrackPointExtension>
				</extensions>
			</trkpt>
			<trkpt lat="12.98318769" lon="77.6918811">
				<ele>889.2</ele>
				<time>2026-07-26T14:06:47Z</time>
				<extensions>
					<ns3:TrackPointExtension>
						<ns3:speed>2.16</ns3:speed>
						<ns3:cad>79.0</ns3:cad>
						<ns3:hr>161</ns3:hr>
					</ns3:TrackPointExtension>
				</extensions>
			</trkpt>
			<trkpt lat="12.98317636" lon="77.69189443">
				<ele>889.19</ele>
				<time>2026-07-26T14:06:48Z</time>
				<extensions>
					<ns3:TrackPointExtension>
						<ns3:speed>2.16</ns3:speed>
						<ns3:cad>80.0</ns3:cad>
						<ns3:hr>161</ns3:hr>
					</ns3:TrackPointExtension>
				</extensions>
			</trkpt>
			<trkpt lat="12.98316637" lon="77.69191076">
				<ele>889.18</ele>
				<time>2026-07-26T14:06:49Z</time>
				<extensions>
					<ns3:TrackPointExtension>
						<ns3:speed>2.16</ns3:speed>
						<ns3:cad>80.0</ns3:cad>
						<ns3:hr>161</ns3:hr>
					</ns3:TrackPointExtension>
				</extensions>
			</trkpt>
			<trkpt lat="12.98315704" lon="77.69192809">
				<ele>889.17</ele>
				<time>2026-07-26T14:06:50Z</time>
				<extensions>
					<ns3:TrackPointExtension>
						<ns3:speed>2.17</ns3:speed>
						<ns3:cad>80.0</ns3:cad>
						<ns3:hr>161</ns3:hr>
					</ns3:TrackPointExtension>
				</extensions>
			</trkpt>
			<trkpt lat="12.98314838" lon="77.69194675">
				<ele>889.15</ele>
				<time>2026-07-26T14:06:51Z</time>
				<extensions>
					<ns3:TrackPointExtension>
						<ns3:speed>2.17</ns3:speed>
						<ns3:cad>81.0</ns3:cad>
						<ns3:hr>161</ns3:hr>
					</ns3:TrackPointExtension>
				</extensions>
			</trkpt>
			<trkpt lat="12.98314105" lon="77.69196541">
				<ele>889.13</ele>
				<time>2026-07-26T14:06:52Z</time>
				<extensions>
					<ns3:TrackPointExtension>
						<ns3:speed>2.17</ns3:speed>
						<ns3:cad>81.0</ns3:cad>
						<ns3:hr>161</ns3:hr>
					</ns3:TrackPointExtension>
				</extensions>
			</trkpt>
			<trkpt lat="12.98313239" lon="77.69198374">
				<ele>889.11</ele>
				<time>2026-07-26T14:06:53Z</time>
				<extensions>
					<ns3:TrackPointExtension>
						<ns3:speed>2.18</ns3:speed>
						<ns3:cad>81.0</ns3:cad>
						<ns3:hr>161</ns3:hr>
					</ns3:TrackPointExtension>
				</extensions>
			</trkpt>
			<trkpt lat="12.98312273" lon="77.69200173">
				<ele>889.1</ele>
				<time>2026-07-26T14:06:54Z</time>
				<extensions>
					<ns3:TrackPointExtension>
						<ns3:speed>2.18</ns3:speed>
						<ns3:cad>81.0</ns3:cad>
						<ns3:hr>161</ns3:hr>
					</ns3:TrackPointExtension>
				</extensions>
			</trkpt>
			<trkpt lat="12.98311673" lon="77.69201972">
				<ele>889.09</ele>
				<time>2026-07-26T14:06:55Z</time>
				<extensions>
					<ns3:TrackPointExtension>
						<ns3:speed>2.17</ns3:speed>
						<ns3:cad>81.0</ns3:cad>
						<ns3:hr>162</ns3:hr>
					</ns3:TrackPointExtension>
				</extensions>
			</trkpt>
			<trkpt lat="12.98310973" lon="77.69203572">
				<ele>889.08</ele>
				<time>2026-07-26T14:06:56Z</time>
				<extensions>
					<ns3:TrackPointExtension>
						<ns3:speed>2.17</ns3:speed>
						<ns3:cad>80.0</ns3:cad>
						<ns3:hr>162</ns3:hr>
					</ns3:TrackPointExtension>
				</extensions>
			</trkpt>
			<trkpt lat="12.98309907" lon="77.69204771">
				<ele>889.07</ele>
				<time>2026-07-26T14:06:57Z</time>
				<extensions>
					<ns3:TrackPointExtension>
						<ns3:speed>2.16</ns3:speed>
						<ns3:cad>80.0</ns3:cad>
						<ns3:hr>162</ns3:hr>
					</ns3:TrackPointExtension>
				</extensions>
			</trkpt>
			<trkpt lat="12.98308441" lon="77.69205671">
				<ele>889.07</ele>
				<time>2026-07-26T14:06:58Z</time>
				<extensions>
					<ns3:TrackPointExtension>
						<ns3:speed>2.16</ns3:speed>
						<ns3:cad>81.0</ns3:cad>
						<ns3:hr>162</ns3:hr>
					</ns3:TrackPointExtension>
				</extensions>
			</trkpt>
			<trkpt lat="12.98306575" lon="77.69206404">
				<ele>889.06</ele>
				<time>2026-07-26T14:06:59Z</time>
				<extensions>
					<ns3:TrackPointExtension>
						<ns3:speed>2.15</ns3:speed>
						<ns3:cad>81.0</ns3:cad>
						<ns3:hr>162</ns3:hr>
					</ns3:TrackPointExtension>
				</extensions>
			</trkpt>
			<trkpt lat="12.98304642" lon="77.69207103">
				<ele>889.05</ele>
				<time>2026-07-26T14:07:00Z</time>
				<extensions>
					<ns3:TrackPointExtension>
						<ns3:speed>2.15</ns3:speed>
						<ns3:cad>81.0</ns3:cad>
						<ns3:hr>162</ns3:hr>
					</ns3:TrackPointExtension>
				</extensions>
			</trkpt>
			<trkpt lat="12.98302709" lon="77.69207969">
				<ele>889.05</ele>
				<time>2026-07-26T14:07:01Z</time>
				<extensions>
					<ns3:TrackPointExtension>
						<ns3:speed>2.14</ns3:speed>
						<ns3:cad>81.0</ns3:cad>
						<ns3:hr>162</ns3:hr>
					</ns3:TrackPointExtension>
				</extensions>
			</trkpt>
			<trkpt lat="12.98300876" lon="77.69208835">
				<ele>889.04</ele>
				<time>2026-07-26T14:07:02Z</time>
				<extensions>
					<ns3:TrackPointExtension>
						<ns3:speed>2.13</ns3:speed>
						<ns3:cad>81.0</ns3:cad>
						<ns3:hr>163</ns3:hr>
					</ns3:TrackPointExtension>
				</extensions>
			</trkpt>
			<trkpt lat="12.9829911" lon="77.69209701">
				<ele>889.04</ele>
				<time>2026-07-26T14:07:03Z</time>
				<extensions>
					<ns3:TrackPointExtension>
						<ns3:speed>2.13</ns3:speed>
						<ns3:cad>81.0</ns3:cad>
						<ns3:hr>163</ns3:hr>
					</ns3:TrackPointExtension>
				</extensions>
			</trkpt>
			<trkpt lat="12.98297444" lon="77.69210601">
				<ele>889.04</ele>
				<time>2026-07-26T14:07:04Z</time>
				<extensions>
					<ns3:TrackPointExtension>
						<ns3:speed>2.13</ns3:speed>
						<ns3:cad>81.0</ns3:cad>
						<ns3:hr>163</ns3:hr>
					</ns3:TrackPointExtension>
				</extensions>
			</trkpt>
			<trkpt lat="12.98295778" lon="77.69211567">
				<ele>889.04</ele>
				<time>2026-07-26T14:07:05Z</time>
				<extensions>
					<ns3:TrackPointExtension>
						<ns3:speed>2.12</ns3:speed>
						<ns3:cad>81.0</ns3:cad>
						<ns3:hr>164</ns3:hr>
					</ns3:TrackPointExtension>
				</extensions>
			</trkpt>
			<trkpt lat="12.98294112" lon="77.692125">
				<ele>889.03</ele>
				<time>2026-07-26T14:07:06Z</time>
				<extensions>
					<ns3:TrackPointExtension>
						<ns3:speed>2.12</ns3:speed>
						<ns3:cad>81.0</ns3:cad>
						<ns3:hr>163</ns3:hr>
					</ns3:TrackPointExtension>
				</extensions>
			</trkpt>
			<trkpt lat="12.98292446" lon="77.69213433">
				<ele>889.03</ele>
				<time>2026-07-26T14:07:07Z</time>
				<extensions>
					<ns3:TrackPointExtension>
						<ns3:speed>2.12</ns3:speed>
						<ns3:cad>81.0</ns3:cad>
						<ns3:hr>163</ns3:hr>
					</ns3:TrackPointExtension>
				</extensions>
			</trkpt>
			<trkpt lat="12.9829078" lon="77.69214399">
				<ele>889.03</ele>
				<time>2026-07-26T14:07:08Z</time>
				<extensions>
					<ns3:TrackPointExtension>
						<ns3:speed>2.11</ns3:speed>
						<ns3:cad>81.0</ns3:cad>
						<ns3:hr>163</ns3:hr>
					</ns3:TrackPointExtension>
				</extensions>
			</trkpt>
			<trkpt lat="12.98289114" lon="77.69215432">
				<ele>889.02</ele>
				<time>2026-07-26T14:07:09Z</time>
				<extensions>
					<ns3:TrackPointExtension>
						<ns3:speed>2.11</ns3:speed>
						<ns3:cad>81.0</ns3:cad>
						<ns3:hr>163</ns3:hr>
					</ns3:TrackPointExtension>
				</extensions>
			</trkpt>
			<trkpt lat="12.98287515" lon="77.69216498">
				<ele>889.02</ele>
				<time>2026-07-26T14:07:10Z</time>
				<extensions>
					<ns3:TrackPointExtension>
						<ns3:speed>2.11</ns3:speed>
						<ns3:cad>81.0</ns3:cad>
						<ns3:hr>162</ns3:hr>
					</ns3:TrackPointExtension>
				</extensions>
			</trkpt>
			<trkpt lat="12.98285949" lon="77.69217564">
				<ele>889.01</ele>
				<time>2026-07-26T14:07:11Z</time>
				<extensions>
					<ns3:TrackPointExtension>
						<ns3:speed>2.1</ns3:speed>
						<ns3:cad>81.0</ns3:cad>
						<ns3:hr>161</ns3:hr>
					</ns3:TrackPointExtension>
				</extensions>
			</trkpt>
			<trkpt lat="12.98284349" lon="77.6921853">
				<ele>889.01</ele>
				<time>2026-07-26T14:07:12Z</time>
				<extensions>
					<ns3:TrackPointExtension>
						<ns3:speed>2.1</ns3:speed>
						<ns3:cad>83.0</ns3:cad>
						<ns3:hr>162</ns3:hr>
					</ns3:TrackPointExtension>
				</extensions>
			</trkpt>
			<trkpt lat="12.98282716" lon="77.69219429">
				<ele>889.01</ele>
				<time>2026-07-26T14:07:13Z</time>
				<extensions>
					<ns3:TrackPointExtension>
						<ns3:speed>2.1</ns3:speed>
						<ns3:cad>83.0</ns3:cad>
						<ns3:hr>163</ns3:hr>
					</ns3:TrackPointExtension>
				</extensions>
			</trkpt>
			<trkpt lat="12.9828115" lon="77.69220529">
				<ele>889.01</ele>
				<time>2026-07-26T14:07:14Z</time>
				<extensions>
					<ns3:TrackPointExtension>
						<ns3:speed>2.09</ns3:speed>
						<ns3:cad>83.0</ns3:cad>
						<ns3:hr>163</ns3:hr>
					</ns3:TrackPointExtension>
				</extensions>
			</trkpt>
			<trkpt lat="12.98279617" lon="77.69221695">
				<ele>889.01</ele>
				<time>2026-07-26T14:07:15Z</time>
				<extensions>
					<ns3:TrackPointExtension>
						<ns3:speed>2.09</ns3:speed>
						<ns3:cad>81.0</ns3:cad>
						<ns3:hr>163</ns3:hr>
					</ns3:TrackPointExtension>
				</extensions>
			</trkpt>
			<trkpt lat="12.98278151" lon="77.69223061">
				<ele>889.01</ele>
				<time>2026-07-26T14:07:16Z</time>
				<extensions>
					<ns3:TrackPointExtension>
						<ns3:speed>2.1</ns3:speed>
						<ns3:cad>81.0</ns3:cad>
						<ns3:hr>163</ns3:hr>
					</ns3:TrackPointExtension>
				</extensions>
			</trkpt>
			<trkpt lat="12.98276818" lon="77.69224494">
				<ele>889.01</ele>
				<time>2026-07-26T14:07:17Z</time>
				<extensions>
					<ns3:TrackPointExtension>
						<ns3:speed>2.1</ns3:speed>
						<ns3:cad>80.0</ns3:cad>
						<ns3:hr>162</ns3:hr>
					</ns3:TrackPointExtension>
				</extensions>
			</trkpt>
			<trkpt lat="12.98275685" lon="77.6922616">
				<ele>889.01</ele>
				<time>2026-07-26T14:07:18Z</time>
				<extensions>
					<ns3:TrackPointExtension>
						<ns3:speed>2.11</ns3:speed>
						<ns3:cad>80.0</ns3:cad>
						<ns3:hr>162</ns3:hr>
					</ns3:TrackPointExtension>
				</extensions>
			</trkpt>
			<trkpt lat="12.98274652" lon="77.6922806">
				<ele>889.02</ele>
				<time>2026-07-26T14:07:19Z</time>
				<extensions>
					<ns3:TrackPointExtension>
						<ns3:speed>2.12</ns3:speed>
						<ns3:cad>80.0</ns3:cad>
						<ns3:hr>162</ns3:hr>
					</ns3:TrackPointExtension>
				</extensions>
			</trkpt>
			<trkpt lat="12.98273852" lon="77.69230093">
				<ele>889.04</ele>
				<time>2026-07-26T14:07:20Z</time>
				<extensions>
					<ns3:TrackPointExtension>
						<ns3:speed>2.13</ns3:speed>
						<ns3:cad>80.0</ns3:cad>
						<ns3:hr>162</ns3:hr>
					</ns3:TrackPointExtension>
				</extensions>
			</trkpt>
			<trkpt lat="12.98273086" lon="77.69232059">
				<ele>889.05</ele>
				<time>2026-07-26T14:07:21Z</time>
				<extensions>
					<ns3:TrackPointExtension>
						<ns3:speed>2.13</ns3:speed>
						<ns3:cad>80.0</ns3:cad>
						<ns3:hr>162</ns3:hr>
					</ns3:TrackPointExtension>
				</extensions>
			</trkpt>
			<trkpt lat="12.98272187" lon="77.69233925">
				<ele>889.06</ele>
				<time>2026-07-26T14:07:22Z</time>
				<extensions>
					<ns3:TrackPointExtension>
						<ns3:speed>2.13</ns3:speed>
						<ns3:cad>80.0</ns3:cad>
						<ns3:hr>162</ns3:hr>
					</ns3:TrackPointExtension>
				</extensions>
			</trkpt>
			<trkpt lat="12.98271087" lon="77.69235691">
				<ele>889.08</ele>
				<time>2026-07-26T14:07:23Z</time>
				<extensions>
					<ns3:TrackPointExtension>
						<ns3:speed>2.14</ns3:speed>
						<ns3:cad>80.0</ns3:cad>
						<ns3:hr>162</ns3:hr>
					</ns3:TrackPointExtension>
				</extensions>
			</trkpt>
			<trkpt lat="12.98269854" lon="77.69237057">
				<ele>889.09</ele>
				<time>2026-07-26T14:07:24Z</time>
				<extensions>
					<ns3:TrackPointExtension>
						<ns3:speed>2.14</ns3:speed>
						<ns3:cad>80.0</ns3:cad>
						<ns3:hr>162</ns3:hr>
					</ns3:TrackPointExtension>
				</extensions>
			</trkpt>
			<trkpt lat="12.98268488" lon="77.6923789">
				<ele>889.11</ele>
				<time>2026-07-26T14:07:25Z</time>
				<extensions>
					<ns3:TrackPointExtension>
						<ns3:speed>2.13</ns3:speed>
						<ns3:cad>80.0</ns3:cad>
						<ns3:hr>163</ns3:hr>
					</ns3:TrackPointExtension>
				</extensions>
			</trkpt>
			<trkpt lat="12.98267155" lon="77.69238323">
				<ele>889.11</ele>
				<time>2026-07-26T14:07:26Z</time>
				<extensions>
					<ns3:TrackPointExtension>
						<ns3:speed>2.12</ns3:speed>
						<ns3:cad>81.0</ns3:cad>
						<ns3:hr>163</ns3:hr>
					</ns3:TrackPointExtension>
				</extensions>
			</trkpt>
			<trkpt lat="12.98265622" lon="77.69238589">
				<ele>889.12</ele>
				<time>2026-07-26T14:07:27Z</time>
				<extensions>
					<ns3:TrackPointExtension>
						<ns3:speed>2.11</ns3:speed>
						<ns3:cad>81.0</ns3:cad>
						<ns3:hr>163</ns3:hr>
					</ns3:TrackPointExtension>
				</extensions>
			</trkpt>
			<trkpt lat="12.98264022" lon="77.69238589">
				<ele>889.13</ele>
				<time>2026-07-26T14:07:28Z</time>
				<extensions>
					<ns3:TrackPointExtension>
						<ns3:speed>2.1</ns3:speed>
						<ns3:cad>81.0</ns3:cad>
						<ns3:hr>162</ns3:hr>
					</ns3:TrackPointExtension>
				</extensions>
			</trkpt>
			<trkpt lat="12.98262323" lon="77.69238556">
				<ele>889.14</ele>
				<time>2026-07-26T14:07:29Z</time>
				<extensions>
					<ns3:TrackPointExtension>
						<ns3:speed>2.08</ns3:speed>
						<ns3:cad>81.0</ns3:cad>
						<ns3:hr>162</ns3:hr>
					</ns3:TrackPointExtension>
				</extensions>
			</trkpt>
			<trkpt lat="12.9826059" lon="77.69238523">
				<ele>889.15</ele>
				<time>2026-07-26T14:07:30Z</time>
				<extensions>
					<ns3:TrackPointExtension>
						<ns3:speed>2.07</ns3:speed>
						<ns3:cad>83.0</ns3:cad>
						<ns3:hr>162</ns3:hr>
					</ns3:TrackPointExtension>
				</extensions>
			</trkpt>
			<trkpt lat="12.98258857" lon="77.6923849">
				<ele>889.17</ele>
				<time>2026-07-26T14:07:31Z</time>
				<extensions>
					<ns3:TrackPointExtension>
						<ns3:speed>2.06</ns3:speed>
						<ns3:cad>83.0</ns3:cad>
						<ns3:hr>163</ns3:hr>
					</ns3:TrackPointExtension>
				</extensions>
			</trkpt>
			<trkpt lat="12.98257024" lon="77.69238556">
				<ele>889.19</ele>
				<time>2026-07-26T14:07:32Z</time>
				<extensions>
					<ns3:TrackPointExtension>
						<ns3:speed>2.04</ns3:speed>
						<ns3:cad>83.0</ns3:cad>
						<ns3:hr>164</ns3:hr>
					</ns3:TrackPointExtension>
				</extensions>
			</trkpt>
			<trkpt lat="12.98255191" lon="77.69238789">
				<ele>889.21</ele>
				<time>2026-07-26T14:07:33Z</time>
				<extensions>
					<ns3:TrackPointExtension>
						<ns3:speed>2.04</ns3:speed>
						<ns3:cad>83.0</ns3:cad>
						<ns3:hr>164</ns3:hr>
					</ns3:TrackPointExtension>
				</extensions>
			</trkpt>
			<trkpt lat="12.98253325" lon="77.69238988">
				<ele>889.24</ele>
				<time>2026-07-26T14:07:34Z</time>
				<extensions>
					<ns3:TrackPointExtension>
						<ns3:speed>2.02</ns3:speed>
						<ns3:cad>83.0</ns3:cad>
						<ns3:hr>164</ns3:hr>
					</ns3:TrackPointExtension>
				</extensions>
			</trkpt>
			<trkpt lat="12.98251259" lon="77.69239187">
				<ele>889.26</ele>
				<time>2026-07-26T14:07:35Z</time>
				<extensions>
					<ns3:TrackPointExtension>
						<ns3:speed>2.02</ns3:speed>
						<ns3:cad>81.0</ns3:cad>
						<ns3:hr>163</ns3:hr>
					</ns3:TrackPointExtension>
				</extensions>
			</trkpt>
			<trkpt lat="12.98249126" lon="77.6923922">
				<ele>889.29</ele>
				<time>2026-07-26T14:07:36Z</time>
				<extensions>
					<ns3:TrackPointExtension>
						<ns3:speed>2.02</ns3:speed>
						<ns3:cad>81.0</ns3:cad>
						<ns3:hr>163</ns3:hr>
					</ns3:TrackPointExtension>
				</extensions>
			</trkpt>
			<trkpt lat="12.98246727" lon="77.69239154">
				<ele>889.33</ele>
				<time>2026-07-26T14:07:37Z</time>
				<extensions>
					<ns3:TrackPointExtension>
						<ns3:speed>2.02</ns3:speed>
						<ns3:cad>81.0</ns3:cad>
						<ns3:hr>162</ns3:hr>
					</ns3:TrackPointExtension>
				</extensions>
			</trkpt>
			<trkpt lat="12.98244427" lon="77.69239021">
				<ele>889.36</ele>
				<time>2026-07-26T14:07:38Z</time>
				<extensions>
					<ns3:TrackPointExtension>
						<ns3:speed>2.04</ns3:speed>
						<ns3:cad>81.0</ns3:cad>
						<ns3:hr>163</ns3:hr>
					</ns3:TrackPointExtension>
				</extensions>
			</trkpt>
			<trkpt lat="12.98242327" lon="77.69238588">
				<ele>889.39</ele>
				<time>2026-07-26T14:07:39Z</time>
				<extensions>
					<ns3:TrackPointExtension>
						<ns3:speed>2.05</ns3:speed>
						<ns3:cad>81.0</ns3:cad>
						<ns3:hr>163</ns3:hr>
					</ns3:TrackPointExtension>
				</extensions>
			</trkpt>
			<trkpt lat="12.98240294" lon="77.69238022">
				<ele>889.43</ele>
				<time>2026-07-26T14:07:40Z</time>
				<extensions>
					<ns3:TrackPointExtension>
						<ns3:speed>2.06</ns3:speed>
						<ns3:cad>83.0</ns3:cad>
						<ns3:hr>164</ns3:hr>
					</ns3:TrackPointExtension>
				</extensions>
			</trkpt>
			<trkpt lat="12.98238561" lon="77.69237256">
				<ele>889.46</ele>
				<time>2026-07-26T14:07:41Z</time>
				<extensions>
					<ns3:TrackPointExtension>
						<ns3:speed>2.06</ns3:speed>
						<ns3:cad>83.0</ns3:cad>
						<ns3:hr>164</ns3:hr>
					</ns3:TrackPointExtension>
				</extensions>
			</trkpt>
			<trkpt lat="12.98236928" lon="77.6923619">
				<ele>889.49</ele>
				<time>2026-07-26T14:07:42Z</time>
				<extensions>
					<ns3:TrackPointExtension>
						<ns3:speed>2.05</ns3:speed>
						<ns3:cad>83.0</ns3:cad>
						<ns3:hr>164</ns3:hr>
					</ns3:TrackPointExtension>
				</extensions>
			</trkpt>
			<trkpt lat="12.98235429" lon="77.69234991">
				<ele>889.51</ele>
				<time>2026-07-26T14:07:43Z</time>
				<extensions>
					<ns3:TrackPointExtension>
						<ns3:speed>2.04</ns3:speed>
						<ns3:cad>83.0</ns3:cad>
						<ns3:hr>164</ns3:hr>
					</ns3:TrackPointExtension>
				</extensions>
			</trkpt>
			<trkpt lat="12.98233963" lon="77.69233591">
				<ele>889.53</ele>
				<time>2026-07-26T14:07:44Z</time>
				<extensions>
					<ns3:TrackPointExtension>
						<ns3:speed>2.04</ns3:speed>
						<ns3:cad>83.0</ns3:cad>
						<ns3:hr>165</ns3:hr>
					</ns3:TrackPointExtension>
				</extensions>
			</trkpt>
			<trkpt lat="12.9823263" lon="77.69231992">
				<ele>889.55</ele>
				<time>2026-07-26T14:07:45Z</time>
				<extensions>
					<ns3:TrackPointExtension>
						<ns3:speed>2.05</ns3:speed>
						<ns3:cad>83.0</ns3:cad>
						<ns3:hr>165</ns3:hr>
					</ns3:TrackPointExtension>
				</extensions>
			</trkpt>
			<trkpt lat="12.98231364" lon="77.69230392">
				<ele>889.56</ele>
				<time>2026-07-26T14:07:46Z</time>
				<extensions>
					<ns3:TrackPointExtension>
						<ns3:speed>2.06</ns3:speed>
						<ns3:cad>83.0</ns3:cad>
						<ns3:hr>166</ns3:hr>
					</ns3:TrackPointExtension>
				</extensions>
			</trkpt>
			<trkpt lat="12.98230298" lon="77.69228726">
				<ele>889.56</ele>
				<time>2026-07-26T14:07:47Z</time>
				<extensions>
					<ns3:TrackPointExtension>
						<ns3:speed>2.07</ns3:speed>
						<ns3:cad>81.0</ns3:cad>
						<ns3:hr>166</ns3:hr>
					</ns3:TrackPointExtension>
				</extensions>
			</trkpt>
			<trkpt lat="12.98229299" lon="77.6922716">
				<ele>889.57</ele>
				<time>2026-07-26T14:07:48Z</time>
				<extensions>
					<ns3:TrackPointExtension>
						<ns3:speed>2.08</ns3:speed>
						<ns3:cad>81.0</ns3:cad>
						<ns3:hr>166</ns3:hr>
					</ns3:TrackPointExtension>
				</extensions>
			</trkpt>
			<trkpt lat="12.982283" lon="77.69225494">
				<ele>889.57</ele>
				<time>2026-07-26T14:07:49Z</time>
				<extensions>
					<ns3:TrackPointExtension>
						<ns3:speed>2.08</ns3:speed>
						<ns3:cad>81.0</ns3:cad>
						<ns3:hr>166</ns3:hr>
					</ns3:TrackPointExtension>
				</extensions>
			</trkpt>
			<trkpt lat="12.98227234" lon="77.69223761">
				<ele>889.57</ele>
				<time>2026-07-26T14:07:50Z</time>
				<extensions>
					<ns3:TrackPointExtension>
						<ns3:speed>2.08</ns3:speed>
						<ns3:cad>80.0</ns3:cad>
						<ns3:hr>167</ns3:hr>
					</ns3:TrackPointExtension>
				</extensions>
			</trkpt>
			<trkpt lat="12.98226135" lon="77.69222095">
				<ele>889.56</ele>
				<time>2026-07-26T14:07:51Z</time>
				<extensions>
					<ns3:TrackPointExtension>
						<ns3:speed>2.09</ns3:speed>
						<ns3:cad>80.0</ns3:cad>
						<ns3:hr>167</ns3:hr>
					</ns3:TrackPointExtension>
				</extensions>
			</trkpt>
			<trkpt lat="12.98224869" lon="77.69220595">
				<ele>889.54</ele>
				<time>2026-07-26T14:07:52Z</time>
				<extensions>
					<ns3:TrackPointExtension>
						<ns3:speed>2.09</ns3:speed>
						<ns3:cad>80.0</ns3:cad>
						<ns3:hr>167</ns3:hr>
					</ns3:TrackPointExtension>
				</extensions>
			</trkpt>
			<trkpt lat="12.98223603" lon="77.69218996">
				<ele>889.52</ele>
				<time>2026-07-26T14:07:53Z</time>
				<extensions>
					<ns3:TrackPointExtension>
						<ns3:speed>2.09</ns3:speed>
						<ns3:cad>80.0</ns3:cad>
						<ns3:hr>168</ns3:hr>
					</ns3:TrackPointExtension>
				</extensions>
			</trkpt>
			<trkpt lat="12.98222203" lon="77.69217363">
				<ele>889.5</ele>
				<time>2026-07-26T14:07:54Z</time>
				<extensions>
					<ns3:TrackPointExtension>
						<ns3:speed>2.09</ns3:speed>
						<ns3:cad>80.0</ns3:cad>
						<ns3:hr>168</ns3:hr>
					</ns3:TrackPointExtension>
				</extensions>
			</trkpt>
			<trkpt lat="12.9822097" lon="77.69215897">
				<ele>889.47</ele>
				<time>2026-07-26T14:07:55Z</time>
				<extensions>
					<ns3:TrackPointExtension>
						<ns3:speed>2.09</ns3:speed>
						<ns3:cad>80.0</ns3:cad>
						<ns3:hr>168</ns3:hr>
					</ns3:TrackPointExtension>
				</extensions>
			</trkpt>
			<trkpt lat="12.98219837" lon="77.69214531">
				<ele>889.45</ele>
				<time>2026-07-26T14:07:56Z</time>
				<extensions>
					<ns3:TrackPointExtension>
						<ns3:speed>2.07</ns3:speed>
						<ns3:cad>79.0</ns3:cad>
						<ns3:hr>168</ns3:hr>
					</ns3:TrackPointExtension>
				</extensions>
			</trkpt>
			<trkpt lat="12.98218704" lon="77.69213231">
				<ele>889.43</ele>
				<time>2026-07-26T14:07:57Z</time>
				<extensions>
					<ns3:TrackPointExtension>
						<ns3:speed>2.05</ns3:speed>
						<ns3:cad>79.0</ns3:cad>
						<ns3:hr>167</ns3:hr>
					</ns3:TrackPointExtension>
				</extensions>
			</trkpt>
			<trkpt lat="12.98217471" lon="77.69211798">
				<ele>889.44</ele>
				<time>2026-07-26T14:07:58Z</time>
				<extensions>
					<ns3:TrackPointExtension>
						<ns3:speed>2.04</ns3:speed>
						<ns3:cad>80.0</ns3:cad>
						<ns3:hr>167</ns3:hr>
					</ns3:TrackPointExtension>
				</extensions>
			</trkpt>
			<trkpt lat="12.98216071" lon="77.69210398">
				<ele>889.44</ele>
				<time>2026-07-26T14:07:59Z</time>
				<extensions>
					<ns3:TrackPointExtension>
					</ns3:TrackPointExtension>
				</extensions>
			</trkpt>
			<trkpt lat="12.98205471" lon="77.69205465">
				<ele>889.43</ele>
				<time>2026-07-26T14:08:12Z</time>
				<extensions>
					<ns3:TrackPointExtension>
						<ns3:speed>0.0</ns3:speed>
						<ns3:cad>0.0</ns3:cad>
						<ns3:hr>168</ns3:hr>
					</ns3:TrackPointExtension>
				</extensions>
			</trkpt>
			<trkpt lat="12.98205271" lon="77.69205465">
				<ele>889.43</ele>
				<time>2026-07-26T14:08:13Z</time>
				<extensions>
					<ns3:TrackPointExtension>
						<ns3:speed>0.0</ns3:speed>
						<ns3:cad>0.0</ns3:cad>
						<ns3:hr>168</ns3:hr>
					</ns3:TrackPointExtension>
				</extensions>
			</trkpt>
			<trkpt lat="12.98205105" lon="77.69205399">
				<ele>889.42</ele>
				<time>2026-07-26T14:08:14Z</time>
				<extensions>
					<ns3:TrackPointExtension>
						<ns3:speed>0.0</ns3:speed>
						<ns3:cad>0.0</ns3:cad>
						<ns3:hr>166</ns3:hr>
					</ns3:TrackPointExtension>
				</extensions>
			</trkpt>
			<trkpt lat="12.98204705" lon="77.69204633">
				<ele>889.41</ele>
				<time>2026-07-26T14:08:15Z</time>
				<extensions>
					<ns3:TrackPointExtension>
						<ns3:speed>1.73</ns3:speed>
						<ns3:cad>0.0</ns3:cad>
						<ns3:hr>166</ns3:hr>
					</ns3:TrackPointExtension>
				</extensions>
			</trkpt>
			<trkpt lat="12.98204572" lon="77.69203167">
				<ele>889.39</ele>
				<time>2026-07-26T14:08:16Z</time>
				<extensions>
					<ns3:TrackPointExtension>
						<ns3:speed>2.05</ns3:speed>
						<ns3:cad>53.0</ns3:cad>
						<ns3:hr>166</ns3:hr>
					</ns3:TrackPointExtension>
				</extensions>
			</trkpt>
			<trkpt lat="12.98204605" lon="77.69201568">
				<ele>889.37</ele>
				<time>2026-07-26T14:08:17Z</time>
				<extensions>
					<ns3:TrackPointExtension>
						<ns3:speed>2.1</ns3:speed>
						<ns3:cad>54.0</ns3:cad>
						<ns3:hr>165</ns3:hr>
					</ns3:TrackPointExtension>
				</extensions>
			</trkpt>
			<trkpt lat="12.98204871" lon="77.69199768">
				<ele>889.34</ele>
				<time>2026-07-26T14:08:18Z</time>
				<extensions>
					<ns3:TrackPointExtension>
						<ns3:speed>2.14</ns3:speed>
						<ns3:cad>86.0</ns3:cad>
						<ns3:hr>164</ns3:hr>
					</ns3:TrackPointExtension>
				</extensions>
			</trkpt>
			<trkpt lat="12.9820517" lon="77.69197935">
				<ele>889.31</ele>
				<time>2026-07-26T14:08:19Z</time>
				<extensions>
					<ns3:TrackPointExtension>
						<ns3:speed>2.15</ns3:speed>
						<ns3:cad>87.0</ns3:cad>
						<ns3:hr>164</ns3:hr>
					</ns3:TrackPointExtension>
				</extensions>
			</trkpt>
			<trkpt lat="12.98205503" lon="77.69196102">
				<ele>889.27</ele>
				<time>2026-07-26T14:08:20Z</time>
				<extensions>
					<ns3:TrackPointExtension>
						<ns3:speed>2.15</ns3:speed>
						<ns3:cad>87.0</ns3:cad>
						<ns3:hr>163</ns3:hr>
					</ns3:TrackPointExtension>
				</extensions>
			</trkpt>
			<trkpt lat="12.98205769" lon="77.69194236">
				<ele>889.24</ele>
				<time>2026-07-26T14:08:21Z</time>
				<extensions>
					<ns3:TrackPointExtension>
						<ns3:speed>2.13</ns3:speed>
						<ns3:cad>86.0</ns3:cad>
						<ns3:hr>162</ns3:hr>
					</ns3:TrackPointExtension>
				</extensions>
			</trkpt>
			<trkpt lat="12.98206035" lon="77.69192336">
				<ele>889.21</ele>
				<time>2026-07-26T14:08:22Z</time>
				<extensions>
					<ns3:TrackPointExtension>
						<ns3:speed>2.12</ns3:speed>
						<ns3:cad>86.0</ns3:cad>
						<ns3:hr>162</ns3:hr>
					</ns3:TrackPointExtension>
				</extensions>
			</trkpt>
			<trkpt lat="12.98206201" lon="77.69190337">
				<ele>889.14</ele>
				<time>2026-07-26T14:08:23Z</time>
				<extensions>
					<ns3:TrackPointExtension>
						<ns3:speed>2.09</ns3:speed>
						<ns3:cad>85.0</ns3:cad>
						<ns3:hr>163</ns3:hr>
					</ns3:TrackPointExtension>
				</extensions>
			</trkpt>
			<trkpt lat="12.982063" lon="77.69188337">
				<ele>889.09</ele>
				<time>2026-07-26T14:08:24Z</time>
				<extensions>
					<ns3:TrackPointExtension>
						<ns3:speed>2.08</ns3:speed>
						<ns3:cad>83.0</ns3:cad>
						<ns3:hr>162</ns3:hr>
					</ns3:TrackPointExtension>
				</extensions>
			</trkpt>
			<trkpt lat="12.982065" lon="77.69186471">
				<ele>889.03</ele>
				<time>2026-07-26T14:08:25Z</time>
				<extensions>
					<ns3:TrackPointExtension>
						<ns3:speed>2.08</ns3:speed>
						<ns3:cad>81.0</ns3:cad>
						<ns3:hr>162</ns3:hr>
					</ns3:TrackPointExtension>
				</extensions>
			</trkpt>
			<trkpt lat="12.98206766" lon="77.69184605">
				<ele>888.97</ele>
				<time>2026-07-26T14:08:26Z</time>
				<extensions>
					<ns3:TrackPointExtension>
						<ns3:speed>2.07</ns3:speed>
						<ns3:cad>81.0</ns3:cad>
						<ns3:hr>162</ns3:hr>
					</ns3:TrackPointExtension>
				</extensions>
			</trkpt>
			<trkpt lat="12.98207132" lon="77.69182506">
				<ele>888.9</ele>
				<time>2026-07-26T14:08:27Z</time>
				<extensions>
					<ns3:TrackPointExtension>
						<ns3:speed>2.07</ns3:speed>
						<ns3:cad>81.0</ns3:cad>
						<ns3:hr>163</ns3:hr>
					</ns3:TrackPointExtension>
				</extensions>
			</trkpt>
			<trkpt lat="12.98207531" lon="77.69180406">
				<ele>888.83</ele>
				<time>2026-07-26T14:08:28Z</time>
				<extensions>
					<ns3:TrackPointExtension>
						<ns3:speed>2.07</ns3:speed>
						<ns3:cad>81.0</ns3:cad>
						<ns3:hr>163</ns3:hr>
					</ns3:TrackPointExtension>
				</extensions>
			</trkpt>
			<trkpt lat="12.98207831" lon="77.69178306">
				<ele>888.76</ele>
				<time>2026-07-26T14:08:29Z</time>
				<extensions>
					<ns3:TrackPointExtension>
						<ns3:speed>2.07</ns3:speed>
						<ns3:cad>83.0</ns3:cad>
						<ns3:hr>163</ns3:hr>
					</ns3:TrackPointExtension>
				</extensions>
			</trkpt>
			<trkpt lat="12.98208164" lon="77.6917624">
				<ele>888.71</ele>
				<time>2026-07-26T14:08:30Z</time>
				<extensions>
					<ns3:TrackPointExtension>
						<ns3:speed>2.07</ns3:speed>
						<ns3:cad>83.0</ns3:cad>
						<ns3:hr>162</ns3:hr>
					</ns3:TrackPointExtension>
				</extensions>
			</trkpt>
			<trkpt lat="12.98208564" lon="77.6917414">
				<ele>888.67</ele>
				<time>2026-07-26T14:08:31Z</time>
				<extensions>
					<ns3:TrackPointExtension>
						<ns3:speed>2.08</ns3:speed>
						<ns3:cad>83.0</ns3:cad>
						<ns3:hr>162</ns3:hr>
					</ns3:TrackPointExtension>
				</extensions>
			</trkpt>
			<trkpt lat="12.98209164" lon="77.6917214">
				<ele>888.63</ele>
				<time>2026-07-26T14:08:32Z</time>
				<extensions>
					<ns3:TrackPointExtension>
						<ns3:speed>2.09</ns3:speed>
						<ns3:cad>83.0</ns3:cad>
						<ns3:hr>162</ns3:hr>
					</ns3:TrackPointExtension>
				</extensions>
			</trkpt>
			<trkpt lat="12.9820983" lon="77.69170141">
				<ele>888.61</ele>
				<time>2026-07-26T14:08:33Z</time>
				<extensions>
					<ns3:TrackPointExtension>
						<ns3:speed>2.09</ns3:speed>
						<ns3:cad>81.0</ns3:cad>
						<ns3:hr>163</ns3:hr>
					</ns3:TrackPointExtension>
				</extensions>
			</trkpt>
			<trkpt lat="12.98210763" lon="77.69168208">
				<ele>888.59</ele>
				<time>2026-07-26T14:08:34Z</time>
				<extensions>
					<ns3:TrackPointExtension>
						<ns3:speed>2.09</ns3:speed>
						<ns3:cad>80.0</ns3:cad>
						<ns3:hr>163</ns3:hr>
					</ns3:TrackPointExtension>
				</extensions>
			</trkpt>
			<trkpt lat="12.98211896" lon="77.69166309">
				<ele>888.59</ele>
				<time>2026-07-26T14:08:35Z</time>
				<extensions>
					<ns3:TrackPointExtension>
						<ns3:speed>2.09</ns3:speed>
						<ns3:cad>80.0</ns3:cad>
						<ns3:hr>162</ns3:hr>
					</ns3:TrackPointExtension>
				</extensions>
			</trkpt>
			<trkpt lat="12.98213129" lon="77.69164576">
				<ele>888.6</ele>
				<time>2026-07-26T14:08:36Z</time>
				<extensions>
					<ns3:TrackPointExtension>
						<ns3:speed>2.09</ns3:speed>
						<ns3:cad>79.0</ns3:cad>
						<ns3:hr>163</ns3:hr>
					</ns3:TrackPointExtension>
				</extensions>
			</trkpt>
			<trkpt lat="12.98214062" lon="77.69163076">
				<ele>888.62</ele>
				<time>2026-07-26T14:08:37Z</time>
				<extensions>
					<ns3:TrackPointExtension>
						<ns3:speed>2.09</ns3:speed>
						<ns3:cad>80.0</ns3:cad>
						<ns3:hr>164</ns3:hr>
					</ns3:TrackPointExtension>
				</extensions>
			</trkpt>
			<trkpt lat="12.98215095" lon="77.69161643">
				<ele>888.63</ele>
				<time>2026-07-26T14:08:38Z</time>
				<extensions>
					<ns3:TrackPointExtension>
						<ns3:speed>2.09</ns3:speed>
						<ns3:cad>80.0</ns3:cad>
						<ns3:hr>164</ns3:hr>
					</ns3:TrackPointExtension>
				</extensions>
			</trkpt>
			<trkpt lat="12.98215594" lon="77.6916011">
				<ele>888.65</ele>
				<time>2026-07-26T14:08:39Z</time>
				<extensions>
					<ns3:TrackPointExtension>
						<ns3:speed>2.09</ns3:speed>
						<ns3:cad>80.0</ns3:cad>
						<ns3:hr>165</ns3:hr>
					</ns3:TrackPointExtension>
				</extensions>
			</trkpt>
			<trkpt lat="12.9821566" lon="77.69158344">
				<ele>888.66</ele>
				<time>2026-07-26T14:08:40Z</time>
				<extensions>
					<ns3:TrackPointExtension>
						<ns3:speed>2.06</ns3:speed>
						<ns3:cad>80.0</ns3:cad>
						<ns3:hr>166</ns3:hr>
					</ns3:TrackPointExtension>
				</extensions>
			</trkpt>
			<trkpt lat="12.98215127" lon="77.69156144">
				<ele>888.7</ele>
				<time>2026-07-26T14:08:41Z</time>
				<extensions>
					<ns3:TrackPointExtension>
						<ns3:speed>2.06</ns3:speed>
						<ns3:cad>81.0</ns3:cad>
						<ns3:hr>167</ns3:hr>
					</ns3:TrackPointExtension>
				</extensions>
			</trkpt>
			<trkpt lat="12.98213994" lon="77.69153944">
				<ele>888.75</ele>
				<time>2026-07-26T14:08:42Z</time>
				<extensions>
					<ns3:TrackPointExtension>
						<ns3:speed>2.07</ns3:speed>
						<ns3:cad>81.0</ns3:cad>
						<ns3:hr>167</ns3:hr>
					</ns3:TrackPointExtension>
				</extensions>
			</trkpt>
			<trkpt lat="12.98212528" lon="77.69151978">
				<ele>888.79</ele>
				<time>2026-07-26T14:08:43Z</time>
				<extensions>
					<ns3:TrackPointExtension>
						<ns3:speed>2.07</ns3:speed>
						<ns3:cad>81.0</ns3:cad>
						<ns3:hr>168</ns3:hr>
					</ns3:TrackPointExtension>
				</extensions>
			</trkpt>
			<trkpt lat="12.98210895" lon="77.69150179">
				<ele>888.83</ele>
				<time>2026-07-26T14:08:44Z</time>
				<extensions>
					<ns3:TrackPointExtension>
						<ns3:speed>2.08</ns3:speed>
						<ns3:cad>81.0</ns3:cad>
						<ns3:hr>167</ns3:hr>
					</ns3:TrackPointExtension>
				</extensions>
			</trkpt>
			<trkpt lat="12.98208996" lon="77.69148746">
				<ele>888.89</ele>
				<time>2026-07-26T14:08:45Z</time>
				<extensions>
					<ns3:TrackPointExtension>
						<ns3:speed>2.08</ns3:speed>
						<ns3:cad>81.0</ns3:cad>
						<ns3:hr>167</ns3:hr>
					</ns3:TrackPointExtension>
				</extensions>
			</trkpt>
			<trkpt lat="12.98206997" lon="77.69147446">
				<ele>888.94</ele>
				<time>2026-07-26T14:08:46Z</time>
				<extensions>
					<ns3:TrackPointExtension>
						<ns3:speed>2.09</ns3:speed>
						<ns3:cad>83.0</ns3:cad>
						<ns3:hr>168</ns3:hr>
					</ns3:TrackPointExtension>
				</extensions>
			</trkpt>
			<trkpt lat="12.98204798" lon="77.69146213">
				<ele>888.99</ele>
				<time>2026-07-26T14:08:47Z</time>
				<extensions>
					<ns3:TrackPointExtension>
						<ns3:speed>2.09</ns3:speed>
						<ns3:cad>83.0</ns3:cad>
						<ns3:hr>168</ns3:hr>
					</ns3:TrackPointExtension>
				</extensions>
			</trkpt>
			<trkpt lat="12.98202465" lon="77.6914498">
				<ele>889.04</ele>
				<time>2026-07-26T14:08:48Z</time>
				<extensions>
					<ns3:TrackPointExtension>
						<ns3:speed>2.09</ns3:speed>
						<ns3:cad>83.0</ns3:cad>
						<ns3:hr>168</ns3:hr>
					</ns3:TrackPointExtension>
				</extensions>
			</trkpt>
			<trkpt lat="12.98200266" lon="77.69143714">
				<ele>889.07</ele>
				<time>2026-07-26T14:08:49Z</time>
				<extensions>
					<ns3:TrackPointExtension>
						<ns3:speed>2.1</ns3:speed>
						<ns3:cad>81.0</ns3:cad>
						<ns3:hr>168</ns3:hr>
					</ns3:TrackPointExtension>
				</extensions>
			</trkpt>
			<trkpt lat="12.981981" lon="77.69142414">
				<ele>889.08</ele>
				<time>2026-07-26T14:08:50Z</time>
				<extensions>
					<ns3:TrackPointExtension>
						<ns3:speed>2.1</ns3:speed>
						<ns3:cad>81.0</ns3:cad>
						<ns3:hr>168</ns3:hr>
					</ns3:TrackPointExtension>
				</extensions>
			</trkpt>
			<trkpt lat="12.98196034" lon="77.69140981">
				<ele>889.06</ele>
				<time>2026-07-26T14:08:51Z</time>
				<extensions>
					<ns3:TrackPointExtension>
						<ns3:speed>2.11</ns3:speed>
						<ns3:cad>81.0</ns3:cad>
						<ns3:hr>169</ns3:hr>
					</ns3:TrackPointExtension>
				</extensions>
			</trkpt>
			<trkpt lat="12.98194335" lon="77.69139315">
				<ele>889.04</ele>
				<time>2026-07-26T14:08:52Z</time>
				<extensions>
					<ns3:TrackPointExtension>
						<ns3:speed>2.12</ns3:speed>
						<ns3:cad>80.0</ns3:cad>
						<ns3:hr>170</ns3:hr>
					</ns3:TrackPointExtension>
				</extensions>
			</trkpt>
			<trkpt lat="12.98192535" lon="77.69137715">
				<ele>889.01</ele>
				<time>2026-07-26T14:08:53Z</time>
				<extensions>
					<ns3:TrackPointExtension>
						<ns3:speed>2.13</ns3:speed>
						<ns3:cad>80.0</ns3:cad>
						<ns3:hr>171</ns3:hr>
					</ns3:TrackPointExtension>
				</extensions>
			</trkpt>
			<trkpt lat="12.98191236" lon="77.69135982">
				<ele>888.97</ele>
				<time>2026-07-26T14:08:54Z</time>
				<extensions>
					<ns3:TrackPointExtension>
						<ns3:speed>2.13</ns3:speed>
						<ns3:cad>80.0</ns3:cad>
						<ns3:hr>172</ns3:hr>
					</ns3:TrackPointExtension>
				</extensions>
			</trkpt>
			<trkpt lat="12.98190403" lon="77.69134049">
				<ele>888.92</ele>
				<time>2026-07-26T14:08:55Z</time>
				<extensions>
					<ns3:TrackPointExtension>
						<ns3:speed>2.14</ns3:speed>
						<ns3:cad>80.0</ns3:cad>
						<ns3:hr>171</ns3:hr>
					</ns3:TrackPointExtension>
				</extensions>
			</trkpt>
			<trkpt lat="12.9818997" lon="77.69132016">
				<ele>888.87</ele>
				<time>2026-07-26T14:08:56Z</time>
				<extensions>
					<ns3:TrackPointExtension>
						<ns3:speed>2.15</ns3:speed>
						<ns3:cad>80.0</ns3:cad>
						<ns3:hr>171</ns3:hr>
					</ns3:TrackPointExtension>
				</extensions>
			</trkpt>
			<trkpt lat="12.98189837" lon="77.6912995">
				<ele>888.82</ele>
				<time>2026-07-26T14:08:57Z</time>
				<extensions>
					<ns3:TrackPointExtension>
						<ns3:speed>2.16</ns3:speed>
						<ns3:cad>80.0</ns3:cad>
						<ns3:hr>171</ns3:hr>
					</ns3:TrackPointExtension>
				</extensions>
			</trkpt>
			<trkpt lat="12.98189837" lon="77.69127884">
				<ele>888.76</ele>
				<time>2026-07-26T14:08:58Z</time>
				<extensions>
					<ns3:TrackPointExtension>
						<ns3:speed>2.17</ns3:speed>
						<ns3:cad>80.0</ns3:cad>
						<ns3:hr>171</ns3:hr>
					</ns3:TrackPointExtension>
				</extensions>
			</trkpt>
			<trkpt lat="12.98190003" lon="77.69125818">
				<ele>888.71</ele>
				<time>2026-07-26T14:08:59Z</time>
				<extensions>
					<ns3:TrackPointExtension>
						<ns3:speed>2.18</ns3:speed>
						<ns3:cad>80.0</ns3:cad>
						<ns3:hr>172</ns3:hr>
					</ns3:TrackPointExtension>
				</extensions>
			</trkpt>
			<trkpt lat="12.98190469" lon="77.69123685">
				<ele>888.63</ele>
				<time>2026-07-26T14:09:00Z</time>
				<extensions>
					<ns3:TrackPointExtension>
						<ns3:speed>2.19</ns3:speed>
						<ns3:cad>80.0</ns3:cad>
						<ns3:hr>171</ns3:hr>
					</ns3:TrackPointExtension>
				</extensions>
			</trkpt>
			<trkpt lat="12.98191002" lon="77.69121585">
				<ele>888.57</ele>
				<time>2026-07-26T14:09:01Z</time>
				<extensions>
					<ns3:TrackPointExtension>
						<ns3:speed>2.2</ns3:speed>
						<ns3:cad>80.0</ns3:cad>
						<ns3:hr>170</ns3:hr>
					</ns3:TrackPointExtension>
				</extensions>
			</trkpt>
			<trkpt lat="12.98191668" lon="77.69119486">
				<ele>888.5</ele>
				<time>2026-07-26T14:09:02Z</time>
				<extensions>
					<ns3:TrackPointExtension>
						<ns3:speed>2.21</ns3:speed>
						<ns3:cad>80.0</ns3:cad>
						<ns3:hr>170</ns3:hr>
					</ns3:TrackPointExtension>
				</extensions>
			</trkpt>
			<trkpt lat="12.98192434" lon="77.69117486">
				<ele>888.43</ele>
				<time>2026-07-26T14:09:03Z</time>
				<extensions>
					<ns3:TrackPointExtension>
						<ns3:speed>2.22</ns3:speed>
						<ns3:cad>80.0</ns3:cad>
						<ns3:hr>170</ns3:hr>
					</ns3:TrackPointExtension>
				</extensions>
			</trkpt>
			<trkpt lat="12.98193267" lon="77.6911542">
				<ele>888.38</ele>
				<time>2026-07-26T14:09:04Z</time>
				<extensions>
					<ns3:TrackPointExtension>
						<ns3:speed>2.23</ns3:speed>
						<ns3:cad>80.0</ns3:cad>
						<ns3:hr>169</ns3:hr>
					</ns3:TrackPointExtension>
				</extensions>
			</trkpt>
			<trkpt lat="12.98194066" lon="77.69113387">
				<ele>888.34</ele>
				<time>2026-07-26T14:09:05Z</time>
				<extensions>
					<ns3:TrackPointExtension>
						<ns3:speed>2.24</ns3:speed>
						<ns3:cad>80.0</ns3:cad>
						<ns3:hr>169</ns3:hr>
					</ns3:TrackPointExtension>
				</extensions>
			</trkpt>
			<trkpt lat="12.98194899" lon="77.69111387">
				<ele>888.3</ele>
				<time>2026-07-26T14:09:06Z</time>
				<extensions>
					<ns3:TrackPointExtension>
						<ns3:speed>2.24</ns3:speed>
						<ns3:cad>80.0</ns3:cad>
						<ns3:hr>170</ns3:hr>
					</ns3:TrackPointExtension>
				</extensions>
			</trkpt>
			<trkpt lat="12.98195865" lon="77.69109354">
				<ele>888.28</ele>
				<time>2026-07-26T14:09:07Z</time>
				<extensions>
					<ns3:TrackPointExtension>
						<ns3:speed>2.25</ns3:speed>
						<ns3:cad>80.0</ns3:cad>
						<ns3:hr>170</ns3:hr>
					</ns3:TrackPointExtension>
				</extensions>
			</trkpt>
			<trkpt lat="12.98197031" lon="77.69107321">
				<ele>888.26</ele>
				<time>2026-07-26T14:09:08Z</time>
				<extensions>
					<ns3:TrackPointExtension>
						<ns3:speed>2.26</ns3:speed>
						<ns3:cad>80.0</ns3:cad>
						<ns3:hr>171</ns3:hr>
					</ns3:TrackPointExtension>
				</extensions>
			</trkpt>
			<trkpt lat="12.98198097" lon="77.69105322">
				<ele>888.25</ele>
				<time>2026-07-26T14:09:09Z</time>
				<extensions>
					<ns3:TrackPointExtension>
						<ns3:speed>2.27</ns3:speed>
						<ns3:cad>80.0</ns3:cad>
						<ns3:hr>171</ns3:hr>
					</ns3:TrackPointExtension>
				</extensions>
			</trkpt>
			<trkpt lat="12.9819923" lon="77.69103322">
				<ele>888.26</ele>
				<time>2026-07-26T14:09:10Z</time>
				<extensions>
					<ns3:TrackPointExtension>
						<ns3:speed>2.27</ns3:speed>
						<ns3:cad>80.0</ns3:cad>
						<ns3:hr>171</ns3:hr>
					</ns3:TrackPointExtension>
				</extensions>
			</trkpt>
			<trkpt lat="12.9820033" lon="77.69101322">
				<ele>888.26</ele>
				<time>2026-07-26T14:09:11Z</time>
				<extensions>
					<ns3:TrackPointExtension>
						<ns3:speed>2.27</ns3:speed>
						<ns3:cad>80.0</ns3:cad>
						<ns3:hr>169</ns3:hr>
					</ns3:TrackPointExtension>
				</extensions>
			</trkpt>
			<trkpt lat="12.98201396" lon="77.69099389">
				<ele>888.27</ele>
				<time>2026-07-26T14:09:12Z</time>
				<extensions>
					<ns3:TrackPointExtension>
						<ns3:speed>2.28</ns3:speed>
						<ns3:cad>80.0</ns3:cad>
						<ns3:hr>169</ns3:hr>
					</ns3:TrackPointExtension>
				</extensions>
			</trkpt>
			<trkpt lat="12.98202429" lon="77.69097523">
				<ele>888.29</ele>
				<time>2026-07-26T14:09:13Z</time>
				<extensions>
					<ns3:TrackPointExtension>
						<ns3:speed>2.28</ns3:speed>
						<ns3:cad>80.0</ns3:cad>
						<ns3:hr>170</ns3:hr>
					</ns3:TrackPointExtension>
				</extensions>
			</trkpt>
			<trkpt lat="12.98203462" lon="77.69095623">
				<ele>888.3</ele>
				<time>2026-07-26T14:09:14Z</time>
				<extensions>
					<ns3:TrackPointExtension>
						<ns3:speed>2.29</ns3:speed>
						<ns3:cad>80.0</ns3:cad>
						<ns3:hr>170</ns3:hr>
					</ns3:TrackPointExtension>
				</extensions>
			</trkpt>
			<trkpt lat="12.98204261" lon="77.69093657">
				<ele>888.3</ele>
				<time>2026-07-26T14:09:15Z</time>
				<extensions>
					<ns3:TrackPointExtension>
						<ns3:speed>2.29</ns3:speed>
						<ns3:cad>80.0</ns3:cad>
						<ns3:hr>171</ns3:hr>
					</ns3:TrackPointExtension>
				</extensions>
			</trkpt>
			<trkpt lat="12.98204894" lon="77.69091657">
				<ele>888.3</ele>
				<time>2026-07-26T14:09:16Z</time>
				<extensions>
					<ns3:TrackPointExtension>
						<ns3:speed>2.29</ns3:speed>
						<ns3:cad>80.0</ns3:cad>
						<ns3:hr>171</ns3:hr>
					</ns3:TrackPointExtension>
				</extensions>
			</trkpt>
			<trkpt lat="12.9820526" lon="77.69089524">
				<ele>888.29</ele>
				<time>2026-07-26T14:09:17Z</time>
				<extensions>
					<ns3:TrackPointExtension>
						<ns3:speed>2.29</ns3:speed>
						<ns3:cad>80.0</ns3:cad>
						<ns3:hr>171</ns3:hr>
					</ns3:TrackPointExtension>
				</extensions>
			</trkpt>
			<trkpt lat="12.9820546" lon="77.69087325">
				<ele>888.28</ele>
				<time>2026-07-26T14:09:18Z</time>
				<extensions>
					<ns3:TrackPointExtension>
						<ns3:speed>2.29</ns3:speed>
						<ns3:cad>80.0</ns3:cad>
						<ns3:hr>170</ns3:hr>
					</ns3:TrackPointExtension>
				</extensions>
			</trkpt>
			<trkpt lat="12.98205726" lon="77.69085192">
				<ele>888.26</ele>
				<time>2026-07-26T14:09:19Z</time>
				<extensions>
					<ns3:TrackPointExtension>
						<ns3:speed>2.29</ns3:speed>
						<ns3:cad>80.0</ns3:cad>
						<ns3:hr>170</ns3:hr>
					</ns3:TrackPointExtension>
				</extensions>
			</trkpt>
			<trkpt lat="12.98206159" lon="77.69083092">
				<ele>888.25</ele>
				<time>2026-07-26T14:09:20Z</time>
				<extensions>
					<ns3:TrackPointExtension>
						<ns3:speed>2.29</ns3:speed>
						<ns3:cad>80.0</ns3:cad>
						<ns3:hr>170</ns3:hr>
					</ns3:TrackPointExtension>
				</extensions>
			</trkpt>
			<trkpt lat="12.98206692" lon="77.69080992">
				<ele>888.23</ele>
				<time>2026-07-26T14:09:21Z</time>
				<extensions>
					<ns3:TrackPointExtension>
						<ns3:speed>2.3</ns3:speed>
						<ns3:cad>81.0</ns3:cad>
						<ns3:hr>170</ns3:hr>
					</ns3:TrackPointExtension>
				</extensions>
			</trkpt>
			<trkpt lat="12.98207191" lon="77.69078926">
				<ele>888.21</ele>
				<time>2026-07-26T14:09:22Z</time>
				<extensions>
					<ns3:TrackPointExtension>
						<ns3:speed>2.3</ns3:speed>
						<ns3:cad>81.0</ns3:cad>
						<ns3:hr>170</ns3:hr>
					</ns3:TrackPointExtension>
				</extensions>
			</trkpt>
			<trkpt lat="12.98207757" lon="77.69076893">
				<ele>888.2</ele>
				<time>2026-07-26T14:09:23Z</time>
				<extensions>
					<ns3:TrackPointExtension>
						<ns3:speed>2.3</ns3:speed>
						<ns3:cad>81.0</ns3:cad>
						<ns3:hr>171</ns3:hr>
					</ns3:TrackPointExtension>
				</extensions>
			</trkpt>
			<trkpt lat="12.9820839" lon="77.6907486">
				<ele>888.2</ele>
				<time>2026-07-26T14:09:24Z</time>
				<extensions>
					<ns3:TrackPointExtension>
						<ns3:hr>170</ns3:hr>
					</ns3:TrackPointExtension>
				</extensions>
			</trkpt>
			<trkpt lat="12.98209023" lon="77.69072861">
				<ele>888.18</ele>
				<time>2026-07-26T14:09:25Z</time>
				<extensions>
					<ns3:TrackPointExtension>
						<ns3:speed>2.3</ns3:speed>
						<ns3:cad>81.0</ns3:cad>
					</ns3:TrackPointExtension>
				</extensions>
			</trkpt>
			<trkpt lat="12.98209656" lon="77.69070761">
				<ele>888.17</ele>
				<time>2026-07-26T14:09:26Z</time>
				<extensions>
					<ns3:TrackPointExtension>
						<ns3:speed>2.3</ns3:speed>
						<ns3:cad>81.0</ns3:cad>
						<ns3:hr>170</ns3:hr>
					</ns3:TrackPointExtension>
				</extensions>
			</trkpt>
			<trkpt lat="12.98210322" lon="77.69068728">
				<ele>888.16</ele>
				<time>2026-07-26T14:09:27Z</time>
				<extensions>
					<ns3:TrackPointExtension>
						<ns3:speed>2.3</ns3:speed>
						<ns3:cad>81.0</ns3:cad>
						<ns3:hr>171</ns3:hr>
					</ns3:TrackPointExtension>
				</extensions>
			</trkpt>
			<trkpt lat="12.98210821" lon="77.69066628">
				<ele>888.16</ele>
				<time>2026-07-26T14:09:28Z</time>
				<extensions>
					<ns3:TrackPointExtension>
						<ns3:speed>2.3</ns3:speed>
						<ns3:cad>81.0</ns3:cad>
						<ns3:hr>171</ns3:hr>
					</ns3:TrackPointExtension>
				</extensions>
			</trkpt>
			<trkpt lat="12.98211487" lon="77.69064595">
				<ele>888.16</ele>
				<time>2026-07-26T14:09:29Z</time>
				<extensions>
					<ns3:TrackPointExtension>
						<ns3:speed>2.3</ns3:speed>
						<ns3:cad>81.0</ns3:cad>
						<ns3:hr>170</ns3:hr>
					</ns3:TrackPointExtension>
				</extensions>
			</trkpt>
			<trkpt lat="12.98212086" lon="77.69062562">
				<ele>888.17</ele>
				<time>2026-07-26T14:09:30Z</time>
				<extensions>
					<ns3:TrackPointExtension>
						<ns3:speed>2.29</ns3:speed>
						<ns3:cad>81.0</ns3:cad>
						<ns3:hr>170</ns3:hr>
					</ns3:TrackPointExtension>
				</extensions>
			</trkpt>
			<trkpt lat="12.98212752" lon="77.69060529">
				<ele>888.19</ele>
				<time>2026-07-26T14:09:31Z</time>
				<extensions>
					<ns3:TrackPointExtension>
						<ns3:speed>2.3</ns3:speed>
						<ns3:cad>80.0</ns3:cad>
						<ns3:hr>169</ns3:hr>
					</ns3:TrackPointExtension>
				</extensions>
			</trkpt>
			<trkpt lat="12.98213418" lon="77.69058463">
				<ele>888.21</ele>
				<time>2026-07-26T14:09:32Z</time>
				<extensions>
					<ns3:TrackPointExtension>
						<ns3:speed>2.3</ns3:speed>
						<ns3:cad>80.0</ns3:cad>
						<ns3:hr>169</ns3:hr>
					</ns3:TrackPointExtension>
				</extensions>
			</trkpt>
			<trkpt lat="12.98214051" lon="77.69056397">
				<ele>888.23</ele>
				<time>2026-07-26T14:09:33Z</time>
				<extensions>
					<ns3:TrackPointExtension>
						<ns3:speed>2.3</ns3:speed>
						<ns3:cad>80.0</ns3:cad>
						<ns3:hr>169</ns3:hr>
					</ns3:TrackPointExtension>
				</extensions>
			</trkpt>
			<trkpt lat="12.98214617" lon="77.69054331">
				<ele>888.26</ele>
				<time>2026-07-26T14:09:34Z</time>
				<extensions>
					<ns3:TrackPointExtension>
						<ns3:speed>2.3</ns3:speed>
						<ns3:cad>81.0</ns3:cad>
						<ns3:hr>169</ns3:hr>
					</ns3:TrackPointExtension>
				</extensions>
			</trkpt>
			<trkpt lat="12.98215217" lon="77.69052265">
				<ele>888.29</ele>
				<time>2026-07-26T14:09:35Z</time>
				<extensions>
					<ns3:TrackPointExtension>
						<ns3:speed>2.3</ns3:speed>
						<ns3:cad>81.0</ns3:cad>
						<ns3:hr>168</ns3:hr>
					</ns3:TrackPointExtension>
				</extensions>
			</trkpt>
			<trkpt lat="12.98215983" lon="77.69050299">
				<ele>888.34</ele>
				<time>2026-07-26T14:09:36Z</time>
				<extensions>
					<ns3:TrackPointExtension>
						<ns3:speed>2.3</ns3:speed>
						<ns3:cad>80.0</ns3:cad>
						<ns3:hr>167</ns3:hr>
					</ns3:TrackPointExtension>
				</extensions>
			</trkpt>
			<trkpt lat="12.98216782" lon="77.69048333">
				<ele>888.37</ele>
				<time>2026-07-26T14:09:37Z</time>
				<extensions>
					<ns3:TrackPointExtension>
						<ns3:speed>2.3</ns3:speed>
						<ns3:cad>80.0</ns3:cad>
						<ns3:hr>168</ns3:hr>
					</ns3:TrackPointExtension>
				</extensions>
			</trkpt>
			<trkpt lat="12.98217648" lon="77.690464">
				<ele>888.42</ele>
				<time>2026-07-26T14:09:38Z</time>
				<extensions>
					<ns3:TrackPointExtension>
						<ns3:speed>2.31</ns3:speed>
						<ns3:cad>80.0</ns3:cad>
						<ns3:hr>168</ns3:hr>
					</ns3:TrackPointExtension>
				</extensions>
			</trkpt>
			<trkpt lat="12.98218648" lon="77.69044567">
				<ele>888.46</ele>
				<time>2026-07-26T14:09:39Z</time>
				<extensions>
					<ns3:TrackPointExtension>
						<ns3:speed>2.31</ns3:speed>
						<ns3:cad>80.0</ns3:cad>
						<ns3:hr>168</ns3:hr>
					</ns3:TrackPointExtension>
				</extensions>
			</trkpt>
			<trkpt lat="12.98219847" lon="77.69042868">
				<ele>888.51</ele>
				<time>2026-07-26T14:09:40Z</time>
				<extensions>
					<ns3:TrackPointExtension>
						<ns3:speed>2.32</ns3:speed>
						<ns3:cad>80.0</ns3:cad>
						<ns3:hr>168</ns3:hr>
					</ns3:TrackPointExtension>
				</extensions>
			</trkpt>
			<trkpt lat="12.98221213" lon="77.69041535">
				<ele>888.55</ele>
				<time>2026-07-26T14:09:41Z</time>
				<extensions>
					<ns3:TrackPointExtension>
						<ns3:speed>2.32</ns3:speed>
						<ns3:cad>80.0</ns3:cad>
						<ns3:hr>168</ns3:hr>
					</ns3:TrackPointExtension>
				</extensions>
			</trkpt>
			<trkpt lat="12.98222912" lon="77.69040535">
				<ele>888.6</ele>
				<time>2026-07-26T14:09:42Z</time>
				<extensions>
					<ns3:TrackPointExtension>
						<ns3:speed>2.32</ns3:speed>
						<ns3:cad>81.0</ns3:cad>
						<ns3:hr>168</ns3:hr>
					</ns3:TrackPointExtension>
				</extensions>
			</trkpt>
			<trkpt lat="12.98224678" lon="77.69039802">
				<ele>888.63</ele>
				<time>2026-07-26T14:09:43Z</time>
				<extensions>
					<ns3:TrackPointExtension>
						<ns3:speed>2.32</ns3:speed>
						<ns3:cad>81.0</ns3:cad>
						<ns3:hr>168</ns3:hr>
					</ns3:TrackPointExtension>
				</extensions>
			</trkpt>
			<trkpt lat="12.98226444" lon="77.69039203">
				<ele>888.67</ele>
				<time>2026-07-26T14:09:44Z</time>
				<extensions>
					<ns3:TrackPointExtension>
						<ns3:speed>2.32</ns3:speed>
						<ns3:cad>81.0</ns3:cad>
						<ns3:hr>168</ns3:hr>
					</ns3:TrackPointExtension>
				</extensions>
			</trkpt>
			<trkpt lat="12.98228377" lon="77.6903907">
				<ele>888.71</ele>
				<time>2026-07-26T14:09:45Z</time>
				<extensions>
					<ns3:TrackPointExtension>
						<ns3:speed>2.32</ns3:speed>
						<ns3:cad>81.0</ns3:cad>
						<ns3:hr>168</ns3:hr>
					</ns3:TrackPointExtension>
				</extensions>
			</trkpt>
			<trkpt lat="12.98230343" lon="77.69039169">
				<ele>888.77</ele>
				<time>2026-07-26T14:09:46Z</time>
				<extensions>
					<ns3:TrackPointExtension>
						<ns3:speed>2.33</ns3:speed>
						<ns3:cad>81.0</ns3:cad>
						<ns3:hr>167</ns3:hr>
					</ns3:TrackPointExtension>
				</extensions>
			</trkpt>
			<trkpt lat="12.98232309" lon="77.69039435">
				<ele>888.81</ele>
				<time>2026-07-26T14:09:47Z</time>
				<extensions>
					<ns3:TrackPointExtension>
						<ns3:speed>2.33</ns3:speed>
						<ns3:cad>80.0</ns3:cad>
						<ns3:hr>167</ns3:hr>
					</ns3:TrackPointExtension>
				</extensions>
			</trkpt>
			<trkpt lat="12.98234308" lon="77.69039868">
				<ele>888.85</ele>
				<time>2026-07-26T14:09:48Z</time>
				<extensions>
					<ns3:TrackPointExtension>
						<ns3:speed>2.33</ns3:speed>
						<ns3:cad>80.0</ns3:cad>
						<ns3:hr>168</ns3:hr>
					</ns3:TrackPointExtension>
				</extensions>
			</trkpt>
			<trkpt lat="12.98236308" lon="77.69040467">
				<ele>888.89</ele>
				<time>2026-07-26T14:09:49Z</time>
				<extensions>
					<ns3:TrackPointExtension>
						<ns3:speed>2.33</ns3:speed>
						<ns3:cad>80.0</ns3:cad>
						<ns3:hr>168</ns3:hr>
					</ns3:TrackPointExtension>
				</extensions>
			</trkpt>
			<trkpt lat="12.98238174" lon="77.69041267">
				<ele>888.92</ele>
				<time>2026-07-26T14:09:50Z</time>
				<extensions>
					<ns3:TrackPointExtension>
						<ns3:speed>2.33</ns3:speed>
						<ns3:cad>80.0</ns3:cad>
						<ns3:hr>167</ns3:hr>
					</ns3:TrackPointExtension>
				</extensions>
			</trkpt>
			<trkpt lat="12.98239807" lon="77.690423">
				<ele>888.95</ele>
				<time>2026-07-26T14:09:51Z</time>
				<extensions>
					<ns3:TrackPointExtension>
						<ns3:speed>2.33</ns3:speed>
						<ns3:cad>81.0</ns3:cad>
						<ns3:hr>168</ns3:hr>
					</ns3:TrackPointExtension>
				</extensions>
			</trkpt>
			<trkpt lat="12.9824134" lon="77.69043433">
				<ele>888.96</ele>
				<time>2026-07-26T14:09:52Z</time>
				<extensions>
					<ns3:TrackPointExtension>
						<ns3:speed>2.33</ns3:speed>
						<ns3:cad>83.0</ns3:cad>
						<ns3:hr>168</ns3:hr>
					</ns3:TrackPointExtension>
				</extensions>
			</trkpt>
			<trkpt lat="12.9824264" lon="77.69044866">
				<ele>888.98</ele>
				<time>2026-07-26T14:09:53Z</time>
				<extensions>
					<ns3:TrackPointExtension>
						<ns3:speed>2.33</ns3:speed>
						<ns3:cad>83.0</ns3:cad>
						<ns3:hr>168</ns3:hr>
					</ns3:TrackPointExtension>
				</extensions>
			</trkpt>
			<trkpt lat="12.98243573" lon="77.69046499">
				<ele>888.99</ele>
				<time>2026-07-26T14:09:54Z</time>
				<extensions>
					<ns3:TrackPointExtension>
						<ns3:speed>2.33</ns3:speed>
						<ns3:cad>83.0</ns3:cad>
						<ns3:hr>168</ns3:hr>
					</ns3:TrackPointExtension>
				</extensions>
			</trkpt>
			<trkpt lat="12.98244173" lon="77.69048298">
				<ele>889.0</ele>
				<time>2026-07-26T14:09:55Z</time>
				<extensions>
					<ns3:TrackPointExtension>
						<ns3:speed>2.33</ns3:speed>
						<ns3:cad>81.0</ns3:cad>
						<ns3:hr>168</ns3:hr>
					</ns3:TrackPointExtension>
				</extensions>
			</trkpt>
			<trkpt lat="12.98244639" lon="77.69050164">
				<ele>889.01</ele>
				<time>2026-07-26T14:09:56Z</time>
				<extensions>
					<ns3:TrackPointExtension>
						<ns3:speed>2.33</ns3:speed>
						<ns3:cad>81.0</ns3:cad>
						<ns3:hr>168</ns3:hr>
					</ns3:TrackPointExtension>
				</extensions>
			</trkpt>
			<trkpt lat="12.98244905" lon="77.69052097">
				<ele>889.01</ele>
				<time>2026-07-26T14:09:57Z</time>
				<extensions>
					<ns3:TrackPointExtension>
						<ns3:speed>2.33</ns3:speed>
						<ns3:cad>81.0</ns3:cad>
						<ns3:hr>168</ns3:hr>
					</ns3:TrackPointExtension>
				</extensions>
			</trkpt>
			<trkpt lat="12.98244905" lon="77.69053996">
				<ele>889.02</ele>
				<time>2026-07-26T14:09:58Z</time>
				<extensions>
					<ns3:TrackPointExtension>
						<ns3:speed>2.32</ns3:speed>
						<ns3:cad>81.0</ns3:cad>
						<ns3:hr>168</ns3:hr>
					</ns3:TrackPointExtension>
				</extensions>
			</trkpt>
			<trkpt lat="12.98244672" lon="77.69055929">
				<ele>889.02</ele>
				<time>2026-07-26T14:09:59Z</time>
				<extensions>
					<ns3:TrackPointExtension>
						<ns3:speed>2.3</ns3:speed>
						<ns3:cad>81.0</ns3:cad>
						<ns3:hr>168</ns3:hr>
					</ns3:TrackPointExtension>
				</extensions>
			</trkpt>
			<trkpt lat="12.98244239" lon="77.69057962">
				<ele>889.02</ele>
				<time>2026-07-26T14:10:00Z</time>
				<extensions>
					<ns3:TrackPointExtension>
						<ns3:speed>2.29</ns3:speed>
						<ns3:cad>81.0</ns3:cad>
						<ns3:hr>168</ns3:hr>
					</ns3:TrackPointExtension>
				</extensions>
			</trkpt>
			<trkpt lat="12.98243806" lon="77.69059928">
				<ele>889.02</ele>
				<time>2026-07-26T14:10:01Z</time>
				<extensions>
					<ns3:TrackPointExtension>
						<ns3:speed>2.29</ns3:speed>
						<ns3:cad>81.0</ns3:cad>
						<ns3:hr>168</ns3:hr>
					</ns3:TrackPointExtension>
				</extensions>
			</trkpt>
			<trkpt lat="12.98243207" lon="77.69061927">
				<ele>889.02</ele>
				<time>2026-07-26T14:10:02Z</time>
				<extensions>
					<ns3:TrackPointExtension>
						<ns3:speed>2.28</ns3:speed>
						<ns3:cad>81.0</ns3:cad>
						<ns3:hr>169</ns3:hr>
					</ns3:TrackPointExtension>
				</extensions>
			</trkpt>
			<trkpt lat="12.98242574" lon="77.6906396">
				<ele>889.02</ele>
				<time>2026-07-26T14:10:03Z</time>
				<extensions>
					<ns3:TrackPointExtension>
						<ns3:speed>2.27</ns3:speed>
						<ns3:cad>81.0</ns3:cad>
						<ns3:hr>169</ns3:hr>
					</ns3:TrackPointExtension>
				</extensions>
			</trkpt>
			<trkpt lat="12.98241841" lon="77.69065993">
				<ele>889.02</ele>
				<time>2026-07-26T14:10:04Z</time>
				<extensions>
					<ns3:TrackPointExtension>
						<ns3:speed>2.27</ns3:speed>
						<ns3:cad>81.0</ns3:cad>
						<ns3:hr>168</ns3:hr>
					</ns3:TrackPointExtension>
				</extensions>
			</trkpt>
			<trkpt lat="12.98241141" lon="77.69067926">
				<ele>889.01</ele>
				<time>2026-07-26T14:10:05Z</time>
				<extensions>
					<ns3:TrackPointExtension>
						<ns3:speed>2.27</ns3:speed>
						<ns3:cad>81.0</ns3:cad>
						<ns3:hr>168</ns3:hr>
					</ns3:TrackPointExtension>
				</extensions>
			</trkpt>
			<trkpt lat="12.98240342" lon="77.69069959">
				<ele>889.0</ele>
				<time>2026-07-26T14:10:06Z</time>
				<extensions>
					<ns3:TrackPointExtension>
						<ns3:speed>2.27</ns3:speed>
						<ns3:cad>81.0</ns3:cad>
						<ns3:hr>168</ns3:hr>
					</ns3:TrackPointExtension>
				</extensions>
			</trkpt>
			<trkpt lat="12.98239576" lon="77.69071858">
				<ele>888.99</ele>
				<time>2026-07-26T14:10:07Z</time>
				<extensions>
					<ns3:TrackPointExtension>
						<ns3:speed>2.26</ns3:speed>
						<ns3:cad>80.0</ns3:cad>
						<ns3:hr>168</ns3:hr>
					</ns3:TrackPointExtension>
				</extensions>
			</trkpt>
			<trkpt lat="12.9823881" lon="77.69073924">
				<ele>888.99</ele>
				<time>2026-07-26T14:10:08Z</time>
				<extensions>
					<ns3:TrackPointExtension>
						<ns3:speed>2.26</ns3:speed>
						<ns3:cad>80.0</ns3:cad>
						<ns3:hr>168</ns3:hr>
					</ns3:TrackPointExtension>
				</extensions>
			</trkpt>
			<trkpt lat="12.98238011" lon="77.69075857">
				<ele>888.99</ele>
				<time>2026-07-26T14:10:09Z</time>
				<extensions>
					<ns3:TrackPointExtension>
						<ns3:speed>2.26</ns3:speed>
						<ns3:cad>80.0</ns3:cad>
						<ns3:hr>167</ns3:hr>
					</ns3:TrackPointExtension>
				</extensions>
			</trkpt>
			<trkpt lat="12.98237245" lon="77.6907779">
				<ele>888.98</ele>
				<time>2026-07-26T14:10:10Z</time>
				<extensions>
					<ns3:TrackPointExtension>
						<ns3:speed>2.24</ns3:speed>
						<ns3:cad>80.0</ns3:cad>
						<ns3:hr>167</ns3:hr>
					</ns3:TrackPointExtension>
				</extensions>
			</trkpt>
			<trkpt lat="12.98236746" lon="77.69079323">
				<ele>888.97</ele>
				<time>2026-07-26T14:10:11Z</time>
				<extensions>
					<ns3:TrackPointExtension>
						<ns3:speed>2.23</ns3:speed>
						<ns3:cad>80.0</ns3:cad>
						<ns3:hr>166</ns3:hr>
					</ns3:TrackPointExtension>
				</extensions>
			</trkpt>
			<trkpt lat="12.98236213" lon="77.69081056">
				<ele>888.96</ele>
				<time>2026-07-26T14:10:12Z</time>
				<extensions>
					<ns3:TrackPointExtension>
						<ns3:speed>2.21</ns3:speed>
						<ns3:cad>80.0</ns3:cad>
						<ns3:hr>166</ns3:hr>
					</ns3:TrackPointExtension>
				</extensions>
			</trkpt>
			<trkpt lat="12.98235714" lon="77.69083122">
				<ele>888.94</ele>
				<time>2026-07-26T14:10:13Z</time>
				<extensions>
					<ns3:TrackPointExtension>
						<ns3:speed>2.2</ns3:speed>
						<ns3:cad>80.0</ns3:cad>
						<ns3:hr>168</ns3:hr>
					</ns3:TrackPointExtension>
				</extensions>
			</trkpt>
			<trkpt lat="12.98235481" lon="77.69085322">
				<ele>888.93</ele>
				<time>2026-07-26T14:10:14Z</time>
				<extensions>
					<ns3:TrackPointExtension>
						<ns3:speed>2.19</ns3:speed>
						<ns3:cad>81.0</ns3:cad>
						<ns3:hr>168</ns3:hr>
					</ns3:TrackPointExtension>
				</extensions>
			</trkpt>
			<trkpt lat="12.98235747" lon="77.69087455">
				<ele>888.91</ele>
				<time>2026-07-26T14:10:15Z</time>
				<extensions>
					<ns3:TrackPointExtension>
						<ns3:speed>2.18</ns3:speed>
						<ns3:cad>80.0</ns3:cad>
						<ns3:hr>167</ns3:hr>
					</ns3:TrackPointExtension>
				</extensions>
			</trkpt>
			<trkpt lat="12.98236513" lon="77.69089421">
				<ele>888.89</ele>
				<time>2026-07-26T14:10:16Z</time>
				<extensions>
					<ns3:TrackPointExtension>
						<ns3:speed>2.18</ns3:speed>
						<ns3:cad>80.0</ns3:cad>
						<ns3:hr>167</ns3:hr>
					</ns3:TrackPointExtension>
				</extensions>
			</trkpt>
			<trkpt lat="12.98237946" lon="77.69091321">
				<ele>888.86</ele>
				<time>2026-07-26T14:10:17Z</time>
				<extensions>
					<ns3:TrackPointExtension>
						<ns3:speed>2.18</ns3:speed>
						<ns3:cad>80.0</ns3:cad>
						<ns3:hr>167</ns3:hr>
					</ns3:TrackPointExtension>
				</extensions>
			</trkpt>
			<trkpt lat="12.98239945" lon="77.69092987">
				<ele>888.83</ele>
				<time>2026-07-26T14:10:18Z</time>
				<extensions>
					<ns3:TrackPointExtension>
						<ns3:speed>2.18</ns3:speed>
						<ns3:cad>79.0</ns3:cad>
						<ns3:hr>167</ns3:hr>
					</ns3:TrackPointExtension>
				</extensions>
			</trkpt>
			<trkpt lat="12.98242011" lon="77.69094386">
				<ele>888.8</ele>
				<time>2026-07-26T14:10:19Z</time>
				<extensions>
					<ns3:TrackPointExtension>
						<ns3:speed>2.18</ns3:speed>
						<ns3:cad>79.0</ns3:cad>
						<ns3:hr>166</ns3:hr>
					</ns3:TrackPointExtension>
				</extensions>
			</trkpt>
			<trkpt lat="12.9824401" lon="77.69095519">
				<ele>888.78</ele>
				<time>2026-07-26T14:10:20Z</time>
				<extensions>
					<ns3:TrackPointExtension>
						<ns3:speed>2.18</ns3:speed>
						<ns3:cad>79.0</ns3:cad>
						<ns3:hr>167</ns3:hr>
					</ns3:TrackPointExtension>
				</extensions>
			</trkpt>
			<trkpt lat="12.98245576" lon="77.69096685">
				<ele>888.75</ele>
				<time>2026-07-26T14:10:21Z</time>
				<extensions>
					<ns3:TrackPointExtension>
						<ns3:speed>2.17</ns3:speed>
						<ns3:cad>80.0</ns3:cad>
						<ns3:hr>166</ns3:hr>
					</ns3:TrackPointExtension>
				</extensions>
			</trkpt>
			<trkpt lat="12.98246809" lon="77.69097751">
				<ele>888.73</ele>
				<time>2026-07-26T14:10:22Z</time>
				<extensions>
					<ns3:TrackPointExtension>
						<ns3:speed>2.16</ns3:speed>
						<ns3:cad>81.0</ns3:cad>
						<ns3:hr>167</ns3:hr>
					</ns3:TrackPointExtension>
				</extensions>
			</trkpt>
			<trkpt lat="12.98248075" lon="77.69098651">
				<ele>888.71</ele>
				<time>2026-07-26T14:10:23Z</time>
				<extensions>
					<ns3:TrackPointExtension>
						<ns3:speed>2.15</ns3:speed>
						<ns3:cad>81.0</ns3:cad>
						<ns3:hr>167</ns3:hr>
					</ns3:TrackPointExtension>
				</extensions>
			</trkpt>
			<trkpt lat="12.98249408" lon="77.69099517">
				<ele>888.69</ele>
				<time>2026-07-26T14:10:24Z</time>
				<extensions>
					<ns3:TrackPointExtension>
						<ns3:speed>2.13</ns3:speed>
						<ns3:cad>81.0</ns3:cad>
						<ns3:hr>167</ns3:hr>
					</ns3:TrackPointExtension>
				</extensions>
			</trkpt>
			<trkpt lat="12.98250774" lon="77.69100383">
				<ele>888.67</ele>
				<time>2026-07-26T14:10:25Z</time>
				<extensions>
					<ns3:TrackPointExtension>
						<ns3:speed>2.1</ns3:speed>
						<ns3:cad>81.0</ns3:cad>
						<ns3:hr>167</ns3:hr>
					</ns3:TrackPointExtension>
				</extensions>
			</trkpt>
			<trkpt lat="12.98252107" lon="77.69101282">
				<ele>888.65</ele>
				<time>2026-07-26T14:10:26Z</time>
				<extensions>
					<ns3:TrackPointExtension>
						<ns3:speed>2.09</ns3:speed>
						<ns3:cad>81.0</ns3:cad>
						<ns3:hr>167</ns3:hr>
					</ns3:TrackPointExtension>
				</extensions>
			</trkpt>
			<trkpt lat="12.98253306" lon="77.69101982">
				<ele>888.63</ele>
				<time>2026-07-26T14:10:27Z</time>
				<extensions>
					<ns3:TrackPointExtension>
						<ns3:speed>2.07</ns3:speed>
						<ns3:cad>81.0</ns3:cad>
						<ns3:hr>167</ns3:hr>
					</ns3:TrackPointExtension>
				</extensions>
			</trkpt>
			<trkpt lat="12.98254306" lon="77.69102648">
				<ele>888.62</ele>
				<time>2026-07-26T14:10:28Z</time>
				<extensions>
					<ns3:TrackPointExtension>
						<ns3:speed>2.07</ns3:speed>
						<ns3:cad>81.0</ns3:cad>
						<ns3:hr>167</ns3:hr>
					</ns3:TrackPointExtension>
				</extensions>
			</trkpt>
			<trkpt lat="12.98255172" lon="77.69103381">
				<ele>888.6</ele>
				<time>2026-07-26T14:10:29Z</time>
				<extensions>
					<ns3:TrackPointExtension>
						<ns3:speed>2.06</ns3:speed>
						<ns3:cad>81.0</ns3:cad>
						<ns3:hr>166</ns3:hr>
					</ns3:TrackPointExtension>
				</extensions>
			</trkpt>
			<trkpt lat="12.98256138" lon="77.6910508">
				<ele>888.58</ele>
				<time>2026-07-26T14:10:30Z</time>
				<extensions>
					<ns3:TrackPointExtension>
						<ns3:speed>2.04</ns3:speed>
						<ns3:cad>81.0</ns3:cad>
						<ns3:hr>165</ns3:hr>
					</ns3:TrackPointExtension>
				</extensions>
			</trkpt>
			<trkpt lat="12.98258071" lon="77.69106913">
				<ele>888.56</ele>
				<time>2026-07-26T14:10:31Z</time>
				<extensions>
					<ns3:TrackPointExtension>
						<ns3:speed>2.03</ns3:speed>
						<ns3:cad>81.0</ns3:cad>
						<ns3:hr>165</ns3:hr>
					</ns3:TrackPointExtension>
				</extensions>
			</trkpt>
			<trkpt lat="12.98260237" lon="77.69109146">
				<ele>888.53</ele>
				<time>2026-07-26T14:10:32Z</time>
				<extensions>
					<ns3:TrackPointExtension>
						<ns3:speed>2.02</ns3:speed>
						<ns3:cad>81.0</ns3:cad>
						<ns3:hr>166</ns3:hr>
					</ns3:TrackPointExtension>
				</extensions>
			</trkpt>
			<trkpt lat="12.98262303" lon="77.69110479">
				<ele>888.5</ele>
				<time>2026-07-26T14:10:33Z</time>
				<extensions>
					<ns3:TrackPointExtension>
						<ns3:speed>2.02</ns3:speed>
						<ns3:cad>83.0</ns3:cad>
						<ns3:hr>166</ns3:hr>
					</ns3:TrackPointExtension>
				</extensions>
			</trkpt>
			<trkpt lat="12.98264303" lon="77.69111478">
				<ele>888.48</ele>
				<time>2026-07-26T14:10:34Z</time>
				<extensions>
					<ns3:TrackPointExtension>
						<ns3:speed>2.02</ns3:speed>
						<ns3:cad>83.0</ns3:cad>
						<ns3:hr>165</ns3:hr>
					</ns3:TrackPointExtension>
				</extensions>
			</trkpt>
			<trkpt lat="12.98266136" lon="77.69112344">
				<ele>888.47</ele>
				<time>2026-07-26T14:10:35Z</time>
				<extensions>
					<ns3:TrackPointExtension>
						<ns3:speed>2.02</ns3:speed>
						<ns3:cad>81.0</ns3:cad>
						<ns3:hr>165</ns3:hr>
					</ns3:TrackPointExtension>
				</extensions>
			</trkpt>
			<trkpt lat="12.98268002" lon="77.6911301">
				<ele>888.45</ele>
				<time>2026-07-26T14:10:36Z</time>
				<extensions>
					<ns3:TrackPointExtension>
						<ns3:speed>2.03</ns3:speed>
						<ns3:cad>81.0</ns3:cad>
						<ns3:hr>164</ns3:hr>
					</ns3:TrackPointExtension>
				</extensions>
			</trkpt>
			<trkpt lat="12.98269768" lon="77.69113676">
				<ele>888.44</ele>
				<time>2026-07-26T14:10:37Z</time>
				<extensions>
					<ns3:TrackPointExtension>
						<ns3:speed>2.03</ns3:speed>
						<ns3:cad>81.0</ns3:cad>
						<ns3:hr>164</ns3:hr>
					</ns3:TrackPointExtension>
				</extensions>
			</trkpt>
			<trkpt lat="12.98271568" lon="77.69114142">
				<ele>888.43</ele>
				<time>2026-07-26T14:10:38Z</time>
				<extensions>
					<ns3:TrackPointExtension>
						<ns3:speed>2.02</ns3:speed>
						<ns3:cad>81.0</ns3:cad>
						<ns3:hr>164</ns3:hr>
					</ns3:TrackPointExtension>
				</extensions>
			</trkpt>
			<trkpt lat="12.98273368" lon="77.69114542">
				<ele>888.43</ele>
				<time>2026-07-26T14:10:39Z</time>
				<extensions>
					<ns3:TrackPointExtension>
						<ns3:speed>2.02</ns3:speed>
						<ns3:cad>81.0</ns3:cad>
						<ns3:hr>164</ns3:hr>
					</ns3:TrackPointExtension>
				</extensions>
			</trkpt>
			<trkpt lat="12.98275267" lon="77.69114908">
				<ele>888.43</ele>
				<time>2026-07-26T14:10:40Z</time>
				<extensions>
					<ns3:TrackPointExtension>
						<ns3:speed>2.02</ns3:speed>
						<ns3:cad>81.0</ns3:cad>
						<ns3:hr>165</ns3:hr>
					</ns3:TrackPointExtension>
				</extensions>
			</trkpt>
			<trkpt lat="12.98277133" lon="77.69115207">
				<ele>888.42</ele>
				<time>2026-07-26T14:10:41Z</time>
				<extensions>
					<ns3:TrackPointExtension>
						<ns3:speed>2.03</ns3:speed>
						<ns3:cad>81.0</ns3:cad>
						<ns3:hr>165</ns3:hr>
					</ns3:TrackPointExtension>
				</extensions>
			</trkpt>
			<trkpt lat="12.98279032" lon="77.6911544">
				<ele>888.43</ele>
				<time>2026-07-26T14:10:42Z</time>
				<extensions>
					<ns3:TrackPointExtension>
						<ns3:speed>2.04</ns3:speed>
						<ns3:cad>81.0</ns3:cad>
						<ns3:hr>165</ns3:hr>
					</ns3:TrackPointExtension>
				</extensions>
			</trkpt>
			<trkpt lat="12.98280998" lon="77.69115806">
				<ele>888.44</ele>
				<time>2026-07-26T14:10:43Z</time>
				<extensions>
					<ns3:TrackPointExtension>
						<ns3:speed>2.04</ns3:speed>
						<ns3:cad>81.0</ns3:cad>
						<ns3:hr>164</ns3:hr>
					</ns3:TrackPointExtension>
				</extensions>
			</trkpt>
			<trkpt lat="12.98282998" lon="77.69115872">
				<ele>888.45</ele>
				<time>2026-07-26T14:10:44Z</time>
				<extensions>
					<ns3:TrackPointExtension>
						<ns3:speed>2.05</ns3:speed>
						<ns3:cad>80.0</ns3:cad>
						<ns3:hr>165</ns3:hr>
					</ns3:TrackPointExtension>
				</extensions>
			</trkpt>
			<trkpt lat="12.98284897" lon="77.69116038">
				<ele>888.46</ele>
				<time>2026-07-26T14:10:45Z</time>
				<extensions>
					<ns3:TrackPointExtension>
						<ns3:speed>2.06</ns3:speed>
						<ns3:cad>80.0</ns3:cad>
						<ns3:hr>165</ns3:hr>
					</ns3:TrackPointExtension>
				</extensions>
			</trkpt>
			<trkpt lat="12.98286796" lon="77.69116204">
				<ele>888.48</ele>
				<time>2026-07-26T14:10:46Z</time>
				<extensions>
					<ns3:TrackPointExtension>
						<ns3:speed>2.06</ns3:speed>
						<ns3:cad>80.0</ns3:cad>
						<ns3:hr>166</ns3:hr>
					</ns3:TrackPointExtension>
				</extensions>
			</trkpt>
			<trkpt lat="12.98288862" lon="77.69116171">
				<ele>888.49</ele>
				<time>2026-07-26T14:10:47Z</time>
				<extensions>
					<ns3:TrackPointExtension>
						<ns3:speed>2.07</ns3:speed>
						<ns3:cad>80.0</ns3:cad>
						<ns3:hr>167</ns3:hr>
					</ns3:TrackPointExtension>
				</extensions>
			</trkpt>
			<trkpt lat="12.98290895" lon="77.69116437">
				<ele>888.49</ele>
				<time>2026-07-26T14:10:48Z</time>
				<extensions>
					<ns3:TrackPointExtension>
						<ns3:speed>2.07</ns3:speed>
						<ns3:cad>80.0</ns3:cad>
						<ns3:hr>168</ns3:hr>
					</ns3:TrackPointExtension>
				</extensions>
			</trkpt>
			<trkpt lat="12.98293094" lon="77.69116437">
				<ele>888.5</ele>
				<time>2026-07-26T14:10:49Z</time>
				<extensions>
					<ns3:TrackPointExtension>
						<ns3:speed>2.09</ns3:speed>
						<ns3:cad>80.0</ns3:cad>
						<ns3:hr>167</ns3:hr>
					</ns3:TrackPointExtension>
				</extensions>
			</trkpt>
			<trkpt lat="12.9829536" lon="77.69116437">
				<ele>888.5</ele>
				<time>2026-07-26T14:10:50Z</time>
				<extensions>
					<ns3:TrackPointExtension>
					</ns3:TrackPointExtension>
				</extensions>
			</trkpt>
			<trkpt lat="12.98297526" lon="77.6911657">
				<ele>888.5</ele>
				<time>2026-07-26T14:10:51Z</time>
				<extensions>
					<ns3:TrackPointExtension>
						<ns3:speed>2.1</ns3:speed>
						<ns3:cad>81.0</ns3:cad>
						<ns3:hr>166</ns3:hr>
					</ns3:TrackPointExtension>
				</extensions>
			</trkpt>
			<trkpt lat="12.98299692" lon="77.69116736">
				<ele>888.49</ele>
				<time>2026-07-26T14:10:52Z</time>
				<extensions>
					<ns3:TrackPointExtension>
						<ns3:speed>2.11</ns3:speed>
						<ns3:cad>81.0</ns3:cad>
						<ns3:hr>166</ns3:hr>
					</ns3:TrackPointExtension>
				</extensions>
			</trkpt>
			<trkpt lat="12.98301725" lon="77.69117169">
				<ele>888.49</ele>
				<time>2026-07-26T14:10:53Z</time>
				<extensions>
					<ns3:TrackPointExtension>
						<ns3:speed>2.12</ns3:speed>
						<ns3:cad>81.0</ns3:cad>
						<ns3:hr>166</ns3:hr>
					</ns3:TrackPointExtension>
				</extensions>
			</trkpt>
			<trkpt lat="12.98303758" lon="77.69117602">
				<ele>888.49</ele>
				<time>2026-07-26T14:10:54Z</time>
				<extensions>
					<ns3:TrackPointExtension>
						<ns3:speed>2.13</ns3:speed>
						<ns3:cad>81.0</ns3:cad>
						<ns3:hr>166</ns3:hr>
					</ns3:TrackPointExtension>
				</extensions>
			</trkpt>
			<trkpt lat="12.98306157" lon="77.69117935">
				<ele>888.47</ele>
				<time>2026-07-26T14:10:55Z</time>
				<extensions>
					<ns3:TrackPointExtension>
						<ns3:speed>2.14</ns3:speed>
						<ns3:cad>81.0</ns3:cad>
						<ns3:hr>166</ns3:hr>
					</ns3:TrackPointExtension>
				</extensions>
			</trkpt>
			<trkpt lat="12.9830859" lon="77.69118134">
				<ele>888.47</ele>
				<time>2026-07-26T14:10:56Z</time>
				<extensions>
					<ns3:TrackPointExtension>
						<ns3:speed>2.14</ns3:speed>
						<ns3:cad>81.0</ns3:cad>
						<ns3:hr>166</ns3:hr>
					</ns3:TrackPointExtension>
				</extensions>
			</trkpt>
			<trkpt lat="12.98310923" lon="77.691184">
				<ele>888.45</ele>
				<time>2026-07-26T14:10:57Z</time>
				<extensions>
					<ns3:TrackPointExtension>
						<ns3:speed>2.15</ns3:speed>
						<ns3:cad>80.0</ns3:cad>
						<ns3:hr>166</ns3:hr>
					</ns3:TrackPointExtension>
				</extensions>
			</trkpt>
			<trkpt lat="12.98313322" lon="77.69118633">
				<ele>888.45</ele>
				<time>2026-07-26T14:10:58Z</time>
				<extensions>
					<ns3:TrackPointExtension>
						<ns3:speed>2.16</ns3:speed>
						<ns3:cad>80.0</ns3:cad>
						<ns3:hr>166</ns3:hr>
					</ns3:TrackPointExtension>
				</extensions>
			</trkpt>
			<trkpt lat="12.98315655" lon="77.69118833">
				<ele>888.44</ele>
				<time>2026-07-26T14:10:59Z</time>
				<extensions>
					<ns3:TrackPointExtension>
						<ns3:speed>2.16</ns3:speed>
						<ns3:cad>80.0</ns3:cad>
						<ns3:hr>166</ns3:hr>
					</ns3:TrackPointExtension>
				</extensions>
			</trkpt>
			<trkpt lat="12.98317888" lon="77.69118966">
				<ele>888.43</ele>
				<time>2026-07-26T14:11:00Z</time>
				<extensions>
					<ns3:TrackPointExtension>
						<ns3:speed>2.17</ns3:speed>
						<ns3:cad>81.0</ns3:cad>
						<ns3:hr>166</ns3:hr>
					</ns3:TrackPointExtension>
				</extensions>
			</trkpt>
			<trkpt lat="12.98320187" lon="77.69119032">
				<ele>888.42</ele>
				<time>2026-07-26T14:11:01Z</time>
				<extensions>
					<ns3:TrackPointExtension>
						<ns3:speed>2.18</ns3:speed>
						<ns3:cad>81.0</ns3:cad>
						<ns3:hr>166</ns3:hr>
					</ns3:TrackPointExtension>
				</extensions>
			</trkpt>
			<trkpt lat="12.98322553" lon="77.69119265">
				<ele>888.42</ele>
				<time>2026-07-26T14:11:02Z</time>
				<extensions>
					<ns3:TrackPointExtension>
						<ns3:speed>2.19</ns3:speed>
						<ns3:cad>81.0</ns3:cad>
						<ns3:hr>165</ns3:hr>
					</ns3:TrackPointExtension>
				</extensions>
			</trkpt>
			<trkpt lat="12.98324886" lon="77.69119565">
				<ele>888.42</ele>
				<time>2026-07-26T14:11:03Z</time>
				<extensions>
					<ns3:TrackPointExtension>
						<ns3:speed>2.2</ns3:speed>
						<ns3:cad>80.0</ns3:cad>
						<ns3:hr>165</ns3:hr>
					</ns3:TrackPointExtension>
				</extensions>
			</trkpt>
			<trkpt lat="12.98327119" lon="77.69119898">
				<ele>888.41</ele>
				<time>2026-07-26T14:11:04Z</time>
				<extensions>
					<ns3:TrackPointExtension>
						<ns3:speed>2.2</ns3:speed>
						<ns3:cad>80.0</ns3:cad>
						<ns3:hr>165</ns3:hr>
					</ns3:TrackPointExtension>
				</extensions>
			</trkpt>
			<trkpt lat="12.98329152" lon="77.69120398">
				<ele>888.42</ele>
				<time>2026-07-26T14:11:05Z</time>
				<extensions>
					<ns3:TrackPointExtension>
						<ns3:speed>2.21</ns3:speed>
						<ns3:cad>79.0</ns3:cad>
						<ns3:hr>165</ns3:hr>
					</ns3:TrackPointExtension>
				</extensions>
			</trkpt>
			<trkpt lat="12.98331218" lon="77.69120898">
				<ele>888.42</ele>
				<time>2026-07-26T14:11:06Z</time>
				<extensions>
					<ns3:TrackPointExtension>
						<ns3:speed>2.22</ns3:speed>
						<ns3:cad>79.0</ns3:cad>
						<ns3:hr>164</ns3:hr>
					</ns3:TrackPointExtension>
				</extensions>
			</trkpt>
			<trkpt lat="12.98333218" lon="77.69121398">
				<ele>888.42</ele>
				<time>2026-07-26T14:11:07Z</time>
				<extensions>
					<ns3:TrackPointExtension>
						<ns3:speed>2.23</ns3:speed>
						<ns3:cad>79.0</ns3:cad>
						<ns3:hr>163</ns3:hr>
					</ns3:TrackPointExtension>
				</extensions>
			</trkpt>
			<trkpt lat="12.98335184" lon="77.69121964">
				<ele>888.43</ele>
				<time>2026-07-26T14:11:08Z</time>
				<extensions>
					<ns3:TrackPointExtension>
						<ns3:speed>2.23</ns3:speed>
						<ns3:cad>79.0</ns3:cad>
						<ns3:hr>163</ns3:hr>
					</ns3:TrackPointExtension>
				</extensions>
			</trkpt>
			<trkpt lat="12.9833715" lon="77.69122497">
				<ele>888.44</ele>
				<time>2026-07-26T14:11:09Z</time>
				<extensions>
					<ns3:TrackPointExtension>
						<ns3:speed>2.23</ns3:speed>
						<ns3:cad>79.0</ns3:cad>
						<ns3:hr>162</ns3:hr>
					</ns3:TrackPointExtension>
				</extensions>
			</trkpt>
			<trkpt lat="12.98339116" lon="77.69122963">
				<ele>888.46</ele>
				<time>2026-07-26T14:11:10Z</time>
				<extensions>
					<ns3:TrackPointExtension>
						<ns3:speed>2.24</ns3:speed>
						<ns3:cad>80.0</ns3:cad>
						<ns3:hr>162</ns3:hr>
					</ns3:TrackPointExtension>
				</extensions>
			</trkpt>
			<trkpt lat="12.98341182" lon="77.69123496">
				<ele>888.47</ele>
				<time>2026-07-26T14:11:11Z</time>
				<extensions>
					<ns3:TrackPointExtension>
						<ns3:speed>2.24</ns3:speed>
						<ns3:cad>80.0</ns3:cad>
						<ns3:hr>162</ns3:hr>
					</ns3:TrackPointExtension>
				</extensions>
			</trkpt>
			<trkpt lat="12.98343215" lon="77.69124062">
				<ele>888.5</ele>
				<time>2026-07-26T14:11:12Z</time>
				<extensions>
					<ns3:TrackPointExtension>
						<ns3:speed>2.24</ns3:speed>
						<ns3:cad>80.0</ns3:cad>
						<ns3:hr>162</ns3:hr>
					</ns3:TrackPointExtension>
				</extensions>
			</trkpt>
			<trkpt lat="12.98345248" lon="77.69124695">
				<ele>888.52</ele>
				<time>2026-07-26T14:11:13Z</time>
				<extensions>
					<ns3:TrackPointExtension>
						<ns3:speed>2.24</ns3:speed>
						<ns3:cad>80.0</ns3:cad>
						<ns3:hr>163</ns3:hr>
					</ns3:TrackPointExtension>
				</extensions>
			</trkpt>
			<trkpt lat="12.98347314" lon="77.69125261">
				<ele>888.55</ele>
				<time>2026-07-26T14:11:14Z</time>
				<extensions>
					<ns3:TrackPointExtension>
						<ns3:speed>2.24</ns3:speed>
						<ns3:cad>80.0</ns3:cad>
						<ns3:hr>164</ns3:hr>
					</ns3:TrackPointExtension>
				</extensions>
			</trkpt>
			<trkpt lat="12.98349347" lon="77.6912586">
				<ele>888.74</ele>
				<time>2026-07-26T14:11:15Z</time>
				<extensions>
					<ns3:TrackPointExtension>
						<ns3:speed>2.24</ns3:speed>
						<ns3:cad>80.0</ns3:cad>
						<ns3:hr>164</ns3:hr>
					</ns3:TrackPointExtension>
				</extensions>
			</trkpt>
			<trkpt lat="12.98351447" lon="77.69126526">
				<ele>888.79</ele>
				<time>2026-07-26T14:11:16Z</time>
				<extensions>
					<ns3:TrackPointExtension>
						<ns3:speed>2.24</ns3:speed>
						<ns3:cad>80.0</ns3:cad>
						<ns3:hr>164</ns3:hr>
					</ns3:TrackPointExtension>
				</extensions>
			</trkpt>
			<trkpt lat="12.9835358" lon="77.69127292">
				<ele>888.84</ele>
				<time>2026-07-26T14:11:17Z</time>
				<extensions>
					<ns3:TrackPointExtension>
						<ns3:speed>2.25</ns3:speed>
						<ns3:cad>80.0</ns3:cad>
						<ns3:hr>164</ns3:hr>
					</ns3:TrackPointExtension>
				</extensions>
			</trkpt>
			<trkpt lat="12.98355646" lon="77.69128158">
				<ele>888.88</ele>
				<time>2026-07-26T14:11:18Z</time>
				<extensions>
					<ns3:TrackPointExtension>
						<ns3:speed>2.25</ns3:speed>
						<ns3:cad>81.0</ns3:cad>
						<ns3:hr>164</ns3:hr>
					</ns3:TrackPointExtension>
				</extensions>
			</trkpt>
			<trkpt lat="12.98357746" lon="77.69129091">
				<ele>888.93</ele>
				<time>2026-07-26T14:11:19Z</time>
				<extensions>
					<ns3:TrackPointExtension>
						<ns3:speed>2.28</ns3:speed>
						<ns3:cad>81.0</ns3:cad>
						<ns3:hr>164</ns3:hr>
					</ns3:TrackPointExtension>
				</extensions>
			</trkpt>
			<trkpt lat="12.98359612" lon="77.69130224">
				<ele>888.98</ele>
				<time>2026-07-26T14:11:20Z</time>
				<extensions>
					<ns3:TrackPointExtension>
						<ns3:speed>2.32</ns3:speed>
						<ns3:cad>83.0</ns3:cad>
						<ns3:hr>164</ns3:hr>
					</ns3:TrackPointExtension>
				</extensions>
			</trkpt>
			<trkpt lat="12.98360945" lon="77.69132324">
				<ele>889.03</ele>
				<time>2026-07-26T14:11:21Z</time>
				<extensions>
					<ns3:TrackPointExtension>
						<ns3:speed>2.33</ns3:speed>
						<ns3:cad>84.0</ns3:cad>
						<ns3:hr>164</ns3:hr>
					</ns3:TrackPointExtension>
				</extensions>
			</trkpt>
			<trkpt lat="12.98361611" lon="77.69134757">
				<ele>889.08</ele>
				<time>2026-07-26T14:11:22Z</time>
				<extensions>
					<ns3:TrackPointExtension>
						<ns3:speed>2.34</ns3:speed>
						<ns3:cad>84.0</ns3:cad>
						<ns3:hr>164</ns3:hr>
					</ns3:TrackPointExtension>
				</extensions>
			</trkpt>
			<trkpt lat="12.98361744" lon="77.69137323">
				<ele>889.15</ele>
				<time>2026-07-26T14:11:23Z</time>
				<extensions>
					<ns3:TrackPointExtension>
						<ns3:speed>2.35</ns3:speed>
						<ns3:cad>84.0</ns3:cad>
						<ns3:hr>165</ns3:hr>
					</ns3:TrackPointExtension>
				</extensions>
			</trkpt>
			<trkpt lat="12.98361544" lon="77.69139756">
				<ele>889.23</ele>
				<time>2026-07-26T14:11:24Z</time>
				<extensions>
					<ns3:TrackPointExtension>
						<ns3:speed>2.39</ns3:speed>
						<ns3:cad>84.0</ns3:cad>
						<ns3:hr>166</ns3:hr>
					</ns3:TrackPointExtension>
				</extensions>
			</trkpt>
			<trkpt lat="12.98361178" lon="77.69142222">
				<ele>889.3</ele>
				<time>2026-07-26T14:11:25Z</time>
				<extensions>
					<ns3:TrackPointExtension>
						<ns3:speed>2.41</ns3:speed>
						<ns3:cad>83.0</ns3:cad>
						<ns3:hr>166</ns3:hr>
					</ns3:TrackPointExtension>
				</extensions>
			</trkpt>
			<trkpt lat="12.98360512" lon="77.69144588">
				<ele>889.4</ele>
				<time>2026-07-26T14:11:26Z</time>
				<extensions>
					<ns3:TrackPointExtension>
						<ns3:speed>2.43</ns3:speed>
						<ns3:cad>83.0</ns3:cad>
						<ns3:hr>166</ns3:hr>
					</ns3:TrackPointExtension>
				</extensions>
			</trkpt>
			<trkpt lat="12.98359679" lon="77.69146921">
				<ele>889.47</ele>
				<time>2026-07-26T14:11:27Z</time>
				<extensions>
					<ns3:TrackPointExtension>
						<ns3:speed>2.46</ns3:speed>
						<ns3:cad>83.0</ns3:cad>
						<ns3:hr>166</ns3:hr>
					</ns3:TrackPointExtension>
				</extensions>
			</trkpt>
			<trkpt lat="12.98358713" lon="77.6914922">
				<ele>889.56</ele>
				<time>2026-07-26T14:11:28Z</time>
				<extensions>
					<ns3:TrackPointExtension>
						<ns3:speed>2.48</ns3:speed>
						<ns3:cad>83.0</ns3:cad>
						<ns3:hr>167</ns3:hr>
					</ns3:TrackPointExtension>
				</extensions>
			</trkpt>
			<trkpt lat="12.9835768" lon="77.69151553">
				<ele>889.62</ele>
				<time>2026-07-26T14:11:29Z</time>
				<extensions>
					<ns3:TrackPointExtension>
						<ns3:speed>2.5</ns3:speed>
						<ns3:cad>83.0</ns3:cad>
						<ns3:hr>167</ns3:hr>
					</ns3:TrackPointExtension>
				</extensions>
			</trkpt>
			<trkpt lat="12.98356481" lon="77.69154186">
				<ele>889.68</ele>
				<time>2026-07-26T14:11:30Z</time>
				<extensions>
					<ns3:TrackPointExtension>
						<ns3:speed>2.53</ns3:speed>
						<ns3:cad>83.0</ns3:cad>
						<ns3:hr>167</ns3:hr>
					</ns3:TrackPointExtension>
				</extensions>
			</trkpt>
			<trkpt lat="12.98355282" lon="77.69156886">
				<ele>889.72</ele>
				<time>2026-07-26T14:11:31Z</time>
				<extensions>
					<ns3:TrackPointExtension>
						<ns3:speed>2.58</ns3:speed>
						<ns3:cad>84.0</ns3:cad>
						<ns3:hr>168</ns3:hr>
					</ns3:TrackPointExtension>
				</extensions>
			</trkpt>
			<trkpt lat="12.98354216" lon="77.69159652">
				<ele>889.75</ele>
				<time>2026-07-26T14:11:32Z</time>
				<extensions>
					<ns3:TrackPointExtension>
						<ns3:speed>2.62</ns3:speed>
						<ns3:cad>84.0</ns3:cad>
						<ns3:hr>168</ns3:hr>
					</ns3:TrackPointExtension>
				</extensions>
			</trkpt>
			<trkpt lat="12.98353083" lon="77.69162385">
				<ele>889.73</ele>
				<time>2026-07-26T14:11:33Z</time>
				<extensions>
					<ns3:TrackPointExtension>
						<ns3:speed>2.65</ns3:speed>
						<ns3:cad>85.0</ns3:cad>
						<ns3:hr>169</ns3:hr>
					</ns3:TrackPointExtension>
				</extensions>
			</trkpt>
			<trkpt lat="12.9835215" lon="77.69165151">
				<ele>889.71</ele>
				<time>2026-07-26T14:11:34Z</time>
				<extensions>
					<ns3:TrackPointExtension>
						<ns3:speed>2.68</ns3:speed>
						<ns3:cad>86.0</ns3:cad>
						<ns3:hr>170</ns3:hr>
					</ns3:TrackPointExtension>
				</extensions>
			</trkpt>
			<trkpt lat="12.98351284" lon="77.69167884">
				<ele>889.65</ele>
				<time>2026-07-26T14:11:35Z</time>
				<extensions>
					<ns3:TrackPointExtension>
						<ns3:speed>2.7</ns3:speed>
						<ns3:cad>86.0</ns3:cad>
						<ns3:hr>169</ns3:hr>
					</ns3:TrackPointExtension>
				</extensions>
			</trkpt>
			<trkpt lat="12.98350485" lon="77.6917055">
				<ele>889.6</ele>
				<time>2026-07-26T14:11:36Z</time>
				<extensions>
					<ns3:TrackPointExtension>
						<ns3:speed>2.72</ns3:speed>
						<ns3:cad>86.0</ns3:cad>
						<ns3:hr>169</ns3:hr>
					</ns3:TrackPointExtension>
				</extensions>
			</trkpt>
			<trkpt lat="12.98349852" lon="77.69173183">
				<ele>889.54</ele>
				<time>2026-07-26T14:11:37Z</time>
				<extensions>
					<ns3:TrackPointExtension>
						<ns3:speed>2.71</ns3:speed>
						<ns3:cad>87.0</ns3:cad>
						<ns3:hr>168</ns3:hr>
					</ns3:TrackPointExtension>
				</extensions>
			</trkpt>
			<trkpt lat="12.98348853" lon="77.69175449">
				<ele>889.48</ele>
				<time>2026-07-26T14:11:38Z</time>
				<extensions>
					<ns3:TrackPointExtension>
						<ns3:speed>2.71</ns3:speed>
						<ns3:cad>86.0</ns3:cad>
						<ns3:hr>168</ns3:hr>
					</ns3:TrackPointExtension>
				</extensions>
			</trkpt>
			<trkpt lat="12.98347553" lon="77.69177382">
				<ele>889.44</ele>
				<time>2026-07-26T14:11:39Z</time>
				<extensions>
					<ns3:TrackPointExtension>
						<ns3:speed>2.7</ns3:speed>
						<ns3:cad>86.0</ns3:cad>
						<ns3:hr>168</ns3:hr>
					</ns3:TrackPointExtension>
				</extensions>
			</trkpt>
			<trkpt lat="12.9834592" lon="77.69178948">
				<ele>889.4</ele>
				<time>2026-07-26T14:11:40Z</time>
				<extensions>
					<ns3:TrackPointExtension>
						<ns3:speed>2.68</ns3:speed>
						<ns3:cad>86.0</ns3:cad>
						<ns3:hr>167</ns3:hr>
					</ns3:TrackPointExtension>
				</extensions>
			</trkpt>
			<trkpt lat="12.98344054" lon="77.69180214">
				<ele>889.37</ele>
				<time>2026-07-26T14:11:41Z</time>
				<extensions>
					<ns3:TrackPointExtension>
						<ns3:speed>2.67</ns3:speed>
						<ns3:cad>84.0</ns3:cad>
						<ns3:hr>166</ns3:hr>
					</ns3:TrackPointExtension>
				</extensions>
			</trkpt>
			<trkpt lat="12.98342121" lon="77.69181314">
				<ele>889.34</ele>
				<time>2026-07-26T14:11:42Z</time>
				<extensions>
					<ns3:TrackPointExtension>
						<ns3:speed>2.66</ns3:speed>
						<ns3:cad>83.0</ns3:cad>
						<ns3:hr>166</ns3:hr>
					</ns3:TrackPointExtension>
				</extensions>
			</trkpt>
			<trkpt lat="12.98340188" lon="77.69182147">
				<ele>889.32</ele>
				<time>2026-07-26T14:11:43Z</time>
				<extensions>
					<ns3:TrackPointExtension>
						<ns3:speed>2.65</ns3:speed>
						<ns3:cad>81.0</ns3:cad>
						<ns3:hr>165</ns3:hr>
					</ns3:TrackPointExtension>
				</extensions>
			</trkpt>
			<trkpt lat="12.98338155" lon="77.69182746">
				<ele>889.3</ele>
				<time>2026-07-26T14:11:44Z</time>
				<extensions>
					<ns3:TrackPointExtension>
						<ns3:speed>2.63</ns3:speed>
						<ns3:cad>81.0</ns3:cad>
						<ns3:hr>166</ns3:hr>
					</ns3:TrackPointExtension>
				</extensions>
			</trkpt>
			<trkpt lat="12.98335989" lon="77.69183112">
				<ele>889.28</ele>
				<time>2026-07-26T14:11:45Z</time>
				<extensions>
					<ns3:TrackPointExtension>
						<ns3:speed>2.62</ns3:speed>
						<ns3:cad>81.0</ns3:cad>
						<ns3:hr>167</ns3:hr>
					</ns3:TrackPointExtension>
				</extensions>
			</trkpt>
			<trkpt lat="12.98333889" lon="77.69183245">
				<ele>889.27</ele>
				<time>2026-07-26T14:11:46Z</time>
				<extensions>
					<ns3:TrackPointExtension>
						<ns3:speed>2.6</ns3:speed>
						<ns3:cad>81.0</ns3:cad>
						<ns3:hr>168</ns3:hr>
					</ns3:TrackPointExtension>
				</extensions>
			</trkpt>
			<trkpt lat="12.98331789" lon="77.69183245">
				<ele>889.25</ele>
				<time>2026-07-26T14:11:47Z</time>
				<extensions>
					<ns3:TrackPointExtension>
						<ns3:speed>2.58</ns3:speed>
						<ns3:cad>81.0</ns3:cad>
						<ns3:hr>170</ns3:hr>
					</ns3:TrackPointExtension>
				</extensions>
			</trkpt>
			<trkpt lat="12.98329623" lon="77.69183179">
				<ele>889.24</ele>
				<time>2026-07-26T14:11:48Z</time>
				<extensions>
					<ns3:TrackPointExtension>
						<ns3:speed>2.55</ns3:speed>
						<ns3:cad>81.0</ns3:cad>
						<ns3:hr>170</ns3:hr>
					</ns3:TrackPointExtension>
				</extensions>
			</trkpt>
			<trkpt lat="12.98327424" lon="77.6918308">
				<ele>889.22</ele>
				<time>2026-07-26T14:11:49Z</time>
				<extensions>
					<ns3:TrackPointExtension>
						<ns3:speed>2.54</ns3:speed>
						<ns3:cad>80.0</ns3:cad>
						<ns3:hr>170</ns3:hr>
					</ns3:TrackPointExtension>
				</extensions>
			</trkpt>
			<trkpt lat="12.98325225" lon="77.69183014">
				<ele>889.21</ele>
				<time>2026-07-26T14:11:50Z</time>
				<extensions>
					<ns3:TrackPointExtension>
						<ns3:speed>2.52</ns3:speed>
						<ns3:cad>80.0</ns3:cad>
						<ns3:hr>172</ns3:hr>
					</ns3:TrackPointExtension>
				</extensions>
			</trkpt>
			<trkpt lat="12.98322992" lon="77.69182948">
				<ele>889.2</ele>
				<time>2026-07-26T14:11:51Z</time>
				<extensions>
					<ns3:TrackPointExtension>
						<ns3:speed>2.5</ns3:speed>
						<ns3:cad>80.0</ns3:cad>
						<ns3:hr>172</ns3:hr>
					</ns3:TrackPointExtension>
				</extensions>
			</trkpt>
			<trkpt lat="12.98320892" lon="77.69183014">
				<ele>889.18</ele>
				<time>2026-07-26T14:11:52Z</time>
				<extensions>
					<ns3:TrackPointExtension>
						<ns3:speed>2.49</ns3:speed>
						<ns3:cad>80.0</ns3:cad>
						<ns3:hr>172</ns3:hr>
					</ns3:TrackPointExtension>
				</extensions>
			</trkpt>
			<trkpt lat="12.98319226" lon="77.69184047">
				<ele>889.16</ele>
				<time>2026-07-26T14:11:53Z</time>
				<extensions>
					<ns3:TrackPointExtension>
						<ns3:speed>2.47</ns3:speed>
						<ns3:cad>80.0</ns3:cad>
						<ns3:hr>171</ns3:hr>
					</ns3:TrackPointExtension>
				</extensions>
			</trkpt>
			<trkpt lat="12.9831806" lon="77.69185613">
				<ele>889.15</ele>
				<time>2026-07-26T14:11:54Z</time>
				<extensions>
					<ns3:TrackPointExtension>
						<ns3:speed>2.46</ns3:speed>
						<ns3:cad>80.0</ns3:cad>
						<ns3:hr>171</ns3:hr>
					</ns3:TrackPointExtension>
				</extensions>
			</trkpt>
			<trkpt lat="12.98317127" lon="77.69187346">
				<ele>889.14</ele>
				<time>2026-07-26T14:11:55Z</time>
				<extensions>
					<ns3:TrackPointExtension>
						<ns3:speed>2.45</ns3:speed>
						<ns3:cad>80.0</ns3:cad>
						<ns3:hr>171</ns3:hr>
					</ns3:TrackPointExtension>
				</extensions>
			</trkpt>
			<trkpt lat="12.98316327" lon="77.69189312">
				<ele>889.12</ele>
				<time>2026-07-26T14:11:56Z</time>
				<extensions>
					<ns3:TrackPointExtension>
						<ns3:speed>2.43</ns3:speed>
						<ns3:cad>79.0</ns3:cad>
						<ns3:hr>172</ns3:hr>
					</ns3:TrackPointExtension>
				</extensions>
			</trkpt>
			<trkpt lat="12.98315561" lon="77.69191445">
				<ele>889.11</ele>
				<time>2026-07-26T14:11:57Z</time>
				<extensions>
					<ns3:TrackPointExtension>
						<ns3:speed>2.43</ns3:speed>
						<ns3:cad>79.0</ns3:cad>
						<ns3:hr>172</ns3:hr>
					</ns3:TrackPointExtension>
				</extensions>
			</trkpt>
			<trkpt lat="12.98314728" lon="77.69193444">
				<ele>889.09</ele>
				<time>2026-07-26T14:11:58Z</time>
				<extensions>
					<ns3:TrackPointExtension>
						<ns3:speed>2.42</ns3:speed>
						<ns3:cad>79.0</ns3:cad>
						<ns3:hr>171</ns3:hr>
					</ns3:TrackPointExtension>
				</extensions>
			</trkpt>
			<trkpt lat="12.98313728" lon="77.6919531">
				<ele>889.07</ele>
				<time>2026-07-26T14:11:59Z</time>
				<extensions>
					<ns3:TrackPointExtension>
						<ns3:speed>2.4</ns3:speed>
						<ns3:cad>79.0</ns3:cad>
						<ns3:hr>170</ns3:hr>
					</ns3:TrackPointExtension>
				</extensions>
			</trkpt>
			<trkpt lat="12.98312595" lon="77.69197076">
				<ele>889.05</ele>
				<time>2026-07-26T14:12:00Z</time>
				<extensions>
					<ns3:TrackPointExtension>
						<ns3:speed>2.38</ns3:speed>
						<ns3:cad>79.0</ns3:cad>
						<ns3:hr>170</ns3:hr>
					</ns3:TrackPointExtension>
				</extensions>
			</trkpt>
			<trkpt lat="12.98311396" lon="77.69198775">
				<ele>889.04</ele>
				<time>2026-07-26T14:12:01Z</time>
				<extensions>
					<ns3:TrackPointExtension>
						<ns3:speed>2.37</ns3:speed>
						<ns3:cad>79.0</ns3:cad>
						<ns3:hr>170</ns3:hr>
					</ns3:TrackPointExtension>
				</extensions>
			</trkpt>
			<trkpt lat="12.9831003" lon="77.69200441">
				<ele>889.02</ele>
				<time>2026-07-26T14:12:02Z</time>
				<extensions>
					<ns3:TrackPointExtension>
						<ns3:speed>2.36</ns3:speed>
						<ns3:cad>79.0</ns3:cad>
						<ns3:hr>171</ns3:hr>
					</ns3:TrackPointExtension>
				</extensions>
			</trkpt>
			<trkpt lat="12.9830853" lon="77.69201974">
				<ele>889.01</ele>
				<time>2026-07-26T14:12:03Z</time>
				<extensions>
					<ns3:TrackPointExtension>
						<ns3:speed>2.36</ns3:speed>
						<ns3:cad>79.0</ns3:cad>
						<ns3:hr>171</ns3:hr>
					</ns3:TrackPointExtension>
				</extensions>
			</trkpt>
			<trkpt lat="12.98306897" lon="77.6920334">
				<ele>889.0</ele>
				<time>2026-07-26T14:12:04Z</time>
				<extensions>
					<ns3:TrackPointExtension>
						<ns3:speed>2.35</ns3:speed>
						<ns3:cad>80.0</ns3:cad>
						<ns3:hr>172</ns3:hr>
					</ns3:TrackPointExtension>
				</extensions>
			</trkpt>
			<trkpt lat="12.98305198" lon="77.69204639">
				<ele>888.99</ele>
				<time>2026-07-26T14:12:05Z</time>
				<extensions>
					<ns3:TrackPointExtension>
						<ns3:speed>2.35</ns3:speed>
						<ns3:cad>80.0</ns3:cad>
						<ns3:hr>171</ns3:hr>
					</ns3:TrackPointExtension>
				</extensions>
			</trkpt>
			<trkpt lat="12.98303398" lon="77.69205905">
				<ele>888.99</ele>
				<time>2026-07-26T14:12:06Z</time>
				<extensions>
					<ns3:TrackPointExtension>
						<ns3:speed>2.34</ns3:speed>
						<ns3:cad>80.0</ns3:cad>
						<ns3:hr>170</ns3:hr>
					</ns3:TrackPointExtension>
				</extensions>
			</trkpt>
			<trkpt lat="12.98301632" lon="77.69207071">
				<ele>888.98</ele>
				<time>2026-07-26T14:12:07Z</time>
				<extensions>
					<ns3:TrackPointExtension>
						<ns3:speed>2.33</ns3:speed>
						<ns3:cad>80.0</ns3:cad>
						<ns3:hr>169</ns3:hr>
					</ns3:TrackPointExtension>
				</extensions>
			</trkpt>
			<trkpt lat="12.98299833" lon="77.69208204">
				<ele>888.98</ele>
				<time>2026-07-26T14:12:08Z</time>
				<extensions>
					<ns3:TrackPointExtension>
						<ns3:speed>2.33</ns3:speed>
						<ns3:cad>80.0</ns3:cad>
						<ns3:hr>171</ns3:hr>
					</ns3:TrackPointExtension>
				</extensions>
			</trkpt>
			<trkpt lat="12.98298" lon="77.69209237">
				<ele>888.98</ele>
				<time>2026-07-26T14:12:09Z</time>
				<extensions>
					<ns3:TrackPointExtension>
						<ns3:speed>2.32</ns3:speed>
						<ns3:cad>80.0</ns3:cad>
						<ns3:hr>171</ns3:hr>
					</ns3:TrackPointExtension>
				</extensions>
			</trkpt>
			<trkpt lat="12.982962" lon="77.69210337">
				<ele>888.97</ele>
				<time>2026-07-26T14:12:10Z</time>
				<extensions>
					<ns3:TrackPointExtension>
						<ns3:speed>2.32</ns3:speed>
						<ns3:cad>79.0</ns3:cad>
						<ns3:hr>171</ns3:hr>
					</ns3:TrackPointExtension>
				</extensions>
			</trkpt>
			<trkpt lat="12.98294334" lon="77.69211503">
				<ele>888.98</ele>
				<time>2026-07-26T14:12:11Z</time>
				<extensions>
					<ns3:TrackPointExtension>
						<ns3:speed>2.31</ns3:speed>
						<ns3:cad>79.0</ns3:cad>
						<ns3:hr>170</ns3:hr>
					</ns3:TrackPointExtension>
				</extensions>
			</trkpt>
			<trkpt lat="12.98292534" lon="77.69212603">
				<ele>888.97</ele>
				<time>2026-07-26T14:12:12Z</time>
				<extensions>
					<ns3:TrackPointExtension>
						<ns3:speed>2.3</ns3:speed>
						<ns3:cad>79.0</ns3:cad>
						<ns3:hr>170</ns3:hr>
					</ns3:TrackPointExtension>
				</extensions>
			</trkpt>
			<trkpt lat="12.98290635" lon="77.69213802">
				<ele>888.97</ele>
				<time>2026-07-26T14:12:13Z</time>
				<extensions>
					<ns3:TrackPointExtension>
						<ns3:speed>2.3</ns3:speed>
						<ns3:cad>79.0</ns3:cad>
						<ns3:hr>171</ns3:hr>
					</ns3:TrackPointExtension>
				</extensions>
			</trkpt>
			<trkpt lat="12.98288835" lon="77.69215001">
				<ele>888.97</ele>
				<time>2026-07-26T14:12:14Z</time>
				<extensions>
					<ns3:TrackPointExtension>
						<ns3:speed>2.3</ns3:speed>
						<ns3:cad>79.0</ns3:cad>
						<ns3:hr>172</ns3:hr>
					</ns3:TrackPointExtension>
				</extensions>
			</trkpt>
			<trkpt lat="12.98287069" lon="77.69216234">
				<ele>888.97</ele>
				<time>2026-07-26T14:12:15Z</time>
				<extensions>
					<ns3:TrackPointExtension>
						<ns3:hr>172</ns3:hr>
					</ns3:TrackPointExtension>
				</extensions>
			</trkpt>
			<trkpt lat="12.9828527" lon="77.69217467">
				<ele>888.97</ele>
				<time>2026-07-26T14:12:16Z</time>
				<extensions>
					<ns3:TrackPointExtension>
						<ns3:speed>2.3</ns3:speed>
						<ns3:cad>80.0</ns3:cad>
						<ns3:hr>172</ns3:hr>
					</ns3:TrackPointExtension>
				</extensions>
			</trkpt>
			<trkpt lat="12.9828347" lon="77.69218666">
				<ele>888.97</ele>
				<time>2026-07-26T14:12:17Z</time>
				<extensions>
					<ns3:TrackPointExtension>
						<ns3:speed>2.29</ns3:speed>
						<ns3:cad>80.0</ns3:cad>
					</ns3:TrackPointExtension>
				</extensions>
			</trkpt>
			<trkpt lat="12.98281804" lon="77.69219899">
				<ele>888.96</ele>
				<time>2026-07-26T14:12:18Z</time>
				<extensions>
					<ns3:TrackPointExtension>
						<ns3:speed>2.29</ns3:speed>
						<ns3:cad>80.0</ns3:cad>
						<ns3:hr>172</ns3:hr>
					</ns3:TrackPointExtension>
				</extensions>
			</trkpt>
			<trkpt lat="12.98280071" lon="77.69221365">
				<ele>888.97</ele>
				<time>2026-07-26T14:12:19Z</time>
				<extensions>
					<ns3:TrackPointExtension>
						<ns3:speed>2.29</ns3:speed>
						<ns3:cad>80.0</ns3:cad>
						<ns3:hr>172</ns3:hr>
					</ns3:TrackPointExtension>
				</extensions>
			</trkpt>
			<trkpt lat="12.98278471" lon="77.69222931">
				<ele>888.97</ele>
				<time>2026-07-26T14:12:20Z</time>
				<extensions>
					<ns3:TrackPointExtension>
						<ns3:speed>2.29</ns3:speed>
						<ns3:cad>80.0</ns3:cad>
						<ns3:hr>172</ns3:hr>
					</ns3:TrackPointExtension>
				</extensions>
			</trkpt>
			<trkpt lat="12.98277005" lon="77.69224664">
				<ele>888.97</ele>
				<time>2026-07-26T14:12:21Z</time>
				<extensions>
					<ns3:TrackPointExtension>
						<ns3:speed>2.29</ns3:speed>
						<ns3:cad>80.0</ns3:cad>
						<ns3:hr>171</ns3:hr>
					</ns3:TrackPointExtension>
				</extensions>
			</trkpt>
			<trkpt lat="12.98275706" lon="77.69226563">
				<ele>888.97</ele>
				<time>2026-07-26T14:12:22Z</time>
				<extensions>
					<ns3:TrackPointExtension>
						<ns3:speed>2.29</ns3:speed>
						<ns3:cad>80.0</ns3:cad>
						<ns3:hr>171</ns3:hr>
					</ns3:TrackPointExtension>
				</extensions>
			</trkpt>
			<trkpt lat="12.98274606" lon="77.69228663">
				<ele>888.98</ele>
				<time>2026-07-26T14:12:23Z</time>
				<extensions>
					<ns3:TrackPointExtension>
						<ns3:speed>2.29</ns3:speed>
						<ns3:cad>80.0</ns3:cad>
						<ns3:hr>171</ns3:hr>
					</ns3:TrackPointExtension>
				</extensions>
			</trkpt>
			<trkpt lat="12.98273607" lon="77.69230763">
				<ele>888.99</ele>
				<time>2026-07-26T14:12:24Z</time>
				<extensions>
					<ns3:TrackPointExtension>
						<ns3:speed>2.29</ns3:speed>
						<ns3:cad>80.0</ns3:cad>
						<ns3:hr>172</ns3:hr>
					</ns3:TrackPointExtension>
				</extensions>
			</trkpt>
			<trkpt lat="12.98272608" lon="77.69232829">
				<ele>889.0</ele>
				<time>2026-07-26T14:12:25Z</time>
				<extensions>
					<ns3:TrackPointExtension>
						<ns3:speed>2.28</ns3:speed>
						<ns3:cad>81.0</ns3:cad>
						<ns3:hr>172</ns3:hr>
					</ns3:TrackPointExtension>
				</extensions>
			</trkpt>
			<trkpt lat="12.98271542" lon="77.69234729">
				<ele>889.01</ele>
				<time>2026-07-26T14:12:26Z</time>
				<extensions>
					<ns3:TrackPointExtension>
						<ns3:speed>2.28</ns3:speed>
						<ns3:cad>81.0</ns3:cad>
						<ns3:hr>173</ns3:hr>
					</ns3:TrackPointExtension>
				</extensions>
			</trkpt>
			<trkpt lat="12.98270242" lon="77.69236328">
				<ele>889.03</ele>
				<time>2026-07-26T14:12:27Z</time>
				<extensions>
					<ns3:TrackPointExtension>
						<ns3:speed>2.28</ns3:speed>
						<ns3:cad>81.0</ns3:cad>
						<ns3:hr>173</ns3:hr>
					</ns3:TrackPointExtension>
				</extensions>
			</trkpt>
			<trkpt lat="12.98268676" lon="77.69237594">
				<ele>889.04</ele>
				<time>2026-07-26T14:12:28Z</time>
				<extensions>
					<ns3:TrackPointExtension>
						<ns3:speed>2.28</ns3:speed>
						<ns3:cad>83.0</ns3:cad>
						<ns3:hr>173</ns3:hr>
					</ns3:TrackPointExtension>
				</extensions>
			</trkpt>
			<trkpt lat="12.98266843" lon="77.69238393">
				<ele>889.05</ele>
				<time>2026-07-26T14:12:29Z</time>
				<extensions>
					<ns3:TrackPointExtension>
						<ns3:speed>2.28</ns3:speed>
						<ns3:cad>83.0</ns3:cad>
						<ns3:hr>172</ns3:hr>
					</ns3:TrackPointExtension>
				</extensions>
			</trkpt>
			<trkpt lat="12.98264977" lon="77.69238859">
				<ele>889.06</ele>
				<time>2026-07-26T14:12:30Z</time>
				<extensions>
					<ns3:TrackPointExtension>
						<ns3:speed>2.28</ns3:speed>
						<ns3:cad>83.0</ns3:cad>
						<ns3:hr>171</ns3:hr>
					</ns3:TrackPointExtension>
				</extensions>
			</trkpt>
			<trkpt lat="12.98262944" lon="77.69239025">
				<ele>889.07</ele>
				<time>2026-07-26T14:12:31Z</time>
				<extensions>
					<ns3:TrackPointExtension>
						<ns3:speed>2.29</ns3:speed>
						<ns3:cad>83.0</ns3:cad>
						<ns3:hr>170</ns3:hr>
					</ns3:TrackPointExtension>
				</extensions>
			</trkpt>
			<trkpt lat="12.98261011" lon="77.69238992">
				<ele>889.08</ele>
				<time>2026-07-26T14:12:32Z</time>
				<extensions>
					<ns3:TrackPointExtension>
						<ns3:speed>2.28</ns3:speed>
						<ns3:cad>83.0</ns3:cad>
						<ns3:hr>169</ns3:hr>
					</ns3:TrackPointExtension>
				</extensions>
			</trkpt>
			<trkpt lat="12.98259078" lon="77.69238959">
				<ele>889.09</ele>
				<time>2026-07-26T14:12:33Z</time>
				<extensions>
					<ns3:TrackPointExtension>
						<ns3:speed>2.27</ns3:speed>
						<ns3:cad>81.0</ns3:cad>
						<ns3:hr>169</ns3:hr>
					</ns3:TrackPointExtension>
				</extensions>
			</trkpt>
			<trkpt lat="12.98257145" lon="77.69238826">
				<ele>889.11</ele>
				<time>2026-07-26T14:12:34Z</time>
				<extensions>
					<ns3:TrackPointExtension>
						<ns3:speed>2.26</ns3:speed>
						<ns3:cad>81.0</ns3:cad>
						<ns3:hr>170</ns3:hr>
					</ns3:TrackPointExtension>
				</extensions>
			</trkpt>
			<trkpt lat="12.98255279" lon="77.69238859">
				<ele>889.12</ele>
				<time>2026-07-26T14:12:35Z</time>
				<extensions>
					<ns3:TrackPointExtension>
						<ns3:speed>2.25</ns3:speed>
						<ns3:cad>81.0</ns3:cad>
						<ns3:hr>171</ns3:hr>
					</ns3:TrackPointExtension>
				</extensions>
			</trkpt>
			<trkpt lat="12.98253413" lon="77.69238892">
				<ele>889.15</ele>
				<time>2026-07-26T14:12:36Z</time>
				<extensions>
					<ns3:TrackPointExtension>
						<ns3:speed>2.24</ns3:speed>
						<ns3:cad>81.0</ns3:cad>
						<ns3:hr>171</ns3:hr>
					</ns3:TrackPointExtension>
				</extensions>
			</trkpt>
			<trkpt lat="12.98251514" lon="77.69239025">
				<ele>889.17</ele>
				<time>2026-07-26T14:12:37Z</time>
				<extensions>
					<ns3:TrackPointExtension>
						<ns3:speed>2.21</ns3:speed>
						<ns3:cad>80.0</ns3:cad>
						<ns3:hr>171</ns3:hr>
					</ns3:TrackPointExtension>
				</extensions>
			</trkpt>
			<trkpt lat="12.98249481" lon="77.69239325">
				<ele>889.19</ele>
				<time>2026-07-26T14:12:38Z</time>
				<extensions>
					<ns3:TrackPointExtension>
						<ns3:speed>2.2</ns3:speed>
						<ns3:cad>80.0</ns3:cad>
						<ns3:hr>171</ns3:hr>
					</ns3:TrackPointExtension>
				</extensions>
			</trkpt>
			<trkpt lat="12.98247448" lon="77.69239524">
				<ele>889.23</ele>
				<time>2026-07-26T14:12:39Z</time>
				<extensions>
					<ns3:TrackPointExtension>
						<ns3:speed>2.19</ns3:speed>
						<ns3:cad>80.0</ns3:cad>
						<ns3:hr>171</ns3:hr>
					</ns3:TrackPointExtension>
				</extensions>
			</trkpt>
			<trkpt lat="12.98245449" lon="77.69239491">
				<ele>889.25</ele>
				<time>2026-07-26T14:12:40Z</time>
				<extensions>
					<ns3:TrackPointExtension>
						<ns3:speed>2.18</ns3:speed>
						<ns3:cad>80.0</ns3:cad>
						<ns3:hr>171</ns3:hr>
					</ns3:TrackPointExtension>
				</extensions>
			</trkpt>
			<trkpt lat="12.98243383" lon="77.69239325">
				<ele>889.29</ele>
				<time>2026-07-26T14:12:41Z</time>
				<extensions>
					<ns3:TrackPointExtension>
						<ns3:speed>2.18</ns3:speed>
						<ns3:cad>80.0</ns3:cad>
						<ns3:hr>172</ns3:hr>
					</ns3:TrackPointExtension>
				</extensions>
			</trkpt>
			<trkpt lat="12.98241417" lon="77.69239025">
				<ele>889.31</ele>
				<time>2026-07-26T14:12:42Z</time>
				<extensions>
					<ns3:TrackPointExtension>
						<ns3:speed>2.17</ns3:speed>
						<ns3:cad>80.0</ns3:cad>
						<ns3:hr>172</ns3:hr>
					</ns3:TrackPointExtension>
				</extensions>
			</trkpt>
			<trkpt lat="12.98239518" lon="77.69238392">
				<ele>889.34</ele>
				<time>2026-07-26T14:12:43Z</time>
				<extensions>
					<ns3:TrackPointExtension>
						<ns3:speed>2.17</ns3:speed>
						<ns3:cad>80.0</ns3:cad>
						<ns3:hr>172</ns3:hr>
					</ns3:TrackPointExtension>
				</extensions>
			</trkpt>
			<trkpt lat="12.98237685" lon="77.69237526">
				<ele>889.37</ele>
				<time>2026-07-26T14:12:44Z</time>
				<extensions>
					<ns3:TrackPointExtension>
						<ns3:speed>2.16</ns3:speed>
						<ns3:cad>80.0</ns3:cad>
						<ns3:hr>172</ns3:hr>
					</ns3:TrackPointExtension>
				</extensions>
			</trkpt>
			<trkpt lat="12.98235986" lon="77.69236493">
				<ele>889.39</ele>
				<time>2026-07-26T14:12:45Z</time>
				<extensions>
					<ns3:TrackPointExtension>
						<ns3:speed>2.16</ns3:speed>
						<ns3:cad>80.0</ns3:cad>
						<ns3:hr>173</ns3:hr>
					</ns3:TrackPointExtension>
				</extensions>
			</trkpt>
			<trkpt lat="12.98234453" lon="77.69235227">
				<ele>889.42</ele>
				<time>2026-07-26T14:12:46Z</time>
				<extensions>
					<ns3:TrackPointExtension>
						<ns3:speed>2.16</ns3:speed>
						<ns3:cad>79.0</ns3:cad>
						<ns3:hr>172</ns3:hr>
					</ns3:TrackPointExtension>
				</extensions>
			</trkpt>
			<trkpt lat="12.9823292" lon="77.69233828">
				<ele>889.44</ele>
				<time>2026-07-26T14:12:47Z</time>
				<extensions>
					<ns3:TrackPointExtension>
						<ns3:speed>2.15</ns3:speed>
						<ns3:cad>79.0</ns3:cad>
						<ns3:hr>171</ns3:hr>
					</ns3:TrackPointExtension>
				</extensions>
			</trkpt>
			<trkpt lat="12.98231621" lon="77.69232295">
				<ele>889.45</ele>
				<time>2026-07-26T14:12:48Z</time>
				<extensions>
					<ns3:TrackPointExtension>
						<ns3:speed>2.15</ns3:speed>
						<ns3:cad>78.0</ns3:cad>
						<ns3:hr>171</ns3:hr>
					</ns3:TrackPointExtension>
				</extensions>
			</trkpt>
			<trkpt lat="12.98230355" lon="77.69230662">
				<ele>889.46</ele>
				<time>2026-07-26T14:12:49Z</time>
				<extensions>
					<ns3:TrackPointExtension>
						<ns3:speed>2.15</ns3:speed>
						<ns3:cad>78.0</ns3:cad>
						<ns3:hr>172</ns3:hr>
					</ns3:TrackPointExtension>
				</extensions>
			</trkpt>
			<trkpt lat="12.98229189" lon="77.69229029">
				<ele>889.46</ele>
				<time>2026-07-26T14:12:50Z</time>
				<extensions>
					<ns3:TrackPointExtension>
						<ns3:speed>2.15</ns3:speed>
						<ns3:cad>78.0</ns3:cad>
						<ns3:hr>172</ns3:hr>
					</ns3:TrackPointExtension>
				</extensions>
			</trkpt>
			<trkpt lat="12.98228123" lon="77.69227396">
				<ele>889.46</ele>
				<time>2026-07-26T14:12:51Z</time>
				<extensions>
					<ns3:TrackPointExtension>
						<ns3:speed>2.15</ns3:speed>
						<ns3:cad>79.0</ns3:cad>
						<ns3:hr>172</ns3:hr>
					</ns3:TrackPointExtension>
				</extensions>
			</trkpt>
			<trkpt lat="12.98227057" lon="77.69225763">
				<ele>889.46</ele>
				<time>2026-07-26T14:12:52Z</time>
				<extensions>
					<ns3:TrackPointExtension>
						<ns3:speed>2.15</ns3:speed>
						<ns3:cad>79.0</ns3:cad>
						<ns3:hr>172</ns3:hr>
					</ns3:TrackPointExtension>
				</extensions>
			</trkpt>
			<trkpt lat="12.98226091" lon="77.69224163">
				<ele>889.45</ele>
				<time>2026-07-26T14:12:53Z</time>
				<extensions>
					<ns3:TrackPointExtension>
						<ns3:speed>2.15</ns3:speed>
						<ns3:cad>80.0</ns3:cad>
						<ns3:hr>172</ns3:hr>
					</ns3:TrackPointExtension>
				</extensions>
			</trkpt>
			<trkpt lat="12.98225025" lon="77.69222597">
				<ele>889.45</ele>
				<time>2026-07-26T14:12:54Z</time>
				<extensions>
					<ns3:TrackPointExtension>
						<ns3:speed>2.13</ns3:speed>
						<ns3:cad>81.0</ns3:cad>
						<ns3:hr>171</ns3:hr>
					</ns3:TrackPointExtension>
				</extensions>
			</trkpt>
			<trkpt lat="12.98223892" lon="77.69221064">
				<ele>889.43</ele>
				<time>2026-07-26T14:12:55Z</time>
				<extensions>
					<ns3:TrackPointExtension>
						<ns3:speed>2.12</ns3:speed>
						<ns3:cad>83.0</ns3:cad>
						<ns3:hr>170</ns3:hr>
					</ns3:TrackPointExtension>
				</extensions>
			</trkpt>
			<trkpt lat="12.98222626" lon="77.69219631">
				<ele>889.42</ele>
				<time>2026-07-26T14:12:56Z</time>
				<extensions>
					<ns3:TrackPointExtension>
						<ns3:speed>2.12</ns3:speed>
						<ns3:cad>84.0</ns3:cad>
						<ns3:hr>171</ns3:hr>
					</ns3:TrackPointExtension>
				</extensions>
			</trkpt>
			<trkpt lat="12.9822136" lon="77.69218098">
				<ele>889.41</ele>
				<time>2026-07-26T14:12:57Z</time>
				<extensions>
					<ns3:TrackPointExtension>
						<ns3:speed>2.12</ns3:speed>
						<ns3:cad>84.0</ns3:cad>
						<ns3:hr>172</ns3:hr>
					</ns3:TrackPointExtension>
				</extensions>
			</trkpt>
			<trkpt lat="12.98220094" lon="77.69216565">
				<ele>889.4</ele>
				<time>2026-07-26T14:12:58Z</time>
				<extensions>
					<ns3:TrackPointExtension>
						<ns3:speed>2.12</ns3:speed>
						<ns3:cad>85.0</ns3:cad>
						<ns3:hr>171</ns3:hr>
					</ns3:TrackPointExtension>
				</extensions>
			</trkpt>
			<trkpt lat="12.98218828" lon="77.69215032">
				<ele>889.39</ele>
				<time>2026-07-26T14:12:59Z</time>
				<extensions>
					<ns3:TrackPointExtension>
						<ns3:speed>2.12</ns3:speed>
						<ns3:cad>85.0</ns3:cad>
						<ns3:hr>171</ns3:hr>
					</ns3:TrackPointExtension>
				</extensions>
			</trkpt>
			<trkpt lat="12.98217295" lon="77.69213466">
				<ele>889.38</ele>
				<time>2026-07-26T14:13:00Z</time>
				<extensions>
					<ns3:TrackPointExtension>
						<ns3:speed>2.12</ns3:speed>
						<ns3:cad>84.0</ns3:cad>
						<ns3:hr>171</ns3:hr>
					</ns3:TrackPointExtension>
				</extensions>
			</trkpt>
			<trkpt lat="12.98215829" lon="77.692119">
				<ele>889.37</ele>
				<time>2026-07-26T14:13:01Z</time>
				<extensions>
					<ns3:TrackPointExtension>
						<ns3:speed>2.13</ns3:speed>
						<ns3:cad>84.0</ns3:cad>
						<ns3:hr>171</ns3:hr>
					</ns3:TrackPointExtension>
				</extensions>
			</trkpt>
			<trkpt lat="12.98214363" lon="77.692104">
				<ele>889.35</ele>
				<time>2026-07-26T14:13:02Z</time>
				<extensions>
					<ns3:TrackPointExtension>
						<ns3:speed>2.13</ns3:speed>
						<ns3:cad>84.0</ns3:cad>
						<ns3:hr>171</ns3:hr>
					</ns3:TrackPointExtension>
				</extensions>
			</trkpt>
			<trkpt lat="12.98212663" lon="77.69208934">
				<ele>889.35</ele>
				<time>2026-07-26T14:13:03Z</time>
				<extensions>
					<ns3:TrackPointExtension>
						<ns3:speed>2.13</ns3:speed>
						<ns3:cad>83.0</ns3:cad>
						<ns3:hr>171</ns3:hr>
					</ns3:TrackPointExtension>
				</extensions>
			</trkpt>
			<trkpt lat="12.98210797" lon="77.69207534">
				<ele>889.34</ele>
				<time>2026-07-26T14:13:04Z</time>
				<extensions>
					<ns3:TrackPointExtension>
						<ns3:speed>2.14</ns3:speed>
						<ns3:cad>83.0</ns3:cad>
						<ns3:hr>170</ns3:hr>
					</ns3:TrackPointExtension>
				</extensions>
			</trkpt>
			<trkpt lat="12.98208731" lon="77.69206235">
				<ele>889.33</ele>
				<time>2026-07-26T14:13:05Z</time>
				<extensions>
					<ns3:TrackPointExtension>
						<ns3:speed>2.15</ns3:speed>
						<ns3:cad>81.0</ns3:cad>
						<ns3:hr>170</ns3:hr>
					</ns3:TrackPointExtension>
				</extensions>
			</trkpt>
			<trkpt lat="12.98206698" lon="77.69205002">
				<ele>889.32</ele>
				<time>2026-07-26T14:13:06Z</time>
				<extensions>
					<ns3:TrackPointExtension>
						<ns3:speed>2.15</ns3:speed>
						<ns3:cad>81.0</ns3:cad>
						<ns3:hr>170</ns3:hr>
					</ns3:TrackPointExtension>
				</extensions>
			</trkpt>
			<trkpt lat="12.98204932" lon="77.69203569">
				<ele>889.31</ele>
				<time>2026-07-26T14:13:07Z</time>
				<extensions>
					<ns3:TrackPointExtension>
						<ns3:speed>2.16</ns3:speed>
						<ns3:cad>80.0</ns3:cad>
						<ns3:hr>171</ns3:hr>
					</ns3:TrackPointExtension>
				</extensions>
			</trkpt>
			<trkpt lat="12.98203632" lon="77.69201936">
				<ele>889.3</ele>
				<time>2026-07-26T14:13:08Z</time>
				<extensions>
					<ns3:TrackPointExtension>
						<ns3:speed>2.16</ns3:speed>
						<ns3:cad>80.0</ns3:cad>
						<ns3:hr>171</ns3:hr>
					</ns3:TrackPointExtension>
				</extensions>
			</trkpt>
			<trkpt lat="12.98202833" lon="77.6920007">
				<ele>889.27</ele>
				<time>2026-07-26T14:13:09Z</time>
				<extensions>
					<ns3:TrackPointExtension>
						<ns3:speed>2.17</ns3:speed>
						<ns3:cad>80.0</ns3:cad>
						<ns3:hr>170</ns3:hr>
					</ns3:TrackPointExtension>
				</extensions>
			</trkpt>
			<trkpt lat="12.98202433" lon="77.69198104">
				<ele>889.25</ele>
				<time>2026-07-26T14:13:10Z</time>
				<extensions>
					<ns3:TrackPointExtension>
						<ns3:speed>2.18</ns3:speed>
						<ns3:cad>80.0</ns3:cad>
						<ns3:hr>170</ns3:hr>
					</ns3:TrackPointExtension>
				</extensions>
			</trkpt>
			<trkpt lat="12.98202267" lon="77.69196038">
				<ele>889.22</ele>
				<time>2026-07-26T14:13:11Z</time>
				<extensions>
					<ns3:TrackPointExtension>
						<ns3:speed>2.18</ns3:speed>
						<ns3:cad>80.0</ns3:cad>
						<ns3:hr>170</ns3:hr>
					</ns3:TrackPointExtension>
				</extensions>
			</trkpt>
			<trkpt lat="12.98202201" lon="77.69193938">
				<ele>889.19</ele>
				<time>2026-07-26T14:13:12Z</time>
				<extensions>
					<ns3:TrackPointExtension>
						<ns3:speed>2.19</ns3:speed>
						<ns3:cad>80.0</ns3:cad>
						<ns3:hr>170</ns3:hr>
					</ns3:TrackPointExtension>
				</extensions>
			</trkpt>
			<trkpt lat="12.98202434" lon="77.69191805">
				<ele>889.14</ele>
				<time>2026-07-26T14:13:13Z</time>
				<extensions>
					<ns3:TrackPointExtension>
						<ns3:speed>2.19</ns3:speed>
						<ns3:cad>80.0</ns3:cad>
						<ns3:hr>170</ns3:hr>
					</ns3:TrackPointExtension>
				</extensions>
			</trkpt>
			<trkpt lat="12.98202733" lon="77.69189672">
				<ele>889.09</ele>
				<time>2026-07-26T14:13:14Z</time>
				<extensions>
					<ns3:TrackPointExtension>
						<ns3:speed>2.19</ns3:speed>
						<ns3:cad>80.0</ns3:cad>
						<ns3:hr>171</ns3:hr>
					</ns3:TrackPointExtension>
				</extensions>
			</trkpt>
			<trkpt lat="12.98203099" lon="77.69187573">
				<ele>889.03</ele>
				<time>2026-07-26T14:13:15Z</time>
				<extensions>
					<ns3:TrackPointExtension>
						<ns3:speed>2.2</ns3:speed>
						<ns3:cad>81.0</ns3:cad>
						<ns3:hr>172</ns3:hr>
					</ns3:TrackPointExtension>
				</extensions>
			</trkpt>
			<trkpt lat="12.98203532" lon="77.69185473">
				<ele>888.97</ele>
				<time>2026-07-26T14:13:16Z</time>
				<extensions>
					<ns3:TrackPointExtension>
						<ns3:speed>2.21</ns3:speed>
						<ns3:cad>81.0</ns3:cad>
						<ns3:hr>171</ns3:hr>
					</ns3:TrackPointExtension>
				</extensions>
			</trkpt>
			<trkpt lat="12.98203765" lon="77.69183407">
				<ele>888.91</ele>
				<time>2026-07-26T14:13:17Z</time>
				<extensions>
					<ns3:TrackPointExtension>
						<ns3:speed>2.21</ns3:speed>
						<ns3:cad>81.0</ns3:cad>
						<ns3:hr>171</ns3:hr>
					</ns3:TrackPointExtension>
				</extensions>
			</trkpt>
			<trkpt lat="12.98204198" lon="77.69181274">
				<ele>888.84</ele>
				<time>2026-07-26T14:13:18Z</time>
				<extensions>
					<ns3:TrackPointExtension>
						<ns3:speed>2.21</ns3:speed>
						<ns3:cad>81.0</ns3:cad>
						<ns3:hr>170</ns3:hr>
					</ns3:TrackPointExtension>
				</extensions>
			</trkpt>
			<trkpt lat="12.98204764" lon="77.69179074">
				<ele>888.78</ele>
				<time>2026-07-26T14:13:19Z</time>
				<extensions>
					<ns3:TrackPointExtension>
						<ns3:speed>2.22</ns3:speed>
						<ns3:cad>81.0</ns3:cad>
						<ns3:hr>170</ns3:hr>
					</ns3:TrackPointExtension>
				</extensions>
			</trkpt>
			<trkpt lat="12.98205364" lon="77.69176908">
				<ele>888.71</ele>
				<time>2026-07-26T14:13:20Z</time>
				<extensions>
					<ns3:TrackPointExtension>
						<ns3:speed>2.23</ns3:speed>
						<ns3:cad>81.0</ns3:cad>
						<ns3:hr>171</ns3:hr>
					</ns3:TrackPointExtension>
				</extensions>
			</trkpt>
			<trkpt lat="12.98205763" lon="77.69174842">
				<ele>888.67</ele>
				<time>2026-07-26T14:13:21Z</time>
				<extensions>
					<ns3:TrackPointExtension>
						<ns3:speed>2.21</ns3:speed>
						<ns3:cad>81.0</ns3:cad>
						<ns3:hr>171</ns3:hr>
					</ns3:TrackPointExtension>
				</extensions>
			</trkpt>
			<trkpt lat="12.98206096" lon="77.69172742">
				<ele>888.62</ele>
				<time>2026-07-26T14:13:22Z</time>
				<extensions>
					<ns3:TrackPointExtension>
						<ns3:speed>2.23</ns3:speed>
						<ns3:cad>81.0</ns3:cad>
						<ns3:hr>171</ns3:hr>
					</ns3:TrackPointExtension>
				</extensions>
			</trkpt>
			<trkpt lat="12.98206395" lon="77.69170709">
				<ele>888.58</ele>
				<time>2026-07-26T14:13:23Z</time>
				<extensions>
					<ns3:TrackPointExtension>
						<ns3:speed>2.23</ns3:speed>
						<ns3:cad>81.0</ns3:cad>
						<ns3:hr>170</ns3:hr>
					</ns3:TrackPointExtension>
				</extensions>
			</trkpt>
			<trkpt lat="12.98206761" lon="77.69168676">
				<ele>888.55</ele>
				<time>2026-07-26T14:13:24Z</time>
				<extensions>
					<ns3:TrackPointExtension>
						<ns3:speed>2.24</ns3:speed>
						<ns3:cad>81.0</ns3:cad>
						<ns3:hr>170</ns3:hr>
					</ns3:TrackPointExtension>
				</extensions>
			</trkpt>
			<trkpt lat="12.98207727" lon="77.6916671">
				<ele>888.54</ele>
				<time>2026-07-26T14:13:25Z</time>
				<extensions>
					<ns3:TrackPointExtension>
						<ns3:speed>2.24</ns3:speed>
						<ns3:cad>81.0</ns3:cad>
						<ns3:hr>170</ns3:hr>
					</ns3:TrackPointExtension>
				</extensions>
			</trkpt>
			<trkpt lat="12.9820866" lon="77.69164744">
				<ele>888.54</ele>
				<time>2026-07-26T14:13:26Z</time>
				<extensions>
					<ns3:TrackPointExtension>
						<ns3:speed>2.24</ns3:speed>
						<ns3:cad>81.0</ns3:cad>
						<ns3:hr>171</ns3:hr>
					</ns3:TrackPointExtension>
				</extensions>
			</trkpt>
			<trkpt lat="12.98209659" lon="77.69162878">
				<ele>888.55</ele>
				<time>2026-07-26T14:13:27Z</time>
				<extensions>
					<ns3:TrackPointExtension>
						<ns3:speed>2.23</ns3:speed>
						<ns3:cad>81.0</ns3:cad>
						<ns3:hr>171</ns3:hr>
					</ns3:TrackPointExtension>
				</extensions>
			</trkpt>
			<trkpt lat="12.98210525" lon="77.69161045">
				<ele>888.56</ele>
				<time>2026-07-26T14:13:28Z</time>
				<extensions>
					<ns3:TrackPointExtension>
						<ns3:speed>2.23</ns3:speed>
						<ns3:cad>81.0</ns3:cad>
						<ns3:hr>172</ns3:hr>
					</ns3:TrackPointExtension>
				</extensions>
			</trkpt>
			<trkpt lat="12.98211091" lon="77.69159212">
				<ele>888.59</ele>
				<time>2026-07-26T14:13:29Z</time>
				<extensions>
					<ns3:TrackPointExtension>
						<ns3:speed>2.23</ns3:speed>
						<ns3:cad>80.0</ns3:cad>
						<ns3:hr>172</ns3:hr>
					</ns3:TrackPointExtension>
				</extensions>
			</trkpt>
			<trkpt lat="12.98211257" lon="77.69157113">
				<ele>888.62</ele>
				<time>2026-07-26T14:13:30Z</time>
				<extensions>
					<ns3:TrackPointExtension>
						<ns3:speed>2.22</ns3:speed>
						<ns3:cad>80.0</ns3:cad>
						<ns3:hr>172</ns3:hr>
					</ns3:TrackPointExtension>
				</extensions>
			</trkpt>
			<trkpt lat="12.98211124" lon="77.69154913">
				<ele>888.65</ele>
				<time>2026-07-26T14:13:31Z</time>
				<extensions>
					<ns3:TrackPointExtension>
						<ns3:speed>2.22</ns3:speed>
						<ns3:cad>80.0</ns3:cad>
						<ns3:hr>171</ns3:hr>
					</ns3:TrackPointExtension>
				</extensions>
			</trkpt>
			<trkpt lat="12.98210324" lon="77.69152547">
				<ele>888.7</ele>
				<time>2026-07-26T14:13:32Z</time>
				<extensions>
					<ns3:TrackPointExtension>
						<ns3:speed>2.21</ns3:speed>
						<ns3:cad>80.0</ns3:cad>
						<ns3:hr>170</ns3:hr>
					</ns3:TrackPointExtension>
				</extensions>
			</trkpt>
			<trkpt lat="12.98209191" lon="77.69150314">
				<ele>888.75</ele>
				<time>2026-07-26T14:13:33Z</time>
				<extensions>
					<ns3:TrackPointExtension>
						<ns3:speed>2.22</ns3:speed>
						<ns3:cad>80.0</ns3:cad>
						<ns3:hr>170</ns3:hr>
					</ns3:TrackPointExtension>
				</extensions>
			</trkpt>
			<trkpt lat="12.98208025" lon="77.69148381">
				<ele>888.86</ele>
				<time>2026-07-26T14:13:34Z</time>
				<extensions>
					<ns3:TrackPointExtension>
						<ns3:speed>2.23</ns3:speed>
						<ns3:cad>80.0</ns3:cad>
						<ns3:hr>171</ns3:hr>
					</ns3:TrackPointExtension>
				</extensions>
			</trkpt>
			<trkpt lat="12.98206425" lon="77.69146748">
				<ele>888.9</ele>
				<time>2026-07-26T14:13:35Z</time>
				<extensions>
					<ns3:TrackPointExtension>
						<ns3:speed>2.23</ns3:speed>
						<ns3:cad>80.0</ns3:cad>
						<ns3:hr>172</ns3:hr>
					</ns3:TrackPointExtension>
				</extensions>
			</trkpt>
			<trkpt lat="12.98204625" lon="77.69145415">
				<ele>888.94</ele>
				<time>2026-07-26T14:13:36Z</time>
				<extensions>
					<ns3:TrackPointExtension>
						<ns3:speed>2.23</ns3:speed>
						<ns3:cad>79.0</ns3:cad>
						<ns3:hr>172</ns3:hr>
					</ns3:TrackPointExtension>
				</extensions>
			</trkpt>
			<trkpt lat="12.98202692" lon="77.69144315">
				<ele>888.96</ele>
				<time>2026-07-26T14:13:37Z</time>
				<extensions>
					<ns3:TrackPointExtension>
						<ns3:speed>2.23</ns3:speed>
						<ns3:cad>79.0</ns3:cad>
						<ns3:hr>170</ns3:hr>
					</ns3:TrackPointExtension>
				</extensions>
			</trkpt>
			<trkpt lat="12.98200692" lon="77.69143382">
				<ele>888.98</ele>
				<time>2026-07-26T14:13:38Z</time>
				<extensions>
					<ns3:TrackPointExtension>
						<ns3:speed>2.22</ns3:speed>
						<ns3:cad>79.0</ns3:cad>
						<ns3:hr>171</ns3:hr>
					</ns3:TrackPointExtension>
				</extensions>
			</trkpt>
			<trkpt lat="12.98198592" lon="77.69142483">
				<ele>888.96</ele>
				<time>2026-07-26T14:13:39Z</time>
				<extensions>
					<ns3:TrackPointExtension>
						<ns3:speed>2.23</ns3:speed>
						<ns3:cad>80.0</ns3:cad>
						<ns3:hr>171</ns3:hr>
					</ns3:TrackPointExtension>
				</extensions>
			</trkpt>
			<trkpt lat="12.98196493" lon="77.69141483">
				<ele>888.95</ele>
				<time>2026-07-26T14:13:40Z</time>
				<extensions>
					<ns3:TrackPointExtension>
						<ns3:speed>2.24</ns3:speed>
						<ns3:cad>80.0</ns3:cad>
						<ns3:hr>171</ns3:hr>
					</ns3:TrackPointExtension>
				</extensions>
			</trkpt>
			<trkpt lat="12.98194493" lon="77.6914035">
				<ele>888.93</ele>
				<time>2026-07-26T14:13:41Z</time>
				<extensions>
					<ns3:TrackPointExtension>
						<ns3:speed>2.24</ns3:speed>
						<ns3:cad>81.0</ns3:cad>
						<ns3:hr>171</ns3:hr>
					</ns3:TrackPointExtension>
				</extensions>
			</trkpt>
			<trkpt lat="12.98192694" lon="77.69139051">
				<ele>888.9</ele>
				<time>2026-07-26T14:13:42Z</time>
				<extensions>
					<ns3:TrackPointExtension>
						<ns3:speed>2.25</ns3:speed>
						<ns3:cad>81.0</ns3:cad>
						<ns3:hr>171</ns3:hr>
					</ns3:TrackPointExtension>
				</extensions>
			</trkpt>
			<trkpt lat="12.98190861" lon="77.69137685">
				<ele>888.87</ele>
				<time>2026-07-26T14:13:43Z</time>
				<extensions>
					<ns3:TrackPointExtension>
						<ns3:speed>2.26</ns3:speed>
						<ns3:cad>81.0</ns3:cad>
						<ns3:hr>171</ns3:hr>
					</ns3:TrackPointExtension>
				</extensions>
			</trkpt>
			<trkpt lat="12.98189428" lon="77.69136119">
				<ele>888.83</ele>
				<time>2026-07-26T14:13:44Z</time>
				<extensions>
					<ns3:TrackPointExtension>
						<ns3:speed>2.26</ns3:speed>
						<ns3:cad>81.0</ns3:cad>
						<ns3:hr>171</ns3:hr>
					</ns3:TrackPointExtension>
				</extensions>
			</trkpt>
			<trkpt lat="12.98188462" lon="77.69134386">
				<ele>888.83</ele>
				<time>2026-07-26T14:13:45Z</time>
				<extensions>
					<ns3:TrackPointExtension>
						<ns3:hr>171</ns3:hr>
					</ns3:TrackPointExtension>
				</extensions>
			</trkpt>
			<trkpt lat="12.98187729" lon="77.69132487">
				<ele>888.79</ele>
				<time>2026-07-26T14:13:46Z</time>
				<extensions>
					<ns3:TrackPointExtension>
						<ns3:speed>2.26</ns3:speed>
						<ns3:cad>80.0</ns3:cad>
						<ns3:hr>172</ns3:hr>
					</ns3:TrackPointExtension>
				</extensions>
			</trkpt>
			<trkpt lat="12.98187296" lon="77.69130554">
				<ele>888.74</ele>
				<time>2026-07-26T14:13:47Z</time>
				<extensions>
					<ns3:TrackPointExtension>
						<ns3:speed>2.26</ns3:speed>
						<ns3:cad>80.0</ns3:cad>
					</ns3:TrackPointExtension>
				</extensions>
			</trkpt>
			<trkpt lat="12.98187296" lon="77.69128521">
				<ele>888.7</ele>
				<time>2026-07-26T14:13:48Z</time>
				<extensions>
					<ns3:TrackPointExtension>
						<ns3:speed>2.26</ns3:speed>
						<ns3:cad>80.0</ns3:cad>
						<ns3:hr>171</ns3:hr>
					</ns3:TrackPointExtension>
				</extensions>
			</trkpt>
			<trkpt lat="12.98187562" lon="77.69126355">
				<ele>888.64</ele>
				<time>2026-07-26T14:13:49Z</time>
				<extensions>
					<ns3:TrackPointExtension>
						<ns3:speed>2.26</ns3:speed>
						<ns3:cad>79.0</ns3:cad>
						<ns3:hr>171</ns3:hr>
					</ns3:TrackPointExtension>
				</extensions>
			</trkpt>
			<trkpt lat="12.98187928" lon="77.69124189">
				<ele>888.59</ele>
				<time>2026-07-26T14:13:50Z</time>
				<extensions>
					<ns3:TrackPointExtension>
						<ns3:speed>2.26</ns3:speed>
						<ns3:cad>79.0</ns3:cad>
						<ns3:hr>171</ns3:hr>
					</ns3:TrackPointExtension>
				</extensions>
			</trkpt>
			<trkpt lat="12.98188661" lon="77.69122023">
				<ele>888.54</ele>
				<time>2026-07-26T14:13:51Z</time>
				<extensions>
					<ns3:TrackPointExtension>
						<ns3:speed>2.26</ns3:speed>
						<ns3:cad>79.0</ns3:cad>
						<ns3:hr>171</ns3:hr>
					</ns3:TrackPointExtension>
				</extensions>
			</trkpt>
			<trkpt lat="12.98189527" lon="77.69119857">
				<ele>888.48</ele>
				<time>2026-07-26T14:13:52Z</time>
				<extensions>
					<ns3:TrackPointExtension>
						<ns3:speed>2.26</ns3:speed>
						<ns3:cad>79.0</ns3:cad>
						<ns3:hr>171</ns3:hr>
					</ns3:TrackPointExtension>
				</extensions>
			</trkpt>
			<trkpt lat="12.9819036" lon="77.69117724">
				<ele>888.43</ele>
				<time>2026-07-26T14:13:53Z</time>
				<extensions>
					<ns3:TrackPointExtension>
						<ns3:speed>2.26</ns3:speed>
						<ns3:cad>80.0</ns3:cad>
						<ns3:hr>171</ns3:hr>
					</ns3:TrackPointExtension>
				</extensions>
			</trkpt>
			<trkpt lat="12.98191293" lon="77.69115558">
				<ele>888.39</ele>
				<time>2026-07-26T14:13:54Z</time>
				<extensions>
					<ns3:TrackPointExtension>
						<ns3:speed>2.27</ns3:speed>
						<ns3:cad>81.0</ns3:cad>
						<ns3:hr>171</ns3:hr>
					</ns3:TrackPointExtension>
				</extensions>
			</trkpt>
			<trkpt lat="12.98192159" lon="77.69113458">
				<ele>888.36</ele>
				<time>2026-07-26T14:13:55Z</time>
				<extensions>
					<ns3:TrackPointExtension>
						<ns3:speed>2.27</ns3:speed>
						<ns3:cad>81.0</ns3:cad>
						<ns3:hr>172</ns3:hr>
					</ns3:TrackPointExtension>
				</extensions>
			</trkpt>
			<trkpt lat="12.98193092" lon="77.69111392">
				<ele>888.33</ele>
				<time>2026-07-26T14:13:56Z</time>
				<extensions>
					<ns3:TrackPointExtension>
						<ns3:speed>2.27</ns3:speed>
						<ns3:cad>83.0</ns3:cad>
						<ns3:hr>171</ns3:hr>
					</ns3:TrackPointExtension>
				</extensions>
			</trkpt>
			<trkpt lat="12.98193892" lon="77.69109359">
				<ele>888.31</ele>
				<time>2026-07-26T14:13:57Z</time>
				<extensions>
					<ns3:TrackPointExtension>
						<ns3:speed>2.28</ns3:speed>
						<ns3:cad>84.0</ns3:cad>
						<ns3:hr>171</ns3:hr>
					</ns3:TrackPointExtension>
				</extensions>
			</trkpt>
			<trkpt lat="12.98194592" lon="77.69107326">
				<ele>888.29</ele>
				<time>2026-07-26T14:13:58Z</time>
				<extensions>
					<ns3:TrackPointExtension>
						<ns3:speed>2.29</ns3:speed>
						<ns3:cad>84.0</ns3:cad>
						<ns3:hr>170</ns3:hr>
					</ns3:TrackPointExtension>
				</extensions>
			</trkpt>
			<trkpt lat="12.98195358" lon="77.69105327">
				<ele>888.29</ele>
				<time>2026-07-26T14:13:59Z</time>
				<extensions>
					<ns3:TrackPointExtension>
						<ns3:speed>2.3</ns3:speed>
						<ns3:cad>84.0</ns3:cad>
						<ns3:hr>169</ns3:hr>
					</ns3:TrackPointExtension>
				</extensions>
			</trkpt>
			<trkpt lat="12.98196124" lon="77.69103327">
				<ele>888.29</ele>
				<time>2026-07-26T14:14:00Z</time>
				<extensions>
					<ns3:TrackPointExtension>
						<ns3:speed>2.3</ns3:speed>
						<ns3:cad>83.0</ns3:cad>
						<ns3:hr>168</ns3:hr>
					</ns3:TrackPointExtension>
				</extensions>
			</trkpt>
			<trkpt lat="12.98196924" lon="77.69101327">
				<ele>888.29</ele>
				<time>2026-07-26T14:14:01Z</time>
				<extensions>
					<ns3:TrackPointExtension>
						<ns3:speed>2.3</ns3:speed>
						<ns3:cad>83.0</ns3:cad>
						<ns3:hr>168</ns3:hr>
					</ns3:TrackPointExtension>
				</extensions>
			</trkpt>
			<trkpt lat="12.9819769" lon="77.69099328">
				<ele>888.29</ele>
				<time>2026-07-26T14:14:02Z</time>
				<extensions>
					<ns3:TrackPointExtension>
						<ns3:speed>2.3</ns3:speed>
						<ns3:cad>81.0</ns3:cad>
						<ns3:hr>169</ns3:hr>
					</ns3:TrackPointExtension>
				</extensions>
			</trkpt>
			<trkpt lat="12.98198523" lon="77.69097295">
				<ele>888.29</ele>
				<time>2026-07-26T14:14:03Z</time>
				<extensions>
					<ns3:TrackPointExtension>
						<ns3:speed>2.3</ns3:speed>
						<ns3:cad>81.0</ns3:cad>
						<ns3:hr>170</ns3:hr>
					</ns3:TrackPointExtension>
				</extensions>
			</trkpt>
			<trkpt lat="12.98199456" lon="77.69095429">
				<ele>888.3</ele>
				<time>2026-07-26T14:14:04Z</time>
				<extensions>
					<ns3:TrackPointExtension>
						<ns3:speed>2.3</ns3:speed>
						<ns3:cad>80.0</ns3:cad>
						<ns3:hr>172</ns3:hr>
					</ns3:TrackPointExtension>
				</extensions>
			</trkpt>
			<trkpt lat="12.98200389" lon="77.6909353">
				<ele>888.3</ele>
				<time>2026-07-26T14:14:05Z</time>
				<extensions>
					<ns3:TrackPointExtension>
						<ns3:speed>2.3</ns3:speed>
						<ns3:cad>80.0</ns3:cad>
						<ns3:hr>172</ns3:hr>
					</ns3:TrackPointExtension>
				</extensions>
			</trkpt>
			<trkpt lat="12.98201222" lon="77.69091497">
				<ele>888.3</ele>
				<time>2026-07-26T14:14:06Z</time>
				<extensions>
					<ns3:TrackPointExtension>
						<ns3:speed>2.3</ns3:speed>
						<ns3:cad>80.0</ns3:cad>
						<ns3:hr>171</ns3:hr>
					</ns3:TrackPointExtension>
				</extensions>
			</trkpt>
			<trkpt lat="12.98201988" lon="77.69089431">
				<ele>888.29</ele>
				<time>2026-07-26T14:14:07Z</time>
				<extensions>
					<ns3:TrackPointExtension>
						<ns3:speed>2.31</ns3:speed>
						<ns3:cad>81.0</ns3:cad>
						<ns3:hr>170</ns3:hr>
					</ns3:TrackPointExtension>
				</extensions>
			</trkpt>
			<trkpt lat="12.98202521" lon="77.69087298">
				<ele>888.27</ele>
				<time>2026-07-26T14:14:08Z</time>
				<extensions>
					<ns3:TrackPointExtension>
						<ns3:speed>2.32</ns3:speed>
						<ns3:cad>81.0</ns3:cad>
						<ns3:hr>169</ns3:hr>
					</ns3:TrackPointExtension>
				</extensions>
			</trkpt>
			<trkpt lat="12.9820302" lon="77.69085165">
				<ele>888.25</ele>
				<time>2026-07-26T14:14:09Z</time>
				<extensions>
					<ns3:TrackPointExtension>
						<ns3:speed>2.32</ns3:speed>
						<ns3:cad>81.0</ns3:cad>
						<ns3:hr>169</ns3:hr>
					</ns3:TrackPointExtension>
				</extensions>
			</trkpt>
			<trkpt lat="12.98203453" lon="77.69083032">
				<ele>888.24</ele>
				<time>2026-07-26T14:14:10Z</time>
				<extensions>
					<ns3:TrackPointExtension>
						<ns3:speed>2.33</ns3:speed>
						<ns3:cad>81.0</ns3:cad>
						<ns3:hr>170</ns3:hr>
					</ns3:TrackPointExtension>
				</extensions>
			</trkpt>
			<trkpt lat="12.98203919" lon="77.69080999">
				<ele>888.23</ele>
				<time>2026-07-26T14:14:11Z</time>
				<extensions>
					<ns3:TrackPointExtension>
						<ns3:speed>2.33</ns3:speed>
						<ns3:cad>83.0</ns3:cad>
						<ns3:hr>170</ns3:hr>
					</ns3:TrackPointExtension>
				</extensions>
			</trkpt>
			<trkpt lat="12.98204418" lon="77.69078933">
				<ele>888.21</ele>
				<time>2026-07-26T14:14:12Z</time>
				<extensions>
					<ns3:TrackPointExtension>
						<ns3:speed>2.34</ns3:speed>
						<ns3:cad>83.0</ns3:cad>
						<ns3:hr>170</ns3:hr>
					</ns3:TrackPointExtension>
				</extensions>
			</trkpt>
			<trkpt lat="12.98204951" lon="77.69076967">
				<ele>888.2</ele>
				<time>2026-07-26T14:14:13Z</time>
				<extensions>
					<ns3:TrackPointExtension>
						<ns3:speed>2.34</ns3:speed>
						<ns3:cad>83.0</ns3:cad>
						<ns3:hr>170</ns3:hr>
					</ns3:TrackPointExtension>
				</extensions>
			</trkpt>
			<trkpt lat="12.98205551" lon="77.69075034">
				<ele>888.19</ele>
				<time>2026-07-26T14:14:14Z</time>
				<extensions>
					<ns3:TrackPointExtension>
						<ns3:speed>2.34</ns3:speed>
						<ns3:cad>84.0</ns3:cad>
						<ns3:hr>171</ns3:hr>
					</ns3:TrackPointExtension>
				</extensions>
			</trkpt>
			<trkpt lat="12.98206117" lon="77.69073068">
				<ele>888.18</ele>
				<time>2026-07-26T14:14:15Z</time>
				<extensions>
					<ns3:TrackPointExtension>
						<ns3:speed>2.35</ns3:speed>
						<ns3:cad>84.0</ns3:cad>
						<ns3:hr>171</ns3:hr>
					</ns3:TrackPointExtension>
				</extensions>
			</trkpt>
			<trkpt lat="12.9820665" lon="77.69071102">
				<ele>888.17</ele>
				<time>2026-07-26T14:14:16Z</time>
				<extensions>
					<ns3:TrackPointExtension>
						<ns3:speed>2.35</ns3:speed>
						<ns3:cad>89.0</ns3:cad>
						<ns3:hr>170</ns3:hr>
					</ns3:TrackPointExtension>
				</extensions>
			</trkpt>
			<trkpt lat="12.98207183" lon="77.69069036">
				<ele>888.17</ele>
				<time>2026-07-26T14:14:17Z</time>
				<extensions>
					<ns3:TrackPointExtension>
						<ns3:speed>2.36</ns3:speed>
						<ns3:cad>91.0</ns3:cad>
						<ns3:hr>170</ns3:hr>
					</ns3:TrackPointExtension>
				</extensions>
			</trkpt>
			<trkpt lat="12.98207749" lon="77.69067037">
				<ele>888.16</ele>
				<time>2026-07-26T14:14:18Z</time>
				<extensions>
					<ns3:TrackPointExtension>
						<ns3:speed>2.38</ns3:speed>
						<ns3:cad>91.0</ns3:cad>
						<ns3:hr>171</ns3:hr>
					</ns3:TrackPointExtension>
				</extensions>
			</trkpt>
			<trkpt lat="12.98208449" lon="77.69065071">
				<ele>888.16</ele>
				<time>2026-07-26T14:14:19Z</time>
				<extensions>
					<ns3:TrackPointExtension>
						<ns3:speed>2.39</ns3:speed>
						<ns3:cad>92.0</ns3:cad>
						<ns3:hr>171</ns3:hr>
					</ns3:TrackPointExtension>
				</extensions>
			</trkpt>
			<trkpt lat="12.98208982" lon="77.69063038">
				<ele>888.17</ele>
				<time>2026-07-26T14:14:20Z</time>
				<extensions>
					<ns3:TrackPointExtension>
						<ns3:speed>2.42</ns3:speed>
						<ns3:cad>92.0</ns3:cad>
						<ns3:hr>171</ns3:hr>
					</ns3:TrackPointExtension>
				</extensions>
			</trkpt>
			<trkpt lat="12.98209515" lon="77.69060939">
				<ele>888.17</ele>
				<time>2026-07-26T14:14:21Z</time>
				<extensions>
					<ns3:TrackPointExtension>
						<ns3:speed>2.44</ns3:speed>
						<ns3:cad>91.0</ns3:cad>
						<ns3:hr>171</ns3:hr>
					</ns3:TrackPointExtension>
				</extensions>
			</trkpt>
			<trkpt lat="12.98210148" lon="77.69058906">
				<ele>888.18</ele>
				<time>2026-07-26T14:14:22Z</time>
				<extensions>
					<ns3:TrackPointExtension>
						<ns3:speed>2.47</ns3:speed>
						<ns3:cad>101.0</ns3:cad>
						<ns3:hr>171</ns3:hr>
					</ns3:TrackPointExtension>
				</extensions>
			</trkpt>
			<trkpt lat="12.98210881" lon="77.6905684">
				<ele>888.19</ele>
				<time>2026-07-26T14:14:23Z</time>
				<extensions>
					<ns3:TrackPointExtension>
						<ns3:speed>2.48</ns3:speed>
						<ns3:cad>101.0</ns3:cad>
						<ns3:hr>172</ns3:hr>
					</ns3:TrackPointExtension>
				</extensions>
			</trkpt>
			<trkpt lat="12.98211581" lon="77.69054907">
				<ele>888.21</ele>
				<time>2026-07-26T14:14:24Z</time>
				<extensions>
					<ns3:TrackPointExtension>
						<ns3:speed>2.5</ns3:speed>
						<ns3:cad>101.0</ns3:cad>
						<ns3:hr>171</ns3:hr>
					</ns3:TrackPointExtension>
				</extensions>
			</trkpt>
			<trkpt lat="12.98212281" lon="77.69052941">
				<ele>888.23</ele>
				<time>2026-07-26T14:14:25Z</time>
				<extensions>
					<ns3:TrackPointExtension>
						<ns3:speed>2.5</ns3:speed>
						<ns3:cad>101.0</ns3:cad>
						<ns3:hr>171</ns3:hr>
					</ns3:TrackPointExtension>
				</extensions>
			</trkpt>
			<trkpt lat="12.98212947" lon="77.69051008">
				<ele>888.26</ele>
				<time>2026-07-26T14:14:26Z</time>
				<extensions>
					<ns3:TrackPointExtension>
						<ns3:speed>2.48</ns3:speed>
						<ns3:cad>101.0</ns3:cad>
						<ns3:hr>171</ns3:hr>
					</ns3:TrackPointExtension>
				</extensions>
			</trkpt>
			<trkpt lat="12.9821368" lon="77.69049075">
				<ele>888.29</ele>
				<time>2026-07-26T14:14:27Z</time>
				<extensions>
					<ns3:TrackPointExtension>
						<ns3:speed>2.47</ns3:speed>
						<ns3:cad>101.0</ns3:cad>
						<ns3:hr>171</ns3:hr>
					</ns3:TrackPointExtension>
				</extensions>
			</trkpt>
			<trkpt lat="12.98214413" lon="77.69047042">
				<ele>888.32</ele>
				<time>2026-07-26T14:14:28Z</time>
				<extensions>
					<ns3:TrackPointExtension>
						<ns3:speed>2.45</ns3:speed>
						<ns3:cad>101.0</ns3:cad>
						<ns3:hr>172</ns3:hr>
					</ns3:TrackPointExtension>
				</extensions>
			</trkpt>
			<trkpt lat="12.98215146" lon="77.69045076">
				<ele>888.35</ele>
				<time>2026-07-26T14:14:29Z</time>
				<extensions>
					<ns3:TrackPointExtension>
						<ns3:speed>2.43</ns3:speed>
						<ns3:cad>96.0</ns3:cad>
						<ns3:hr>171</ns3:hr>
					</ns3:TrackPointExtension>
				</extensions>
			</trkpt>
			<trkpt lat="12.98216012" lon="77.69043243">
				<ele>888.39</ele>
				<time>2026-07-26T14:14:30Z</time>
				<extensions>
					<ns3:TrackPointExtension>
						<ns3:speed>2.42</ns3:speed>
						<ns3:cad>94.0</ns3:cad>
						<ns3:hr>171</ns3:hr>
					</ns3:TrackPointExtension>
				</extensions>
			</trkpt>
			<trkpt lat="12.98216978" lon="77.6904161">
				<ele>888.42</ele>
				<time>2026-07-26T14:14:31Z</time>
				<extensions>
					<ns3:TrackPointExtension>
						<ns3:speed>2.39</ns3:speed>
						<ns3:cad>84.0</ns3:cad>
						<ns3:hr>172</ns3:hr>
					</ns3:TrackPointExtension>
				</extensions>
			</trkpt>
			<trkpt lat="12.98218244" lon="77.69040144">
				<ele>888.46</ele>
				<time>2026-07-26T14:14:32Z</time>
				<extensions>
					<ns3:TrackPointExtension>
						<ns3:speed>2.38</ns3:speed>
						<ns3:cad>80.0</ns3:cad>
						<ns3:hr>172</ns3:hr>
					</ns3:TrackPointExtension>
				</extensions>
			</trkpt>
			<trkpt lat="12.9821981" lon="77.69039011">
				<ele>888.49</ele>
				<time>2026-07-26T14:14:33Z</time>
				<extensions>
					<ns3:TrackPointExtension>
						<ns3:speed>2.35</ns3:speed>
						<ns3:cad>80.0</ns3:cad>
						<ns3:hr>172</ns3:hr>
					</ns3:TrackPointExtension>
				</extensions>
			</trkpt>
			<trkpt lat="12.98221543" lon="77.69038078">
				<ele>888.52</ele>
				<time>2026-07-26T14:14:34Z</time>
				<extensions>
					<ns3:TrackPointExtension>
						<ns3:speed>2.34</ns3:speed>
						<ns3:cad>80.0</ns3:cad>
						<ns3:hr>172</ns3:hr>
					</ns3:TrackPointExtension>
				</extensions>
			</trkpt>
			<trkpt lat="12.98223376" lon="77.69037479">
				<ele>888.56</ele>
				<time>2026-07-26T14:14:35Z</time>
				<extensions>
					<ns3:TrackPointExtension>
						<ns3:speed>2.32</ns3:speed>
						<ns3:cad>81.0</ns3:cad>
						<ns3:hr>171</ns3:hr>
					</ns3:TrackPointExtension>
				</extensions>
			</trkpt>
			<trkpt lat="12.98225242" lon="77.69037146">
				<ele>888.6</ele>
				<time>2026-07-26T14:14:36Z</time>
				<extensions>
					<ns3:TrackPointExtension>
						<ns3:speed>2.3</ns3:speed>
						<ns3:cad>81.0</ns3:cad>
						<ns3:hr>172</ns3:hr>
					</ns3:TrackPointExtension>
				</extensions>
			</trkpt>
			<trkpt lat="12.98227275" lon="77.69037146">
				<ele>888.64</ele>
				<time>2026-07-26T14:14:37Z</time>
				<extensions>
					<ns3:TrackPointExtension>
						<ns3:speed>2.28</ns3:speed>
						<ns3:cad>81.0</ns3:cad>
						<ns3:hr>171</ns3:hr>
					</ns3:TrackPointExtension>
				</extensions>
			</trkpt>
			<trkpt lat="12.98229341" lon="77.69037346">
				<ele>888.68</ele>
				<time>2026-07-26T14:14:38Z</time>
				<extensions>
					<ns3:TrackPointExtension>
						<ns3:speed>2.27</ns3:speed>
						<ns3:cad>81.0</ns3:cad>
						<ns3:hr>171</ns3:hr>
					</ns3:TrackPointExtension>
				</extensions>
			</trkpt>
			<trkpt lat="12.98231307" lon="77.69037745">
				<ele>888.72</ele>
				<time>2026-07-26T14:14:39Z</time>
				<extensions>
					<ns3:TrackPointExtension>
						<ns3:speed>2.27</ns3:speed>
						<ns3:cad>80.0</ns3:cad>
						<ns3:hr>171</ns3:hr>
					</ns3:TrackPointExtension>
				</extensions>
			</trkpt>
			<trkpt lat="12.98233306" lon="77.69038245">
				<ele>888.75</ele>
				<time>2026-07-26T14:14:40Z</time>
				<extensions>
					<ns3:TrackPointExtension>
						<ns3:speed>2.25</ns3:speed>
						<ns3:cad>80.0</ns3:cad>
						<ns3:hr>170</ns3:hr>
					</ns3:TrackPointExtension>
				</extensions>
			</trkpt>
			<trkpt lat="12.98235306" lon="77.69038878">
				<ele>888.79</ele>
				<time>2026-07-26T14:14:41Z</time>
				<extensions>
					<ns3:TrackPointExtension>
						<ns3:speed>2.25</ns3:speed>
						<ns3:cad>80.0</ns3:cad>
						<ns3:hr>170</ns3:hr>
					</ns3:TrackPointExtension>
				</extensions>
			</trkpt>
			<trkpt lat="12.98237205" lon="77.69039711">
				<ele>888.83</ele>
				<time>2026-07-26T14:14:42Z</time>
				<extensions>
					<ns3:TrackPointExtension>
						<ns3:speed>2.25</ns3:speed>
						<ns3:cad>80.0</ns3:cad>
						<ns3:hr>170</ns3:hr>
					</ns3:TrackPointExtension>
				</extensions>
			</trkpt>
			<trkpt lat="12.98239038" lon="77.69040811">
				<ele>888.85</ele>
				<time>2026-07-26T14:14:43Z</time>
				<extensions>
					<ns3:TrackPointExtension>
						<ns3:speed>2.24</ns3:speed>
						<ns3:cad>80.0</ns3:cad>
						<ns3:hr>171</ns3:hr>
					</ns3:TrackPointExtension>
				</extensions>
			</trkpt>
			<trkpt lat="12.98240671" lon="77.69042144">
				<ele>888.87</ele>
				<time>2026-07-26T14:14:44Z</time>
				<extensions>
					<ns3:TrackPointExtension>
						<ns3:speed>2.24</ns3:speed>
						<ns3:cad>80.0</ns3:cad>
						<ns3:hr>171</ns3:hr>
					</ns3:TrackPointExtension>
				</extensions>
			</trkpt>
			<trkpt lat="12.98242104" lon="77.69043677">
				<ele>888.89</ele>
				<time>2026-07-26T14:14:45Z</time>
				<extensions>
					<ns3:TrackPointExtension>
						<ns3:speed>2.24</ns3:speed>
						<ns3:cad>81.0</ns3:cad>
						<ns3:hr>170</ns3:hr>
					</ns3:TrackPointExtension>
				</extensions>
			</trkpt>
			<trkpt lat="12.98243237" lon="77.69045343">
				<ele>888.9</ele>
				<time>2026-07-26T14:14:46Z</time>
				<extensions>
					<ns3:TrackPointExtension>
						<ns3:speed>2.24</ns3:speed>
						<ns3:cad>81.0</ns3:cad>
						<ns3:hr>170</ns3:hr>
					</ns3:TrackPointExtension>
				</extensions>
			</trkpt>
			<trkpt lat="12.98244003" lon="77.69047076">
				<ele>888.92</ele>
				<time>2026-07-26T14:14:47Z</time>
				<extensions>
					<ns3:TrackPointExtension>
						<ns3:speed>2.24</ns3:speed>
						<ns3:cad>81.0</ns3:cad>
						<ns3:hr>170</ns3:hr>
					</ns3:TrackPointExtension>
				</extensions>
			</trkpt>
			<trkpt lat="12.98244369" lon="77.69048909">
				<ele>888.92</ele>
				<time>2026-07-26T14:14:48Z</time>
				<extensions>
					<ns3:TrackPointExtension>
						<ns3:speed>2.24</ns3:speed>
						<ns3:cad>81.0</ns3:cad>
						<ns3:hr>170</ns3:hr>
					</ns3:TrackPointExtension>
				</extensions>
			</trkpt>
			<trkpt lat="12.98244336" lon="77.69050842">
				<ele>888.93</ele>
				<time>2026-07-26T14:14:49Z</time>
				<extensions>
					<ns3:TrackPointExtension>
						<ns3:speed>2.24</ns3:speed>
						<ns3:cad>81.0</ns3:cad>
						<ns3:hr>170</ns3:hr>
					</ns3:TrackPointExtension>
				</extensions>
			</trkpt>
			<trkpt lat="12.98244103" lon="77.69052775">
				<ele>888.94</ele>
				<time>2026-07-26T14:14:50Z</time>
				<extensions>
					<ns3:TrackPointExtension>
						<ns3:speed>2.23</ns3:speed>
						<ns3:cad>80.0</ns3:cad>
						<ns3:hr>170</ns3:hr>
					</ns3:TrackPointExtension>
				</extensions>
			</trkpt>
			<trkpt lat="12.98243703" lon="77.69054708">
				<ele>888.95</ele>
				<time>2026-07-26T14:14:51Z</time>
				<extensions>
					<ns3:TrackPointExtension>
						<ns3:speed>2.23</ns3:speed>
						<ns3:cad>80.0</ns3:cad>
						<ns3:hr>170</ns3:hr>
					</ns3:TrackPointExtension>
				</extensions>
			</trkpt>
			<trkpt lat="12.98243337" lon="77.69056541">
				<ele>888.95</ele>
				<time>2026-07-26T14:14:52Z</time>
				<extensions>
					<ns3:TrackPointExtension>
						<ns3:speed>2.23</ns3:speed>
						<ns3:cad>80.0</ns3:cad>
						<ns3:hr>171</ns3:hr>
					</ns3:TrackPointExtension>
				</extensions>
			</trkpt>
			<trkpt lat="12.98242937" lon="77.69058307">
				<ele>888.95</ele>
				<time>2026-07-26T14:14:53Z</time>
				<extensions>
					<ns3:TrackPointExtension>
						<ns3:speed>2.21</ns3:speed>
						<ns3:cad>80.0</ns3:cad>
						<ns3:hr>171</ns3:hr>
					</ns3:TrackPointExtension>
				</extensions>
			</trkpt>
			<trkpt lat="12.98242471" lon="77.69060173">
				<ele>888.94</ele>
				<time>2026-07-26T14:14:54Z</time>
				<extensions>
					<ns3:TrackPointExtension>
						<ns3:speed>2.19</ns3:speed>
						<ns3:cad>80.0</ns3:cad>
						<ns3:hr>171</ns3:hr>
					</ns3:TrackPointExtension>
				</extensions>
			</trkpt>
			<trkpt lat="12.98241938" lon="77.69061973">
				<ele>888.94</ele>
				<time>2026-07-26T14:14:55Z</time>
				<extensions>
					<ns3:TrackPointExtension>
						<ns3:speed>2.18</ns3:speed>
						<ns3:cad>81.0</ns3:cad>
						<ns3:hr>171</ns3:hr>
					</ns3:TrackPointExtension>
				</extensions>
			</trkpt>
			<trkpt lat="12.98241272" lon="77.69063839">
				<ele>888.94</ele>
				<time>2026-07-26T14:14:56Z</time>
				<extensions>
					<ns3:TrackPointExtension>
						<ns3:speed>2.18</ns3:speed>
						<ns3:cad>81.0</ns3:cad>
						<ns3:hr>171</ns3:hr>
					</ns3:TrackPointExtension>
				</extensions>
			</trkpt>
			<trkpt lat="12.98240673" lon="77.69065705">
				<ele>888.94</ele>
				<time>2026-07-26T14:14:57Z</time>
				<extensions>
					<ns3:TrackPointExtension>
						<ns3:speed>2.18</ns3:speed>
						<ns3:cad>81.0</ns3:cad>
						<ns3:hr>170</ns3:hr>
					</ns3:TrackPointExtension>
				</extensions>
			</trkpt>
			<trkpt lat="12.9824004" lon="77.69067538">
				<ele>888.94</ele>
				<time>2026-07-26T14:14:58Z</time>
				<extensions>
					<ns3:TrackPointExtension>
						<ns3:speed>2.18</ns3:speed>
						<ns3:cad>83.0</ns3:cad>
						<ns3:hr>171</ns3:hr>
					</ns3:TrackPointExtension>
				</extensions>
			</trkpt>
			<trkpt lat="12.98239274" lon="77.69069304">
				<ele>888.93</ele>
				<time>2026-07-26T14:14:59Z</time>
				<extensions>
					<ns3:TrackPointExtension>
						<ns3:speed>2.17</ns3:speed>
						<ns3:cad>81.0</ns3:cad>
						<ns3:hr>170</ns3:hr>
					</ns3:TrackPointExtension>
				</extensions>
			</trkpt>
			<trkpt lat="12.98238408" lon="77.69071237">
				<ele>888.92</ele>
				<time>2026-07-26T14:15:00Z</time>
				<extensions>
					<ns3:TrackPointExtension>
						<ns3:speed>2.17</ns3:speed>
						<ns3:cad>81.0</ns3:cad>
						<ns3:hr>170</ns3:hr>
					</ns3:TrackPointExtension>
				</extensions>
			</trkpt>
			<trkpt lat="12.98237375" lon="77.69073337">
				<ele>888.92</ele>
				<time>2026-07-26T14:15:01Z</time>
				<extensions>
					<ns3:TrackPointExtension>
						<ns3:speed>2.17</ns3:speed>
						<ns3:cad>81.0</ns3:cad>
						<ns3:hr>171</ns3:hr>
					</ns3:TrackPointExtension>
				</extensions>
			</trkpt>
			<trkpt lat="12.98236475" lon="77.6907527">
				<ele>888.91</ele>
				<time>2026-07-26T14:15:02Z</time>
				<extensions>
					<ns3:TrackPointExtension>
						<ns3:speed>2.15</ns3:speed>
						<ns3:cad>81.0</ns3:cad>
						<ns3:hr>171</ns3:hr>
					</ns3:TrackPointExtension>
				</extensions>
			</trkpt>
			<trkpt lat="12.98235676" lon="77.69076636">
				<ele>888.89</ele>
				<time>2026-07-26T14:15:03Z</time>
				<extensions>
					<ns3:TrackPointExtension>
						<ns3:speed>2.15</ns3:speed>
						<ns3:cad>81.0</ns3:cad>
						<ns3:hr>171</ns3:hr>
					</ns3:TrackPointExtension>
				</extensions>
			</trkpt>
			<trkpt lat="12.9823451" lon="77.69077435">
				<ele>888.89</ele>
				<time>2026-07-26T14:15:04Z</time>
				<extensions>
					<ns3:TrackPointExtension>
						<ns3:hr>171</ns3:hr>
					</ns3:TrackPointExtension>
				</extensions>
			</trkpt>
			<trkpt lat="12.9823381" lon="77.69077801">
				<ele>888.88</ele>
				<time>2026-07-26T14:15:05Z</time>
				<extensions>
					<ns3:TrackPointExtension>
						<ns3:speed>2.12</ns3:speed>
						<ns3:cad>81.0</ns3:cad>
						<ns3:hr>172</ns3:hr>
					</ns3:TrackPointExtension>
				</extensions>
			</trkpt>
			<trkpt lat="12.98233377" lon="77.69077934">
				<ele>888.88</ele>
				<time>2026-07-26T14:15:06Z</time>
				<extensions>
					<ns3:TrackPointExtension>
						<ns3:speed>2.1</ns3:speed>
						<ns3:cad>81.0</ns3:cad>
						<ns3:hr>171</ns3:hr>
					</ns3:TrackPointExtension>
				</extensions>
			</trkpt>
			<trkpt lat="12.9823361" lon="77.69077967">
				<ele>888.87</ele>
				<time>2026-07-26T14:15:07Z</time>
				<extensions>
					<ns3:TrackPointExtension>
						<ns3:speed>2.09</ns3:speed>
						<ns3:cad>80.0</ns3:cad>
						<ns3:hr>172</ns3:hr>
					</ns3:TrackPointExtension>
				</extensions>
			</trkpt>
			<trkpt lat="12.9823421" lon="77.69077967">
				<ele>888.87</ele>
				<time>2026-07-26T14:15:08Z</time>
				<extensions>
					<ns3:TrackPointExtension>
						<ns3:speed>2.07</ns3:speed>
						<ns3:cad>80.0</ns3:cad>
						<ns3:hr>172</ns3:hr>
					</ns3:TrackPointExtension>
				</extensions>
			</trkpt>
			<trkpt lat="12.98234509" lon="77.69078367">
				<ele>888.86</ele>
				<time>2026-07-26T14:15:09Z</time>
				<extensions>
					<ns3:TrackPointExtension>
						<ns3:speed>2.04</ns3:speed>
						<ns3:cad>79.0</ns3:cad>
						<ns3:hr>172</ns3:hr>
					</ns3:TrackPointExtension>
				</extensions>
			</trkpt>
			<trkpt lat="12.98235042" lon="77.69079">
				<ele>888.85</ele>
				<time>2026-07-26T14:15:10Z</time>
				<extensions>
					<ns3:TrackPointExtension>
						<ns3:speed>2.02</ns3:speed>
						<ns3:cad>79.0</ns3:cad>
						<ns3:hr>173</ns3:hr>
					</ns3:TrackPointExtension>
				</extensions>
			</trkpt>
			<trkpt lat="12.98235742" lon="77.69079733">
				<ele>888.85</ele>
				<time>2026-07-26T14:15:11Z</time>
				<extensions>
					<ns3:TrackPointExtension>
						<ns3:speed>1.98</ns3:speed>
						<ns3:cad>79.0</ns3:cad>
						<ns3:hr>173</ns3:hr>
					</ns3:TrackPointExtension>
				</extensions>
			</trkpt>
			<trkpt lat="12.98236475" lon="77.69080699">
				<ele>888.84</ele>
				<time>2026-07-26T14:15:12Z</time>
				<extensions>
					<ns3:TrackPointExtension>
						<ns3:speed>1.95</ns3:speed>
						<ns3:cad>79.0</ns3:cad>
						<ns3:hr>173</ns3:hr>
					</ns3:TrackPointExtension>
				</extensions>
			</trkpt>
			<trkpt lat="12.98237275" lon="77.69081665">
				<ele>888.82</ele>
				<time>2026-07-26T14:15:13Z</time>
				<extensions>
					<ns3:TrackPointExtension>
						<ns3:speed>1.91</ns3:speed>
						<ns3:cad>80.0</ns3:cad>
						<ns3:hr>174</ns3:hr>
					</ns3:TrackPointExtension>
				</extensions>
			</trkpt>
			<trkpt lat="12.98238474" lon="77.69082998">
				<ele>888.82</ele>
				<time>2026-07-26T14:15:14Z</time>
				<extensions>
					<ns3:TrackPointExtension>
						<ns3:speed>1.88</ns3:speed>
						<ns3:cad>80.0</ns3:cad>
						<ns3:hr>174</ns3:hr>
					</ns3:TrackPointExtension>
				</extensions>
			</trkpt>
			<trkpt lat="12.98240373" lon="77.69085598">
				<ele>888.79</ele>
				<time>2026-07-26T14:15:15Z</time>
				<extensions>
					<ns3:TrackPointExtension>
						<ns3:speed>1.87</ns3:speed>
						<ns3:cad>80.0</ns3:cad>
						<ns3:hr>173</ns3:hr>
					</ns3:TrackPointExtension>
				</extensions>
			</trkpt>
			<trkpt lat="12.98242006" lon="77.69088331">
				<ele>888.75</ele>
				<time>2026-07-26T14:15:16Z</time>
				<extensions>
					<ns3:TrackPointExtension>
						<ns3:speed>1.87</ns3:speed>
						<ns3:cad>80.0</ns3:cad>
						<ns3:hr>173</ns3:hr>
					</ns3:TrackPointExtension>
				</extensions>
			</trkpt>
			<trkpt lat="12.98243372" lon="77.69090597">
				<ele>888.71</ele>
				<time>2026-07-26T14:15:17Z</time>
				<extensions>
					<ns3:TrackPointExtension>
						<ns3:speed>1.86</ns3:speed>
						<ns3:cad>79.0</ns3:cad>
						<ns3:hr>172</ns3:hr>
					</ns3:TrackPointExtension>
				</extensions>
			</trkpt>
			<trkpt lat="12.98245205" lon="77.69092663">
				<ele>888.71</ele>
				<time>2026-07-26T14:15:18Z</time>
				<extensions>
					<ns3:TrackPointExtension>
						<ns3:speed>1.86</ns3:speed>
						<ns3:cad>79.0</ns3:cad>
						<ns3:hr>172</ns3:hr>
					</ns3:TrackPointExtension>
				</extensions>
			</trkpt>
			<trkpt lat="12.98247104" lon="77.69094462">
				<ele>888.69</ele>
				<time>2026-07-26T14:15:19Z</time>
				<extensions>
					<ns3:TrackPointExtension>
						<ns3:speed>1.86</ns3:speed>
						<ns3:cad>79.0</ns3:cad>
						<ns3:hr>172</ns3:hr>
					</ns3:TrackPointExtension>
				</extensions>
			</trkpt>
			<trkpt lat="12.98248904" lon="77.69095862">
				<ele>888.63</ele>
				<time>2026-07-26T14:15:20Z</time>
				<extensions>
					<ns3:TrackPointExtension>
						<ns3:speed>1.86</ns3:speed>
						<ns3:cad>79.0</ns3:cad>
						<ns3:hr>173</ns3:hr>
					</ns3:TrackPointExtension>
				</extensions>
			</trkpt>
			<trkpt lat="12.98250703" lon="77.69097361">
				<ele>888.63</ele>
				<time>2026-07-26T14:15:21Z</time>
				<extensions>
					<ns3:TrackPointExtension>
						<ns3:speed>1.86</ns3:speed>
						<ns3:cad>79.0</ns3:cad>
						<ns3:hr>173</ns3:hr>
					</ns3:TrackPointExtension>
				</extensions>
			</trkpt>
			<trkpt lat="12.98252469" lon="77.69098994">
				<ele>888.61</ele>
				<time>2026-07-26T14:15:22Z</time>
				<extensions>
					<ns3:TrackPointExtension>
						<ns3:speed>1.87</ns3:speed>
						<ns3:cad>79.0</ns3:cad>
						<ns3:hr>174</ns3:hr>
					</ns3:TrackPointExtension>
				</extensions>
			</trkpt>
			<trkpt lat="12.98254468" lon="77.69100527">
				<ele>888.56</ele>
				<time>2026-07-26T14:15:23Z</time>
				<extensions>
					<ns3:TrackPointExtension>
						<ns3:speed>1.87</ns3:speed>
						<ns3:cad>79.0</ns3:cad>
						<ns3:hr>173</ns3:hr>
					</ns3:TrackPointExtension>
				</extensions>
			</trkpt>
			<trkpt lat="12.98256434" lon="77.69101627">
				<ele>888.54</ele>
				<time>2026-07-26T14:15:24Z</time>
				<extensions>
					<ns3:TrackPointExtension>
						<ns3:speed>1.88</ns3:speed>
						<ns3:cad>79.0</ns3:cad>
						<ns3:hr>173</ns3:hr>
					</ns3:TrackPointExtension>
				</extensions>
			</trkpt>
			<trkpt lat="12.98258367" lon="77.6910256">
				<ele>888.52</ele>
				<time>2026-07-26T14:15:25Z</time>
				<extensions>
					<ns3:TrackPointExtension>
						<ns3:speed>1.89</ns3:speed>
						<ns3:cad>79.0</ns3:cad>
						<ns3:hr>173</ns3:hr>
					</ns3:TrackPointExtension>
				</extensions>
			</trkpt>
			<trkpt lat="12.98260266" lon="77.69103259">
				<ele>888.52</ele>
				<time>2026-07-26T14:15:26Z</time>
				<extensions>
					<ns3:TrackPointExtension>
					</ns3:TrackPointExtension>
				</extensions>
			</trkpt>
			<trkpt lat="12.98262132" lon="77.69103992">
				<ele>888.5</ele>
				<time>2026-07-26T14:15:27Z</time>
				<extensions>
					<ns3:TrackPointExtension>
						<ns3:speed>1.9</ns3:speed>
						<ns3:cad>79.0</ns3:cad>
						<ns3:hr>173</ns3:hr>
					</ns3:TrackPointExtension>
				</extensions>
			</trkpt>
			<trkpt lat="12.98264131" lon="77.69104725">
				<ele>888.47</ele>
				<time>2026-07-26T14:15:28Z</time>
				<extensions>
					<ns3:TrackPointExtension>
						<ns3:speed>1.91</ns3:speed>
						<ns3:cad>79.0</ns3:cad>
						<ns3:hr>173</ns3:hr>
					</ns3:TrackPointExtension>
				</extensions>
			</trkpt>
			<trkpt lat="12.98266197" lon="77.69105491">
				<ele>888.46</ele>
				<time>2026-07-26T14:15:29Z</time>
				<extensions>
					<ns3:TrackPointExtension>
						<ns3:speed>1.91</ns3:speed>
						<ns3:cad>79.0</ns3:cad>
						<ns3:hr>173</ns3:hr>
					</ns3:TrackPointExtension>
				</extensions>
			</trkpt>
			<trkpt lat="12.98268396" lon="77.69106124">
				<ele>888.44</ele>
				<time>2026-07-26T14:15:30Z</time>
				<extensions>
					<ns3:TrackPointExtension>
						<ns3:speed>1.93</ns3:speed>
						<ns3:cad>79.0</ns3:cad>
						<ns3:hr>172</ns3:hr>
					</ns3:TrackPointExtension>
				</extensions>
			</trkpt>
			<trkpt lat="12.98270496" lon="77.6910679">
				<ele>888.42</ele>
				<time>2026-07-26T14:15:31Z</time>
				<extensions>
					<ns3:TrackPointExtension>
						<ns3:speed>1.94</ns3:speed>
						<ns3:cad>79.0</ns3:cad>
						<ns3:hr>171</ns3:hr>
					</ns3:TrackPointExtension>
				</extensions>
			</trkpt>
			<trkpt lat="12.98272596" lon="77.69107389">
				<ele>888.41</ele>
				<time>2026-07-26T14:15:32Z</time>
				<extensions>
					<ns3:TrackPointExtension>
						<ns3:speed>1.95</ns3:speed>
						<ns3:cad>79.0</ns3:cad>
						<ns3:hr>171</ns3:hr>
					</ns3:TrackPointExtension>
				</extensions>
			</trkpt>
			<trkpt lat="12.98274862" lon="77.69107955">
				<ele>888.4</ele>
				<time>2026-07-26T14:15:33Z</time>
				<extensions>
					<ns3:TrackPointExtension>
						<ns3:speed>1.96</ns3:speed>
						<ns3:cad>79.0</ns3:cad>
						<ns3:hr>170</ns3:hr>
					</ns3:TrackPointExtension>
				</extensions>
			</trkpt>
			<trkpt lat="12.98277095" lon="77.69108488">
				<ele>888.4</ele>
				<time>2026-07-26T14:15:34Z</time>
				<extensions>
					<ns3:TrackPointExtension>
						<ns3:speed>1.97</ns3:speed>
						<ns3:cad>79.0</ns3:cad>
						<ns3:hr>169</ns3:hr>
					</ns3:TrackPointExtension>
				</extensions>
			</trkpt>
			<trkpt lat="12.98279361" lon="77.69108988">
				<ele>888.4</ele>
				<time>2026-07-26T14:15:35Z</time>
				<extensions>
					<ns3:TrackPointExtension>
						<ns3:speed>1.98</ns3:speed>
						<ns3:cad>79.0</ns3:cad>
						<ns3:hr>169</ns3:hr>
					</ns3:TrackPointExtension>
				</extensions>
			</trkpt>
			<trkpt lat="12.98281527" lon="77.69109521">
				<ele>888.4</ele>
				<time>2026-07-26T14:15:36Z</time>
				<extensions>
					<ns3:TrackPointExtension>
						<ns3:speed>2.02</ns3:speed>
						<ns3:cad>79.0</ns3:cad>
						<ns3:hr>167</ns3:hr>
					</ns3:TrackPointExtension>
				</extensions>
			</trkpt>
			<trkpt lat="12.98283627" lon="77.69110021">
				<ele>888.4</ele>
				<time>2026-07-26T14:15:37Z</time>
				<extensions>
					<ns3:TrackPointExtension>
						<ns3:speed>2.04</ns3:speed>
						<ns3:cad>79.0</ns3:cad>
						<ns3:hr>167</ns3:hr>
					</ns3:TrackPointExtension>
				</extensions>
			</trkpt>
			<trkpt lat="12.9828576" lon="77.69110521">
				<ele>888.41</ele>
				<time>2026-07-26T14:15:38Z</time>
				<extensions>
					<ns3:TrackPointExtension>
						<ns3:speed>2.07</ns3:speed>
						<ns3:cad>79.0</ns3:cad>
						<ns3:hr>167</ns3:hr>
					</ns3:TrackPointExtension>
				</extensions>
			</trkpt>
			<trkpt lat="12.98287826" lon="77.69111054">
				<ele>888.41</ele>
				<time>2026-07-26T14:15:39Z</time>
				<extensions>
					<ns3:TrackPointExtension>
						<ns3:speed>2.09</ns3:speed>
						<ns3:cad>79.0</ns3:cad>
						<ns3:hr>167</ns3:hr>
					</ns3:TrackPointExtension>
				</extensions>
			</trkpt>
			<trkpt lat="12.98289859" lon="77.69111554">
				<ele>888.41</ele>
				<time>2026-07-26T14:15:40Z</time>
				<extensions>
					<ns3:TrackPointExtension>
						<ns3:speed>2.1</ns3:speed>
						<ns3:cad>80.0</ns3:cad>
						<ns3:hr>167</ns3:hr>
					</ns3:TrackPointExtension>
				</extensions>
			</trkpt>
			<trkpt lat="12.98292025" lon="77.6911192">
				<ele>888.41</ele>
				<time>2026-07-26T14:15:41Z</time>
				<extensions>
					<ns3:TrackPointExtension>
						<ns3:speed>2.12</ns3:speed>
						<ns3:cad>80.0</ns3:cad>
						<ns3:hr>166</ns3:hr>
					</ns3:TrackPointExtension>
				</extensions>
			</trkpt>
			<trkpt lat="12.98294258" lon="77.69112286">
				<ele>888.41</ele>
				<time>2026-07-26T14:15:42Z</time>
				<extensions>
					<ns3:TrackPointExtension>
						<ns3:speed>2.13</ns3:speed>
						<ns3:cad>80.0</ns3:cad>
						<ns3:hr>166</ns3:hr>
					</ns3:TrackPointExtension>
				</extensions>
			</trkpt>
			<trkpt lat="12.98296524" lon="77.69112552">
				<ele>888.42</ele>
				<time>2026-07-26T14:15:43Z</time>
				<extensions>
					<ns3:TrackPointExtension>
						<ns3:speed>2.14</ns3:speed>
						<ns3:cad>79.0</ns3:cad>
						<ns3:hr>165</ns3:hr>
					</ns3:TrackPointExtension>
				</extensions>
			</trkpt>
			<trkpt lat="12.98298824" lon="77.69112918">
				<ele>888.41</ele>
				<time>2026-07-26T14:15:44Z</time>
				<extensions>
					<ns3:TrackPointExtension>
						<ns3:speed>2.15</ns3:speed>
						<ns3:cad>79.0</ns3:cad>
						<ns3:hr>166</ns3:hr>
					</ns3:TrackPointExtension>
				</extensions>
			</trkpt>
			<trkpt lat="12.98301057" lon="77.69113384">
				<ele>888.41</ele>
				<time>2026-07-26T14:15:45Z</time>
				<extensions>
					<ns3:TrackPointExtension>
						<ns3:speed>2.17</ns3:speed>
						<ns3:cad>79.0</ns3:cad>
						<ns3:hr>166</ns3:hr>
					</ns3:TrackPointExtension>
				</extensions>
			</trkpt>
			<trkpt lat="12.98303357" lon="77.69113884">
				<ele>888.41</ele>
				<time>2026-07-26T14:15:46Z</time>
				<extensions>
					<ns3:TrackPointExtension>
						<ns3:speed>2.18</ns3:speed>
						<ns3:cad>79.0</ns3:cad>
						<ns3:hr>166</ns3:hr>
					</ns3:TrackPointExtension>
				</extensions>
			</trkpt>
			<trkpt lat="12.9830559" lon="77.69114384">
				<ele>888.4</ele>
				<time>2026-07-26T14:15:47Z</time>
				<extensions>
					<ns3:TrackPointExtension>
						<ns3:speed>2.2</ns3:speed>
						<ns3:cad>79.0</ns3:cad>
						<ns3:hr>166</ns3:hr>
					</ns3:TrackPointExtension>
				</extensions>
			</trkpt>
			<trkpt lat="12.98307789" lon="77.6911495">
				<ele>888.4</ele>
				<time>2026-07-26T14:15:48Z</time>
				<extensions>
					<ns3:TrackPointExtension>
						<ns3:speed>2.23</ns3:speed>
						<ns3:cad>80.0</ns3:cad>
						<ns3:hr>166</ns3:hr>
					</ns3:TrackPointExtension>
				</extensions>
			</trkpt>
			<trkpt lat="12.98310089" lon="77.69115483">
				<ele>888.39</ele>
				<time>2026-07-26T14:15:49Z</time>
				<extensions>
					<ns3:TrackPointExtension>
						<ns3:speed>2.24</ns3:speed>
						<ns3:cad>81.0</ns3:cad>
						<ns3:hr>166</ns3:hr>
					</ns3:TrackPointExtension>
				</extensions>
			</trkpt>
			<trkpt lat="12.98312422" lon="77.69116016">
				<ele>888.38</ele>
				<time>2026-07-26T14:15:50Z</time>
				<extensions>
					<ns3:TrackPointExtension>
						<ns3:speed>2.26</ns3:speed>
						<ns3:cad>81.0</ns3:cad>
						<ns3:hr>166</ns3:hr>
					</ns3:TrackPointExtension>
				</extensions>
			</trkpt>
			<trkpt lat="12.98314755" lon="77.69116582">
				<ele>888.38</ele>
				<time>2026-07-26T14:15:51Z</time>
				<extensions>
					<ns3:TrackPointExtension>
						<ns3:speed>2.27</ns3:speed>
						<ns3:cad>81.0</ns3:cad>
						<ns3:hr>166</ns3:hr>
					</ns3:TrackPointExtension>
				</extensions>
			</trkpt>
			<trkpt lat="12.98317421" lon="77.69117082">
				<ele>888.37</ele>
				<time>2026-07-26T14:15:52Z</time>
				<extensions>
					<ns3:TrackPointExtension>
						<ns3:speed>2.28</ns3:speed>
						<ns3:cad>81.0</ns3:cad>
						<ns3:hr>167</ns3:hr>
					</ns3:TrackPointExtension>
				</extensions>
			</trkpt>
			<trkpt lat="12.98319887" lon="77.69117615">
				<ele>888.37</ele>
				<time>2026-07-26T14:15:53Z</time>
				<extensions>
					<ns3:TrackPointExtension>
						<ns3:speed>2.3</ns3:speed>
						<ns3:cad>81.0</ns3:cad>
						<ns3:hr>167</ns3:hr>
					</ns3:TrackPointExtension>
				</extensions>
			</trkpt>
			<trkpt lat="12.98322286" lon="77.69118215">
				<ele>888.37</ele>
				<time>2026-07-26T14:15:54Z</time>
				<extensions>
					<ns3:TrackPointExtension>
						<ns3:speed>2.32</ns3:speed>
						<ns3:cad>80.0</ns3:cad>
						<ns3:hr>167</ns3:hr>
					</ns3:TrackPointExtension>
				</extensions>
			</trkpt>
			<trkpt lat="12.98324752" lon="77.69118781">
				<ele>888.36</ele>
				<time>2026-07-26T14:15:55Z</time>
				<extensions>
					<ns3:TrackPointExtension>
						<ns3:speed>2.33</ns3:speed>
						<ns3:cad>80.0</ns3:cad>
						<ns3:hr>166</ns3:hr>
					</ns3:TrackPointExtension>
				</extensions>
			</trkpt>
			<trkpt lat="12.98327218" lon="77.69119314">
				<ele>888.36</ele>
				<time>2026-07-26T14:15:56Z</time>
				<extensions>
					<ns3:TrackPointExtension>
						<ns3:speed>2.34</ns3:speed>
						<ns3:cad>80.0</ns3:cad>
						<ns3:hr>167</ns3:hr>
					</ns3:TrackPointExtension>
				</extensions>
			</trkpt>
			<trkpt lat="12.98329651" lon="77.69119847">
				<ele>888.36</ele>
				<time>2026-07-26T14:15:57Z</time>
				<extensions>
					<ns3:TrackPointExtension>
						<ns3:speed>2.35</ns3:speed>
						<ns3:cad>80.0</ns3:cad>
						<ns3:hr>166</ns3:hr>
					</ns3:TrackPointExtension>
				</extensions>
			</trkpt>
			<trkpt lat="12.98331884" lon="77.69120413">
				<ele>888.37</ele>
				<time>2026-07-26T14:15:58Z</time>
				<extensions>
					<ns3:TrackPointExtension>
						<ns3:speed>2.36</ns3:speed>
						<ns3:cad>80.0</ns3:cad>
						<ns3:hr>165</ns3:hr>
					</ns3:TrackPointExtension>
				</extensions>
			</trkpt>
			<trkpt lat="12.98334183" lon="77.69120979">
				<ele>888.38</ele>
				<time>2026-07-26T14:15:59Z</time>
				<extensions>
					<ns3:TrackPointExtension>
						<ns3:speed>2.37</ns3:speed>
						<ns3:cad>80.0</ns3:cad>
						<ns3:hr>166</ns3:hr>
					</ns3:TrackPointExtension>
				</extensions>
			</trkpt>
			<trkpt lat="12.98336383" lon="77.69121645">
				<ele>888.39</ele>
				<time>2026-07-26T14:16:00Z</time>
				<extensions>
					<ns3:TrackPointExtension>
						<ns3:speed>2.38</ns3:speed>
						<ns3:cad>79.0</ns3:cad>
						<ns3:hr>166</ns3:hr>
					</ns3:TrackPointExtension>
				</extensions>
			</trkpt>
			<trkpt lat="12.98338682" lon="77.69122311">
				<ele>888.41</ele>
				<time>2026-07-26T14:16:01Z</time>
				<extensions>
					<ns3:TrackPointExtension>
						<ns3:speed>2.39</ns3:speed>
						<ns3:cad>79.0</ns3:cad>
						<ns3:hr>166</ns3:hr>
					</ns3:TrackPointExtension>
				</extensions>
			</trkpt>
			<trkpt lat="12.98340915" lon="77.6912301">
				<ele>888.43</ele>
				<time>2026-07-26T14:16:02Z</time>
				<extensions>
					<ns3:TrackPointExtension>
						<ns3:speed>2.39</ns3:speed>
						<ns3:cad>79.0</ns3:cad>
						<ns3:hr>166</ns3:hr>
					</ns3:TrackPointExtension>
				</extensions>
			</trkpt>
			<trkpt lat="12.98343114" lon="77.69123643">
				<ele>888.46</ele>
				<time>2026-07-26T14:16:03Z</time>
				<extensions>
					<ns3:TrackPointExtension>
						<ns3:speed>2.4</ns3:speed>
						<ns3:cad>80.0</ns3:cad>
						<ns3:hr>166</ns3:hr>
					</ns3:TrackPointExtension>
				</extensions>
			</trkpt>
			<trkpt lat="12.98345313" lon="77.69124376">
				<ele>888.49</ele>
				<time>2026-07-26T14:16:04Z</time>
				<extensions>
					<ns3:TrackPointExtension>
						<ns3:speed>2.41</ns3:speed>
						<ns3:cad>81.0</ns3:cad>
						<ns3:hr>166</ns3:hr>
					</ns3:TrackPointExtension>
				</extensions>
			</trkpt>
			<trkpt lat="12.98347546" lon="77.69125076">
				<ele>888.52</ele>
				<time>2026-07-26T14:16:05Z</time>
				<extensions>
					<ns3:TrackPointExtension>
						<ns3:speed>2.43</ns3:speed>
						<ns3:cad>83.0</ns3:cad>
						<ns3:hr>166</ns3:hr>
					</ns3:TrackPointExtension>
				</extensions>
			</trkpt>
			<trkpt lat="12.98349779" lon="77.69125842">
				<ele>888.73</ele>
				<time>2026-07-26T14:16:06Z</time>
				<extensions>
					<ns3:TrackPointExtension>
						<ns3:speed>2.43</ns3:speed>
						<ns3:cad>83.0</ns3:cad>
						<ns3:hr>166</ns3:hr>
					</ns3:TrackPointExtension>
				</extensions>
			</trkpt>
			<trkpt lat="12.98351879" lon="77.69126608">
				<ele>888.78</ele>
				<time>2026-07-26T14:16:07Z</time>
				<extensions>
					<ns3:TrackPointExtension>
						<ns3:speed>2.44</ns3:speed>
						<ns3:cad>84.0</ns3:cad>
						<ns3:hr>166</ns3:hr>
					</ns3:TrackPointExtension>
				</extensions>
			</trkpt>
			<trkpt lat="12.98354045" lon="77.69127408">
				<ele>888.83</ele>
				<time>2026-07-26T14:16:08Z</time>
				<extensions>
					<ns3:TrackPointExtension>
						<ns3:speed>2.45</ns3:speed>
						<ns3:cad>84.0</ns3:cad>
						<ns3:hr>166</ns3:hr>
					</ns3:TrackPointExtension>
				</extensions>
			</trkpt>
			<trkpt lat="12.98356244" lon="77.69128274">
				<ele>888.89</ele>
				<time>2026-07-26T14:16:09Z</time>
				<extensions>
					<ns3:TrackPointExtension>
						<ns3:speed>2.45</ns3:speed>
						<ns3:cad>84.0</ns3:cad>
						<ns3:hr>166</ns3:hr>
					</ns3:TrackPointExtension>
				</extensions>
			</trkpt>
			<trkpt lat="12.98358243" lon="77.6912954">
				<ele>888.94</ele>
				<time>2026-07-26T14:16:10Z</time>
				<extensions>
					<ns3:TrackPointExtension>
						<ns3:speed>2.45</ns3:speed>
						<ns3:cad>84.0</ns3:cad>
						<ns3:hr>166</ns3:hr>
					</ns3:TrackPointExtension>
				</extensions>
			</trkpt>
			<trkpt lat="12.98359709" lon="77.69131706">
				<ele>889.01</ele>
				<time>2026-07-26T14:16:11Z</time>
				<extensions>
					<ns3:TrackPointExtension>
						<ns3:speed>2.45</ns3:speed>
						<ns3:cad>83.0</ns3:cad>
						<ns3:hr>167</ns3:hr>
					</ns3:TrackPointExtension>
				</extensions>
			</trkpt>
			<trkpt lat="12.98360542" lon="77.69134206">
				<ele>889.08</ele>
				<time>2026-07-26T14:16:12Z</time>
				<extensions>
					<ns3:TrackPointExtension>
						<ns3:speed>2.45</ns3:speed>
						<ns3:cad>83.0</ns3:cad>
						<ns3:hr>168</ns3:hr>
					</ns3:TrackPointExtension>
				</extensions>
			</trkpt>
			<trkpt lat="12.98360875" lon="77.69136705">
				<ele>889.14</ele>
				<time>2026-07-26T14:16:13Z</time>
				<extensions>
					<ns3:TrackPointExtension>
						<ns3:speed>2.45</ns3:speed>
						<ns3:cad>83.0</ns3:cad>
						<ns3:hr>169</ns3:hr>
					</ns3:TrackPointExtension>
				</extensions>
			</trkpt>
			<trkpt lat="12.98360775" lon="77.69139138">
				<ele>889.21</ele>
				<time>2026-07-26T14:16:14Z</time>
				<extensions>
					<ns3:TrackPointExtension>
						<ns3:speed>2.45</ns3:speed>
						<ns3:cad>81.0</ns3:cad>
						<ns3:hr>169</ns3:hr>
					</ns3:TrackPointExtension>
				</extensions>
			</trkpt>
			<trkpt lat="12.98360376" lon="77.69141537">
				<ele>889.28</ele>
				<time>2026-07-26T14:16:15Z</time>
				<extensions>
					<ns3:TrackPointExtension>
						<ns3:speed>2.45</ns3:speed>
						<ns3:cad>81.0</ns3:cad>
						<ns3:hr>169</ns3:hr>
					</ns3:TrackPointExtension>
				</extensions>
			</trkpt>
			<trkpt lat="12.9835971" lon="77.69143836">
				<ele>889.37</ele>
				<time>2026-07-26T14:16:16Z</time>
				<extensions>
					<ns3:TrackPointExtension>
						<ns3:speed>2.45</ns3:speed>
						<ns3:cad>81.0</ns3:cad>
						<ns3:hr>169</ns3:hr>
					</ns3:TrackPointExtension>
				</extensions>
			</trkpt>
			<trkpt lat="12.9835881" lon="77.69145936">
				<ele>889.44</ele>
				<time>2026-07-26T14:16:17Z</time>
				<extensions>
					<ns3:TrackPointExtension>
						<ns3:speed>2.45</ns3:speed>
						<ns3:cad>81.0</ns3:cad>
						<ns3:hr>169</ns3:hr>
					</ns3:TrackPointExtension>
				</extensions>
			</trkpt>
			<trkpt lat="12.98357711" lon="77.69148002">
				<ele>889.52</ele>
				<time>2026-07-26T14:16:18Z</time>
				<extensions>
					<ns3:TrackPointExtension>
						<ns3:speed>2.45</ns3:speed>
						<ns3:cad>81.0</ns3:cad>
						<ns3:hr>170</ns3:hr>
					</ns3:TrackPointExtension>
				</extensions>
			</trkpt>
			<trkpt lat="12.98356578" lon="77.69149968">
				<ele>889.57</ele>
				<time>2026-07-26T14:16:19Z</time>
				<extensions>
					<ns3:TrackPointExtension>
						<ns3:speed>2.45</ns3:speed>
						<ns3:cad>81.0</ns3:cad>
						<ns3:hr>171</ns3:hr>
					</ns3:TrackPointExtension>
				</extensions>
			</trkpt>
			<trkpt lat="12.98355445" lon="77.69151968">
				<ele>889.62</ele>
				<time>2026-07-26T14:16:20Z</time>
				<extensions>
					<ns3:TrackPointExtension>
						<ns3:speed>2.45</ns3:speed>
						<ns3:cad>81.0</ns3:cad>
						<ns3:hr>172</ns3:hr>
					</ns3:TrackPointExtension>
				</extensions>
			</trkpt>
			<trkpt lat="12.98354179" lon="77.69153967">
				<ele>889.65</ele>
				<time>2026-07-26T14:16:21Z</time>
				<extensions>
					<ns3:TrackPointExtension>
						<ns3:speed>2.45</ns3:speed>
						<ns3:cad>81.0</ns3:cad>
						<ns3:hr>172</ns3:hr>
					</ns3:TrackPointExtension>
				</extensions>
			</trkpt>
			<trkpt lat="12.98352746" lon="77.691558">
				<ele>889.67</ele>
				<time>2026-07-26T14:16:22Z</time>
				<extensions>
					<ns3:TrackPointExtension>
						<ns3:speed>2.45</ns3:speed>
						<ns3:cad>81.0</ns3:cad>
						<ns3:hr>172</ns3:hr>
					</ns3:TrackPointExtension>
				</extensions>
			</trkpt>
			<trkpt lat="12.98351547" lon="77.69157733">
				<ele>889.67</ele>
				<time>2026-07-26T14:16:23Z</time>
				<extensions>
					<ns3:TrackPointExtension>
						<ns3:speed>2.45</ns3:speed>
						<ns3:cad>80.0</ns3:cad>
						<ns3:hr>171</ns3:hr>
					</ns3:TrackPointExtension>
				</extensions>
			</trkpt>
			<trkpt lat="12.98350248" lon="77.69159666">
				<ele>889.66</ele>
				<time>2026-07-26T14:16:24Z</time>
				<extensions>
					<ns3:TrackPointExtension>
						<ns3:speed>2.45</ns3:speed>
						<ns3:cad>80.0</ns3:cad>
						<ns3:hr>171</ns3:hr>
					</ns3:TrackPointExtension>
				</extensions>
			</trkpt>
			<trkpt lat="12.98349049" lon="77.69161699">
				<ele>889.64</ele>
				<time>2026-07-26T14:16:25Z</time>
				<extensions>
					<ns3:TrackPointExtension>
						<ns3:speed>2.45</ns3:speed>
						<ns3:cad>80.0</ns3:cad>
						<ns3:hr>172</ns3:hr>
					</ns3:TrackPointExtension>
				</extensions>
			</trkpt>
			<trkpt lat="12.98347883" lon="77.69163732">
				<ele>889.61</ele>
				<time>2026-07-26T14:16:26Z</time>
				<extensions>
					<ns3:TrackPointExtension>
						<ns3:speed>2.45</ns3:speed>
						<ns3:cad>80.0</ns3:cad>
						<ns3:hr>171</ns3:hr>
					</ns3:TrackPointExtension>
				</extensions>
			</trkpt>
			<trkpt lat="12.98346684" lon="77.69165732">
				<ele>889.58</ele>
				<time>2026-07-26T14:16:27Z</time>
				<extensions>
					<ns3:TrackPointExtension>
						<ns3:speed>2.44</ns3:speed>
						<ns3:cad>81.0</ns3:cad>
						<ns3:hr>171</ns3:hr>
					</ns3:TrackPointExtension>
				</extensions>
			</trkpt>
			<trkpt lat="12.98345584" lon="77.69167698">
				<ele>889.54</ele>
				<time>2026-07-26T14:16:28Z</time>
				<extensions>
					<ns3:TrackPointExtension>
						<ns3:speed>2.45</ns3:speed>
						<ns3:cad>80.0</ns3:cad>
						<ns3:hr>171</ns3:hr>
					</ns3:TrackPointExtension>
				</extensions>
			</trkpt>
			<trkpt lat="12.98344518" lon="77.69169598">
				<ele>889.49</ele>
				<time>2026-07-26T14:16:29Z</time>
				<extensions>
					<ns3:TrackPointExtension>
						<ns3:speed>2.44</ns3:speed>
						<ns3:cad>80.0</ns3:cad>
						<ns3:hr>171</ns3:hr>
					</ns3:TrackPointExtension>
				</extensions>
			</trkpt>
			<trkpt lat="12.98343952" lon="77.69171798">
				<ele>889.45</ele>
				<time>2026-07-26T14:16:30Z</time>
				<extensions>
					<ns3:TrackPointExtension>
						<ns3:speed>2.44</ns3:speed>
						<ns3:cad>80.0</ns3:cad>
						<ns3:hr>171</ns3:hr>
					</ns3:TrackPointExtension>
				</extensions>
			</trkpt>
			<trkpt lat="12.98343386" lon="77.69173964">
				<ele>889.4</ele>
				<time>2026-07-26T14:16:31Z</time>
				<extensions>
					<ns3:TrackPointExtension>
						<ns3:speed>2.43</ns3:speed>
						<ns3:cad>80.0</ns3:cad>
						<ns3:hr>171</ns3:hr>
					</ns3:TrackPointExtension>
				</extensions>
			</trkpt>
			<trkpt lat="12.98342887" lon="77.69176164">
				<ele>889.36</ele>
				<time>2026-07-26T14:16:32Z</time>
				<extensions>
					<ns3:TrackPointExtension>
						<ns3:speed>2.43</ns3:speed>
						<ns3:cad>80.0</ns3:cad>
						<ns3:hr>171</ns3:hr>
					</ns3:TrackPointExtension>
				</extensions>
			</trkpt>
			<trkpt lat="12.98342421" lon="77.69178197">
				<ele>889.35</ele>
				<time>2026-07-26T14:16:33Z</time>
				<extensions>
					<ns3:TrackPointExtension>
						<ns3:speed>2.43</ns3:speed>
						<ns3:cad>79.0</ns3:cad>
						<ns3:hr>171</ns3:hr>
					</ns3:TrackPointExtension>
				</extensions>
			</trkpt>
			<trkpt lat="12.98341555" lon="77.69179963">
				<ele>889.32</ele>
				<time>2026-07-26T14:16:34Z</time>
				<extensions>
					<ns3:TrackPointExtension>
						<ns3:speed>2.42</ns3:speed>
						<ns3:cad>79.0</ns3:cad>
						<ns3:hr>171</ns3:hr>
					</ns3:TrackPointExtension>
				</extensions>
			</trkpt>
			<trkpt lat="12.98340389" lon="77.69181329">
				<ele>889.3</ele>
				<time>2026-07-26T14:16:35Z</time>
				<extensions>
					<ns3:TrackPointExtension>
						<ns3:speed>2.41</ns3:speed>
						<ns3:cad>79.0</ns3:cad>
						<ns3:hr>171</ns3:hr>
					</ns3:TrackPointExtension>
				</extensions>
			</trkpt>
			<trkpt lat="12.98338956" lon="77.69182495">
				<ele>889.28</ele>
				<time>2026-07-26T14:16:36Z</time>
				<extensions>
					<ns3:TrackPointExtension>
						<ns3:speed>2.4</ns3:speed>
						<ns3:cad>79.0</ns3:cad>
						<ns3:hr>171</ns3:hr>
					</ns3:TrackPointExtension>
				</extensions>
			</trkpt>
			<trkpt lat="12.9833729" lon="77.69183294">
				<ele>889.27</ele>
				<time>2026-07-26T14:16:37Z</time>
				<extensions>
					<ns3:TrackPointExtension>
						<ns3:speed>2.4</ns3:speed>
						<ns3:cad>80.0</ns3:cad>
						<ns3:hr>172</ns3:hr>
					</ns3:TrackPointExtension>
				</extensions>
			</trkpt>
			<trkpt lat="12.98335491" lon="77.6918376">
				<ele>889.26</ele>
				<time>2026-07-26T14:16:38Z</time>
				<extensions>
					<ns3:TrackPointExtension>
						<ns3:speed>2.39</ns3:speed>
						<ns3:cad>80.0</ns3:cad>
						<ns3:hr>172</ns3:hr>
					</ns3:TrackPointExtension>
				</extensions>
			</trkpt>
			<trkpt lat="12.98333592" lon="77.69184026">
				<ele>889.24</ele>
				<time>2026-07-26T14:16:39Z</time>
				<extensions>
					<ns3:TrackPointExtension>
						<ns3:speed>2.38</ns3:speed>
						<ns3:cad>80.0</ns3:cad>
						<ns3:hr>171</ns3:hr>
					</ns3:TrackPointExtension>
				</extensions>
			</trkpt>
			<trkpt lat="12.98331726" lon="77.69184259">
				<ele>889.21</ele>
				<time>2026-07-26T14:16:40Z</time>
				<extensions>
					<ns3:TrackPointExtension>
						<ns3:speed>2.38</ns3:speed>
						<ns3:cad>80.0</ns3:cad>
						<ns3:hr>170</ns3:hr>
					</ns3:TrackPointExtension>
				</extensions>
			</trkpt>
			<trkpt lat="12.9832996" lon="77.69184325">
				<ele>889.19</ele>
				<time>2026-07-26T14:16:41Z</time>
				<extensions>
					<ns3:TrackPointExtension>
						<ns3:speed>2.37</ns3:speed>
						<ns3:cad>80.0</ns3:cad>
						<ns3:hr>170</ns3:hr>
					</ns3:TrackPointExtension>
				</extensions>
			</trkpt>
			<trkpt lat="12.98328094" lon="77.69184226">
				<ele>889.17</ele>
				<time>2026-07-26T14:16:42Z</time>
				<extensions>
					<ns3:TrackPointExtension>
						<ns3:speed>2.35</ns3:speed>
						<ns3:cad>80.0</ns3:cad>
						<ns3:hr>171</ns3:hr>
					</ns3:TrackPointExtension>
				</extensions>
			</trkpt>
			<trkpt lat="12.98326161" lon="77.69184093">
				<ele>889.16</ele>
				<time>2026-07-26T14:16:43Z</time>
				<extensions>
					<ns3:TrackPointExtension>
						<ns3:speed>2.34</ns3:speed>
						<ns3:cad>80.0</ns3:cad>
						<ns3:hr>170</ns3:hr>
					</ns3:TrackPointExtension>
				</extensions>
			</trkpt>
			<trkpt lat="12.98324262" lon="77.6918396">
				<ele>889.15</ele>
				<time>2026-07-26T14:16:44Z</time>
				<extensions>
					<ns3:TrackPointExtension>
						<ns3:speed>2.32</ns3:speed>
						<ns3:cad>80.0</ns3:cad>
						<ns3:hr>170</ns3:hr>
					</ns3:TrackPointExtension>
				</extensions>
			</trkpt>
			<trkpt lat="12.98322396" lon="77.69183827">
				<ele>889.14</ele>
				<time>2026-07-26T14:16:45Z</time>
				<extensions>
					<ns3:TrackPointExtension>
						<ns3:speed>2.32</ns3:speed>
						<ns3:cad>80.0</ns3:cad>
						<ns3:hr>169</ns3:hr>
					</ns3:TrackPointExtension>
				</extensions>
			</trkpt>
			<trkpt lat="12.98320563" lon="77.69183794">
				<ele>889.14</ele>
				<time>2026-07-26T14:16:46Z</time>
				<extensions>
					<ns3:TrackPointExtension>
					</ns3:TrackPointExtension>
				</extensions>
			</trkpt>
			<trkpt lat="12.9831883" lon="77.69184194">
				<ele>889.12</ele>
				<time>2026-07-26T14:16:47Z</time>
				<extensions>
					<ns3:TrackPointExtension>
						<ns3:speed>2.3</ns3:speed>
						<ns3:cad>80.0</ns3:cad>
						<ns3:hr>169</ns3:hr>
					</ns3:TrackPointExtension>
				</extensions>
			</trkpt>
			<trkpt lat="12.9831723" lon="77.6918496">
				<ele>889.1</ele>
				<time>2026-07-26T14:16:48Z</time>
				<extensions>
					<ns3:TrackPointExtension>
						<ns3:speed>2.26</ns3:speed>
						<ns3:cad>81.0</ns3:cad>
						<ns3:hr>169</ns3:hr>
					</ns3:TrackPointExtension>
				</extensions>
			</trkpt>
			<trkpt lat="12.98315697" lon="77.69186093">
				<ele>889.09</ele>
				<time>2026-07-26T14:16:49Z</time>
				<extensions>
					<ns3:TrackPointExtension>
						<ns3:speed>2.26</ns3:speed>
						<ns3:cad>81.0</ns3:cad>
						<ns3:hr>169</ns3:hr>
					</ns3:TrackPointExtension>
				</extensions>
			</trkpt>
			<trkpt lat="12.98314598" lon="77.69187626">
				<ele>889.08</ele>
				<time>2026-07-26T14:16:50Z</time>
				<extensions>
					<ns3:TrackPointExtension>
						<ns3:speed>2.25</ns3:speed>
						<ns3:cad>81.0</ns3:cad>
						<ns3:hr>169</ns3:hr>
					</ns3:TrackPointExtension>
				</extensions>
			</trkpt>
			<trkpt lat="12.98313665" lon="77.69189359">
				<ele>889.07</ele>
				<time>2026-07-26T14:16:51Z</time>
				<extensions>
					<ns3:TrackPointExtension>
						<ns3:speed>2.25</ns3:speed>
						<ns3:cad>81.0</ns3:cad>
						<ns3:hr>168</ns3:hr>
					</ns3:TrackPointExtension>
				</extensions>
			</trkpt>
			<trkpt lat="12.98312799" lon="77.69191192">
				<ele>889.05</ele>
				<time>2026-07-26T14:16:52Z</time>
				<extensions>
					<ns3:TrackPointExtension>
						<ns3:speed>2.24</ns3:speed>
						<ns3:cad>83.0</ns3:cad>
						<ns3:hr>169</ns3:hr>
					</ns3:TrackPointExtension>
				</extensions>
			</trkpt>
			<trkpt lat="12.98312033" lon="77.69193158">
				<ele>889.04</ele>
				<time>2026-07-26T14:16:53Z</time>
				<extensions>
					<ns3:TrackPointExtension>
						<ns3:speed>2.23</ns3:speed>
						<ns3:cad>83.0</ns3:cad>
						<ns3:hr>169</ns3:hr>
					</ns3:TrackPointExtension>
				</extensions>
			</trkpt>
			<trkpt lat="12.98311267" lon="77.69195124">
				<ele>889.04</ele>
				<time>2026-07-26T14:16:54Z</time>
				<extensions>
					<ns3:TrackPointExtension>
						<ns3:hr>169</ns3:hr>
					</ns3:TrackPointExtension>
				</extensions>
			</trkpt>
			<trkpt lat="12.98310201" lon="77.69197024">
				<ele>889.02</ele>
				<time>2026-07-26T14:16:55Z</time>
				<extensions>
					<ns3:TrackPointExtension>
						<ns3:speed>2.23</ns3:speed>
						<ns3:cad>83.0</ns3:cad>
					</ns3:TrackPointExtension>
				</extensions>
			</trkpt>
			<trkpt lat="12.98308902" lon="77.69198857">
				<ele>889.0</ele>
				<time>2026-07-26T14:16:56Z</time>
				<extensions>
					<ns3:TrackPointExtension>
						<ns3:speed>2.21</ns3:speed>
						<ns3:cad>83.0</ns3:cad>
						<ns3:hr>169</ns3:hr>
					</ns3:TrackPointExtension>
				</extensions>
			</trkpt>
			<trkpt lat="12.98307469" lon="77.69200556">
				<ele>888.99</ele>
				<time>2026-07-26T14:16:57Z</time>
				<extensions>
					<ns3:TrackPointExtension>
						<ns3:speed>2.21</ns3:speed>
						<ns3:cad>83.0</ns3:cad>
						<ns3:hr>169</ns3:hr>
					</ns3:TrackPointExtension>
				</extensions>
			</trkpt>
			<trkpt lat="12.98305936" lon="77.69202189">
				<ele>888.98</ele>
				<time>2026-07-26T14:16:58Z</time>
				<extensions>
					<ns3:TrackPointExtension>
						<ns3:speed>2.21</ns3:speed>
						<ns3:cad>83.0</ns3:cad>
						<ns3:hr>168</ns3:hr>
					</ns3:TrackPointExtension>
				</extensions>
			</trkpt>
			<trkpt lat="12.98304403" lon="77.69203655">
				<ele>888.97</ele>
				<time>2026-07-26T14:16:59Z</time>
				<extensions>
					<ns3:TrackPointExtension>
						<ns3:speed>2.21</ns3:speed>
						<ns3:cad>83.0</ns3:cad>
						<ns3:hr>168</ns3:hr>
					</ns3:TrackPointExtension>
				</extensions>
			</trkpt>
			<trkpt lat="12.98302837" lon="77.69205121">
				<ele>888.96</ele>
				<time>2026-07-26T14:17:00Z</time>
				<extensions>
					<ns3:TrackPointExtension>
						<ns3:speed>2.21</ns3:speed>
						<ns3:cad>83.0</ns3:cad>
						<ns3:hr>168</ns3:hr>
					</ns3:TrackPointExtension>
				</extensions>
			</trkpt>
			<trkpt lat="12.98301204" lon="77.6920642">
				<ele>888.96</ele>
				<time>2026-07-26T14:17:01Z</time>
				<extensions>
					<ns3:TrackPointExtension>
						<ns3:speed>2.21</ns3:speed>
						<ns3:cad>81.0</ns3:cad>
						<ns3:hr>168</ns3:hr>
					</ns3:TrackPointExtension>
				</extensions>
			</trkpt>
			<trkpt lat="12.98299505" lon="77.69207553">
				<ele>888.95</ele>
				<time>2026-07-26T14:17:02Z</time>
				<extensions>
					<ns3:TrackPointExtension>
						<ns3:speed>2.21</ns3:speed>
						<ns3:cad>81.0</ns3:cad>
						<ns3:hr>169</ns3:hr>
					</ns3:TrackPointExtension>
				</extensions>
			</trkpt>
			<trkpt lat="12.98297806" lon="77.69208586">
				<ele>888.95</ele>
				<time>2026-07-26T14:17:03Z</time>
				<extensions>
					<ns3:TrackPointExtension>
						<ns3:speed>2.21</ns3:speed>
						<ns3:cad>81.0</ns3:cad>
						<ns3:hr>169</ns3:hr>
					</ns3:TrackPointExtension>
				</extensions>
			</trkpt>
			<trkpt lat="12.98296073" lon="77.69209519">
				<ele>888.95</ele>
				<time>2026-07-26T14:17:04Z</time>
				<extensions>
					<ns3:TrackPointExtension>
						<ns3:speed>2.21</ns3:speed>
						<ns3:cad>81.0</ns3:cad>
						<ns3:hr>168</ns3:hr>
					</ns3:TrackPointExtension>
				</extensions>
			</trkpt>
			<trkpt lat="12.98294274" lon="77.69210552">
				<ele>888.95</ele>
				<time>2026-07-26T14:17:05Z</time>
				<extensions>
					<ns3:TrackPointExtension>
						<ns3:speed>2.2</ns3:speed>
						<ns3:cad>81.0</ns3:cad>
						<ns3:hr>167</ns3:hr>
					</ns3:TrackPointExtension>
				</extensions>
			</trkpt>
			<trkpt lat="12.98292541" lon="77.69211618">
				<ele>888.95</ele>
				<time>2026-07-26T14:17:06Z</time>
				<extensions>
					<ns3:TrackPointExtension>
						<ns3:speed>2.2</ns3:speed>
						<ns3:cad>80.0</ns3:cad>
						<ns3:hr>168</ns3:hr>
					</ns3:TrackPointExtension>
				</extensions>
			</trkpt>
			<trkpt lat="12.98290842" lon="77.69212817">
				<ele>888.95</ele>
				<time>2026-07-26T14:17:07Z</time>
				<extensions>
					<ns3:TrackPointExtension>
						<ns3:speed>2.2</ns3:speed>
						<ns3:cad>80.0</ns3:cad>
						<ns3:hr>167</ns3:hr>
					</ns3:TrackPointExtension>
				</extensions>
			</trkpt>
			<trkpt lat="12.98289143" lon="77.69213917">
				<ele>888.95</ele>
				<time>2026-07-26T14:17:08Z</time>
				<extensions>
					<ns3:TrackPointExtension>
						<ns3:speed>2.2</ns3:speed>
						<ns3:cad>80.0</ns3:cad>
						<ns3:hr>168</ns3:hr>
					</ns3:TrackPointExtension>
				</extensions>
			</trkpt>
			<trkpt lat="12.98287477" lon="77.69214983">
				<ele>888.95</ele>
				<time>2026-07-26T14:17:09Z</time>
				<extensions>
					<ns3:TrackPointExtension>
						<ns3:speed>2.2</ns3:speed>
						<ns3:cad>80.0</ns3:cad>
						<ns3:hr>168</ns3:hr>
					</ns3:TrackPointExtension>
				</extensions>
			</trkpt>
			<trkpt lat="12.98285744" lon="77.69216083">
				<ele>888.95</ele>
				<time>2026-07-26T14:17:10Z</time>
				<extensions>
					<ns3:TrackPointExtension>
						<ns3:speed>2.2</ns3:speed>
						<ns3:cad>80.0</ns3:cad>
						<ns3:hr>168</ns3:hr>
					</ns3:TrackPointExtension>
				</extensions>
			</trkpt>
			<trkpt lat="12.98284078" lon="77.69217283">
				<ele>888.94</ele>
				<time>2026-07-26T14:17:11Z</time>
				<extensions>
					<ns3:TrackPointExtension>
						<ns3:speed>2.2</ns3:speed>
						<ns3:cad>80.0</ns3:cad>
						<ns3:hr>168</ns3:hr>
					</ns3:TrackPointExtension>
				</extensions>
			</trkpt>
			<trkpt lat="12.98282445" lon="77.69218482">
				<ele>888.94</ele>
				<time>2026-07-26T14:17:12Z</time>
				<extensions>
					<ns3:TrackPointExtension>
						<ns3:speed>2.2</ns3:speed>
						<ns3:cad>80.0</ns3:cad>
						<ns3:hr>168</ns3:hr>
					</ns3:TrackPointExtension>
				</extensions>
			</trkpt>
			<trkpt lat="12.98280846" lon="77.69219715">
				<ele>888.94</ele>
				<time>2026-07-26T14:17:13Z</time>
				<extensions>
					<ns3:TrackPointExtension>
						<ns3:speed>2.2</ns3:speed>
						<ns3:cad>80.0</ns3:cad>
						<ns3:hr>169</ns3:hr>
					</ns3:TrackPointExtension>
				</extensions>
			</trkpt>
			<trkpt lat="12.9827928" lon="77.69221014">
				<ele>888.94</ele>
				<time>2026-07-26T14:17:14Z</time>
				<extensions>
					<ns3:TrackPointExtension>
						<ns3:speed>2.19</ns3:speed>
						<ns3:cad>80.0</ns3:cad>
						<ns3:hr>170</ns3:hr>
					</ns3:TrackPointExtension>
				</extensions>
			</trkpt>
			<trkpt lat="12.98277814" lon="77.69222447">
				<ele>888.94</ele>
				<time>2026-07-26T14:17:15Z</time>
				<extensions>
					<ns3:TrackPointExtension>
						<ns3:speed>2.19</ns3:speed>
						<ns3:cad>80.0</ns3:cad>
						<ns3:hr>170</ns3:hr>
					</ns3:TrackPointExtension>
				</extensions>
			</trkpt>
			<trkpt lat="12.98276414" lon="77.69223913">
				<ele>888.94</ele>
				<time>2026-07-26T14:17:16Z</time>
				<extensions>
					<ns3:TrackPointExtension>
						<ns3:speed>2.18</ns3:speed>
						<ns3:cad>81.0</ns3:cad>
						<ns3:hr>171</ns3:hr>
					</ns3:TrackPointExtension>
				</extensions>
			</trkpt>
			<trkpt lat="12.98275048" lon="77.69225446">
				<ele>888.94</ele>
				<time>2026-07-26T14:17:17Z</time>
				<extensions>
					<ns3:TrackPointExtension>
						<ns3:speed>2.18</ns3:speed>
						<ns3:cad>81.0</ns3:cad>
						<ns3:hr>172</ns3:hr>
					</ns3:TrackPointExtension>
				</extensions>
			</trkpt>
			<trkpt lat="12.98273715" lon="77.69227046">
				<ele>888.95</ele>
				<time>2026-07-26T14:17:18Z</time>
				<extensions>
					<ns3:TrackPointExtension>
						<ns3:speed>2.17</ns3:speed>
						<ns3:cad>81.0</ns3:cad>
						<ns3:hr>172</ns3:hr>
					</ns3:TrackPointExtension>
				</extensions>
			</trkpt>
			<trkpt lat="12.98272549" lon="77.69228845">
				<ele>888.96</ele>
				<time>2026-07-26T14:17:19Z</time>
				<extensions>
					<ns3:TrackPointExtension>
						<ns3:speed>2.17</ns3:speed>
						<ns3:cad>81.0</ns3:cad>
						<ns3:hr>173</ns3:hr>
					</ns3:TrackPointExtension>
				</extensions>
			</trkpt>
			<trkpt lat="12.98271583" lon="77.69230745">
				<ele>888.96</ele>
				<time>2026-07-26T14:17:20Z</time>
				<extensions>
					<ns3:TrackPointExtension>
						<ns3:speed>2.17</ns3:speed>
						<ns3:cad>81.0</ns3:cad>
						<ns3:hr>172</ns3:hr>
					</ns3:TrackPointExtension>
				</extensions>
			</trkpt>
			<trkpt lat="12.98270584" lon="77.69232611">
				<ele>888.98</ele>
				<time>2026-07-26T14:17:21Z</time>
				<extensions>
					<ns3:TrackPointExtension>
						<ns3:speed>2.16</ns3:speed>
						<ns3:cad>81.0</ns3:cad>
						<ns3:hr>172</ns3:hr>
					</ns3:TrackPointExtension>
				</extensions>
			</trkpt>
			<trkpt lat="12.98269618" lon="77.69234244">
				<ele>888.98</ele>
				<time>2026-07-26T14:17:22Z</time>
				<extensions>
					<ns3:TrackPointExtension>
						<ns3:speed>2.16</ns3:speed>
						<ns3:cad>81.0</ns3:cad>
						<ns3:hr>172</ns3:hr>
					</ns3:TrackPointExtension>
				</extensions>
			</trkpt>
			<trkpt lat="12.98268485" lon="77.69235844">
				<ele>888.99</ele>
				<time>2026-07-26T14:17:23Z</time>
				<extensions>
					<ns3:TrackPointExtension>
						<ns3:speed>2.15</ns3:speed>
						<ns3:cad>81.0</ns3:cad>
						<ns3:hr>172</ns3:hr>
					</ns3:TrackPointExtension>
				</extensions>
			</trkpt>
			<trkpt lat="12.98267286" lon="77.6923701">
				<ele>889.0</ele>
				<time>2026-07-26T14:17:24Z</time>
				<extensions>
					<ns3:TrackPointExtension>
						<ns3:speed>2.14</ns3:speed>
						<ns3:cad>81.0</ns3:cad>
						<ns3:hr>171</ns3:hr>
					</ns3:TrackPointExtension>
				</extensions>
			</trkpt>
			<trkpt lat="12.98265886" lon="77.69237776">
				<ele>889.01</ele>
				<time>2026-07-26T14:17:25Z</time>
				<extensions>
					<ns3:TrackPointExtension>
						<ns3:speed>2.14</ns3:speed>
						<ns3:cad>81.0</ns3:cad>
						<ns3:hr>171</ns3:hr>
					</ns3:TrackPointExtension>
				</extensions>
			</trkpt>
			<trkpt lat="12.98264387" lon="77.69238109">
				<ele>889.02</ele>
				<time>2026-07-26T14:17:26Z</time>
				<extensions>
					<ns3:TrackPointExtension>
						<ns3:speed>2.13</ns3:speed>
						<ns3:cad>81.0</ns3:cad>
						<ns3:hr>171</ns3:hr>
					</ns3:TrackPointExtension>
				</extensions>
			</trkpt>
			<trkpt lat="12.98262754" lon="77.69238308">
				<ele>889.03</ele>
				<time>2026-07-26T14:17:27Z</time>
				<extensions>
					<ns3:TrackPointExtension>
						<ns3:speed>2.13</ns3:speed>
						<ns3:cad>81.0</ns3:cad>
						<ns3:hr>172</ns3:hr>
					</ns3:TrackPointExtension>
				</extensions>
			</trkpt>
			<trkpt lat="12.98261121" lon="77.69238407">
				<ele>889.04</ele>
				<time>2026-07-26T14:17:28Z</time>
				<extensions>
					<ns3:TrackPointExtension>
						<ns3:speed>2.13</ns3:speed>
						<ns3:cad>81.0</ns3:cad>
						<ns3:hr>171</ns3:hr>
					</ns3:TrackPointExtension>
				</extensions>
			</trkpt>
			<trkpt lat="12.98259388" lon="77.69238341">
				<ele>889.05</ele>
				<time>2026-07-26T14:17:29Z</time>
				<extensions>
					<ns3:TrackPointExtension>
						<ns3:speed>2.1</ns3:speed>
						<ns3:cad>81.0</ns3:cad>
						<ns3:hr>171</ns3:hr>
					</ns3:TrackPointExtension>
				</extensions>
			</trkpt>
			<trkpt lat="12.98257622" lon="77.69238242">
				<ele>889.07</ele>
				<time>2026-07-26T14:17:30Z</time>
				<extensions>
					<ns3:TrackPointExtension>
						<ns3:speed>2.09</ns3:speed>
						<ns3:cad>81.0</ns3:cad>
						<ns3:hr>171</ns3:hr>
					</ns3:TrackPointExtension>
				</extensions>
			</trkpt>
			<trkpt lat="12.98255756" lon="77.69238176">
				<ele>889.09</ele>
				<time>2026-07-26T14:17:31Z</time>
				<extensions>
					<ns3:TrackPointExtension>
						<ns3:speed>2.08</ns3:speed>
						<ns3:cad>81.0</ns3:cad>
						<ns3:hr>171</ns3:hr>
					</ns3:TrackPointExtension>
				</extensions>
			</trkpt>
			<trkpt lat="12.98254057" lon="77.69238209">
				<ele>889.11</ele>
				<time>2026-07-26T14:17:32Z</time>
				<extensions>
					<ns3:TrackPointExtension>
						<ns3:speed>2.07</ns3:speed>
						<ns3:cad>81.0</ns3:cad>
						<ns3:hr>172</ns3:hr>
					</ns3:TrackPointExtension>
				</extensions>
			</trkpt>
			<trkpt lat="12.98252358" lon="77.69238375">
				<ele>889.13</ele>
				<time>2026-07-26T14:17:33Z</time>
				<extensions>
					<ns3:TrackPointExtension>
						<ns3:speed>2.04</ns3:speed>
						<ns3:cad>81.0</ns3:cad>
						<ns3:hr>172</ns3:hr>
					</ns3:TrackPointExtension>
				</extensions>
			</trkpt>
			<trkpt lat="12.98250659" lon="77.69238708">
				<ele>889.15</ele>
				<time>2026-07-26T14:17:34Z</time>
				<extensions>
					<ns3:TrackPointExtension>
						<ns3:speed>2.03</ns3:speed>
						<ns3:cad>81.0</ns3:cad>
						<ns3:hr>172</ns3:hr>
					</ns3:TrackPointExtension>
				</extensions>
			</trkpt>
			<trkpt lat="12.98248859" lon="77.69239041">
				<ele>889.18</ele>
				<time>2026-07-26T14:17:35Z</time>
				<extensions>
					<ns3:TrackPointExtension>
						<ns3:speed>2.02</ns3:speed>
						<ns3:cad>80.0</ns3:cad>
						<ns3:hr>173</ns3:hr>
					</ns3:TrackPointExtension>
				</extensions>
			</trkpt>
			<trkpt lat="12.9824696" lon="77.69239207">
				<ele>889.21</ele>
				<time>2026-07-26T14:17:36Z</time>
				<extensions>
					<ns3:TrackPointExtension>
						<ns3:speed>2.0</ns3:speed>
						<ns3:cad>80.0</ns3:cad>
						<ns3:hr>173</ns3:hr>
					</ns3:TrackPointExtension>
				</extensions>
			</trkpt>
			<trkpt lat="12.98244894" lon="77.69239141">
				<ele>889.23</ele>
				<time>2026-07-26T14:17:37Z</time>
				<extensions>
					<ns3:TrackPointExtension>
						<ns3:speed>1.99</ns3:speed>
						<ns3:cad>80.0</ns3:cad>
						<ns3:hr>172</ns3:hr>
					</ns3:TrackPointExtension>
				</extensions>
			</trkpt>
			<trkpt lat="12.98242928" lon="77.69238842">
				<ele>889.26</ele>
				<time>2026-07-26T14:17:38Z</time>
				<extensions>
					<ns3:TrackPointExtension>
						<ns3:speed>2.0</ns3:speed>
						<ns3:cad>80.0</ns3:cad>
						<ns3:hr>172</ns3:hr>
					</ns3:TrackPointExtension>
				</extensions>
			</trkpt>
			<trkpt lat="12.98240962" lon="77.69238209">
				<ele>889.29</ele>
				<time>2026-07-26T14:17:39Z</time>
				<extensions>
					<ns3:TrackPointExtension>
						<ns3:speed>2.0</ns3:speed>
						<ns3:cad>81.0</ns3:cad>
						<ns3:hr>171</ns3:hr>
					</ns3:TrackPointExtension>
				</extensions>
			</trkpt>
			<trkpt lat="12.98239029" lon="77.69237443">
				<ele>889.32</ele>
				<time>2026-07-26T14:17:40Z</time>
				<extensions>
					<ns3:TrackPointExtension>
						<ns3:speed>2.02</ns3:speed>
						<ns3:cad>81.0</ns3:cad>
						<ns3:hr>171</ns3:hr>
					</ns3:TrackPointExtension>
				</extensions>
			</trkpt>
			<trkpt lat="12.9823713" lon="77.69236377">
				<ele>889.35</ele>
				<time>2026-07-26T14:17:41Z</time>
				<extensions>
					<ns3:TrackPointExtension>
						<ns3:speed>2.04</ns3:speed>
						<ns3:cad>83.0</ns3:cad>
						<ns3:hr>171</ns3:hr>
					</ns3:TrackPointExtension>
				</extensions>
			</trkpt>
			<trkpt lat="12.98235397" lon="77.69235044">
				<ele>889.37</ele>
				<time>2026-07-26T14:17:42Z</time>
				<extensions>
					<ns3:TrackPointExtension>
						<ns3:speed>2.05</ns3:speed>
						<ns3:cad>83.0</ns3:cad>
						<ns3:hr>171</ns3:hr>
					</ns3:TrackPointExtension>
				</extensions>
			</trkpt>
			<trkpt lat="12.98233731" lon="77.69233511">
				<ele>889.39</ele>
				<time>2026-07-26T14:17:43Z</time>
				<extensions>
					<ns3:TrackPointExtension>
						<ns3:speed>2.07</ns3:speed>
						<ns3:cad>83.0</ns3:cad>
						<ns3:hr>171</ns3:hr>
					</ns3:TrackPointExtension>
				</extensions>
			</trkpt>
			<trkpt lat="12.98232365" lon="77.69231945">
				<ele>889.41</ele>
				<time>2026-07-26T14:17:44Z</time>
				<extensions>
					<ns3:TrackPointExtension>
						<ns3:speed>2.08</ns3:speed>
						<ns3:cad>83.0</ns3:cad>
						<ns3:hr>171</ns3:hr>
					</ns3:TrackPointExtension>
				</extensions>
			</trkpt>
			<trkpt lat="12.98231032" lon="77.69230212">
				<ele>889.42</ele>
				<time>2026-07-26T14:17:45Z</time>
				<extensions>
					<ns3:TrackPointExtension>
						<ns3:speed>2.1</ns3:speed>
						<ns3:cad>83.0</ns3:cad>
						<ns3:hr>171</ns3:hr>
					</ns3:TrackPointExtension>
				</extensions>
			</trkpt>
			<trkpt lat="12.98229599" lon="77.69228513">
				<ele>889.42</ele>
				<time>2026-07-26T14:17:46Z</time>
				<extensions>
					<ns3:TrackPointExtension>
						<ns3:speed>2.12</ns3:speed>
						<ns3:cad>83.0</ns3:cad>
						<ns3:hr>171</ns3:hr>
					</ns3:TrackPointExtension>
				</extensions>
			</trkpt>
			<trkpt lat="12.98228233" lon="77.6922668">
				<ele>889.43</ele>
				<time>2026-07-26T14:17:47Z</time>
				<extensions>
					<ns3:TrackPointExtension>
						<ns3:speed>2.14</ns3:speed>
						<ns3:cad>83.0</ns3:cad>
						<ns3:hr>171</ns3:hr>
					</ns3:TrackPointExtension>
				</extensions>
			</trkpt>
			<trkpt lat="12.982269" lon="77.69224881">
				<ele>889.42</ele>
				<time>2026-07-26T14:17:48Z</time>
				<extensions>
					<ns3:TrackPointExtension>
						<ns3:speed>2.15</ns3:speed>
						<ns3:cad>84.0</ns3:cad>
						<ns3:hr>170</ns3:hr>
					</ns3:TrackPointExtension>
				</extensions>
			</trkpt>
			<trkpt lat="12.982256" lon="77.69223148">
				<ele>889.41</ele>
				<time>2026-07-26T14:17:49Z</time>
				<extensions>
					<ns3:TrackPointExtension>
						<ns3:speed>2.17</ns3:speed>
						<ns3:cad>84.0</ns3:cad>
						<ns3:hr>170</ns3:hr>
					</ns3:TrackPointExtension>
				</extensions>
			</trkpt>
			<trkpt lat="12.98224267" lon="77.69221415">
				<ele>889.4</ele>
				<time>2026-07-26T14:17:50Z</time>
				<extensions>
					<ns3:TrackPointExtension>
						<ns3:speed>2.19</ns3:speed>
						<ns3:cad>84.0</ns3:cad>
						<ns3:hr>170</ns3:hr>
					</ns3:TrackPointExtension>
				</extensions>
			</trkpt>
			<trkpt lat="12.98223101" lon="77.69219549">
				<ele>889.39</ele>
				<time>2026-07-26T14:17:51Z</time>
				<extensions>
					<ns3:TrackPointExtension>
						<ns3:speed>2.2</ns3:speed>
						<ns3:cad>84.0</ns3:cad>
						<ns3:hr>170</ns3:hr>
					</ns3:TrackPointExtension>
				</extensions>
			</trkpt>
			<trkpt lat="12.98221701" lon="77.69217683">
				<ele>889.38</ele>
				<time>2026-07-26T14:17:52Z</time>
				<extensions>
					<ns3:TrackPointExtension>
						<ns3:speed>2.23</ns3:speed>
						<ns3:cad>84.0</ns3:cad>
						<ns3:hr>169</ns3:hr>
					</ns3:TrackPointExtension>
				</extensions>
			</trkpt>
			<trkpt lat="12.98220435" lon="77.6921585">
				<ele>889.36</ele>
				<time>2026-07-26T14:17:53Z</time>
				<extensions>
					<ns3:TrackPointExtension>
						<ns3:speed>2.25</ns3:speed>
						<ns3:cad>84.0</ns3:cad>
						<ns3:hr>169</ns3:hr>
					</ns3:TrackPointExtension>
				</extensions>
			</trkpt>
			<trkpt lat="12.98219035" lon="77.69214084">
				<ele>889.35</ele>
				<time>2026-07-26T14:17:54Z</time>
				<extensions>
					<ns3:TrackPointExtension>
						<ns3:speed>2.27</ns3:speed>
						<ns3:cad>84.0</ns3:cad>
						<ns3:hr>170</ns3:hr>
					</ns3:TrackPointExtension>
				</extensions>
			</trkpt>
			<trkpt lat="12.98217635" lon="77.69212084">
				<ele>889.33</ele>
				<time>2026-07-26T14:17:55Z</time>
				<extensions>
					<ns3:TrackPointExtension>
						<ns3:speed>2.28</ns3:speed>
						<ns3:cad>84.0</ns3:cad>
						<ns3:hr>170</ns3:hr>
					</ns3:TrackPointExtension>
				</extensions>
			</trkpt>
			<trkpt lat="12.98216235" lon="77.69210151">
				<ele>889.32</ele>
				<time>2026-07-26T14:17:56Z</time>
				<extensions>
					<ns3:TrackPointExtension>
						<ns3:speed>2.29</ns3:speed>
						<ns3:cad>84.0</ns3:cad>
						<ns3:hr>170</ns3:hr>
					</ns3:TrackPointExtension>
				</extensions>
			</trkpt>
			<trkpt lat="12.98214602" lon="77.69208218">
				<ele>889.3</ele>
				<time>2026-07-26T14:17:57Z</time>
				<extensions>
					<ns3:TrackPointExtension>
						<ns3:speed>2.3</ns3:speed>
						<ns3:cad>84.0</ns3:cad>
						<ns3:hr>171</ns3:hr>
					</ns3:TrackPointExtension>
				</extensions>
			</trkpt>
			<trkpt lat="12.98212802" lon="77.69206285">
				<ele>889.29</ele>
				<time>2026-07-26T14:17:58Z</time>
				<extensions>
					<ns3:TrackPointExtension>
						<ns3:speed>2.32</ns3:speed>
						<ns3:cad>83.0</ns3:cad>
						<ns3:hr>171</ns3:hr>
					</ns3:TrackPointExtension>
				</extensions>
			</trkpt>
			<trkpt lat="12.98210869" lon="77.69204285">
				<ele>889.26</ele>
				<time>2026-07-26T14:17:59Z</time>
				<extensions>
					<ns3:TrackPointExtension>
						<ns3:speed>2.32</ns3:speed>
						<ns3:cad>83.0</ns3:cad>
						<ns3:hr>171</ns3:hr>
					</ns3:TrackPointExtension>
				</extensions>
			</trkpt>
			<trkpt lat="12.98209269" lon="77.69202219">
				<ele>889.24</ele>
				<time>2026-07-26T14:18:00Z</time>
				<extensions>
					<ns3:TrackPointExtension>
						<ns3:speed>2.33</ns3:speed>
						<ns3:cad>83.0</ns3:cad>
						<ns3:hr>172</ns3:hr>
					</ns3:TrackPointExtension>
				</extensions>
			</trkpt>
			<trkpt lat="12.98208136" lon="77.69200153">
				<ele>889.21</ele>
				<time>2026-07-26T14:18:01Z</time>
				<extensions>
					<ns3:TrackPointExtension>
						<ns3:speed>2.34</ns3:speed>
						<ns3:cad>81.0</ns3:cad>
						<ns3:hr>172</ns3:hr>
					</ns3:TrackPointExtension>
				</extensions>
			</trkpt>
			<trkpt lat="12.98207337" lon="77.69198053">
				<ele>889.18</ele>
				<time>2026-07-26T14:18:02Z</time>
				<extensions>
					<ns3:TrackPointExtension>
						<ns3:speed>2.35</ns3:speed>
						<ns3:cad>81.0</ns3:cad>
						<ns3:hr>172</ns3:hr>
					</ns3:TrackPointExtension>
				</extensions>
			</trkpt>
			<trkpt lat="12.98206737" lon="77.69195954">
				<ele>889.13</ele>
				<time>2026-07-26T14:18:03Z</time>
				<extensions>
					<ns3:TrackPointExtension>
						<ns3:speed>2.35</ns3:speed>
						<ns3:cad>81.0</ns3:cad>
						<ns3:hr>172</ns3:hr>
					</ns3:TrackPointExtension>
				</extensions>
			</trkpt>
			<trkpt lat="12.98206371" lon="77.69193888">
				<ele>889.1</ele>
				<time>2026-07-26T14:18:04Z</time>
				<extensions>
					<ns3:TrackPointExtension>
						<ns3:speed>2.34</ns3:speed>
						<ns3:cad>83.0</ns3:cad>
						<ns3:hr>172</ns3:hr>
					</ns3:TrackPointExtension>
				</extensions>
			</trkpt>
			<trkpt lat="12.98206271" lon="77.69191755">
				<ele>889.06</ele>
				<time>2026-07-26T14:18:05Z</time>
				<extensions>
					<ns3:TrackPointExtension>
						<ns3:speed>2.34</ns3:speed>
						<ns3:cad>83.0</ns3:cad>
						<ns3:hr>172</ns3:hr>
					</ns3:TrackPointExtension>
				</extensions>
			</trkpt>
			<trkpt lat="12.98206304" lon="77.69189622">
				<ele>889.0</ele>
				<time>2026-07-26T14:18:06Z</time>
				<extensions>
					<ns3:TrackPointExtension>
						<ns3:speed>2.34</ns3:speed>
						<ns3:cad>83.0</ns3:cad>
						<ns3:hr>173</ns3:hr>
					</ns3:TrackPointExtension>
				</extensions>
			</trkpt>
			<trkpt lat="12.98206437" lon="77.69187356">
				<ele>888.93</ele>
				<time>2026-07-26T14:18:07Z</time>
				<extensions>
					<ns3:TrackPointExtension>
						<ns3:speed>2.34</ns3:speed>
						<ns3:cad>83.0</ns3:cad>
						<ns3:hr>173</ns3:hr>
					</ns3:TrackPointExtension>
				</extensions>
			</trkpt>
			<trkpt lat="12.98206536" lon="77.6918499">
				<ele>888.88</ele>
				<time>2026-07-26T14:18:08Z</time>
				<extensions>
					<ns3:TrackPointExtension>
						<ns3:speed>2.34</ns3:speed>
						<ns3:cad>83.0</ns3:cad>
						<ns3:hr>173</ns3:hr>
					</ns3:TrackPointExtension>
				</extensions>
			</trkpt>
			<trkpt lat="12.98206769" lon="77.69182624">
				<ele>888.81</ele>
				<time>2026-07-26T14:18:09Z</time>
				<extensions>
					<ns3:TrackPointExtension>
						<ns3:speed>2.35</ns3:speed>
						<ns3:cad>83.0</ns3:cad>
						<ns3:hr>174</ns3:hr>
					</ns3:TrackPointExtension>
				</extensions>
			</trkpt>
			<trkpt lat="12.98207068" lon="77.69180225">
				<ele>888.67</ele>
				<time>2026-07-26T14:18:10Z</time>
				<extensions>
					<ns3:TrackPointExtension>
						<ns3:speed>2.37</ns3:speed>
						<ns3:cad>81.0</ns3:cad>
						<ns3:hr>174</ns3:hr>
					</ns3:TrackPointExtension>
				</extensions>
			</trkpt>
			<trkpt lat="12.98207167" lon="77.69177859">
				<ele>888.62</ele>
				<time>2026-07-26T14:18:11Z</time>
				<extensions>
					<ns3:TrackPointExtension>
						<ns3:speed>2.38</ns3:speed>
						<ns3:cad>81.0</ns3:cad>
						<ns3:hr>175</ns3:hr>
					</ns3:TrackPointExtension>
				</extensions>
			</trkpt>
			<trkpt lat="12.98207433" lon="77.69175493">
				<ele>888.57</ele>
				<time>2026-07-26T14:18:12Z</time>
				<extensions>
					<ns3:TrackPointExtension>
						<ns3:speed>2.39</ns3:speed>
						<ns3:cad>81.0</ns3:cad>
						<ns3:hr>175</ns3:hr>
					</ns3:TrackPointExtension>
				</extensions>
			</trkpt>
			<trkpt lat="12.98207766" lon="77.69173194">
				<ele>888.54</ele>
				<time>2026-07-26T14:18:13Z</time>
				<extensions>
					<ns3:TrackPointExtension>
						<ns3:speed>2.4</ns3:speed>
						<ns3:cad>81.0</ns3:cad>
						<ns3:hr>175</ns3:hr>
					</ns3:TrackPointExtension>
				</extensions>
			</trkpt>
			<trkpt lat="12.98208332" lon="77.69170961">
				<ele>888.51</ele>
				<time>2026-07-26T14:18:14Z</time>
				<extensions>
					<ns3:TrackPointExtension>
						<ns3:speed>2.4</ns3:speed>
						<ns3:cad>81.0</ns3:cad>
						<ns3:hr>175</ns3:hr>
					</ns3:TrackPointExtension>
				</extensions>
			</trkpt>
			<trkpt lat="12.98208998" lon="77.69168728">
				<ele>888.51</ele>
				<time>2026-07-26T14:18:15Z</time>
				<extensions>
					<ns3:TrackPointExtension>
						<ns3:speed>2.4</ns3:speed>
						<ns3:cad>81.0</ns3:cad>
						<ns3:hr>175</ns3:hr>
					</ns3:TrackPointExtension>
				</extensions>
			</trkpt>
			<trkpt lat="12.98209731" lon="77.69166595">
				<ele>888.51</ele>
				<time>2026-07-26T14:18:16Z</time>
				<extensions>
					<ns3:TrackPointExtension>
						<ns3:speed>2.41</ns3:speed>
						<ns3:cad>81.0</ns3:cad>
						<ns3:hr>175</ns3:hr>
					</ns3:TrackPointExtension>
				</extensions>
			</trkpt>
			<trkpt lat="12.98210697" lon="77.69164395">
				<ele>888.51</ele>
				<time>2026-07-26T14:18:17Z</time>
				<extensions>
					<ns3:TrackPointExtension>
						<ns3:hr>176</ns3:hr>
					</ns3:TrackPointExtension>
				</extensions>
			</trkpt>
			<trkpt lat="12.9821193" lon="77.69162295">
				<ele>888.51</ele>
				<time>2026-07-26T14:18:18Z</time>
				<extensions>
					<ns3:TrackPointExtension>
						<ns3:speed>2.41</ns3:speed>
						<ns3:cad>81.0</ns3:cad>
						<ns3:hr>176</ns3:hr>
					</ns3:TrackPointExtension>
				</extensions>
			</trkpt>
			<trkpt lat="12.98213429" lon="77.69160695">
				<ele>888.54</ele>
				<time>2026-07-26T14:18:19Z</time>
				<extensions>
					<ns3:TrackPointExtension>
						<ns3:speed>2.42</ns3:speed>
						<ns3:cad>81.0</ns3:cad>
						<ns3:hr>177</ns3:hr>
					</ns3:TrackPointExtension>
				</extensions>
			</trkpt>
			<trkpt lat="12.98214895" lon="77.69159062">
				<ele>888.54</ele>
				<time>2026-07-26T14:18:20Z</time>
				<extensions>
					<ns3:TrackPointExtension>
						<ns3:hr>177</ns3:hr>
					</ns3:TrackPointExtension>
				</extensions>
			</trkpt>
			<trkpt lat="12.98215728" lon="77.69156962">
				<ele>888.56</ele>
				<time>2026-07-26T14:18:21Z</time>
				<extensions>
					<ns3:TrackPointExtension>
						<ns3:speed>2.42</ns3:speed>
						<ns3:cad>81.0</ns3:cad>
						<ns3:hr>175</ns3:hr>
					</ns3:TrackPointExtension>
				</extensions>
			</trkpt>
			<trkpt lat="12.98214562" lon="77.69154162">
				<ele>888.6</ele>
				<time>2026-07-26T14:18:22Z</time>
				<extensions>
					<ns3:TrackPointExtension>
						<ns3:speed>2.42</ns3:speed>
						<ns3:cad>81.0</ns3:cad>
						<ns3:hr>176</ns3:hr>
					</ns3:TrackPointExtension>
				</extensions>
			</trkpt>
			<trkpt lat="12.98213229" lon="77.69151596">
				<ele>888.64</ele>
				<time>2026-07-26T14:18:23Z</time>
				<extensions>
					<ns3:TrackPointExtension>
						<ns3:speed>2.42</ns3:speed>
						<ns3:cad>80.0</ns3:cad>
					</ns3:TrackPointExtension>
				</extensions>
			</trkpt>
			<trkpt lat="12.98212063" lon="77.69149263">
				<ele>888.68</ele>
				<time>2026-07-26T14:18:24Z</time>
				<extensions>
					<ns3:TrackPointExtension>
						<ns3:speed>2.43</ns3:speed>
						<ns3:cad>80.0</ns3:cad>
						<ns3:hr>176</ns3:hr>
					</ns3:TrackPointExtension>
				</extensions>
			</trkpt>
			<trkpt lat="12.9821063" lon="77.69147263">
				<ele>888.72</ele>
				<time>2026-07-26T14:18:25Z</time>
				<extensions>
					<ns3:TrackPointExtension>
						<ns3:speed>2.43</ns3:speed>
						<ns3:cad>80.0</ns3:cad>
						<ns3:hr>175</ns3:hr>
					</ns3:TrackPointExtension>
				</extensions>
			</trkpt>
			<trkpt lat="12.98209097" lon="77.6914553">
				<ele>888.76</ele>
				<time>2026-07-26T14:18:26Z</time>
				<extensions>
					<ns3:TrackPointExtension>
						<ns3:speed>2.43</ns3:speed>
						<ns3:cad>80.0</ns3:cad>
						<ns3:hr>175</ns3:hr>
					</ns3:TrackPointExtension>
				</extensions>
			</trkpt>
			<trkpt lat="12.98207264" lon="77.6914403">
				<ele>888.8</ele>
				<time>2026-07-26T14:18:27Z</time>
				<extensions>
					<ns3:TrackPointExtension>
						<ns3:speed>2.42</ns3:speed>
						<ns3:cad>80.0</ns3:cad>
						<ns3:hr>175</ns3:hr>
					</ns3:TrackPointExtension>
				</extensions>
			</trkpt>
			<trkpt lat="12.98205198" lon="77.69142597">
				<ele>888.83</ele>
				<time>2026-07-26T14:18:28Z</time>
				<extensions>
					<ns3:TrackPointExtension>
						<ns3:speed>2.43</ns3:speed>
						<ns3:cad>80.0</ns3:cad>
						<ns3:hr>175</ns3:hr>
					</ns3:TrackPointExtension>
				</extensions>
			</trkpt>
			<trkpt lat="12.98203098" lon="77.69141131">
				<ele>888.85</ele>
				<time>2026-07-26T14:18:29Z</time>
				<extensions>
					<ns3:TrackPointExtension>
						<ns3:speed>2.42</ns3:speed>
						<ns3:cad>81.0</ns3:cad>
						<ns3:hr>175</ns3:hr>
					</ns3:TrackPointExtension>
				</extensions>
			</trkpt>
			<trkpt lat="12.98200865" lon="77.69139732">
				<ele>888.86</ele>
				<time>2026-07-26T14:18:30Z</time>
				<extensions>
					<ns3:TrackPointExtension>
						<ns3:speed>2.43</ns3:speed>
						<ns3:cad>81.0</ns3:cad>
						<ns3:hr>175</ns3:hr>
					</ns3:TrackPointExtension>
				</extensions>
			</trkpt>
			<trkpt lat="12.98198699" lon="77.69138132">
				<ele>888.86</ele>
				<time>2026-07-26T14:18:31Z</time>
				<extensions>
					<ns3:TrackPointExtension>
						<ns3:speed>2.46</ns3:speed>
						<ns3:cad>81.0</ns3:cad>
						<ns3:hr>174</ns3:hr>
					</ns3:TrackPointExtension>
				</extensions>
			</trkpt>
			<trkpt lat="12.98196833" lon="77.69136266">
				<ele>888.83</ele>
				<time>2026-07-26T14:18:32Z</time>
				<extensions>
					<ns3:TrackPointExtension>
						<ns3:speed>2.48</ns3:speed>
						<ns3:cad>81.0</ns3:cad>
						<ns3:hr>175</ns3:hr>
					</ns3:TrackPointExtension>
				</extensions>
			</trkpt>
			<trkpt lat="12.98195267" lon="77.69134066">
				<ele>888.79</ele>
				<time>2026-07-26T14:18:33Z</time>
				<extensions>
					<ns3:TrackPointExtension>
						<ns3:speed>2.5</ns3:speed>
						<ns3:cad>83.0</ns3:cad>
						<ns3:hr>175</ns3:hr>
					</ns3:TrackPointExtension>
				</extensions>
			</trkpt>
			<trkpt lat="12.98194167" lon="77.69131767">
				<ele>888.75</ele>
				<time>2026-07-26T14:18:34Z</time>
				<extensions>
					<ns3:TrackPointExtension>
						<ns3:speed>2.53</ns3:speed>
						<ns3:cad>83.0</ns3:cad>
						<ns3:hr>176</ns3:hr>
					</ns3:TrackPointExtension>
				</extensions>
			</trkpt>
			<trkpt lat="12.98193634" lon="77.69129301">
				<ele>888.69</ele>
				<time>2026-07-26T14:18:35Z</time>
				<extensions>
					<ns3:TrackPointExtension>
						<ns3:speed>2.55</ns3:speed>
						<ns3:cad>84.0</ns3:cad>
						<ns3:hr>176</ns3:hr>
					</ns3:TrackPointExtension>
				</extensions>
			</trkpt>
			<trkpt lat="12.98193501" lon="77.69126835">
				<ele>888.64</ele>
				<time>2026-07-26T14:18:36Z</time>
				<extensions>
					<ns3:TrackPointExtension>
						<ns3:speed>2.57</ns3:speed>
						<ns3:cad>85.0</ns3:cad>
						<ns3:hr>176</ns3:hr>
					</ns3:TrackPointExtension>
				</extensions>
			</trkpt>
			<trkpt lat="12.98193701" lon="77.69124402">
				<ele>888.57</ele>
				<time>2026-07-26T14:18:37Z</time>
				<extensions>
					<ns3:TrackPointExtension>
						<ns3:speed>2.59</ns3:speed>
						<ns3:cad>86.0</ns3:cad>
						<ns3:hr>177</ns3:hr>
					</ns3:TrackPointExtension>
				</extensions>
			</trkpt>
			<trkpt lat="12.98193934" lon="77.69121936">
				<ele>888.51</ele>
				<time>2026-07-26T14:18:38Z</time>
				<extensions>
					<ns3:TrackPointExtension>
						<ns3:speed>2.61</ns3:speed>
						<ns3:cad>86.0</ns3:cad>
						<ns3:hr>176</ns3:hr>
					</ns3:TrackPointExtension>
				</extensions>
			</trkpt>
			<trkpt lat="12.98194367" lon="77.69119337">
				<ele>888.43</ele>
				<time>2026-07-26T14:18:39Z</time>
				<extensions>
					<ns3:TrackPointExtension>
						<ns3:speed>2.64</ns3:speed>
						<ns3:cad>87.0</ns3:cad>
						<ns3:hr>176</ns3:hr>
					</ns3:TrackPointExtension>
				</extensions>
			</trkpt>
			<trkpt lat="12.98194933" lon="77.69116637">
				<ele>888.38</ele>
				<time>2026-07-26T14:18:40Z</time>
				<extensions>
					<ns3:TrackPointExtension>
						<ns3:speed>2.68</ns3:speed>
						<ns3:cad>87.0</ns3:cad>
						<ns3:hr>177</ns3:hr>
					</ns3:TrackPointExtension>
				</extensions>
			</trkpt>
			<trkpt lat="12.98195699" lon="77.69113837">
				<ele>888.33</ele>
				<time>2026-07-26T14:18:41Z</time>
				<extensions>
					<ns3:TrackPointExtension>
						<ns3:speed>2.72</ns3:speed>
						<ns3:cad>88.0</ns3:cad>
						<ns3:hr>177</ns3:hr>
					</ns3:TrackPointExtension>
				</extensions>
			</trkpt>
			<trkpt lat="12.98197132" lon="77.69110804">
				<ele>888.29</ele>
				<time>2026-07-26T14:18:42Z</time>
				<extensions>
					<ns3:TrackPointExtension>
						<ns3:speed>3.03</ns3:speed>
						<ns3:cad>89.0</ns3:cad>
						<ns3:hr>176</ns3:hr>
					</ns3:TrackPointExtension>
				</extensions>
			</trkpt>
			<trkpt lat="12.98198398" lon="77.69107938">
				<ele>888.27</ele>
				<time>2026-07-26T14:18:43Z</time>
				<extensions>
					<ns3:TrackPointExtension>
						<ns3:speed>2.79</ns3:speed>
						<ns3:cad>90.0</ns3:cad>
						<ns3:hr>177</ns3:hr>
					</ns3:TrackPointExtension>
				</extensions>
			</trkpt>
			<trkpt lat="12.98199431" lon="77.69105072">
				<ele>888.26</ele>
				<time>2026-07-26T14:18:44Z</time>
				<extensions>
					<ns3:TrackPointExtension>
						<ns3:speed>2.82</ns3:speed>
						<ns3:cad>92.0</ns3:cad>
						<ns3:hr>177</ns3:hr>
					</ns3:TrackPointExtension>
				</extensions>
			</trkpt>
			<trkpt lat="12.98200331" lon="77.69102206">
				<ele>888.25</ele>
				<time>2026-07-26T14:18:45Z</time>
				<extensions>
					<ns3:TrackPointExtension>
						<ns3:speed>2.85</ns3:speed>
						<ns3:cad>92.0</ns3:cad>
						<ns3:hr>177</ns3:hr>
					</ns3:TrackPointExtension>
				</extensions>
			</trkpt>
			<trkpt lat="12.98201231" lon="77.69099373">
				<ele>888.26</ele>
				<time>2026-07-26T14:18:46Z</time>
				<extensions>
					<ns3:TrackPointExtension>
						<ns3:speed>3.07</ns3:speed>
						<ns3:cad>92.0</ns3:cad>
						<ns3:hr>176</ns3:hr>
					</ns3:TrackPointExtension>
				</extensions>
			</trkpt>
			<trkpt lat="12.98202197" lon="77.69096673">
				<ele>888.26</ele>
				<time>2026-07-26T14:18:47Z</time>
				<extensions>
					<ns3:TrackPointExtension>
						<ns3:speed>3.07</ns3:speed>
						<ns3:cad>92.0</ns3:cad>
						<ns3:hr>177</ns3:hr>
					</ns3:TrackPointExtension>
				</extensions>
			</trkpt>
			<trkpt lat="12.9820323" lon="77.6909404">
				<ele>888.27</ele>
				<time>2026-07-26T14:18:48Z</time>
				<extensions>
					<ns3:TrackPointExtension>
						<ns3:speed>3.07</ns3:speed>
						<ns3:cad>92.0</ns3:cad>
						<ns3:hr>177</ns3:hr>
					</ns3:TrackPointExtension>
				</extensions>
			</trkpt>
			<trkpt lat="12.98204063" lon="77.6909134">
				<ele>888.27</ele>
				<time>2026-07-26T14:18:49Z</time>
				<extensions>
					<ns3:TrackPointExtension>
						<ns3:speed>3.07</ns3:speed>
						<ns3:cad>91.0</ns3:cad>
						<ns3:hr>177</ns3:hr>
					</ns3:TrackPointExtension>
				</extensions>
			</trkpt>
			<trkpt lat="12.98204562" lon="77.69088441">
				<ele>888.26</ele>
				<time>2026-07-26T14:18:50Z</time>
				<extensions>
					<ns3:TrackPointExtension>
						<ns3:speed>3.09</ns3:speed>
						<ns3:cad>91.0</ns3:cad>
						<ns3:hr>177</ns3:hr>
					</ns3:TrackPointExtension>
				</extensions>
			</trkpt>
			<trkpt lat="12.98204928" lon="77.69085575">
				<ele>888.25</ele>
				<time>2026-07-26T14:18:51Z</time>
				<extensions>
					<ns3:TrackPointExtension>
						<ns3:speed>3.08</ns3:speed>
						<ns3:cad>90.0</ns3:cad>
						<ns3:hr>177</ns3:hr>
					</ns3:TrackPointExtension>
				</extensions>
			</trkpt>
			<trkpt lat="12.98205394" lon="77.69082709">
				<ele>888.23</ele>
				<time>2026-07-26T14:18:52Z</time>
				<extensions>
					<ns3:TrackPointExtension>
						<ns3:speed>3.01</ns3:speed>
						<ns3:cad>90.0</ns3:cad>
						<ns3:hr>176</ns3:hr>
					</ns3:TrackPointExtension>
				</extensions>
			</trkpt>
			<trkpt lat="12.98205893" lon="77.69079876">
				<ele>888.22</ele>
				<time>2026-07-26T14:18:53Z</time>
				<extensions>
					<ns3:TrackPointExtension>
						<ns3:speed>3.01</ns3:speed>
						<ns3:cad>89.0</ns3:cad>
						<ns3:hr>176</ns3:hr>
					</ns3:TrackPointExtension>
				</extensions>
			</trkpt>
			<trkpt lat="12.98206526" lon="77.69076977">
				<ele>888.2</ele>
				<time>2026-07-26T14:18:54Z</time>
				<extensions>
					<ns3:TrackPointExtension>
						<ns3:speed>3.03</ns3:speed>
						<ns3:cad>89.0</ns3:cad>
						<ns3:hr>176</ns3:hr>
					</ns3:TrackPointExtension>
				</extensions>
			</trkpt>
			<trkpt lat="12.98207226" lon="77.69074111">
				<ele>888.19</ele>
				<time>2026-07-26T14:18:55Z</time>
				<extensions>
					<ns3:TrackPointExtension>
						<ns3:speed>3.12</ns3:speed>
						<ns3:cad>88.0</ns3:cad>
						<ns3:hr>177</ns3:hr>
					</ns3:TrackPointExtension>
				</extensions>
			</trkpt>
			<trkpt lat="12.98207926" lon="77.69071311">
				<ele>888.17</ele>
				<time>2026-07-26T14:18:56Z</time>
				<extensions>
					<ns3:TrackPointExtension>
						<ns3:speed>3.14</ns3:speed>
						<ns3:cad>88.0</ns3:cad>
						<ns3:hr>176</ns3:hr>
					</ns3:TrackPointExtension>
				</extensions>
			</trkpt>
			<trkpt lat="12.98208559" lon="77.69068478">
				<ele>888.16</ele>
				<time>2026-07-26T14:18:57Z</time>
				<extensions>
					<ns3:TrackPointExtension>
						<ns3:speed>3.17</ns3:speed>
						<ns3:cad>88.0</ns3:cad>
						<ns3:hr>176</ns3:hr>
					</ns3:TrackPointExtension>
				</extensions>
			</trkpt>
			<trkpt lat="12.98209259" lon="77.69065678">
				<ele>888.15</ele>
				<time>2026-07-26T14:18:58Z</time>
				<extensions>
					<ns3:TrackPointExtension>
						<ns3:speed>3.17</ns3:speed>
						<ns3:cad>88.0</ns3:cad>
						<ns3:hr>177</ns3:hr>
					</ns3:TrackPointExtension>
				</extensions>
			</trkpt>
			<trkpt lat="12.98209959" lon="77.69062845">
				<ele>888.14</ele>
				<time>2026-07-26T14:18:59Z</time>
				<extensions>
					<ns3:TrackPointExtension>
						<ns3:speed>3.18</ns3:speed>
						<ns3:cad>89.0</ns3:cad>
						<ns3:hr>177</ns3:hr>
					</ns3:TrackPointExtension>
				</extensions>
			</trkpt>
			<trkpt lat="12.98210692" lon="77.69060045">
				<ele>888.15</ele>
				<time>2026-07-26T14:19:00Z</time>
				<extensions>
					<ns3:TrackPointExtension>
						<ns3:speed>3.19</ns3:speed>
						<ns3:cad>89.0</ns3:cad>
						<ns3:hr>178</ns3:hr>
					</ns3:TrackPointExtension>
				</extensions>
			</trkpt>
			<trkpt lat="12.98211392" lon="77.69057179">
				<ele>888.17</ele>
				<time>2026-07-26T14:19:01Z</time>
				<extensions>
					<ns3:TrackPointExtension>
						<ns3:speed>3.21</ns3:speed>
						<ns3:cad>88.0</ns3:cad>
						<ns3:hr>178</ns3:hr>
					</ns3:TrackPointExtension>
				</extensions>
			</trkpt>
			<trkpt lat="12.98212092" lon="77.69054446">
				<ele>888.19</ele>
				<time>2026-07-26T14:19:02Z</time>
				<extensions>
					<ns3:TrackPointExtension>
						<ns3:speed>3.19</ns3:speed>
						<ns3:cad>88.0</ns3:cad>
						<ns3:hr>179</ns3:hr>
					</ns3:TrackPointExtension>
				</extensions>
			</trkpt>
			<trkpt lat="12.98212992" lon="77.69051847">
				<ele>888.22</ele>
				<time>2026-07-26T14:19:03Z</time>
				<extensions>
					<ns3:TrackPointExtension>
						<ns3:speed>3.12</ns3:speed>
						<ns3:cad>88.0</ns3:cad>
						<ns3:hr>180</ns3:hr>
					</ns3:TrackPointExtension>
				</extensions>
			</trkpt>
			<trkpt lat="12.98213991" lon="77.69049281">
				<ele>888.26</ele>
				<time>2026-07-26T14:19:04Z</time>
				<extensions>
					<ns3:TrackPointExtension>
						<ns3:speed>3.11</ns3:speed>
						<ns3:cad>88.0</ns3:cad>
						<ns3:hr>180</ns3:hr>
					</ns3:TrackPointExtension>
				</extensions>
			</trkpt>
			<trkpt lat="12.98215257" lon="77.69046882">
				<ele>888.3</ele>
				<time>2026-07-26T14:19:05Z</time>
				<extensions>
					<ns3:TrackPointExtension>
						<ns3:speed>3.07</ns3:speed>
						<ns3:cad>87.0</ns3:cad>
						<ns3:hr>179</ns3:hr>
					</ns3:TrackPointExtension>
				</extensions>
			</trkpt>
			<trkpt lat="12.9821679" lon="77.69044782">
				<ele>888.34</ele>
				<time>2026-07-26T14:19:06Z</time>
				<extensions>
					<ns3:TrackPointExtension>
						<ns3:speed>3.04</ns3:speed>
						<ns3:cad>87.0</ns3:cad>
						<ns3:hr>179</ns3:hr>
					</ns3:TrackPointExtension>
				</extensions>
			</trkpt>
			<trkpt lat="12.98218723" lon="77.69043116">
				<ele>888.38</ele>
				<time>2026-07-26T14:19:07Z</time>
				<extensions>
					<ns3:TrackPointExtension>
						<ns3:speed>3.09</ns3:speed>
						<ns3:cad>87.0</ns3:cad>
						<ns3:hr>180</ns3:hr>
					</ns3:TrackPointExtension>
				</extensions>
			</trkpt>
			<trkpt lat="12.98220889" lon="77.69041783">
				<ele>888.43</ele>
				<time>2026-07-26T14:19:08Z</time>
				<extensions>
					<ns3:TrackPointExtension>
						<ns3:speed>3.07</ns3:speed>
						<ns3:cad>86.0</ns3:cad>
						<ns3:hr>179</ns3:hr>
					</ns3:TrackPointExtension>
				</extensions>
			</trkpt>
			<trkpt lat="12.98223189" lon="77.6904085">
				<ele>888.49</ele>
				<time>2026-07-26T14:19:09Z</time>
				<extensions>
					<ns3:TrackPointExtension>
						<ns3:speed>3.05</ns3:speed>
						<ns3:cad>86.0</ns3:cad>
						<ns3:hr>179</ns3:hr>
					</ns3:TrackPointExtension>
				</extensions>
			</trkpt>
			<trkpt lat="12.98225622" lon="77.6904035">
				<ele>888.55</ele>
				<time>2026-07-26T14:19:10Z</time>
				<extensions>
					<ns3:TrackPointExtension>
						<ns3:speed>3.03</ns3:speed>
						<ns3:cad>86.0</ns3:cad>
						<ns3:hr>181</ns3:hr>
					</ns3:TrackPointExtension>
				</extensions>
			</trkpt>
			<trkpt lat="12.98228088" lon="77.69040317">
				<ele>888.6</ele>
				<time>2026-07-26T14:19:11Z</time>
				<extensions>
					<ns3:TrackPointExtension>
						<ns3:speed>3.01</ns3:speed>
						<ns3:cad>86.0</ns3:cad>
						<ns3:hr>181</ns3:hr>
					</ns3:TrackPointExtension>
				</extensions>
			</trkpt>
			<trkpt lat="12.98230554" lon="77.69040717">
				<ele>888.65</ele>
				<time>2026-07-26T14:19:12Z</time>
				<extensions>
					<ns3:TrackPointExtension>
						<ns3:speed>3.0</ns3:speed>
						<ns3:cad>86.0</ns3:cad>
						<ns3:hr>181</ns3:hr>
					</ns3:TrackPointExtension>
				</extensions>
			</trkpt>
			<trkpt lat="12.98233053" lon="77.6904135">
				<ele>888.7</ele>
				<time>2026-07-26T14:19:13Z</time>
				<extensions>
					<ns3:TrackPointExtension>
						<ns3:speed>2.98</ns3:speed>
						<ns3:cad>86.0</ns3:cad>
						<ns3:hr>180</ns3:hr>
					</ns3:TrackPointExtension>
				</extensions>
			</trkpt>
			<trkpt lat="12.98235353" lon="77.6904225">
				<ele>888.76</ele>
				<time>2026-07-26T14:19:14Z</time>
				<extensions>
					<ns3:TrackPointExtension>
						<ns3:speed>2.98</ns3:speed>
						<ns3:cad>86.0</ns3:cad>
						<ns3:hr>180</ns3:hr>
					</ns3:TrackPointExtension>
				</extensions>
			</trkpt>
			<trkpt lat="12.98237419" lon="77.69043516">
				<ele>888.8</ele>
				<time>2026-07-26T14:19:15Z</time>
				<extensions>
					<ns3:TrackPointExtension>
						<ns3:speed>2.97</ns3:speed>
						<ns3:cad>86.0</ns3:cad>
						<ns3:hr>180</ns3:hr>
					</ns3:TrackPointExtension>
				</extensions>
			</trkpt>
			<trkpt lat="12.98239152" lon="77.69045215">
				<ele>888.82</ele>
				<time>2026-07-26T14:19:16Z</time>
				<extensions>
					<ns3:TrackPointExtension>
						<ns3:speed>2.95</ns3:speed>
						<ns3:cad>86.0</ns3:cad>
						<ns3:hr>180</ns3:hr>
					</ns3:TrackPointExtension>
				</extensions>
			</trkpt>
			<trkpt lat="12.98240685" lon="77.69046914">
				<ele>888.84</ele>
				<time>2026-07-26T14:19:17Z</time>
				<extensions>
					<ns3:TrackPointExtension>
						<ns3:speed>2.92</ns3:speed>
						<ns3:cad>86.0</ns3:cad>
						<ns3:hr>180</ns3:hr>
					</ns3:TrackPointExtension>
				</extensions>
			</trkpt>
			<trkpt lat="12.98241651" lon="77.69049014">
				<ele>888.86</ele>
				<time>2026-07-26T14:19:18Z</time>
				<extensions>
					<ns3:TrackPointExtension>
						<ns3:speed>2.9</ns3:speed>
						<ns3:cad>86.0</ns3:cad>
						<ns3:hr>181</ns3:hr>
					</ns3:TrackPointExtension>
				</extensions>
			</trkpt>
			<trkpt lat="12.98242317" lon="77.69051313">
				<ele>888.87</ele>
				<time>2026-07-26T14:19:19Z</time>
				<extensions>
					<ns3:TrackPointExtension>
						<ns3:speed>2.88</ns3:speed>
						<ns3:cad>85.0</ns3:cad>
						<ns3:hr>181</ns3:hr>
					</ns3:TrackPointExtension>
				</extensions>
			</trkpt>
			<trkpt lat="12.9824265" lon="77.69053712">
				<ele>888.88</ele>
				<time>2026-07-26T14:19:20Z</time>
				<extensions>
					<ns3:TrackPointExtension>
						<ns3:speed>2.87</ns3:speed>
						<ns3:cad>85.0</ns3:cad>
						<ns3:hr>181</ns3:hr>
					</ns3:TrackPointExtension>
				</extensions>
			</trkpt>
			<trkpt lat="12.98242584" lon="77.69056078">
				<ele>888.88</ele>
				<time>2026-07-26T14:19:21Z</time>
				<extensions>
					<ns3:TrackPointExtension>
						<ns3:speed>2.85</ns3:speed>
						<ns3:cad>85.0</ns3:cad>
						<ns3:hr>181</ns3:hr>
					</ns3:TrackPointExtension>
				</extensions>
			</trkpt>
			<trkpt lat="12.98242184" lon="77.69058411">
				<ele>888.88</ele>
				<time>2026-07-26T14:19:22Z</time>
				<extensions>
					<ns3:TrackPointExtension>
						<ns3:speed>2.84</ns3:speed>
						<ns3:cad>85.0</ns3:cad>
						<ns3:hr>180</ns3:hr>
					</ns3:TrackPointExtension>
				</extensions>
			</trkpt>
			<trkpt lat="12.98241651" lon="77.69060844">
				<ele>888.88</ele>
				<time>2026-07-26T14:19:23Z</time>
				<extensions>
					<ns3:TrackPointExtension>
						<ns3:speed>2.83</ns3:speed>
						<ns3:cad>85.0</ns3:cad>
						<ns3:hr>180</ns3:hr>
					</ns3:TrackPointExtension>
				</extensions>
			</trkpt>
			<trkpt lat="12.98241018" lon="77.69063277">
				<ele>888.88</ele>
				<time>2026-07-26T14:19:24Z</time>
				<extensions>
					<ns3:TrackPointExtension>
						<ns3:speed>2.82</ns3:speed>
						<ns3:cad>85.0</ns3:cad>
						<ns3:hr>180</ns3:hr>
					</ns3:TrackPointExtension>
				</extensions>
			</trkpt>
			<trkpt lat="12.98240318" lon="77.69065877">
				<ele>888.87</ele>
				<time>2026-07-26T14:19:25Z</time>
				<extensions>
					<ns3:TrackPointExtension>
						<ns3:speed>2.82</ns3:speed>
						<ns3:cad>85.0</ns3:cad>
						<ns3:hr>180</ns3:hr>
					</ns3:TrackPointExtension>
				</extensions>
			</trkpt>
			<trkpt lat="12.98239585" lon="77.6906831">
				<ele>888.86</ele>
				<time>2026-07-26T14:19:26Z</time>
				<extensions>
					<ns3:TrackPointExtension>
						<ns3:speed>2.82</ns3:speed>
						<ns3:cad>85.0</ns3:cad>
						<ns3:hr>180</ns3:hr>
					</ns3:TrackPointExtension>
				</extensions>
			</trkpt>
			<trkpt lat="12.98238619" lon="77.69070776">
				<ele>888.84</ele>
				<time>2026-07-26T14:19:27Z</time>
				<extensions>
					<ns3:TrackPointExtension>
						<ns3:speed>2.82</ns3:speed>
						<ns3:cad>85.0</ns3:cad>
						<ns3:hr>181</ns3:hr>
					</ns3:TrackPointExtension>
				</extensions>
			</trkpt>
			<trkpt lat="12.98237486" lon="77.69073176">
				<ele>888.84</ele>
				<time>2026-07-26T14:19:28Z</time>
				<extensions>
					<ns3:TrackPointExtension>
						<ns3:speed>2.81</ns3:speed>
						<ns3:cad>85.0</ns3:cad>
						<ns3:hr>181</ns3:hr>
					</ns3:TrackPointExtension>
				</extensions>
			</trkpt>
			<trkpt lat="12.9823662" lon="77.69075675">
				<ele>888.83</ele>
				<time>2026-07-26T14:19:29Z</time>
				<extensions>
					<ns3:TrackPointExtension>
						<ns3:speed>2.8</ns3:speed>
						<ns3:cad>85.0</ns3:cad>
						<ns3:hr>182</ns3:hr>
					</ns3:TrackPointExtension>
				</extensions>
			</trkpt>
			<trkpt lat="12.98235554" lon="77.69077941">
				<ele>888.81</ele>
				<time>2026-07-26T14:19:30Z</time>
				<extensions>
					<ns3:TrackPointExtension>
						<ns3:speed>2.8</ns3:speed>
						<ns3:cad>85.0</ns3:cad>
						<ns3:hr>182</ns3:hr>
					</ns3:TrackPointExtension>
				</extensions>
			</trkpt>
			<trkpt lat="12.98234521" lon="77.69080007">
				<ele>888.8</ele>
				<time>2026-07-26T14:19:31Z</time>
				<extensions>
					<ns3:TrackPointExtension>
						<ns3:speed>2.78</ns3:speed>
						<ns3:cad>84.0</ns3:cad>
						<ns3:hr>181</ns3:hr>
					</ns3:TrackPointExtension>
				</extensions>
			</trkpt>
			<trkpt lat="12.98233488" lon="77.69081706">
				<ele>888.79</ele>
				<time>2026-07-26T14:19:32Z</time>
				<extensions>
					<ns3:TrackPointExtension>
						<ns3:speed>2.78</ns3:speed>
						<ns3:cad>84.0</ns3:cad>
						<ns3:hr>180</ns3:hr>
					</ns3:TrackPointExtension>
				</extensions>
			</trkpt>
			<trkpt lat="12.98232755" lon="77.69083405">
				<ele>888.78</ele>
				<time>2026-07-26T14:19:33Z</time>
				<extensions>
					<ns3:TrackPointExtension>
						<ns3:speed>2.77</ns3:speed>
						<ns3:cad>83.0</ns3:cad>
						<ns3:hr>180</ns3:hr>
					</ns3:TrackPointExtension>
				</extensions>
			</trkpt>
			<trkpt lat="12.98232656" lon="77.69085404">
				<ele>888.76</ele>
				<time>2026-07-26T14:19:34Z</time>
				<extensions>
					<ns3:TrackPointExtension>
						<ns3:speed>2.77</ns3:speed>
						<ns3:cad>83.0</ns3:cad>
						<ns3:hr>180</ns3:hr>
					</ns3:TrackPointExtension>
				</extensions>
			</trkpt>
			<trkpt lat="12.98233855" lon="77.69088037">
				<ele>888.74</ele>
				<time>2026-07-26T14:19:35Z</time>
				<extensions>
					<ns3:TrackPointExtension>
						<ns3:speed>2.77</ns3:speed>
						<ns3:cad>83.0</ns3:cad>
						<ns3:hr>180</ns3:hr>
					</ns3:TrackPointExtension>
				</extensions>
			</trkpt>
			<trkpt lat="12.98234755" lon="77.69089603">
				<ele>888.73</ele>
				<time>2026-07-26T14:19:36Z</time>
				<extensions>
					<ns3:TrackPointExtension>
						<ns3:speed>2.77</ns3:speed>
						<ns3:cad>81.0</ns3:cad>
						<ns3:hr>180</ns3:hr>
					</ns3:TrackPointExtension>
				</extensions>
			</trkpt>
			<trkpt lat="12.98235921" lon="77.69090736">
				<ele>888.73</ele>
				<time>2026-07-26T14:19:37Z</time>
				<extensions>
					<ns3:TrackPointExtension>
						<ns3:speed>2.77</ns3:speed>
						<ns3:cad>81.0</ns3:cad>
						<ns3:hr>180</ns3:hr>
					</ns3:TrackPointExtension>
				</extensions>
			</trkpt>
			<trkpt lat="12.98237654" lon="77.69091769">
				<ele>888.69</ele>
				<time>2026-07-26T14:19:38Z</time>
				<extensions>
					<ns3:TrackPointExtension>
						<ns3:speed>2.75</ns3:speed>
						<ns3:cad>81.0</ns3:cad>
						<ns3:hr>180</ns3:hr>
					</ns3:TrackPointExtension>
				</extensions>
			</trkpt>
			<trkpt lat="12.98239853" lon="77.69092968">
				<ele>888.68</ele>
				<time>2026-07-26T14:19:39Z</time>
				<extensions>
					<ns3:TrackPointExtension>
						<ns3:speed>2.74</ns3:speed>
						<ns3:cad>81.0</ns3:cad>
						<ns3:hr>181</ns3:hr>
					</ns3:TrackPointExtension>
				</extensions>
			</trkpt>
			<trkpt lat="12.98242086" lon="77.69093967">
				<ele>888.66</ele>
				<time>2026-07-26T14:19:40Z</time>
				<extensions>
					<ns3:TrackPointExtension>
						<ns3:speed>2.73</ns3:speed>
						<ns3:cad>83.0</ns3:cad>
						<ns3:hr>181</ns3:hr>
					</ns3:TrackPointExtension>
				</extensions>
			</trkpt>
			<trkpt lat="12.98244085" lon="77.69094733">
				<ele>888.64</ele>
				<time>2026-07-26T14:19:41Z</time>
				<extensions>
					<ns3:TrackPointExtension>
						<ns3:speed>2.72</ns3:speed>
						<ns3:cad>84.0</ns3:cad>
						<ns3:hr>180</ns3:hr>
					</ns3:TrackPointExtension>
				</extensions>
			</trkpt>
			<trkpt lat="12.98246118" lon="77.69095499">
				<ele>888.62</ele>
				<time>2026-07-26T14:19:42Z</time>
				<extensions>
					<ns3:TrackPointExtension>
						<ns3:speed>2.71</ns3:speed>
						<ns3:cad>85.0</ns3:cad>
						<ns3:hr>180</ns3:hr>
					</ns3:TrackPointExtension>
				</extensions>
			</trkpt>
			<trkpt lat="12.98248118" lon="77.69096265">
				<ele>888.62</ele>
				<time>2026-07-26T14:19:43Z</time>
				<extensions>
					<ns3:TrackPointExtension>
						<ns3:speed>2.68</ns3:speed>
						<ns3:cad>86.0</ns3:cad>
						<ns3:hr>181</ns3:hr>
					</ns3:TrackPointExtension>
				</extensions>
			</trkpt>
			<trkpt lat="12.98250051" lon="77.69097064">
				<ele>888.58</ele>
				<time>2026-07-26T14:19:44Z</time>
				<extensions>
					<ns3:TrackPointExtension>
						<ns3:speed>2.67</ns3:speed>
						<ns3:cad>86.0</ns3:cad>
						<ns3:hr>181</ns3:hr>
					</ns3:TrackPointExtension>
				</extensions>
			</trkpt>
			<trkpt lat="12.9825195" lon="77.6909773">
				<ele>888.56</ele>
				<time>2026-07-26T14:19:45Z</time>
				<extensions>
					<ns3:TrackPointExtension>
						<ns3:speed>2.66</ns3:speed>
						<ns3:cad>87.0</ns3:cad>
						<ns3:hr>180</ns3:hr>
					</ns3:TrackPointExtension>
				</extensions>
			</trkpt>
			<trkpt lat="12.98253949" lon="77.69098296">
				<ele>888.54</ele>
				<time>2026-07-26T14:19:46Z</time>
				<extensions>
					<ns3:TrackPointExtension>
						<ns3:speed>2.65</ns3:speed>
						<ns3:cad>87.0</ns3:cad>
						<ns3:hr>180</ns3:hr>
					</ns3:TrackPointExtension>
				</extensions>
			</trkpt>
			<trkpt lat="12.98256082" lon="77.69098796">
				<ele>888.51</ele>
				<time>2026-07-26T14:19:47Z</time>
				<extensions>
					<ns3:TrackPointExtension>
						<ns3:speed>2.63</ns3:speed>
						<ns3:cad>88.0</ns3:cad>
						<ns3:hr>179</ns3:hr>
					</ns3:TrackPointExtension>
				</extensions>
			</trkpt>
			<trkpt lat="12.98258315" lon="77.69099462">
				<ele>888.49</ele>
				<time>2026-07-26T14:19:48Z</time>
				<extensions>
					<ns3:TrackPointExtension>
						<ns3:speed>2.62</ns3:speed>
						<ns3:cad>88.0</ns3:cad>
						<ns3:hr>180</ns3:hr>
					</ns3:TrackPointExtension>
				</extensions>
			</trkpt>
			<trkpt lat="12.98260681" lon="77.69100128">
				<ele>888.46</ele>
				<time>2026-07-26T14:19:49Z</time>
				<extensions>
					<ns3:TrackPointExtension>
						<ns3:speed>2.61</ns3:speed>
						<ns3:cad>89.0</ns3:cad>
						<ns3:hr>180</ns3:hr>
					</ns3:TrackPointExtension>
				</extensions>
			</trkpt>
			<trkpt lat="12.98263281" lon="77.69100761">
				<ele>888.44</ele>
				<time>2026-07-26T14:19:50Z</time>
				<extensions>
					<ns3:TrackPointExtension>
						<ns3:speed>2.59</ns3:speed>
						<ns3:cad>89.0</ns3:cad>
						<ns3:hr>180</ns3:hr>
					</ns3:TrackPointExtension>
				</extensions>
			</trkpt>
			<trkpt lat="12.98265814" lon="77.6910136">
				<ele>888.44</ele>
				<time>2026-07-26T14:19:51Z</time>
				<extensions>
					<ns3:TrackPointExtension>
						<ns3:hr>180</ns3:hr>
					</ns3:TrackPointExtension>
				</extensions>
			</trkpt>
			<trkpt lat="12.9826818" lon="77.69101993">
				<ele>888.41</ele>
				<time>2026-07-26T14:19:52Z</time>
				<extensions>
					<ns3:TrackPointExtension>
						<ns3:speed>2.59</ns3:speed>
						<ns3:cad>89.0</ns3:cad>
						<ns3:hr>181</ns3:hr>
					</ns3:TrackPointExtension>
				</extensions>
			</trkpt>
			<trkpt lat="12.98270646" lon="77.69102726">
				<ele>888.39</ele>
				<time>2026-07-26T14:19:53Z</time>
				<extensions>
					<ns3:TrackPointExtension>
						<ns3:speed>2.58</ns3:speed>
						<ns3:cad>89.0</ns3:cad>
					</ns3:TrackPointExtension>
				</extensions>
			</trkpt>
			<trkpt lat="12.98272979" lon="77.69103325">
				<ele>888.38</ele>
				<time>2026-07-26T14:19:54Z</time>
				<extensions>
					<ns3:TrackPointExtension>
						<ns3:speed>2.58</ns3:speed>
						<ns3:cad>88.0</ns3:cad>
						<ns3:hr>180</ns3:hr>
					</ns3:TrackPointExtension>
				</extensions>
			</trkpt>
			<trkpt lat="12.98275279" lon="77.69104024">
				<ele>888.36</ele>
				<time>2026-07-26T14:19:55Z</time>
				<extensions>
					<ns3:TrackPointExtension>
						<ns3:speed>2.58</ns3:speed>
						<ns3:cad>87.0</ns3:cad>
						<ns3:hr>179</ns3:hr>
					</ns3:TrackPointExtension>
				</extensions>
			</trkpt>
			<trkpt lat="12.98277612" lon="77.69104724">
				<ele>888.35</ele>
				<time>2026-07-26T14:19:56Z</time>
				<extensions>
					<ns3:TrackPointExtension>
						<ns3:speed>2.58</ns3:speed>
						<ns3:cad>87.0</ns3:cad>
						<ns3:hr>179</ns3:hr>
					</ns3:TrackPointExtension>
				</extensions>
			</trkpt>
			<trkpt lat="12.98279878" lon="77.69105423">
				<ele>888.35</ele>
				<time>2026-07-26T14:19:57Z</time>
				<extensions>
					<ns3:TrackPointExtension>
						<ns3:speed>2.58</ns3:speed>
						<ns3:cad>87.0</ns3:cad>
						<ns3:hr>179</ns3:hr>
					</ns3:TrackPointExtension>
				</extensions>
			</trkpt>
			<trkpt lat="12.98282178" lon="77.69106156">
				<ele>888.34</ele>
				<time>2026-07-26T14:19:58Z</time>
				<extensions>
					<ns3:TrackPointExtension>
						<ns3:speed>2.58</ns3:speed>
						<ns3:cad>86.0</ns3:cad>
						<ns3:hr>179</ns3:hr>
					</ns3:TrackPointExtension>
				</extensions>
			</trkpt>
			<trkpt lat="12.98284344" lon="77.69107056">
				<ele>888.34</ele>
				<time>2026-07-26T14:19:59Z</time>
				<extensions>
					<ns3:TrackPointExtension>
						<ns3:speed>2.58</ns3:speed>
						<ns3:cad>86.0</ns3:cad>
						<ns3:hr>179</ns3:hr>
					</ns3:TrackPointExtension>
				</extensions>
			</trkpt>
			<trkpt lat="12.9828661" lon="77.69107922">
				<ele>888.35</ele>
				<time>2026-07-26T14:20:00Z</time>
				<extensions>
					<ns3:TrackPointExtension>
						<ns3:speed>2.58</ns3:speed>
						<ns3:cad>86.0</ns3:cad>
						<ns3:hr>179</ns3:hr>
					</ns3:TrackPointExtension>
				</extensions>
			</trkpt>
			<trkpt lat="12.98288809" lon="77.69108788">
				<ele>888.35</ele>
				<time>2026-07-26T14:20:01Z</time>
				<extensions>
					<ns3:TrackPointExtension>
						<ns3:speed>2.58</ns3:speed>
						<ns3:cad>86.0</ns3:cad>
						<ns3:hr>179</ns3:hr>
					</ns3:TrackPointExtension>
				</extensions>
			</trkpt>
			<trkpt lat="12.98291075" lon="77.69109788">
				<ele>888.36</ele>
				<time>2026-07-26T14:20:02Z</time>
				<extensions>
					<ns3:TrackPointExtension>
						<ns3:speed>2.58</ns3:speed>
						<ns3:cad>86.0</ns3:cad>
						<ns3:hr>180</ns3:hr>
					</ns3:TrackPointExtension>
				</extensions>
			</trkpt>
			<trkpt lat="12.98293341" lon="77.69110721">
				<ele>888.36</ele>
				<time>2026-07-26T14:20:03Z</time>
				<extensions>
					<ns3:TrackPointExtension>
						<ns3:speed>2.59</ns3:speed>
						<ns3:cad>87.0</ns3:cad>
						<ns3:hr>180</ns3:hr>
					</ns3:TrackPointExtension>
				</extensions>
			</trkpt>
			<trkpt lat="12.98295741" lon="77.69111454">
				<ele>888.36</ele>
				<time>2026-07-26T14:20:04Z</time>
				<extensions>
					<ns3:TrackPointExtension>
						<ns3:speed>2.59</ns3:speed>
						<ns3:cad>88.0</ns3:cad>
						<ns3:hr>180</ns3:hr>
					</ns3:TrackPointExtension>
				</extensions>
			</trkpt>
			<trkpt lat="12.9829814" lon="77.6911202">
				<ele>888.36</ele>
				<time>2026-07-26T14:20:05Z</time>
				<extensions>
					<ns3:TrackPointExtension>
						<ns3:speed>2.6</ns3:speed>
						<ns3:cad>88.0</ns3:cad>
						<ns3:hr>179</ns3:hr>
					</ns3:TrackPointExtension>
				</extensions>
			</trkpt>
			<trkpt lat="12.98300606" lon="77.69112653">
				<ele>888.36</ele>
				<time>2026-07-26T14:20:06Z</time>
				<extensions>
					<ns3:TrackPointExtension>
						<ns3:speed>2.61</ns3:speed>
						<ns3:cad>89.0</ns3:cad>
						<ns3:hr>179</ns3:hr>
					</ns3:TrackPointExtension>
				</extensions>
			</trkpt>
			<trkpt lat="12.98303139" lon="77.69113319">
				<ele>888.36</ele>
				<time>2026-07-26T14:20:07Z</time>
				<extensions>
					<ns3:TrackPointExtension>
						<ns3:speed>2.62</ns3:speed>
						<ns3:cad>89.0</ns3:cad>
						<ns3:hr>179</ns3:hr>
					</ns3:TrackPointExtension>
				</extensions>
			</trkpt>
			<trkpt lat="12.98305672" lon="77.69114085">
				<ele>888.34</ele>
				<time>2026-07-26T14:20:08Z</time>
				<extensions>
					<ns3:TrackPointExtension>
						<ns3:speed>2.63</ns3:speed>
						<ns3:cad>88.0</ns3:cad>
						<ns3:hr>179</ns3:hr>
					</ns3:TrackPointExtension>
				</extensions>
			</trkpt>
			<trkpt lat="12.98308238" lon="77.69114885">
				<ele>888.34</ele>
				<time>2026-07-26T14:20:09Z</time>
				<extensions>
					<ns3:TrackPointExtension>
						<ns3:speed>2.65</ns3:speed>
						<ns3:cad>88.0</ns3:cad>
						<ns3:hr>180</ns3:hr>
					</ns3:TrackPointExtension>
				</extensions>
			</trkpt>
			<trkpt lat="12.98310804" lon="77.69115784">
				<ele>888.33</ele>
				<time>2026-07-26T14:20:10Z</time>
				<extensions>
					<ns3:TrackPointExtension>
						<ns3:speed>2.66</ns3:speed>
						<ns3:cad>88.0</ns3:cad>
						<ns3:hr>181</ns3:hr>
					</ns3:TrackPointExtension>
				</extensions>
			</trkpt>
			<trkpt lat="12.98313337" lon="77.69116684">
				<ele>888.32</ele>
				<time>2026-07-26T14:20:11Z</time>
				<extensions>
					<ns3:TrackPointExtension>
						<ns3:speed>2.67</ns3:speed>
						<ns3:cad>87.0</ns3:cad>
						<ns3:hr>181</ns3:hr>
					</ns3:TrackPointExtension>
				</extensions>
			</trkpt>
			<trkpt lat="12.98315903" lon="77.69117583">
				<ele>888.32</ele>
				<time>2026-07-26T14:20:12Z</time>
				<extensions>
					<ns3:TrackPointExtension>
						<ns3:speed>2.68</ns3:speed>
						<ns3:cad>87.0</ns3:cad>
						<ns3:hr>180</ns3:hr>
					</ns3:TrackPointExtension>
				</extensions>
			</trkpt>
			<trkpt lat="12.98318536" lon="77.69118516">
				<ele>888.32</ele>
				<time>2026-07-26T14:20:13Z</time>
				<extensions>
					<ns3:TrackPointExtension>
						<ns3:speed>2.68</ns3:speed>
						<ns3:cad>87.0</ns3:cad>
						<ns3:hr>180</ns3:hr>
					</ns3:TrackPointExtension>
				</extensions>
			</trkpt>
			<trkpt lat="12.98321169" lon="77.69119482">
				<ele>888.32</ele>
				<time>2026-07-26T14:20:14Z</time>
				<extensions>
					<ns3:TrackPointExtension>
						<ns3:speed>2.69</ns3:speed>
						<ns3:cad>87.0</ns3:cad>
						<ns3:hr>180</ns3:hr>
					</ns3:TrackPointExtension>
				</extensions>
			</trkpt>
			<trkpt lat="12.98323802" lon="77.69120448">
				<ele>888.32</ele>
				<time>2026-07-26T14:20:15Z</time>
				<extensions>
					<ns3:TrackPointExtension>
						<ns3:speed>2.72</ns3:speed>
						<ns3:cad>86.0</ns3:cad>
						<ns3:hr>180</ns3:hr>
					</ns3:TrackPointExtension>
				</extensions>
			</trkpt>
			<trkpt lat="12.98326468" lon="77.69121381">
				<ele>888.32</ele>
				<time>2026-07-26T14:20:16Z</time>
				<extensions>
					<ns3:TrackPointExtension>
						<ns3:speed>2.73</ns3:speed>
						<ns3:cad>86.0</ns3:cad>
						<ns3:hr>180</ns3:hr>
					</ns3:TrackPointExtension>
				</extensions>
			</trkpt>
			<trkpt lat="12.98329201" lon="77.69122181">
				<ele>888.33</ele>
				<time>2026-07-26T14:20:17Z</time>
				<extensions>
					<ns3:TrackPointExtension>
						<ns3:speed>2.74</ns3:speed>
						<ns3:cad>86.0</ns3:cad>
						<ns3:hr>180</ns3:hr>
					</ns3:TrackPointExtension>
				</extensions>
			</trkpt>
			<trkpt lat="12.98331934" lon="77.69123014">
				<ele>888.33</ele>
				<time>2026-07-26T14:20:18Z</time>
				<extensions>
					<ns3:TrackPointExtension>
						<ns3:speed>2.78</ns3:speed>
						<ns3:cad>86.0</ns3:cad>
						<ns3:hr>180</ns3:hr>
					</ns3:TrackPointExtension>
				</extensions>
			</trkpt>
			<trkpt lat="12.98334667" lon="77.69123914">
				<ele>888.35</ele>
				<time>2026-07-26T14:20:19Z</time>
				<extensions>
					<ns3:TrackPointExtension>
						<ns3:speed>2.79</ns3:speed>
						<ns3:cad>86.0</ns3:cad>
						<ns3:hr>180</ns3:hr>
					</ns3:TrackPointExtension>
				</extensions>
			</trkpt>
			<trkpt lat="12.98337467" lon="77.6912478">
				<ele>888.38</ele>
				<time>2026-07-26T14:20:20Z</time>
				<extensions>
					<ns3:TrackPointExtension>
						<ns3:speed>2.8</ns3:speed>
						<ns3:cad>87.0</ns3:cad>
						<ns3:hr>181</ns3:hr>
					</ns3:TrackPointExtension>
				</extensions>
			</trkpt>
			<trkpt lat="12.98340266" lon="77.69125646">
				<ele>888.41</ele>
				<time>2026-07-26T14:20:21Z</time>
				<extensions>
					<ns3:TrackPointExtension>
						<ns3:speed>2.83</ns3:speed>
						<ns3:cad>87.0</ns3:cad>
						<ns3:hr>181</ns3:hr>
					</ns3:TrackPointExtension>
				</extensions>
			</trkpt>
			<trkpt lat="12.98342999" lon="77.69126412">
				<ele>888.45</ele>
				<time>2026-07-26T14:20:22Z</time>
				<extensions>
					<ns3:TrackPointExtension>
						<ns3:speed>2.84</ns3:speed>
						<ns3:cad>88.0</ns3:cad>
						<ns3:hr>181</ns3:hr>
					</ns3:TrackPointExtension>
				</extensions>
			</trkpt>
			<trkpt lat="12.98345765" lon="77.69127212">
				<ele>888.5</ele>
				<time>2026-07-26T14:20:23Z</time>
				<extensions>
					<ns3:TrackPointExtension>
						<ns3:speed>2.86</ns3:speed>
						<ns3:cad>88.0</ns3:cad>
						<ns3:hr>181</ns3:hr>
					</ns3:TrackPointExtension>
				</extensions>
			</trkpt>
			<trkpt lat="12.98348431" lon="77.69128078">
				<ele>888.73</ele>
				<time>2026-07-26T14:20:24Z</time>
				<extensions>
					<ns3:TrackPointExtension>
						<ns3:speed>2.88</ns3:speed>
						<ns3:cad>88.0</ns3:cad>
						<ns3:hr>181</ns3:hr>
					</ns3:TrackPointExtension>
				</extensions>
			</trkpt>
			<trkpt lat="12.98351031" lon="77.69129011">
				<ele>888.81</ele>
				<time>2026-07-26T14:20:25Z</time>
				<extensions>
					<ns3:TrackPointExtension>
						<ns3:speed>2.89</ns3:speed>
						<ns3:cad>88.0</ns3:cad>
						<ns3:hr>181</ns3:hr>
					</ns3:TrackPointExtension>
				</extensions>
			</trkpt>
			<trkpt lat="12.98353597" lon="77.69130044">
				<ele>888.89</ele>
				<time>2026-07-26T14:20:26Z</time>
				<extensions>
					<ns3:TrackPointExtension>
						<ns3:speed>2.89</ns3:speed>
						<ns3:cad>87.0</ns3:cad>
						<ns3:hr>181</ns3:hr>
					</ns3:TrackPointExtension>
				</extensions>
			</trkpt>
			<trkpt lat="12.98355996" lon="77.69131343">
				<ele>888.96</ele>
				<time>2026-07-26T14:20:27Z</time>
				<extensions>
					<ns3:TrackPointExtension>
						<ns3:speed>2.9</ns3:speed>
						<ns3:cad>86.0</ns3:cad>
						<ns3:hr>181</ns3:hr>
					</ns3:TrackPointExtension>
				</extensions>
			</trkpt>
			<trkpt lat="12.98358096" lon="77.69132943">
				<ele>889.04</ele>
				<time>2026-07-26T14:20:28Z</time>
				<extensions>
					<ns3:TrackPointExtension>
						<ns3:speed>2.9</ns3:speed>
						<ns3:cad>85.0</ns3:cad>
						<ns3:hr>181</ns3:hr>
					</ns3:TrackPointExtension>
				</extensions>
			</trkpt>
			<trkpt lat="12.98359496" lon="77.69135276">
				<ele>889.1</ele>
				<time>2026-07-26T14:20:29Z</time>
				<extensions>
					<ns3:TrackPointExtension>
						<ns3:speed>2.9</ns3:speed>
						<ns3:cad>84.0</ns3:cad>
						<ns3:hr>182</ns3:hr>
					</ns3:TrackPointExtension>
				</extensions>
			</trkpt>
			<trkpt lat="12.98360095" lon="77.69137742">
				<ele>889.17</ele>
				<time>2026-07-26T14:20:30Z</time>
				<extensions>
					<ns3:TrackPointExtension>
						<ns3:speed>2.9</ns3:speed>
						<ns3:cad>84.0</ns3:cad>
						<ns3:hr>182</ns3:hr>
					</ns3:TrackPointExtension>
				</extensions>
			</trkpt>
			<trkpt lat="12.98360095" lon="77.69140275">
				<ele>889.24</ele>
				<time>2026-07-26T14:20:31Z</time>
				<extensions>
					<ns3:TrackPointExtension>
						<ns3:speed>2.89</ns3:speed>
						<ns3:cad>84.0</ns3:cad>
						<ns3:hr>181</ns3:hr>
					</ns3:TrackPointExtension>
				</extensions>
			</trkpt>
			<trkpt lat="12.98359629" lon="77.69142708">
				<ele>889.3</ele>
				<time>2026-07-26T14:20:32Z</time>
				<extensions>
					<ns3:TrackPointExtension>
						<ns3:speed>2.89</ns3:speed>
						<ns3:cad>84.0</ns3:cad>
						<ns3:hr>181</ns3:hr>
					</ns3:TrackPointExtension>
				</extensions>
			</trkpt>
			<trkpt lat="12.98358829" lon="77.69145007">
				<ele>889.38</ele>
				<time>2026-07-26T14:20:33Z</time>
				<extensions>
					<ns3:TrackPointExtension>
						<ns3:speed>2.89</ns3:speed>
						<ns3:cad>85.0</ns3:cad>
						<ns3:hr>181</ns3:hr>
					</ns3:TrackPointExtension>
				</extensions>
			</trkpt>
			<trkpt lat="12.98357996" lon="77.6914744">
				<ele>889.45</ele>
				<time>2026-07-26T14:20:34Z</time>
				<extensions>
					<ns3:TrackPointExtension>
						<ns3:speed>2.89</ns3:speed>
						<ns3:cad>86.0</ns3:cad>
						<ns3:hr>181</ns3:hr>
					</ns3:TrackPointExtension>
				</extensions>
			</trkpt>
			<trkpt lat="12.98357163" lon="77.69149906">
				<ele>889.52</ele>
				<time>2026-07-26T14:20:35Z</time>
				<extensions>
					<ns3:TrackPointExtension>
						<ns3:speed>2.89</ns3:speed>
						<ns3:cad>87.0</ns3:cad>
						<ns3:hr>182</ns3:hr>
					</ns3:TrackPointExtension>
				</extensions>
			</trkpt>
			<trkpt lat="12.98356263" lon="77.69152372">
				<ele>889.57</ele>
				<time>2026-07-26T14:20:36Z</time>
				<extensions>
					<ns3:TrackPointExtension>
						<ns3:speed>2.89</ns3:speed>
						<ns3:cad>88.0</ns3:cad>
						<ns3:hr>182</ns3:hr>
					</ns3:TrackPointExtension>
				</extensions>
			</trkpt>
			<trkpt lat="12.98355397" lon="77.69154838">
				<ele>889.62</ele>
				<time>2026-07-26T14:20:37Z</time>
				<extensions>
					<ns3:TrackPointExtension>
						<ns3:speed>2.89</ns3:speed>
						<ns3:cad>88.0</ns3:cad>
						<ns3:hr>182</ns3:hr>
					</ns3:TrackPointExtension>
				</extensions>
			</trkpt>
			<trkpt lat="12.98354531" lon="77.69157404">
				<ele>889.63</ele>
				<time>2026-07-26T14:20:38Z</time>
				<extensions>
					<ns3:TrackPointExtension>
						<ns3:speed>2.88</ns3:speed>
						<ns3:cad>88.0</ns3:cad>
						<ns3:hr>183</ns3:hr>
					</ns3:TrackPointExtension>
				</extensions>
			</trkpt>
			<trkpt lat="12.98353698" lon="77.69159937">
				<ele>889.64</ele>
				<time>2026-07-26T14:20:39Z</time>
				<extensions>
					<ns3:TrackPointExtension>
						<ns3:speed>2.88</ns3:speed>
						<ns3:cad>88.0</ns3:cad>
						<ns3:hr>182</ns3:hr>
					</ns3:TrackPointExtension>
				</extensions>
			</trkpt>
			<trkpt lat="12.98352799" lon="77.69162403">
				<ele>889.64</ele>
				<time>2026-07-26T14:20:40Z</time>
				<extensions>
					<ns3:TrackPointExtension>
						<ns3:speed>2.88</ns3:speed>
						<ns3:cad>88.0</ns3:cad>
						<ns3:hr>182</ns3:hr>
					</ns3:TrackPointExtension>
				</extensions>
			</trkpt>
			<trkpt lat="12.98351799" lon="77.69164869">
				<ele>889.62</ele>
				<time>2026-07-26T14:20:41Z</time>
				<extensions>
					<ns3:TrackPointExtension>
						<ns3:speed>2.87</ns3:speed>
						<ns3:cad>87.0</ns3:cad>
						<ns3:hr>182</ns3:hr>
					</ns3:TrackPointExtension>
				</extensions>
			</trkpt>
			<trkpt lat="12.983508" lon="77.69167369">
				<ele>889.59</ele>
				<time>2026-07-26T14:20:42Z</time>
				<extensions>
					<ns3:TrackPointExtension>
						<ns3:speed>2.87</ns3:speed>
						<ns3:cad>87.0</ns3:cad>
						<ns3:hr>182</ns3:hr>
					</ns3:TrackPointExtension>
				</extensions>
			</trkpt>
			<trkpt lat="12.98349801" lon="77.69169768">
				<ele>889.55</ele>
				<time>2026-07-26T14:20:43Z</time>
				<extensions>
					<ns3:TrackPointExtension>
						<ns3:speed>2.87</ns3:speed>
						<ns3:cad>87.0</ns3:cad>
						<ns3:hr>182</ns3:hr>
					</ns3:TrackPointExtension>
				</extensions>
			</trkpt>
			<trkpt lat="12.98348835" lon="77.69172234">
				<ele>889.51</ele>
				<time>2026-07-26T14:20:44Z</time>
				<extensions>
					<ns3:TrackPointExtension>
						<ns3:speed>2.87</ns3:speed>
						<ns3:cad>88.0</ns3:cad>
						<ns3:hr>182</ns3:hr>
					</ns3:TrackPointExtension>
				</extensions>
			</trkpt>
			<trkpt lat="12.98347969" lon="77.691747">
				<ele>889.47</ele>
				<time>2026-07-26T14:20:45Z</time>
				<extensions>
					<ns3:TrackPointExtension>
						<ns3:speed>2.87</ns3:speed>
						<ns3:cad>88.0</ns3:cad>
						<ns3:hr>182</ns3:hr>
					</ns3:TrackPointExtension>
				</extensions>
			</trkpt>
			<trkpt lat="12.9834717" lon="77.69177166">
				<ele>889.43</ele>
				<time>2026-07-26T14:20:46Z</time>
				<extensions>
					<ns3:TrackPointExtension>
						<ns3:speed>2.86</ns3:speed>
						<ns3:cad>88.0</ns3:cad>
						<ns3:hr>181</ns3:hr>
					</ns3:TrackPointExtension>
				</extensions>
			</trkpt>
			<trkpt lat="12.98346004" lon="77.69179332">
				<ele>889.4</ele>
				<time>2026-07-26T14:20:47Z</time>
				<extensions>
					<ns3:TrackPointExtension>
						<ns3:speed>2.85</ns3:speed>
						<ns3:cad>87.0</ns3:cad>
						<ns3:hr>182</ns3:hr>
					</ns3:TrackPointExtension>
				</extensions>
			</trkpt>
			<trkpt lat="12.98344638" lon="77.69181232">
				<ele>889.37</ele>
				<time>2026-07-26T14:20:48Z</time>
				<extensions>
					<ns3:TrackPointExtension>
						<ns3:speed>2.84</ns3:speed>
						<ns3:cad>88.0</ns3:cad>
						<ns3:hr>183</ns3:hr>
					</ns3:TrackPointExtension>
				</extensions>
			</trkpt>
			<trkpt lat="12.98342972" lon="77.69182831">
				<ele>889.34</ele>
				<time>2026-07-26T14:20:49Z</time>
				<extensions>
					<ns3:TrackPointExtension>
						<ns3:speed>2.84</ns3:speed>
						<ns3:cad>88.0</ns3:cad>
						<ns3:hr>183</ns3:hr>
					</ns3:TrackPointExtension>
				</extensions>
			</trkpt>
			<trkpt lat="12.98341172" lon="77.69184131">
				<ele>889.32</ele>
				<time>2026-07-26T14:20:50Z</time>
				<extensions>
					<ns3:TrackPointExtension>
						<ns3:speed>2.83</ns3:speed>
						<ns3:cad>88.0</ns3:cad>
						<ns3:hr>183</ns3:hr>
					</ns3:TrackPointExtension>
				</extensions>
			</trkpt>
			<trkpt lat="12.98339006" lon="77.6918503">
				<ele>889.3</ele>
				<time>2026-07-26T14:20:51Z</time>
				<extensions>
					<ns3:TrackPointExtension>
						<ns3:speed>2.83</ns3:speed>
						<ns3:cad>89.0</ns3:cad>
						<ns3:hr>183</ns3:hr>
					</ns3:TrackPointExtension>
				</extensions>
			</trkpt>
			<trkpt lat="12.98336607" lon="77.6918553">
				<ele>889.28</ele>
				<time>2026-07-26T14:20:52Z</time>
				<extensions>
					<ns3:TrackPointExtension>
						<ns3:speed>2.83</ns3:speed>
						<ns3:cad>89.0</ns3:cad>
						<ns3:hr>183</ns3:hr>
					</ns3:TrackPointExtension>
				</extensions>
			</trkpt>
			<trkpt lat="12.98334007" lon="77.69185763">
				<ele>889.26</ele>
				<time>2026-07-26T14:20:53Z</time>
				<extensions>
					<ns3:TrackPointExtension>
						<ns3:speed>2.84</ns3:speed>
						<ns3:cad>89.0</ns3:cad>
						<ns3:hr>183</ns3:hr>
					</ns3:TrackPointExtension>
				</extensions>
			</trkpt>
			<trkpt lat="12.98331441" lon="77.69185796">
				<ele>889.24</ele>
				<time>2026-07-26T14:20:54Z</time>
				<extensions>
					<ns3:TrackPointExtension>
						<ns3:speed>2.84</ns3:speed>
						<ns3:cad>88.0</ns3:cad>
						<ns3:hr>183</ns3:hr>
					</ns3:TrackPointExtension>
				</extensions>
			</trkpt>
			<trkpt lat="12.98328908" lon="77.69185763">
				<ele>889.22</ele>
				<time>2026-07-26T14:20:55Z</time>
				<extensions>
					<ns3:TrackPointExtension>
						<ns3:speed>2.85</ns3:speed>
						<ns3:cad>88.0</ns3:cad>
						<ns3:hr>183</ns3:hr>
					</ns3:TrackPointExtension>
				</extensions>
			</trkpt>
			<trkpt lat="12.98326342" lon="77.6918563">
				<ele>889.21</ele>
				<time>2026-07-26T14:20:56Z</time>
				<extensions>
					<ns3:TrackPointExtension>
						<ns3:speed>2.85</ns3:speed>
						<ns3:cad>88.0</ns3:cad>
						<ns3:hr>184</ns3:hr>
					</ns3:TrackPointExtension>
				</extensions>
			</trkpt>
			<trkpt lat="12.98323843" lon="77.69185397">
				<ele>889.19</ele>
				<time>2026-07-26T14:20:57Z</time>
				<extensions>
					<ns3:TrackPointExtension>
						<ns3:speed>2.85</ns3:speed>
						<ns3:cad>89.0</ns3:cad>
						<ns3:hr>184</ns3:hr>
					</ns3:TrackPointExtension>
				</extensions>
			</trkpt>
			<trkpt lat="12.9832141" lon="77.69185463">
				<ele>889.17</ele>
				<time>2026-07-26T14:20:58Z</time>
				<extensions>
					<ns3:TrackPointExtension>
						<ns3:speed>2.85</ns3:speed>
						<ns3:cad>89.0</ns3:cad>
						<ns3:hr>184</ns3:hr>
					</ns3:TrackPointExtension>
				</extensions>
			</trkpt>
			<trkpt lat="12.98319377" lon="77.69186296">
				<ele>889.15</ele>
				<time>2026-07-26T14:20:59Z</time>
				<extensions>
					<ns3:TrackPointExtension>
						<ns3:speed>2.84</ns3:speed>
						<ns3:cad>89.0</ns3:cad>
						<ns3:hr>184</ns3:hr>
					</ns3:TrackPointExtension>
				</extensions>
			</trkpt>
			<trkpt lat="12.98317744" lon="77.69187762">
				<ele>889.14</ele>
				<time>2026-07-26T14:21:00Z</time>
				<extensions>
					<ns3:TrackPointExtension>
						<ns3:speed>2.82</ns3:speed>
						<ns3:cad>88.0</ns3:cad>
						<ns3:hr>183</ns3:hr>
					</ns3:TrackPointExtension>
				</extensions>
			</trkpt>
			<trkpt lat="12.98316378" lon="77.69189561">
				<ele>889.12</ele>
				<time>2026-07-26T14:21:01Z</time>
				<extensions>
					<ns3:TrackPointExtension>
						<ns3:speed>2.8</ns3:speed>
						<ns3:cad>87.0</ns3:cad>
						<ns3:hr>183</ns3:hr>
					</ns3:TrackPointExtension>
				</extensions>
			</trkpt>
			<trkpt lat="12.98315245" lon="77.69191694">
				<ele>889.1</ele>
				<time>2026-07-26T14:21:02Z</time>
				<extensions>
					<ns3:TrackPointExtension>
						<ns3:speed>2.8</ns3:speed>
						<ns3:cad>86.0</ns3:cad>
						<ns3:hr>184</ns3:hr>
					</ns3:TrackPointExtension>
				</extensions>
			</trkpt>
			<trkpt lat="12.98314345" lon="77.6919376">
				<ele>889.08</ele>
				<time>2026-07-26T14:21:03Z</time>
				<extensions>
					<ns3:TrackPointExtension>
						<ns3:speed>2.78</ns3:speed>
						<ns3:cad>85.0</ns3:cad>
						<ns3:hr>184</ns3:hr>
					</ns3:TrackPointExtension>
				</extensions>
			</trkpt>
			<trkpt lat="12.98313245" lon="77.69195759">
				<ele>889.07</ele>
				<time>2026-07-26T14:21:04Z</time>
				<extensions>
					<ns3:TrackPointExtension>
						<ns3:speed>2.77</ns3:speed>
						<ns3:cad>84.0</ns3:cad>
						<ns3:hr>184</ns3:hr>
					</ns3:TrackPointExtension>
				</extensions>
			</trkpt>
			<trkpt lat="12.98311946" lon="77.69197759">
				<ele>889.05</ele>
				<time>2026-07-26T14:21:05Z</time>
				<extensions>
					<ns3:TrackPointExtension>
						<ns3:speed>2.75</ns3:speed>
						<ns3:cad>84.0</ns3:cad>
						<ns3:hr>183</ns3:hr>
					</ns3:TrackPointExtension>
				</extensions>
			</trkpt>
			<trkpt lat="12.9831028" lon="77.69199558">
				<ele>889.03</ele>
				<time>2026-07-26T14:21:06Z</time>
				<extensions>
					<ns3:TrackPointExtension>
						<ns3:speed>2.73</ns3:speed>
						<ns3:cad>84.0</ns3:cad>
						<ns3:hr>183</ns3:hr>
					</ns3:TrackPointExtension>
				</extensions>
			</trkpt>
			<trkpt lat="12.98308347" lon="77.69201291">
				<ele>889.02</ele>
				<time>2026-07-26T14:21:07Z</time>
				<extensions>
					<ns3:TrackPointExtension>
						<ns3:speed>2.73</ns3:speed>
						<ns3:cad>84.0</ns3:cad>
						<ns3:hr>182</ns3:hr>
					</ns3:TrackPointExtension>
				</extensions>
			</trkpt>
			<trkpt lat="12.98306247" lon="77.69202857">
				<ele>889.0</ele>
				<time>2026-07-26T14:21:08Z</time>
				<extensions>
					<ns3:TrackPointExtension>
						<ns3:speed>2.73</ns3:speed>
						<ns3:cad>84.0</ns3:cad>
						<ns3:hr>183</ns3:hr>
					</ns3:TrackPointExtension>
				</extensions>
			</trkpt>
			<trkpt lat="12.98304147" lon="77.6920439">
				<ele>888.98</ele>
				<time>2026-07-26T14:21:09Z</time>
				<extensions>
					<ns3:TrackPointExtension>
						<ns3:speed>2.73</ns3:speed>
						<ns3:cad>85.0</ns3:cad>
						<ns3:hr>183</ns3:hr>
					</ns3:TrackPointExtension>
				</extensions>
			</trkpt>
			<trkpt lat="12.98302014" lon="77.69205723">
				<ele>888.97</ele>
				<time>2026-07-26T14:21:10Z</time>
				<extensions>
					<ns3:TrackPointExtension>
						<ns3:speed>2.71</ns3:speed>
						<ns3:cad>85.0</ns3:cad>
						<ns3:hr>182</ns3:hr>
					</ns3:TrackPointExtension>
				</extensions>
			</trkpt>
			<trkpt lat="12.98299848" lon="77.69207056">
				<ele>888.97</ele>
				<time>2026-07-26T14:21:11Z</time>
				<extensions>
					<ns3:TrackPointExtension>
						<ns3:speed>2.69</ns3:speed>
						<ns3:cad>85.0</ns3:cad>
						<ns3:hr>183</ns3:hr>
					</ns3:TrackPointExtension>
				</extensions>
			</trkpt>
			<trkpt lat="12.98297615" lon="77.69208389">
				<ele>888.96</ele>
				<time>2026-07-26T14:21:12Z</time>
				<extensions>
					<ns3:TrackPointExtension>
						<ns3:speed>2.67</ns3:speed>
						<ns3:cad>85.0</ns3:cad>
						<ns3:hr>183</ns3:hr>
					</ns3:TrackPointExtension>
				</extensions>
			</trkpt>
			<trkpt lat="12.98295482" lon="77.69209788">
				<ele>888.96</ele>
				<time>2026-07-26T14:21:13Z</time>
				<extensions>
					<ns3:TrackPointExtension>
						<ns3:speed>2.66</ns3:speed>
						<ns3:cad>85.0</ns3:cad>
						<ns3:hr>183</ns3:hr>
					</ns3:TrackPointExtension>
				</extensions>
			</trkpt>
			<trkpt lat="12.98293349" lon="77.69211221">
				<ele>888.95</ele>
				<time>2026-07-26T14:21:14Z</time>
				<extensions>
					<ns3:TrackPointExtension>
						<ns3:speed>2.65</ns3:speed>
						<ns3:cad>85.0</ns3:cad>
						<ns3:hr>183</ns3:hr>
					</ns3:TrackPointExtension>
				</extensions>
			</trkpt>
			<trkpt lat="12.98291116" lon="77.6921262">
				<ele>888.95</ele>
				<time>2026-07-26T14:21:15Z</time>
				<extensions>
					<ns3:TrackPointExtension>
						<ns3:speed>2.65</ns3:speed>
						<ns3:cad>85.0</ns3:cad>
						<ns3:hr>183</ns3:hr>
					</ns3:TrackPointExtension>
				</extensions>
			</trkpt>
			<trkpt lat="12.98288916" lon="77.69214086">
				<ele>888.95</ele>
				<time>2026-07-26T14:21:16Z</time>
				<extensions>
					<ns3:TrackPointExtension>
						<ns3:speed>2.66</ns3:speed>
						<ns3:cad>85.0</ns3:cad>
						<ns3:hr>183</ns3:hr>
					</ns3:TrackPointExtension>
				</extensions>
			</trkpt>
			<trkpt lat="12.98286817" lon="77.69215485">
				<ele>888.94</ele>
				<time>2026-07-26T14:21:17Z</time>
				<extensions>
					<ns3:TrackPointExtension>
						<ns3:speed>2.66</ns3:speed>
						<ns3:cad>86.0</ns3:cad>
						<ns3:hr>183</ns3:hr>
					</ns3:TrackPointExtension>
				</extensions>
			</trkpt>
			<trkpt lat="12.98284817" lon="77.69216985">
				<ele>888.94</ele>
				<time>2026-07-26T14:21:18Z</time>
				<extensions>
					<ns3:TrackPointExtension>
					</ns3:TrackPointExtension>
				</extensions>
			</trkpt>
			<trkpt lat="12.98282951" lon="77.69218518">
				<ele>888.94</ele>
				<time>2026-07-26T14:21:19Z</time>
				<extensions>
					<ns3:TrackPointExtension>
						<ns3:speed>2.66</ns3:speed>
						<ns3:cad>87.0</ns3:cad>
						<ns3:hr>183</ns3:hr>
					</ns3:TrackPointExtension>
				</extensions>
			</trkpt>
			<trkpt lat="12.98281018" lon="77.69220118">
				<ele>888.94</ele>
				<time>2026-07-26T14:21:20Z</time>
				<extensions>
					<ns3:TrackPointExtension>
						<ns3:speed>2.65</ns3:speed>
						<ns3:cad>87.0</ns3:cad>
						<ns3:hr>183</ns3:hr>
					</ns3:TrackPointExtension>
				</extensions>
			</trkpt>
			<trkpt lat="12.98279119" lon="77.69221884">
				<ele>888.94</ele>
				<time>2026-07-26T14:21:21Z</time>
				<extensions>
					<ns3:TrackPointExtension>
						<ns3:speed>2.64</ns3:speed>
						<ns3:cad>87.0</ns3:cad>
						<ns3:hr>183</ns3:hr>
					</ns3:TrackPointExtension>
				</extensions>
			</trkpt>
			<trkpt lat="12.98277386" lon="77.69223817">
				<ele>888.94</ele>
				<time>2026-07-26T14:21:22Z</time>
				<extensions>
					<ns3:TrackPointExtension>
						<ns3:speed>2.64</ns3:speed>
						<ns3:cad>87.0</ns3:cad>
						<ns3:hr>182</ns3:hr>
					</ns3:TrackPointExtension>
				</extensions>
			</trkpt>
			<trkpt lat="12.98275887" lon="77.69225983">
				<ele>888.95</ele>
				<time>2026-07-26T14:21:23Z</time>
				<extensions>
					<ns3:TrackPointExtension>
						<ns3:speed>2.65</ns3:speed>
						<ns3:cad>87.0</ns3:cad>
						<ns3:hr>183</ns3:hr>
					</ns3:TrackPointExtension>
				</extensions>
			</trkpt>
			<trkpt lat="12.98274654" lon="77.69228349">
				<ele>888.96</ele>
				<time>2026-07-26T14:21:24Z</time>
				<extensions>
					<ns3:TrackPointExtension>
						<ns3:speed>2.65</ns3:speed>
						<ns3:cad>87.0</ns3:cad>
						<ns3:hr>184</ns3:hr>
					</ns3:TrackPointExtension>
				</extensions>
			</trkpt>
			<trkpt lat="12.98273621" lon="77.69230782">
				<ele>888.97</ele>
				<time>2026-07-26T14:21:25Z</time>
				<extensions>
					<ns3:TrackPointExtension>
						<ns3:speed>2.66</ns3:speed>
						<ns3:cad>87.0</ns3:cad>
						<ns3:hr>184</ns3:hr>
					</ns3:TrackPointExtension>
				</extensions>
			</trkpt>
			<trkpt lat="12.98272555" lon="77.69233148">
				<ele>888.98</ele>
				<time>2026-07-26T14:21:26Z</time>
				<extensions>
					<ns3:TrackPointExtension>
						<ns3:speed>2.66</ns3:speed>
						<ns3:cad>87.0</ns3:cad>
						<ns3:hr>184</ns3:hr>
					</ns3:TrackPointExtension>
				</extensions>
			</trkpt>
			<trkpt lat="12.98271322" lon="77.69235248">
				<ele>888.99</ele>
				<time>2026-07-26T14:21:27Z</time>
				<extensions>
					<ns3:TrackPointExtension>
						<ns3:speed>2.66</ns3:speed>
						<ns3:cad>87.0</ns3:cad>
						<ns3:hr>185</ns3:hr>
					</ns3:TrackPointExtension>
				</extensions>
			</trkpt>
			<trkpt lat="12.98269789" lon="77.69236914">
				<ele>889.01</ele>
				<time>2026-07-26T14:21:28Z</time>
				<extensions>
					<ns3:TrackPointExtension>
						<ns3:speed>2.67</ns3:speed>
						<ns3:cad>87.0</ns3:cad>
						<ns3:hr>185</ns3:hr>
					</ns3:TrackPointExtension>
				</extensions>
			</trkpt>
			<trkpt lat="12.9826799" lon="77.69237913">
				<ele>889.02</ele>
				<time>2026-07-26T14:21:29Z</time>
				<extensions>
					<ns3:TrackPointExtension>
						<ns3:speed>2.66</ns3:speed>
						<ns3:cad>87.0</ns3:cad>
						<ns3:hr>186</ns3:hr>
					</ns3:TrackPointExtension>
				</extensions>
			</trkpt>
			<trkpt lat="12.98266057" lon="77.69238512">
				<ele>889.03</ele>
				<time>2026-07-26T14:21:30Z</time>
				<extensions>
					<ns3:TrackPointExtension>
						<ns3:speed>2.65</ns3:speed>
						<ns3:cad>87.0</ns3:cad>
						<ns3:hr>185</ns3:hr>
					</ns3:TrackPointExtension>
				</extensions>
			</trkpt>
			<trkpt lat="12.98264024" lon="77.69238778">
				<ele>889.05</ele>
				<time>2026-07-26T14:21:31Z</time>
				<extensions>
					<ns3:TrackPointExtension>
						<ns3:speed>2.64</ns3:speed>
						<ns3:cad>88.0</ns3:cad>
						<ns3:hr>185</ns3:hr>
					</ns3:TrackPointExtension>
				</extensions>
			</trkpt>
			<trkpt lat="12.98261925" lon="77.69238877">
				<ele>889.06</ele>
				<time>2026-07-26T14:21:32Z</time>
				<extensions>
					<ns3:TrackPointExtension>
						<ns3:speed>2.63</ns3:speed>
						<ns3:cad>88.0</ns3:cad>
						<ns3:hr>185</ns3:hr>
					</ns3:TrackPointExtension>
				</extensions>
			</trkpt>
			<trkpt lat="12.98259659" lon="77.69238943">
				<ele>889.08</ele>
				<time>2026-07-26T14:21:33Z</time>
				<extensions>
					<ns3:TrackPointExtension>
						<ns3:speed>2.62</ns3:speed>
						<ns3:cad>88.0</ns3:cad>
						<ns3:hr>184</ns3:hr>
					</ns3:TrackPointExtension>
				</extensions>
			</trkpt>
			<trkpt lat="12.98257393" lon="77.69238976">
				<ele>889.1</ele>
				<time>2026-07-26T14:21:34Z</time>
				<extensions>
					<ns3:TrackPointExtension>
						<ns3:speed>2.61</ns3:speed>
						<ns3:cad>88.0</ns3:cad>
						<ns3:hr>184</ns3:hr>
					</ns3:TrackPointExtension>
				</extensions>
			</trkpt>
			<trkpt lat="12.98255094" lon="77.69239075">
				<ele>889.12</ele>
				<time>2026-07-26T14:21:35Z</time>
				<extensions>
					<ns3:TrackPointExtension>
						<ns3:speed>2.59</ns3:speed>
						<ns3:cad>87.0</ns3:cad>
						<ns3:hr>185</ns3:hr>
					</ns3:TrackPointExtension>
				</extensions>
			</trkpt>
			<trkpt lat="12.98252761" lon="77.69239241">
				<ele>889.15</ele>
				<time>2026-07-26T14:21:36Z</time>
				<extensions>
					<ns3:TrackPointExtension>
						<ns3:speed>2.58</ns3:speed>
						<ns3:cad>87.0</ns3:cad>
						<ns3:hr>185</ns3:hr>
					</ns3:TrackPointExtension>
				</extensions>
			</trkpt>
			<trkpt lat="12.98250395" lon="77.69239307">
				<ele>889.18</ele>
				<time>2026-07-26T14:21:37Z</time>
				<extensions>
					<ns3:TrackPointExtension>
						<ns3:speed>2.57</ns3:speed>
						<ns3:cad>86.0</ns3:cad>
						<ns3:hr>184</ns3:hr>
					</ns3:TrackPointExtension>
				</extensions>
			</trkpt>
			<trkpt lat="12.98248095" lon="77.69239274">
				<ele>889.21</ele>
				<time>2026-07-26T14:21:38Z</time>
				<extensions>
					<ns3:TrackPointExtension>
						<ns3:speed>2.57</ns3:speed>
						<ns3:cad>85.0</ns3:cad>
						<ns3:hr>185</ns3:hr>
					</ns3:TrackPointExtension>
				</extensions>
			</trkpt>
			<trkpt lat="12.98245696" lon="77.69238908">
				<ele>889.25</ele>
				<time>2026-07-26T14:21:39Z</time>
				<extensions>
					<ns3:TrackPointExtension>
						<ns3:speed>2.56</ns3:speed>
						<ns3:cad>85.0</ns3:cad>
						<ns3:hr>185</ns3:hr>
					</ns3:TrackPointExtension>
				</extensions>
			</trkpt>
			<trkpt lat="12.98243363" lon="77.69238342">
				<ele>889.28</ele>
				<time>2026-07-26T14:21:40Z</time>
				<extensions>
					<ns3:TrackPointExtension>
						<ns3:speed>2.55</ns3:speed>
						<ns3:cad>85.0</ns3:cad>
						<ns3:hr>185</ns3:hr>
					</ns3:TrackPointExtension>
				</extensions>
			</trkpt>
			<trkpt lat="12.98240997" lon="77.69237509">
				<ele>889.31</ele>
				<time>2026-07-26T14:21:41Z</time>
				<extensions>
					<ns3:TrackPointExtension>
						<ns3:speed>2.56</ns3:speed>
						<ns3:cad>85.0</ns3:cad>
						<ns3:hr>184</ns3:hr>
					</ns3:TrackPointExtension>
				</extensions>
			</trkpt>
			<trkpt lat="12.98238731" lon="77.69236409">
				<ele>889.34</ele>
				<time>2026-07-26T14:21:42Z</time>
				<extensions>
					<ns3:TrackPointExtension>
						<ns3:speed>2.56</ns3:speed>
						<ns3:cad>85.0</ns3:cad>
						<ns3:hr>185</ns3:hr>
					</ns3:TrackPointExtension>
				</extensions>
			</trkpt>
			<trkpt lat="12.98236498" lon="77.69235076">
				<ele>889.37</ele>
				<time>2026-07-26T14:21:43Z</time>
				<extensions>
					<ns3:TrackPointExtension>
						<ns3:speed>2.56</ns3:speed>
						<ns3:cad>85.0</ns3:cad>
						<ns3:hr>184</ns3:hr>
					</ns3:TrackPointExtension>
				</extensions>
			</trkpt>
			<trkpt lat="12.98234499" lon="77.6923351">
				<ele>889.39</ele>
				<time>2026-07-26T14:21:44Z</time>
				<extensions>
					<ns3:TrackPointExtension>
						<ns3:speed>2.56</ns3:speed>
						<ns3:cad>85.0</ns3:cad>
						<ns3:hr>184</ns3:hr>
					</ns3:TrackPointExtension>
				</extensions>
			</trkpt>
			<trkpt lat="12.98232633" lon="77.69231711">
				<ele>889.41</ele>
				<time>2026-07-26T14:21:45Z</time>
				<extensions>
					<ns3:TrackPointExtension>
						<ns3:speed>2.55</ns3:speed>
						<ns3:cad>85.0</ns3:cad>
						<ns3:hr>186</ns3:hr>
					</ns3:TrackPointExtension>
				</extensions>
			</trkpt>
			<trkpt lat="12.982309" lon="77.69229845">
				<ele>889.42</ele>
				<time>2026-07-26T14:21:46Z</time>
				<extensions>
					<ns3:TrackPointExtension>
						<ns3:speed>2.56</ns3:speed>
						<ns3:cad>85.0</ns3:cad>
						<ns3:hr>185</ns3:hr>
					</ns3:TrackPointExtension>
				</extensions>
			</trkpt>
			<trkpt lat="12.98229234" lon="77.69227912">
				<ele>889.43</ele>
				<time>2026-07-26T14:21:47Z</time>
				<extensions>
					<ns3:TrackPointExtension>
						<ns3:speed>2.55</ns3:speed>
						<ns3:cad>85.0</ns3:cad>
						<ns3:hr>185</ns3:hr>
					</ns3:TrackPointExtension>
				</extensions>
			</trkpt>
			<trkpt lat="12.98227668" lon="77.69225846">
				<ele>889.43</ele>
				<time>2026-07-26T14:21:48Z</time>
				<extensions>
					<ns3:TrackPointExtension>
						<ns3:speed>2.55</ns3:speed>
						<ns3:cad>85.0</ns3:cad>
						<ns3:hr>185</ns3:hr>
					</ns3:TrackPointExtension>
				</extensions>
			</trkpt>
			<trkpt lat="12.98226035" lon="77.69223946">
				<ele>889.42</ele>
				<time>2026-07-26T14:21:49Z</time>
				<extensions>
					<ns3:TrackPointExtension>
						<ns3:speed>2.55</ns3:speed>
						<ns3:cad>85.0</ns3:cad>
						<ns3:hr>185</ns3:hr>
					</ns3:TrackPointExtension>
				</extensions>
			</trkpt>
			<trkpt lat="12.98224536" lon="77.69221847">
				<ele>889.42</ele>
				<time>2026-07-26T14:21:50Z</time>
				<extensions>
					<ns3:TrackPointExtension>
						<ns3:speed>2.55</ns3:speed>
						<ns3:cad>84.0</ns3:cad>
						<ns3:hr>185</ns3:hr>
					</ns3:TrackPointExtension>
				</extensions>
			</trkpt>
			<trkpt lat="12.98223136" lon="77.69219681">
				<ele>889.4</ele>
				<time>2026-07-26T14:21:51Z</time>
				<extensions>
					<ns3:TrackPointExtension>
						<ns3:speed>2.57</ns3:speed>
						<ns3:cad>84.0</ns3:cad>
						<ns3:hr>184</ns3:hr>
					</ns3:TrackPointExtension>
				</extensions>
			</trkpt>
			<trkpt lat="12.98221603" lon="77.69217481">
				<ele>889.39</ele>
				<time>2026-07-26T14:21:52Z</time>
				<extensions>
					<ns3:TrackPointExtension>
						<ns3:speed>2.59</ns3:speed>
						<ns3:cad>84.0</ns3:cad>
						<ns3:hr>184</ns3:hr>
					</ns3:TrackPointExtension>
				</extensions>
			</trkpt>
			<trkpt lat="12.98220137" lon="77.69215315">
				<ele>889.37</ele>
				<time>2026-07-26T14:21:53Z</time>
				<extensions>
					<ns3:TrackPointExtension>
						<ns3:speed>2.6</ns3:speed>
						<ns3:cad>83.0</ns3:cad>
						<ns3:hr>185</ns3:hr>
					</ns3:TrackPointExtension>
				</extensions>
			</trkpt>
			<trkpt lat="12.98218737" lon="77.69213082">
				<ele>889.36</ele>
				<time>2026-07-26T14:21:54Z</time>
				<extensions>
					<ns3:TrackPointExtension>
						<ns3:speed>2.62</ns3:speed>
						<ns3:cad>83.0</ns3:cad>
						<ns3:hr>184</ns3:hr>
					</ns3:TrackPointExtension>
				</extensions>
			</trkpt>
			<trkpt lat="12.98217371" lon="77.69210949">
				<ele>889.34</ele>
				<time>2026-07-26T14:21:55Z</time>
				<extensions>
					<ns3:TrackPointExtension>
						<ns3:speed>2.64</ns3:speed>
						<ns3:cad>84.0</ns3:cad>
						<ns3:hr>185</ns3:hr>
					</ns3:TrackPointExtension>
				</extensions>
			</trkpt>
			<trkpt lat="12.98215905" lon="77.69208916">
				<ele>889.32</ele>
				<time>2026-07-26T14:21:56Z</time>
				<extensions>
					<ns3:TrackPointExtension>
						<ns3:speed>2.65</ns3:speed>
						<ns3:cad>84.0</ns3:cad>
						<ns3:hr>186</ns3:hr>
					</ns3:TrackPointExtension>
				</extensions>
			</trkpt>
			<trkpt lat="12.98214139" lon="77.69206983">
				<ele>889.31</ele>
				<time>2026-07-26T14:21:57Z</time>
				<extensions>
					<ns3:TrackPointExtension>
						<ns3:speed>2.66</ns3:speed>
						<ns3:cad>84.0</ns3:cad>
						<ns3:hr>184</ns3:hr>
					</ns3:TrackPointExtension>
				</extensions>
			</trkpt>
			<trkpt lat="12.9821234" lon="77.69204984">
				<ele>889.29</ele>
				<time>2026-07-26T14:21:58Z</time>
				<extensions>
					<ns3:TrackPointExtension>
						<ns3:speed>2.67</ns3:speed>
						<ns3:cad>84.0</ns3:cad>
						<ns3:hr>184</ns3:hr>
					</ns3:TrackPointExtension>
				</extensions>
			</trkpt>
			<trkpt lat="12.98210474" lon="77.69202884">
				<ele>889.27</ele>
				<time>2026-07-26T14:21:59Z</time>
				<extensions>
					<ns3:TrackPointExtension>
						<ns3:speed>2.7</ns3:speed>
						<ns3:cad>84.0</ns3:cad>
						<ns3:hr>183</ns3:hr>
					</ns3:TrackPointExtension>
				</extensions>
			</trkpt>
			<trkpt lat="12.98208941" lon="77.69200618">
				<ele>889.23</ele>
				<time>2026-07-26T14:22:00Z</time>
				<extensions>
					<ns3:TrackPointExtension>
						<ns3:speed>2.71</ns3:speed>
						<ns3:cad>83.0</ns3:cad>
						<ns3:hr>183</ns3:hr>
					</ns3:TrackPointExtension>
				</extensions>
			</trkpt>
			<trkpt lat="12.98207842" lon="77.69198119">
				<ele>889.2</ele>
				<time>2026-07-26T14:22:01Z</time>
				<extensions>
					<ns3:TrackPointExtension>
						<ns3:speed>2.72</ns3:speed>
						<ns3:cad>81.0</ns3:cad>
						<ns3:hr>184</ns3:hr>
					</ns3:TrackPointExtension>
				</extensions>
			</trkpt>
			<trkpt lat="12.98207276" lon="77.69195653">
				<ele>889.16</ele>
				<time>2026-07-26T14:22:02Z</time>
				<extensions>
					<ns3:TrackPointExtension>
						<ns3:speed>2.73</ns3:speed>
						<ns3:cad>81.0</ns3:cad>
						<ns3:hr>184</ns3:hr>
					</ns3:TrackPointExtension>
				</extensions>
			</trkpt>
			<trkpt lat="12.9820711" lon="77.69193187">
				<ele>889.12</ele>
				<time>2026-07-26T14:22:03Z</time>
				<extensions>
					<ns3:TrackPointExtension>
						<ns3:speed>2.73</ns3:speed>
						<ns3:cad>81.0</ns3:cad>
						<ns3:hr>184</ns3:hr>
					</ns3:TrackPointExtension>
				</extensions>
			</trkpt>
			<trkpt lat="12.98207044" lon="77.69190721">
				<ele>889.06</ele>
				<time>2026-07-26T14:22:04Z</time>
				<extensions>
					<ns3:TrackPointExtension>
						<ns3:speed>2.73</ns3:speed>
						<ns3:cad>81.0</ns3:cad>
						<ns3:hr>184</ns3:hr>
					</ns3:TrackPointExtension>
				</extensions>
			</trkpt>
			<trkpt lat="12.98207011" lon="77.69188188">
				<ele>888.98</ele>
				<time>2026-07-26T14:22:05Z</time>
				<extensions>
					<ns3:TrackPointExtension>
						<ns3:speed>2.73</ns3:speed>
						<ns3:cad>83.0</ns3:cad>
						<ns3:hr>185</ns3:hr>
					</ns3:TrackPointExtension>
				</extensions>
			</trkpt>
			<trkpt lat="12.98207211" lon="77.69185622">
				<ele>888.9</ele>
				<time>2026-07-26T14:22:06Z</time>
				<extensions>
					<ns3:TrackPointExtension>
						<ns3:speed>2.74</ns3:speed>
						<ns3:cad>83.0</ns3:cad>
						<ns3:hr>184</ns3:hr>
					</ns3:TrackPointExtension>
				</extensions>
			</trkpt>
			<trkpt lat="12.98207377" lon="77.69182989">
				<ele>888.84</ele>
				<time>2026-07-26T14:22:07Z</time>
				<extensions>
					<ns3:TrackPointExtension>
						<ns3:speed>2.76</ns3:speed>
						<ns3:cad>84.0</ns3:cad>
						<ns3:hr>184</ns3:hr>
					</ns3:TrackPointExtension>
				</extensions>
			</trkpt>
			<trkpt lat="12.9820771" lon="77.69180356">
				<ele>888.76</ele>
				<time>2026-07-26T14:22:08Z</time>
				<extensions>
					<ns3:TrackPointExtension>
						<ns3:speed>2.77</ns3:speed>
						<ns3:cad>84.0</ns3:cad>
						<ns3:hr>184</ns3:hr>
					</ns3:TrackPointExtension>
				</extensions>
			</trkpt>
			<trkpt lat="12.98208076" lon="77.6917779">
				<ele>888.7</ele>
				<time>2026-07-26T14:22:09Z</time>
				<extensions>
					<ns3:TrackPointExtension>
						<ns3:speed>2.77</ns3:speed>
						<ns3:cad>84.0</ns3:cad>
						<ns3:hr>184</ns3:hr>
					</ns3:TrackPointExtension>
				</extensions>
			</trkpt>
			<trkpt lat="12.98208575" lon="77.69175224">
				<ele>888.64</ele>
				<time>2026-07-26T14:22:10Z</time>
				<extensions>
					<ns3:TrackPointExtension>
						<ns3:speed>2.78</ns3:speed>
						<ns3:cad>84.0</ns3:cad>
						<ns3:hr>184</ns3:hr>
					</ns3:TrackPointExtension>
				</extensions>
			</trkpt>
			<trkpt lat="12.98209208" lon="77.69172624">
				<ele>888.6</ele>
				<time>2026-07-26T14:22:11Z</time>
				<extensions>
					<ns3:TrackPointExtension>
						<ns3:speed>2.8</ns3:speed>
						<ns3:cad>84.0</ns3:cad>
						<ns3:hr>185</ns3:hr>
					</ns3:TrackPointExtension>
				</extensions>
			</trkpt>
			<trkpt lat="12.98209974" lon="77.69170125">
				<ele>888.57</ele>
				<time>2026-07-26T14:22:12Z</time>
				<extensions>
					<ns3:TrackPointExtension>
						<ns3:speed>2.8</ns3:speed>
						<ns3:cad>84.0</ns3:cad>
						<ns3:hr>184</ns3:hr>
					</ns3:TrackPointExtension>
				</extensions>
			</trkpt>
			<trkpt lat="12.9821084" lon="77.69167726">
				<ele>888.55</ele>
				<time>2026-07-26T14:22:13Z</time>
				<extensions>
					<ns3:TrackPointExtension>
						<ns3:speed>2.82</ns3:speed>
						<ns3:cad>84.0</ns3:cad>
						<ns3:hr>184</ns3:hr>
					</ns3:TrackPointExtension>
				</extensions>
			</trkpt>
			<trkpt lat="12.98212039" lon="77.69165326">
				<ele>888.55</ele>
				<time>2026-07-26T14:22:14Z</time>
				<extensions>
					<ns3:TrackPointExtension>
						<ns3:speed>2.84</ns3:speed>
						<ns3:cad>84.0</ns3:cad>
						<ns3:hr>184</ns3:hr>
					</ns3:TrackPointExtension>
				</extensions>
			</trkpt>
			<trkpt lat="12.98212872" lon="77.69163093">
				<ele>888.55</ele>
				<time>2026-07-26T14:22:15Z</time>
				<extensions>
					<ns3:TrackPointExtension>
						<ns3:speed>2.85</ns3:speed>
						<ns3:cad>85.0</ns3:cad>
						<ns3:hr>185</ns3:hr>
					</ns3:TrackPointExtension>
				</extensions>
			</trkpt>
			<trkpt lat="12.98213805" lon="77.69160827">
				<ele>888.56</ele>
				<time>2026-07-26T14:22:16Z</time>
				<extensions>
					<ns3:TrackPointExtension>
						<ns3:speed>2.87</ns3:speed>
						<ns3:cad>86.0</ns3:cad>
						<ns3:hr>185</ns3:hr>
					</ns3:TrackPointExtension>
				</extensions>
			</trkpt>
			<trkpt lat="12.98214471" lon="77.69158361">
				<ele>888.58</ele>
				<time>2026-07-26T14:22:17Z</time>
				<extensions>
					<ns3:TrackPointExtension>
						<ns3:speed>2.88</ns3:speed>
						<ns3:cad>86.0</ns3:cad>
						<ns3:hr>186</ns3:hr>
					</ns3:TrackPointExtension>
				</extensions>
			</trkpt>
			<trkpt lat="12.98214604" lon="77.69156062">
				<ele>888.6</ele>
				<time>2026-07-26T14:22:18Z</time>
				<extensions>
					<ns3:TrackPointExtension>
						<ns3:speed>2.88</ns3:speed>
						<ns3:cad>86.0</ns3:cad>
						<ns3:hr>185</ns3:hr>
					</ns3:TrackPointExtension>
				</extensions>
			</trkpt>
			<trkpt lat="12.98213571" lon="77.69153663">
				<ele>888.64</ele>
				<time>2026-07-26T14:22:19Z</time>
				<extensions>
					<ns3:TrackPointExtension>
						<ns3:speed>2.89</ns3:speed>
						<ns3:cad>85.0</ns3:cad>
						<ns3:hr>184</ns3:hr>
					</ns3:TrackPointExtension>
				</extensions>
			</trkpt>
			<trkpt lat="12.98212171" lon="77.69151363">
				<ele>888.67</ele>
				<time>2026-07-26T14:22:20Z</time>
				<extensions>
					<ns3:TrackPointExtension>
						<ns3:speed>2.89</ns3:speed>
						<ns3:cad>84.0</ns3:cad>
						<ns3:hr>184</ns3:hr>
					</ns3:TrackPointExtension>
				</extensions>
			</trkpt>
			<trkpt lat="12.98210972" lon="77.69149264">
				<ele>888.72</ele>
				<time>2026-07-26T14:22:21Z</time>
				<extensions>
					<ns3:TrackPointExtension>
						<ns3:speed>2.89</ns3:speed>
						<ns3:cad>83.0</ns3:cad>
						<ns3:hr>184</ns3:hr>
					</ns3:TrackPointExtension>
				</extensions>
			</trkpt>
			<trkpt lat="12.98209373" lon="77.69147331">
				<ele>888.77</ele>
				<time>2026-07-26T14:22:22Z</time>
				<extensions>
					<ns3:TrackPointExtension>
						<ns3:speed>2.88</ns3:speed>
						<ns3:cad>83.0</ns3:cad>
						<ns3:hr>185</ns3:hr>
					</ns3:TrackPointExtension>
				</extensions>
			</trkpt>
			<trkpt lat="12.98207673" lon="77.69145498">
				<ele>888.82</ele>
				<time>2026-07-26T14:22:23Z</time>
				<extensions>
					<ns3:TrackPointExtension>
						<ns3:speed>2.88</ns3:speed>
						<ns3:cad>83.0</ns3:cad>
						<ns3:hr>185</ns3:hr>
					</ns3:TrackPointExtension>
				</extensions>
			</trkpt>
			<trkpt lat="12.9820574" lon="77.69143865">
				<ele>888.86</ele>
				<time>2026-07-26T14:22:24Z</time>
				<extensions>
					<ns3:TrackPointExtension>
						<ns3:speed>2.87</ns3:speed>
						<ns3:cad>83.0</ns3:cad>
						<ns3:hr>185</ns3:hr>
					</ns3:TrackPointExtension>
				</extensions>
			</trkpt>
			<trkpt lat="12.98203574" lon="77.69142299">
				<ele>888.89</ele>
				<time>2026-07-26T14:22:25Z</time>
				<extensions>
					<ns3:TrackPointExtension>
						<ns3:speed>2.87</ns3:speed>
						<ns3:cad>83.0</ns3:cad>
						<ns3:hr>185</ns3:hr>
					</ns3:TrackPointExtension>
				</extensions>
			</trkpt>
			<trkpt lat="12.98201208" lon="77.691406">
				<ele>888.91</ele>
				<time>2026-07-26T14:22:26Z</time>
				<extensions>
					<ns3:TrackPointExtension>
						<ns3:speed>2.86</ns3:speed>
						<ns3:cad>83.0</ns3:cad>
						<ns3:hr>185</ns3:hr>
					</ns3:TrackPointExtension>
				</extensions>
			</trkpt>
			<trkpt lat="12.98198775" lon="77.69138834">
				<ele>888.9</ele>
				<time>2026-07-26T14:22:27Z</time>
				<extensions>
					<ns3:TrackPointExtension>
						<ns3:speed>2.86</ns3:speed>
						<ns3:cad>84.0</ns3:cad>
						<ns3:hr>185</ns3:hr>
					</ns3:TrackPointExtension>
				</extensions>
			</trkpt>
			<trkpt lat="12.98196142" lon="77.69137068">
				<ele>888.83</ele>
				<time>2026-07-26T14:22:28Z</time>
				<extensions>
					<ns3:TrackPointExtension>
						<ns3:speed>2.85</ns3:speed>
						<ns3:cad>84.0</ns3:cad>
						<ns3:hr>186</ns3:hr>
					</ns3:TrackPointExtension>
				</extensions>
			</trkpt>
			<trkpt lat="12.98193876" lon="77.69135202">
				<ele>888.84</ele>
				<time>2026-07-26T14:22:29Z</time>
				<extensions>
					<ns3:TrackPointExtension>
						<ns3:speed>2.85</ns3:speed>
						<ns3:cad>84.0</ns3:cad>
						<ns3:hr>185</ns3:hr>
					</ns3:TrackPointExtension>
				</extensions>
			</trkpt>
			<trkpt lat="12.9819211" lon="77.69133036">
				<ele>888.79</ele>
				<time>2026-07-26T14:22:30Z</time>
				<extensions>
					<ns3:TrackPointExtension>
						<ns3:speed>2.85</ns3:speed>
						<ns3:cad>84.0</ns3:cad>
						<ns3:hr>185</ns3:hr>
					</ns3:TrackPointExtension>
				</extensions>
			</trkpt>
			<trkpt lat="12.9819101" lon="77.6913077">
				<ele>888.68</ele>
				<time>2026-07-26T14:22:31Z</time>
				<extensions>
					<ns3:TrackPointExtension>
						<ns3:speed>2.84</ns3:speed>
						<ns3:cad>83.0</ns3:cad>
						<ns3:hr>185</ns3:hr>
					</ns3:TrackPointExtension>
				</extensions>
			</trkpt>
			<trkpt lat="12.98190211" lon="77.69128371">
				<ele>888.63</ele>
				<time>2026-07-26T14:22:32Z</time>
				<extensions>
					<ns3:TrackPointExtension>
						<ns3:speed>2.82</ns3:speed>
						<ns3:cad>83.0</ns3:cad>
						<ns3:hr>185</ns3:hr>
					</ns3:TrackPointExtension>
				</extensions>
			</trkpt>
			<trkpt lat="12.98189845" lon="77.69125838">
				<ele>888.57</ele>
				<time>2026-07-26T14:22:33Z</time>
				<extensions>
					<ns3:TrackPointExtension>
						<ns3:speed>2.81</ns3:speed>
						<ns3:cad>81.0</ns3:cad>
						<ns3:hr>187</ns3:hr>
					</ns3:TrackPointExtension>
				</extensions>
			</trkpt>
			<trkpt lat="12.98189779" lon="77.69123339">
				<ele>888.52</ele>
				<time>2026-07-26T14:22:34Z</time>
				<extensions>
					<ns3:TrackPointExtension>
						<ns3:speed>2.8</ns3:speed>
						<ns3:cad>81.0</ns3:cad>
						<ns3:hr>187</ns3:hr>
					</ns3:TrackPointExtension>
				</extensions>
			</trkpt>
			<trkpt lat="12.98190112" lon="77.69120839">
				<ele>888.44</ele>
				<time>2026-07-26T14:22:35Z</time>
				<extensions>
					<ns3:TrackPointExtension>
						<ns3:speed>2.8</ns3:speed>
						<ns3:cad>83.0</ns3:cad>
						<ns3:hr>187</ns3:hr>
					</ns3:TrackPointExtension>
				</extensions>
			</trkpt>
			<trkpt lat="12.98190611" lon="77.69118273">
				<ele>888.39</ele>
				<time>2026-07-26T14:22:36Z</time>
				<extensions>
					<ns3:TrackPointExtension>
						<ns3:speed>2.8</ns3:speed>
						<ns3:cad>83.0</ns3:cad>
						<ns3:hr>188</ns3:hr>
					</ns3:TrackPointExtension>
				</extensions>
			</trkpt>
			<trkpt lat="12.9819121" lon="77.6911574">
				<ele>888.35</ele>
				<time>2026-07-26T14:22:37Z</time>
				<extensions>
					<ns3:TrackPointExtension>
						<ns3:speed>2.8</ns3:speed>
						<ns3:cad>84.0</ns3:cad>
						<ns3:hr>187</ns3:hr>
					</ns3:TrackPointExtension>
				</extensions>
			</trkpt>
			<trkpt lat="12.9819201" lon="77.69113207">
				<ele>888.31</ele>
				<time>2026-07-26T14:22:38Z</time>
				<extensions>
					<ns3:TrackPointExtension>
						<ns3:speed>2.81</ns3:speed>
						<ns3:cad>84.0</ns3:cad>
						<ns3:hr>187</ns3:hr>
					</ns3:TrackPointExtension>
				</extensions>
			</trkpt>
			<trkpt lat="12.98192876" lon="77.69110674">
				<ele>888.28</ele>
				<time>2026-07-26T14:22:39Z</time>
				<extensions>
					<ns3:TrackPointExtension>
						<ns3:speed>2.82</ns3:speed>
						<ns3:cad>85.0</ns3:cad>
						<ns3:hr>185</ns3:hr>
					</ns3:TrackPointExtension>
				</extensions>
			</trkpt>
			<trkpt lat="12.98193909" lon="77.69108241">
				<ele>888.26</ele>
				<time>2026-07-26T14:22:40Z</time>
				<extensions>
					<ns3:TrackPointExtension>
						<ns3:speed>2.83</ns3:speed>
						<ns3:cad>85.0</ns3:cad>
						<ns3:hr>185</ns3:hr>
					</ns3:TrackPointExtension>
				</extensions>
			</trkpt>
			<trkpt lat="12.98194875" lon="77.69105708">
				<ele>888.25</ele>
				<time>2026-07-26T14:22:41Z</time>
				<extensions>
					<ns3:TrackPointExtension>
						<ns3:speed>2.83</ns3:speed>
						<ns3:cad>85.0</ns3:cad>
						<ns3:hr>186</ns3:hr>
					</ns3:TrackPointExtension>
				</extensions>
			</trkpt>
			<trkpt lat="12.98195975" lon="77.69103342">
				<ele>888.24</ele>
				<time>2026-07-26T14:22:42Z</time>
				<extensions>
					<ns3:TrackPointExtension>
						<ns3:speed>2.84</ns3:speed>
						<ns3:cad>84.0</ns3:cad>
						<ns3:hr>186</ns3:hr>
					</ns3:TrackPointExtension>
				</extensions>
			</trkpt>
			<trkpt lat="12.98197174" lon="77.69100976">
				<ele>888.24</ele>
				<time>2026-07-26T14:22:43Z</time>
				<extensions>
					<ns3:TrackPointExtension>
						<ns3:hr>185</ns3:hr>
					</ns3:TrackPointExtension>
				</extensions>
			</trkpt>
			<trkpt lat="12.98198507" lon="77.6909861">
				<ele>888.24</ele>
				<time>2026-07-26T14:22:44Z</time>
				<extensions>
					<ns3:TrackPointExtension>
						<ns3:speed>2.84</ns3:speed>
						<ns3:cad>84.0</ns3:cad>
					</ns3:TrackPointExtension>
				</extensions>
			</trkpt>
			<trkpt lat="12.9819994" lon="77.69096311">
				<ele>888.24</ele>
				<time>2026-07-26T14:22:45Z</time>
				<extensions>
					<ns3:TrackPointExtension>
						<ns3:speed>2.84</ns3:speed>
						<ns3:cad>84.0</ns3:cad>
						<ns3:hr>185</ns3:hr>
					</ns3:TrackPointExtension>
				</extensions>
			</trkpt>
			<trkpt lat="12.98201306" lon="77.69094045">
				<ele>888.24</ele>
				<time>2026-07-26T14:22:46Z</time>
				<extensions>
					<ns3:TrackPointExtension>
						<ns3:speed>2.84</ns3:speed>
						<ns3:cad>84.0</ns3:cad>
						<ns3:hr>184</ns3:hr>
					</ns3:TrackPointExtension>
				</extensions>
			</trkpt>
			<trkpt lat="12.98202505" lon="77.69091712">
				<ele>888.25</ele>
				<time>2026-07-26T14:22:47Z</time>
				<extensions>
					<ns3:TrackPointExtension>
						<ns3:speed>2.85</ns3:speed>
						<ns3:cad>84.0</ns3:cad>
						<ns3:hr>185</ns3:hr>
					</ns3:TrackPointExtension>
				</extensions>
			</trkpt>
			<trkpt lat="12.98203504" lon="77.69089179">
				<ele>888.24</ele>
				<time>2026-07-26T14:22:48Z</time>
				<extensions>
					<ns3:TrackPointExtension>
						<ns3:speed>2.85</ns3:speed>
						<ns3:cad>84.0</ns3:cad>
						<ns3:hr>185</ns3:hr>
					</ns3:TrackPointExtension>
				</extensions>
			</trkpt>
			<trkpt lat="12.98204437" lon="77.69086613">
				<ele>888.23</ele>
				<time>2026-07-26T14:22:49Z</time>
				<extensions>
					<ns3:TrackPointExtension>
						<ns3:speed>2.85</ns3:speed>
						<ns3:cad>84.0</ns3:cad>
						<ns3:hr>185</ns3:hr>
					</ns3:TrackPointExtension>
				</extensions>
			</trkpt>
			<trkpt lat="12.98205437" lon="77.69084147">
				<ele>888.22</ele>
				<time>2026-07-26T14:22:50Z</time>
				<extensions>
					<ns3:TrackPointExtension>
						<ns3:speed>2.85</ns3:speed>
						<ns3:cad>84.0</ns3:cad>
						<ns3:hr>185</ns3:hr>
					</ns3:TrackPointExtension>
				</extensions>
			</trkpt>
			<trkpt lat="12.98206536" lon="77.69081648">
				<ele>888.2</ele>
				<time>2026-07-26T14:22:51Z</time>
				<extensions>
					<ns3:TrackPointExtension>
						<ns3:speed>2.86</ns3:speed>
						<ns3:cad>84.0</ns3:cad>
						<ns3:hr>185</ns3:hr>
					</ns3:TrackPointExtension>
				</extensions>
			</trkpt>
			<trkpt lat="12.98207636" lon="77.69079248">
				<ele>888.19</ele>
				<time>2026-07-26T14:22:52Z</time>
				<extensions>
					<ns3:TrackPointExtension>
						<ns3:speed>2.87</ns3:speed>
						<ns3:cad>84.0</ns3:cad>
						<ns3:hr>186</ns3:hr>
					</ns3:TrackPointExtension>
				</extensions>
			</trkpt>
			<trkpt lat="12.98208835" lon="77.69076782">
				<ele>888.17</ele>
				<time>2026-07-26T14:22:53Z</time>
				<extensions>
					<ns3:TrackPointExtension>
						<ns3:speed>2.88</ns3:speed>
						<ns3:cad>85.0</ns3:cad>
						<ns3:hr>185</ns3:hr>
					</ns3:TrackPointExtension>
				</extensions>
			</trkpt>
			<trkpt lat="12.98209968" lon="77.69074216">
				<ele>888.16</ele>
				<time>2026-07-26T14:22:54Z</time>
				<extensions>
					<ns3:TrackPointExtension>
						<ns3:speed>2.89</ns3:speed>
						<ns3:cad>85.0</ns3:cad>
						<ns3:hr>185</ns3:hr>
					</ns3:TrackPointExtension>
				</extensions>
			</trkpt>
			<trkpt lat="12.98210901" lon="77.6907165">
				<ele>888.15</ele>
				<time>2026-07-26T14:22:55Z</time>
				<extensions>
					<ns3:TrackPointExtension>
						<ns3:speed>2.91</ns3:speed>
						<ns3:cad>87.0</ns3:cad>
						<ns3:hr>185</ns3:hr>
					</ns3:TrackPointExtension>
				</extensions>
			</trkpt>
			<trkpt lat="12.98211734" lon="77.6906915">
				<ele>888.14</ele>
				<time>2026-07-26T14:22:56Z</time>
				<extensions>
					<ns3:TrackPointExtension>
						<ns3:speed>2.93</ns3:speed>
						<ns3:cad>90.0</ns3:cad>
						<ns3:hr>184</ns3:hr>
					</ns3:TrackPointExtension>
				</extensions>
			</trkpt>
			<trkpt lat="12.982125" lon="77.69066617">
				<ele>888.13</ele>
				<time>2026-07-26T14:22:57Z</time>
				<extensions>
					<ns3:TrackPointExtension>
						<ns3:speed>2.94</ns3:speed>
						<ns3:cad>91.0</ns3:cad>
						<ns3:hr>184</ns3:hr>
					</ns3:TrackPointExtension>
				</extensions>
			</trkpt>
			<trkpt lat="12.98213233" lon="77.69063984">
				<ele>888.13</ele>
				<time>2026-07-26T14:22:58Z</time>
				<extensions>
					<ns3:TrackPointExtension>
						<ns3:speed>2.94</ns3:speed>
						<ns3:cad>91.0</ns3:cad>
						<ns3:hr>185</ns3:hr>
					</ns3:TrackPointExtension>
				</extensions>
			</trkpt>
			<trkpt lat="12.98213866" lon="77.69061284">
				<ele>888.14</ele>
				<time>2026-07-26T14:22:59Z</time>
				<extensions>
					<ns3:TrackPointExtension>
						<ns3:speed>2.93</ns3:speed>
						<ns3:cad>92.0</ns3:cad>
					</ns3:TrackPointExtension>
				</extensions>
			</trkpt>
			<trkpt lat="12.98214566" lon="77.69058685">
				<ele>888.15</ele>
				<time>2026-07-26T14:23:00Z</time>
				<extensions>
					<ns3:TrackPointExtension>
						<ns3:speed>2.93</ns3:speed>
						<ns3:cad>87.0</ns3:cad>
						<ns3:hr>186</ns3:hr>
					</ns3:TrackPointExtension>
				</extensions>
			</trkpt>
			<trkpt lat="12.98215266" lon="77.69056052">
				<ele>888.18</ele>
				<time>2026-07-26T14:23:01Z</time>
				<extensions>
					<ns3:TrackPointExtension>
						<ns3:speed>2.93</ns3:speed>
						<ns3:cad>84.0</ns3:cad>
						<ns3:hr>186</ns3:hr>
					</ns3:TrackPointExtension>
				</extensions>
			</trkpt>
			<trkpt lat="12.98216166" lon="77.69053486">
				<ele>888.22</ele>
				<time>2026-07-26T14:23:02Z</time>
				<extensions>
					<ns3:TrackPointExtension>
						<ns3:speed>2.93</ns3:speed>
						<ns3:cad>84.0</ns3:cad>
						<ns3:hr>186</ns3:hr>
					</ns3:TrackPointExtension>
				</extensions>
			</trkpt>
			<trkpt lat="12.98216632" lon="77.6905072">
				<ele>888.27</ele>
				<time>2026-07-26T14:23:03Z</time>
				<extensions>
					<ns3:TrackPointExtension>
						<ns3:speed>2.94</ns3:speed>
						<ns3:cad>84.0</ns3:cad>
						<ns3:hr>186</ns3:hr>
					</ns3:TrackPointExtension>
				</extensions>
			</trkpt>
			<trkpt lat="12.98217298" lon="77.6904802">
				<ele>888.31</ele>
				<time>2026-07-26T14:23:04Z</time>
				<extensions>
					<ns3:TrackPointExtension>
						<ns3:speed>2.94</ns3:speed>
						<ns3:cad>84.0</ns3:cad>
						<ns3:hr>185</ns3:hr>
					</ns3:TrackPointExtension>
				</extensions>
			</trkpt>
			<trkpt lat="12.98218297" lon="77.69045587">
				<ele>888.35</ele>
				<time>2026-07-26T14:23:05Z</time>
				<extensions>
					<ns3:TrackPointExtension>
						<ns3:speed>2.94</ns3:speed>
						<ns3:cad>84.0</ns3:cad>
						<ns3:hr>185</ns3:hr>
					</ns3:TrackPointExtension>
				</extensions>
			</trkpt>
			<trkpt lat="12.98219697" lon="77.69043454">
				<ele>888.41</ele>
				<time>2026-07-26T14:23:06Z</time>
				<extensions>
					<ns3:TrackPointExtension>
						<ns3:speed>2.95</ns3:speed>
						<ns3:cad>84.0</ns3:cad>
						<ns3:hr>185</ns3:hr>
					</ns3:TrackPointExtension>
				</extensions>
			</trkpt>
			<trkpt lat="12.98221463" lon="77.69041821">
				<ele>888.46</ele>
				<time>2026-07-26T14:23:07Z</time>
				<extensions>
					<ns3:TrackPointExtension>
						<ns3:speed>2.95</ns3:speed>
						<ns3:cad>85.0</ns3:cad>
						<ns3:hr>185</ns3:hr>
					</ns3:TrackPointExtension>
				</extensions>
			</trkpt>
			<trkpt lat="12.98223596" lon="77.69040755">
				<ele>888.51</ele>
				<time>2026-07-26T14:23:08Z</time>
				<extensions>
					<ns3:TrackPointExtension>
						<ns3:speed>2.95</ns3:speed>
						<ns3:cad>85.0</ns3:cad>
						<ns3:hr>185</ns3:hr>
					</ns3:TrackPointExtension>
				</extensions>
			</trkpt>
			<trkpt lat="12.98225962" lon="77.69040156">
				<ele>888.57</ele>
				<time>2026-07-26T14:23:09Z</time>
				<extensions>
					<ns3:TrackPointExtension>
						<ns3:speed>2.94</ns3:speed>
						<ns3:cad>85.0</ns3:cad>
						<ns3:hr>185</ns3:hr>
					</ns3:TrackPointExtension>
				</extensions>
			</trkpt>
			<trkpt lat="12.98228428" lon="77.69040057">
				<ele>888.62</ele>
				<time>2026-07-26T14:23:10Z</time>
				<extensions>
					<ns3:TrackPointExtension>
						<ns3:speed>2.94</ns3:speed>
						<ns3:cad>84.0</ns3:cad>
						<ns3:hr>185</ns3:hr>
					</ns3:TrackPointExtension>
				</extensions>
			</trkpt>
			<trkpt lat="12.98230994" lon="77.69040256">
				<ele>888.68</ele>
				<time>2026-07-26T14:23:11Z</time>
				<extensions>
					<ns3:TrackPointExtension>
						<ns3:speed>2.94</ns3:speed>
						<ns3:cad>84.0</ns3:cad>
						<ns3:hr>184</ns3:hr>
					</ns3:TrackPointExtension>
				</extensions>
			</trkpt>
			<trkpt lat="12.98233494" lon="77.69040855">
				<ele>888.73</ele>
				<time>2026-07-26T14:23:12Z</time>
				<extensions>
					<ns3:TrackPointExtension>
						<ns3:speed>2.94</ns3:speed>
						<ns3:cad>84.0</ns3:cad>
						<ns3:hr>184</ns3:hr>
					</ns3:TrackPointExtension>
				</extensions>
			</trkpt>
			<trkpt lat="12.9823596" lon="77.69041755">
				<ele>888.78</ele>
				<time>2026-07-26T14:23:13Z</time>
				<extensions>
					<ns3:TrackPointExtension>
						<ns3:speed>2.94</ns3:speed>
						<ns3:cad>83.0</ns3:cad>
						<ns3:hr>184</ns3:hr>
					</ns3:TrackPointExtension>
				</extensions>
			</trkpt>
			<trkpt lat="12.98238293" lon="77.69042888">
				<ele>888.81</ele>
				<time>2026-07-26T14:23:14Z</time>
				<extensions>
					<ns3:TrackPointExtension>
						<ns3:speed>2.94</ns3:speed>
						<ns3:cad>83.0</ns3:cad>
						<ns3:hr>185</ns3:hr>
					</ns3:TrackPointExtension>
				</extensions>
			</trkpt>
			<trkpt lat="12.98240359" lon="77.69044387">
				<ele>888.84</ele>
				<time>2026-07-26T14:23:15Z</time>
				<extensions>
					<ns3:TrackPointExtension>
						<ns3:speed>2.94</ns3:speed>
						<ns3:cad>83.0</ns3:cad>
						<ns3:hr>185</ns3:hr>
					</ns3:TrackPointExtension>
				</extensions>
			</trkpt>
			<trkpt lat="12.98241858" lon="77.69046187">
				<ele>888.86</ele>
				<time>2026-07-26T14:23:16Z</time>
				<extensions>
					<ns3:TrackPointExtension>
						<ns3:speed>2.93</ns3:speed>
						<ns3:cad>83.0</ns3:cad>
						<ns3:hr>185</ns3:hr>
					</ns3:TrackPointExtension>
				</extensions>
			</trkpt>
			<trkpt lat="12.98242791" lon="77.69048286">
				<ele>888.88</ele>
				<time>2026-07-26T14:23:17Z</time>
				<extensions>
					<ns3:TrackPointExtension>
						<ns3:speed>2.93</ns3:speed>
						<ns3:cad>84.0</ns3:cad>
						<ns3:hr>184</ns3:hr>
					</ns3:TrackPointExtension>
				</extensions>
			</trkpt>
			<trkpt lat="12.9824319" lon="77.69050686">
				<ele>888.89</ele>
				<time>2026-07-26T14:23:18Z</time>
				<extensions>
					<ns3:TrackPointExtension>
						<ns3:speed>2.91</ns3:speed>
						<ns3:cad>84.0</ns3:cad>
						<ns3:hr>184</ns3:hr>
					</ns3:TrackPointExtension>
				</extensions>
			</trkpt>
			<trkpt lat="12.98243223" lon="77.69053085">
				<ele>888.9</ele>
				<time>2026-07-26T14:23:19Z</time>
				<extensions>
					<ns3:TrackPointExtension>
						<ns3:speed>2.89</ns3:speed>
						<ns3:cad>84.0</ns3:cad>
						<ns3:hr>184</ns3:hr>
					</ns3:TrackPointExtension>
				</extensions>
			</trkpt>
			<trkpt lat="12.98243057" lon="77.69055684">
				<ele>888.9</ele>
				<time>2026-07-26T14:23:20Z</time>
				<extensions>
					<ns3:TrackPointExtension>
						<ns3:speed>2.89</ns3:speed>
						<ns3:cad>84.0</ns3:cad>
						<ns3:hr>184</ns3:hr>
					</ns3:TrackPointExtension>
				</extensions>
			</trkpt>
			<trkpt lat="12.98242624" lon="77.69058317">
				<ele>888.9</ele>
				<time>2026-07-26T14:23:21Z</time>
				<extensions>
					<ns3:TrackPointExtension>
						<ns3:speed>2.89</ns3:speed>
						<ns3:cad>84.0</ns3:cad>
						<ns3:hr>184</ns3:hr>
					</ns3:TrackPointExtension>
				</extensions>
			</trkpt>
			<trkpt lat="12.98242091" lon="77.69061017">
				<ele>888.9</ele>
				<time>2026-07-26T14:23:22Z</time>
				<extensions>
					<ns3:TrackPointExtension>
						<ns3:speed>2.9</ns3:speed>
						<ns3:cad>85.0</ns3:cad>
						<ns3:hr>184</ns3:hr>
					</ns3:TrackPointExtension>
				</extensions>
			</trkpt>
			<trkpt lat="12.98241491" lon="77.69063583">
				<ele>888.89</ele>
				<time>2026-07-26T14:23:23Z</time>
				<extensions>
					<ns3:TrackPointExtension>
						<ns3:speed>2.91</ns3:speed>
						<ns3:cad>85.0</ns3:cad>
						<ns3:hr>184</ns3:hr>
					</ns3:TrackPointExtension>
				</extensions>
			</trkpt>
			<trkpt lat="12.98240958" lon="77.69066182">
				<ele>888.88</ele>
				<time>2026-07-26T14:23:24Z</time>
				<extensions>
					<ns3:TrackPointExtension>
						<ns3:speed>2.92</ns3:speed>
						<ns3:cad>86.0</ns3:cad>
						<ns3:hr>184</ns3:hr>
					</ns3:TrackPointExtension>
				</extensions>
			</trkpt>
			<trkpt lat="12.98240158" lon="77.69068548">
				<ele>888.87</ele>
				<time>2026-07-26T14:23:25Z</time>
				<extensions>
					<ns3:TrackPointExtension>
						<ns3:speed>2.92</ns3:speed>
						<ns3:cad>87.0</ns3:cad>
						<ns3:hr>185</ns3:hr>
					</ns3:TrackPointExtension>
				</extensions>
			</trkpt>
			<trkpt lat="12.98239292" lon="77.69071114">
				<ele>888.85</ele>
				<time>2026-07-26T14:23:26Z</time>
				<extensions>
					<ns3:TrackPointExtension>
						<ns3:speed>2.92</ns3:speed>
						<ns3:cad>87.0</ns3:cad>
						<ns3:hr>185</ns3:hr>
					</ns3:TrackPointExtension>
				</extensions>
			</trkpt>
			<trkpt lat="12.98238359" lon="77.69072313">
				<ele>888.85</ele>
				<time>2026-07-26T14:23:27Z</time>
				<extensions>
					<ns3:TrackPointExtension>
						<ns3:speed>2.92</ns3:speed>
						<ns3:cad>87.0</ns3:cad>
						<ns3:hr>185</ns3:hr>
					</ns3:TrackPointExtension>
				</extensions>
			</trkpt>
			<trkpt lat="12.98237059" lon="77.69074079">
				<ele>888.85</ele>
				<time>2026-07-26T14:23:28Z</time>
				<extensions>
					<ns3:TrackPointExtension>
						<ns3:speed>2.91</ns3:speed>
						<ns3:cad>87.0</ns3:cad>
						<ns3:hr>186</ns3:hr>
					</ns3:TrackPointExtension>
				</extensions>
			</trkpt>
			<trkpt lat="12.98235626" lon="77.69076279">
				<ele>888.84</ele>
				<time>2026-07-26T14:23:29Z</time>
				<extensions>
					<ns3:TrackPointExtension>
						<ns3:speed>2.9</ns3:speed>
						<ns3:cad>87.0</ns3:cad>
						<ns3:hr>186</ns3:hr>
					</ns3:TrackPointExtension>
				</extensions>
			</trkpt>
			<trkpt lat="12.9823416" lon="77.69078412">
				<ele>888.83</ele>
				<time>2026-07-26T14:23:30Z</time>
				<extensions>
					<ns3:TrackPointExtension>
						<ns3:speed>2.87</ns3:speed>
						<ns3:cad>86.0</ns3:cad>
						<ns3:hr>186</ns3:hr>
					</ns3:TrackPointExtension>
				</extensions>
			</trkpt>
			<trkpt lat="12.98233494" lon="77.69081011">
				<ele>888.82</ele>
				<time>2026-07-26T14:23:31Z</time>
				<extensions>
					<ns3:TrackPointExtension>
						<ns3:speed>2.87</ns3:speed>
						<ns3:cad>86.0</ns3:cad>
						<ns3:hr>187</ns3:hr>
					</ns3:TrackPointExtension>
				</extensions>
			</trkpt>
			<trkpt lat="12.98233727" lon="77.69083577">
				<ele>888.82</ele>
				<time>2026-07-26T14:23:32Z</time>
				<extensions>
					<ns3:TrackPointExtension>
						<ns3:speed>2.82</ns3:speed>
						<ns3:cad>85.0</ns3:cad>
						<ns3:hr>187</ns3:hr>
					</ns3:TrackPointExtension>
				</extensions>
			</trkpt>
			<trkpt lat="12.98234693" lon="77.69086043">
				<ele>888.8</ele>
				<time>2026-07-26T14:23:33Z</time>
				<extensions>
					<ns3:TrackPointExtension>
						<ns3:speed>2.8</ns3:speed>
						<ns3:cad>85.0</ns3:cad>
						<ns3:hr>187</ns3:hr>
					</ns3:TrackPointExtension>
				</extensions>
			</trkpt>
			<trkpt lat="12.98236492" lon="77.69088276">
				<ele>888.78</ele>
				<time>2026-07-26T14:23:34Z</time>
				<extensions>
					<ns3:TrackPointExtension>
						<ns3:speed>2.8</ns3:speed>
						<ns3:cad>84.0</ns3:cad>
						<ns3:hr>187</ns3:hr>
					</ns3:TrackPointExtension>
				</extensions>
			</trkpt>
			<trkpt lat="12.98238958" lon="77.69090042">
				<ele>888.77</ele>
				<time>2026-07-26T14:23:35Z</time>
				<extensions>
					<ns3:TrackPointExtension>
						<ns3:speed>2.8</ns3:speed>
						<ns3:cad>83.0</ns3:cad>
						<ns3:hr>186</ns3:hr>
					</ns3:TrackPointExtension>
				</extensions>
			</trkpt>
			<trkpt lat="12.98241824" lon="77.69091475">
				<ele>888.74</ele>
				<time>2026-07-26T14:23:36Z</time>
				<extensions>
					<ns3:TrackPointExtension>
						<ns3:speed>2.8</ns3:speed>
						<ns3:cad>83.0</ns3:cad>
						<ns3:hr>186</ns3:hr>
					</ns3:TrackPointExtension>
				</extensions>
			</trkpt>
			<trkpt lat="12.9824479" lon="77.69092774">
				<ele>888.7</ele>
				<time>2026-07-26T14:23:37Z</time>
				<extensions>
					<ns3:TrackPointExtension>
						<ns3:speed>2.82</ns3:speed>
						<ns3:cad>84.0</ns3:cad>
						<ns3:hr>185</ns3:hr>
					</ns3:TrackPointExtension>
				</extensions>
			</trkpt>
			<trkpt lat="12.98247856" lon="77.6909404">
				<ele>888.66</ele>
				<time>2026-07-26T14:23:38Z</time>
				<extensions>
					<ns3:TrackPointExtension>
						<ns3:speed>2.85</ns3:speed>
						<ns3:cad>85.0</ns3:cad>
						<ns3:hr>185</ns3:hr>
					</ns3:TrackPointExtension>
				</extensions>
			</trkpt>
			<trkpt lat="12.98251156" lon="77.69095039">
				<ele>888.62</ele>
				<time>2026-07-26T14:23:39Z</time>
				<extensions>
					<ns3:TrackPointExtension>
						<ns3:speed>3.14</ns3:speed>
						<ns3:cad>90.0</ns3:cad>
						<ns3:hr>186</ns3:hr>
					</ns3:TrackPointExtension>
				</extensions>
			</trkpt>
			<trkpt lat="12.98254689" lon="77.69096005">
				<ele>888.57</ele>
				<time>2026-07-26T14:23:40Z</time>
				<extensions>
					<ns3:TrackPointExtension>
						<ns3:speed>3.43</ns3:speed>
						<ns3:cad>91.0</ns3:cad>
						<ns3:hr>185</ns3:hr>
					</ns3:TrackPointExtension>
				</extensions>
			</trkpt>
			<trkpt lat="12.98258055" lon="77.69097171">
				<ele>888.53</ele>
				<time>2026-07-26T14:23:41Z</time>
				<extensions>
					<ns3:TrackPointExtension>
						<ns3:speed>3.41</ns3:speed>
						<ns3:cad>92.0</ns3:cad>
						<ns3:hr>185</ns3:hr>
					</ns3:TrackPointExtension>
				</extensions>
			</trkpt>
			<trkpt lat="12.98261288" lon="77.69098337">
				<ele>888.49</ele>
				<time>2026-07-26T14:23:42Z</time>
				<extensions>
					<ns3:TrackPointExtension>
						<ns3:speed>3.4</ns3:speed>
						<ns3:cad>93.0</ns3:cad>
						<ns3:hr>185</ns3:hr>
					</ns3:TrackPointExtension>
				</extensions>
			</trkpt>
			<trkpt lat="12.98264554" lon="77.69099637">
				<ele>888.45</ele>
				<time>2026-07-26T14:23:43Z</time>
				<extensions>
					<ns3:TrackPointExtension>
						<ns3:speed>3.4</ns3:speed>
						<ns3:cad>93.0</ns3:cad>
						<ns3:hr>185</ns3:hr>
					</ns3:TrackPointExtension>
				</extensions>
			</trkpt>
			<trkpt lat="12.98267787" lon="77.69100803">
				<ele>888.41</ele>
				<time>2026-07-26T14:23:44Z</time>
				<extensions>
					<ns3:TrackPointExtension>
						<ns3:speed>3.4</ns3:speed>
						<ns3:cad>93.0</ns3:cad>
						<ns3:hr>185</ns3:hr>
					</ns3:TrackPointExtension>
				</extensions>
			</trkpt>
			<trkpt lat="12.9827112" lon="77.69102036">
				<ele>888.38</ele>
				<time>2026-07-26T14:23:45Z</time>
				<extensions>
					<ns3:TrackPointExtension>
						<ns3:speed>3.66</ns3:speed>
						<ns3:cad>93.0</ns3:cad>
						<ns3:hr>185</ns3:hr>
					</ns3:TrackPointExtension>
				</extensions>
			</trkpt>
			<trkpt lat="12.98274586" lon="77.69103269">
				<ele>888.36</ele>
				<time>2026-07-26T14:23:46Z</time>
				<extensions>
					<ns3:TrackPointExtension>
						<ns3:speed>4.23</ns3:speed>
						<ns3:cad>93.0</ns3:cad>
						<ns3:hr>185</ns3:hr>
					</ns3:TrackPointExtension>
				</extensions>
			</trkpt>
			<trkpt lat="12.98278152" lon="77.69104335">
				<ele>888.35</ele>
				<time>2026-07-26T14:23:47Z</time>
				<extensions>
					<ns3:TrackPointExtension>
						<ns3:speed>3.81</ns3:speed>
						<ns3:cad>92.0</ns3:cad>
						<ns3:hr>185</ns3:hr>
					</ns3:TrackPointExtension>
				</extensions>
			</trkpt>
			<trkpt lat="12.98281618" lon="77.69105501">
				<ele>888.34</ele>
				<time>2026-07-26T14:23:48Z</time>
				<extensions>
					<ns3:TrackPointExtension>
						<ns3:speed>3.8</ns3:speed>
						<ns3:cad>92.0</ns3:cad>
						<ns3:hr>184</ns3:hr>
					</ns3:TrackPointExtension>
				</extensions>
			</trkpt>
			<trkpt lat="12.98284951" lon="77.69106601">
				<ele>888.34</ele>
				<time>2026-07-26T14:23:49Z</time>
				<extensions>
					<ns3:TrackPointExtension>
						<ns3:speed>3.62</ns3:speed>
						<ns3:cad>91.0</ns3:cad>
						<ns3:hr>184</ns3:hr>
					</ns3:TrackPointExtension>
				</extensions>
			</trkpt>
			<trkpt lat="12.98288284" lon="77.69107634">
				<ele>888.35</ele>
				<time>2026-07-26T14:23:50Z</time>
				<extensions>
					<ns3:TrackPointExtension>
						<ns3:speed>3.62</ns3:speed>
						<ns3:cad>91.0</ns3:cad>
						<ns3:hr>184</ns3:hr>
					</ns3:TrackPointExtension>
				</extensions>
			</trkpt>
			<trkpt lat="12.9829155" lon="77.69108767">
				<ele>888.36</ele>
				<time>2026-07-26T14:23:51Z</time>
				<extensions>
					<ns3:TrackPointExtension>
						<ns3:speed>3.67</ns3:speed>
						<ns3:cad>90.0</ns3:cad>
						<ns3:hr>185</ns3:hr>
					</ns3:TrackPointExtension>
				</extensions>
			</trkpt>
			<trkpt lat="12.98294916" lon="77.691099">
				<ele>888.36</ele>
				<time>2026-07-26T14:23:52Z</time>
				<extensions>
					<ns3:TrackPointExtension>
						<ns3:speed>3.73</ns3:speed>
						<ns3:cad>89.0</ns3:cad>
						<ns3:hr>185</ns3:hr>
					</ns3:TrackPointExtension>
				</extensions>
			</trkpt>
			<trkpt lat="12.98298615" lon="77.69110766">
				<ele>888.36</ele>
				<time>2026-07-26T14:23:53Z</time>
				<extensions>
					<ns3:TrackPointExtension>
						<ns3:speed>3.73</ns3:speed>
						<ns3:cad>89.0</ns3:cad>
						<ns3:hr>185</ns3:hr>
					</ns3:TrackPointExtension>
				</extensions>
			</trkpt>
			<trkpt lat="12.98302148" lon="77.69111832">
				<ele>888.33</ele>
				<time>2026-07-26T14:23:54Z</time>
				<extensions>
					<ns3:TrackPointExtension>
						<ns3:speed>3.74</ns3:speed>
						<ns3:cad>88.0</ns3:cad>
						<ns3:hr>185</ns3:hr>
					</ns3:TrackPointExtension>
				</extensions>
			</trkpt>
			<trkpt lat="12.98305614" lon="77.69112865">
				<ele>888.32</ele>
				<time>2026-07-26T14:23:55Z</time>
				<extensions>
					<ns3:TrackPointExtension>
						<ns3:speed>3.74</ns3:speed>
						<ns3:cad>88.0</ns3:cad>
						<ns3:hr>185</ns3:hr>
					</ns3:TrackPointExtension>
				</extensions>
			</trkpt>
			<trkpt lat="12.98309013" lon="77.69113798">
				<ele>888.32</ele>
				<time>2026-07-26T14:23:56Z</time>
				<extensions>
					<ns3:TrackPointExtension>
						<ns3:speed>3.74</ns3:speed>
						<ns3:cad>89.0</ns3:cad>
						<ns3:hr>186</ns3:hr>
					</ns3:TrackPointExtension>
				</extensions>
			</trkpt>
			<trkpt lat="12.98312246" lon="77.69114697">
				<ele>888.33</ele>
				<time>2026-07-26T14:23:57Z</time>
				<extensions>
					<ns3:TrackPointExtension>
						<ns3:speed>3.64</ns3:speed>
						<ns3:cad>89.0</ns3:cad>
						<ns3:hr>185</ns3:hr>
					</ns3:TrackPointExtension>
				</extensions>
			</trkpt>
			<trkpt lat="12.98315479" lon="77.69115597">
				<ele>888.34</ele>
				<time>2026-07-26T14:23:58Z</time>
				<extensions>
					<ns3:TrackPointExtension>
						<ns3:speed>3.62</ns3:speed>
						<ns3:cad>89.0</ns3:cad>
						<ns3:hr>185</ns3:hr>
					</ns3:TrackPointExtension>
				</extensions>
			</trkpt>
			<trkpt lat="12.98318645" lon="77.69116463">
				<ele>888.34</ele>
				<time>2026-07-26T14:23:59Z</time>
				<extensions>
					<ns3:TrackPointExtension>
						<ns3:speed>3.62</ns3:speed>
						<ns3:cad>88.0</ns3:cad>
						<ns3:hr>185</ns3:hr>
					</ns3:TrackPointExtension>
				</extensions>
			</trkpt>
			<trkpt lat="12.98321911" lon="77.69117363">
				<ele>888.34</ele>
				<time>2026-07-26T14:24:00Z</time>
				<extensions>
					<ns3:TrackPointExtension>
						<ns3:speed>3.62</ns3:speed>
						<ns3:cad>88.0</ns3:cad>
						<ns3:hr>185</ns3:hr>
					</ns3:TrackPointExtension>
				</extensions>
			</trkpt>
			<trkpt lat="12.98325144" lon="77.69118396">
				<ele>888.36</ele>
				<time>2026-07-26T14:24:01Z</time>
				<extensions>
					<ns3:TrackPointExtension>
						<ns3:speed>3.63</ns3:speed>
						<ns3:cad>87.0</ns3:cad>
						<ns3:hr>186</ns3:hr>
					</ns3:TrackPointExtension>
				</extensions>
			</trkpt>
			<trkpt lat="12.9832841" lon="77.69119462">
				<ele>888.36</ele>
				<time>2026-07-26T14:24:02Z</time>
				<extensions>
					<ns3:TrackPointExtension>
						<ns3:speed>3.63</ns3:speed>
						<ns3:cad>87.0</ns3:cad>
						<ns3:hr>186</ns3:hr>
					</ns3:TrackPointExtension>
				</extensions>
			</trkpt>
			<trkpt lat="12.98331743" lon="77.69120562">
				<ele>888.39</ele>
				<time>2026-07-26T14:24:03Z</time>
				<extensions>
					<ns3:TrackPointExtension>
						<ns3:speed>3.64</ns3:speed>
						<ns3:cad>87.0</ns3:cad>
						<ns3:hr>186</ns3:hr>
					</ns3:TrackPointExtension>
				</extensions>
			</trkpt>
			<trkpt lat="12.98335109" lon="77.69121628">
				<ele>888.42</ele>
				<time>2026-07-26T14:24:04Z</time>
				<extensions>
					<ns3:TrackPointExtension>
						<ns3:speed>3.66</ns3:speed>
						<ns3:cad>87.0</ns3:cad>
						<ns3:hr>188</ns3:hr>
					</ns3:TrackPointExtension>
				</extensions>
			</trkpt>
		</trkseg>
	</trk>
</gpx>
